TARGET,PERIOD,YEAR,PERIODWIDTH,MINIMUM,MAXIMUM,MINWEIGHT,MAXWEIGHT,CURRENT,INITIAL,OBJECTIVE
feature.Area.og1.CWHvm_CW_HW_M,0,0,10,0.0,10000.0,1.0,1.0,189.19400024414062,0.0,0.0
feature.Area.og1.CWHvm_CW_HW_M,1,10,10,0.0,10000.0,1.0,1.0,171.88900756835938,0.0,0.0
feature.Area.og1.CWHvm_CW_HW_M,2,20,10,0.0,10000.0,1.0,1.0,169.9949951171875,0.0,0.0
feature.Area.og1.CWHvm_CW_HW_M,3,30,10,0.0,10000.0,1.0,1.0,170.63400268554688,0.0,0.0
feature.Area.og1.CWHvm_CW_HW_M,4,40,10,0.0,10000.0,1.0,1.0,168.9669952392578,0.0,0.0
feature.Area.og1.CWHvm_CW_HW_M,5,50,10,0.0,10000.0,1.0,1.0,168.3509979248047,0.0,0.0
feature.Area.og1.CWHvm_CW_HW_M,6,60,10,0.0,10000.0,1.0,1.0,169.4709930419922,0.0,0.0
feature.Area.og1.CWHvm_CW_HW_M,7,70,10,0.0,10000.0,1.0,1.0,177.38800048828125,0.0,0.0
feature.Area.og1.CWHvm_CW_HW_M,8,80,10,0.0,10000.0,1.0,1.0,191.5989990234375,0.0,0.0
feature.Area.og1.CWHvm_CW_HW_M,9,90,10,0.0,10000.0,1.0,1.0,207.35000610351562,0.0,0.0
feature.Area.og1.CWHvm_CW_HW_M,10,100,10,0.0,10000.0,1.0,1.0,215.58799743652344,0.0,0.0
feature.Area.og1.CWHvm_CW_HW_M,11,110,10,0.0,10000.0,1.0,1.0,176.70700073242188,0.0,0.0
feature.Area.og1.CWHvm_CW_HW_M,12,120,10,0.0,10000.0,1.0,1.0,180.60400390625,0.0,0.0
feature.Area.og1.CWHvm_CW_HW_M,13,130,10,0.0,10000.0,1.0,1.0,177.88900756835938,0.0,0.0
feature.Area.og1.CWHvm_CW_HW_M,14,140,10,0.0,10000.0,1.0,1.0,176.88800048828125,0.0,0.0
feature.Area.og1.CWHvm_CW_HW_M,15,150,10,0.0,10000.0,1.0,1.0,171.927001953125,0.0,0.0
feature.Area.og1.CWHvm_CW_HW_M,16,160,10,0.0,10000.0,1.0,1.0,171.89999389648438,0.0,0.0
feature.Area.og1.CWHvm_CW_HW_M,17,170,10,0.0,10000.0,1.0,1.0,170.406005859375,0.0,0.0
feature.Area.og1.CWHvm_CW_HW_M,18,180,10,0.0,10000.0,1.0,1.0,170.406005859375,0.0,0.0
feature.Area.og1.CWHvm_CW_HW_M,19,190,10,0.0,10000.0,1.0,1.0,170.406005859375,0.0,0.0
feature.Area.og1.CWHvm_CW_HW_M,20,200,10,0.0,10000.0,1.0,1.0,170.406005859375,0.0,0.0
feature.Area.og1.CWHvm_CW_HW_M,21,210,10,0.0,10000.0,1.0,1.0,171.52499389648438,0.0,0.0
feature.Area.og1.CWHvm_CW_HW_M,22,220,10,0.0,10000.0,1.0,1.0,179.43800354003906,0.0,0.0
feature.Area.og1.CWHvm_CW_HW_M,23,230,10,0.0,10000.0,1.0,1.0,193.39300537109375,0.0,0.0
feature.Area.og1.CWHvm_CW_HW_M,24,240,10,0.0,10000.0,1.0,1.0,207.6060028076172,0.0,0.0
feature.Area.og1.CWHvm_CW_HW_M,25,250,10,0.0,10000.0,1.0,1.0,187.85800170898438,0.0,0.0
feature.Area.og1.CWHvm_CW_HW_M,26,260,10,0.0,10000.0,1.0,1.0,177.38099670410156,0.0,0.0
feature.Area.og1.CWHvm_CW_HW_M,27,270,10,0.0,10000.0,1.0,1.0,179.86900329589844,0.0,0.0
feature.Area.og1.CWHvm_CW_HW_M,28,280,10,0.0,10000.0,1.0,1.0,178.0290069580078,0.0,0.0
feature.Area.og1.CWHvm_CW_HW_M,29,290,10,0.0,10000.0,1.0,1.0,178.63699340820312,0.0,0.0
feature.Area.og1.CWHvm_CW_HW_M,30,300,10,0.0,10000.0,1.0,1.0,170.406005859375,0.0,0.0
feature.Area.og1.CWHvm_CW_PLC_M,0,0,10,0.0,10000.0,1.0,1.0,30.833999633789062,0.0,0.0
feature.Area.og1.CWHvm_CW_PLC_M,1,10,10,0.0,10000.0,1.0,1.0,31.54599952697754,0.0,0.0
feature.Area.og1.CWHvm_CW_PLC_M,2,20,10,0.0,10000.0,1.0,1.0,32.257999420166016,0.0,0.0
feature.Area.og1.CWHvm_CW_PLC_M,3,30,10,0.0,10000.0,1.0,1.0,32.47200012207031,0.0,0.0
feature.Area.og1.CWHvm_CW_PLC_M,4,40,10,0.0,10000.0,1.0,1.0,32.47200012207031,0.0,0.0
feature.Area.og1.CWHvm_CW_PLC_M,5,50,10,0.0,10000.0,1.0,1.0,32.47200012207031,0.0,0.0
feature.Area.og1.CWHvm_CW_PLC_M,6,60,10,0.0,10000.0,1.0,1.0,32.47200012207031,0.0,0.0
feature.Area.og1.CWHvm_CW_PLC_M,7,70,10,0.0,10000.0,1.0,1.0,32.47200012207031,0.0,0.0
feature.Area.og1.CWHvm_CW_PLC_M,8,80,10,0.0,10000.0,1.0,1.0,32.47200012207031,0.0,0.0
feature.Area.og1.CWHvm_CW_PLC_M,9,90,10,0.0,10000.0,1.0,1.0,32.47200012207031,0.0,0.0
feature.Area.og1.CWHvm_CW_PLC_M,10,100,10,0.0,10000.0,1.0,1.0,32.47200012207031,0.0,0.0
feature.Area.og1.CWHvm_CW_PLC_M,11,110,10,0.0,10000.0,1.0,1.0,32.47200012207031,0.0,0.0
feature.Area.og1.CWHvm_CW_PLC_M,12,120,10,0.0,10000.0,1.0,1.0,32.47200012207031,0.0,0.0
feature.Area.og1.CWHvm_CW_PLC_M,13,130,10,0.0,10000.0,1.0,1.0,32.47200012207031,0.0,0.0
feature.Area.og1.CWHvm_CW_PLC_M,14,140,10,0.0,10000.0,1.0,1.0,32.47200012207031,0.0,0.0
feature.Area.og1.CWHvm_CW_PLC_M,15,150,10,0.0,10000.0,1.0,1.0,32.47200012207031,0.0,0.0
feature.Area.og1.CWHvm_CW_PLC_M,16,160,10,0.0,10000.0,1.0,1.0,32.47200012207031,0.0,0.0
feature.Area.og1.CWHvm_CW_PLC_M,17,170,10,0.0,10000.0,1.0,1.0,32.47200012207031,0.0,0.0
feature.Area.og1.CWHvm_CW_PLC_M,18,180,10,0.0,10000.0,1.0,1.0,32.47200012207031,0.0,0.0
feature.Area.og1.CWHvm_CW_PLC_M,19,190,10,0.0,10000.0,1.0,1.0,32.47200012207031,0.0,0.0
feature.Area.og1.CWHvm_CW_PLC_M,20,200,10,0.0,10000.0,1.0,1.0,32.47200012207031,0.0,0.0
feature.Area.og1.CWHvm_CW_PLC_M,21,210,10,0.0,10000.0,1.0,1.0,32.47200012207031,0.0,0.0
feature.Area.og1.CWHvm_CW_PLC_M,22,220,10,0.0,10000.0,1.0,1.0,32.47200012207031,0.0,0.0
feature.Area.og1.CWHvm_CW_PLC_M,23,230,10,0.0,10000.0,1.0,1.0,32.47200012207031,0.0,0.0
feature.Area.og1.CWHvm_CW_PLC_M,24,240,10,0.0,10000.0,1.0,1.0,32.47200012207031,0.0,0.0
feature.Area.og1.CWHvm_CW_PLC_M,25,250,10,0.0,10000.0,1.0,1.0,32.47200012207031,0.0,0.0
feature.Area.og1.CWHvm_CW_PLC_M,26,260,10,0.0,10000.0,1.0,1.0,32.47200012207031,0.0,0.0
feature.Area.og1.CWHvm_CW_PLC_M,27,270,10,0.0,10000.0,1.0,1.0,32.47200012207031,0.0,0.0
feature.Area.og1.CWHvm_CW_PLC_M,28,280,10,0.0,10000.0,1.0,1.0,32.47200012207031,0.0,0.0
feature.Area.og1.CWHvm_CW_PLC_M,29,290,10,0.0,10000.0,1.0,1.0,32.47200012207031,0.0,0.0
feature.Area.og1.CWHvm_CW_PLC_M,30,300,10,0.0,10000.0,1.0,1.0,32.47200012207031,0.0,0.0
feature.Area.og1.CWHvm_CW_YC_M,0,0,10,0.0,10000.0,1.0,1.0,39.28900146484375,0.0,0.0
feature.Area.og1.CWHvm_CW_YC_M,1,10,10,0.0,10000.0,1.0,1.0,40.132999420166016,0.0,0.0
feature.Area.og1.CWHvm_CW_YC_M,2,20,10,0.0,10000.0,1.0,1.0,40.979000091552734,0.0,0.0
feature.Area.og1.CWHvm_CW_YC_M,3,30,10,0.0,10000.0,1.0,1.0,41.14799880981445,0.0,0.0
feature.Area.og1.CWHvm_CW_YC_M,4,40,10,0.0,10000.0,1.0,1.0,41.14799880981445,0.0,0.0
feature.Area.og1.CWHvm_CW_YC_M,5,50,10,0.0,10000.0,1.0,1.0,41.14799880981445,0.0,0.0
feature.Area.og1.CWHvm_CW_YC_M,6,60,10,0.0,10000.0,1.0,1.0,41.14799880981445,0.0,0.0
feature.Area.og1.CWHvm_CW_YC_M,7,70,10,0.0,10000.0,1.0,1.0,41.14799880981445,0.0,0.0
feature.Area.og1.CWHvm_CW_YC_M,8,80,10,0.0,10000.0,1.0,1.0,41.14799880981445,0.0,0.0
feature.Area.og1.CWHvm_CW_YC_M,9,90,10,0.0,10000.0,1.0,1.0,41.14799880981445,0.0,0.0
feature.Area.og1.CWHvm_CW_YC_M,10,100,10,0.0,10000.0,1.0,1.0,41.14799880981445,0.0,0.0
feature.Area.og1.CWHvm_CW_YC_M,11,110,10,0.0,10000.0,1.0,1.0,41.14799880981445,0.0,0.0
feature.Area.og1.CWHvm_CW_YC_M,12,120,10,0.0,10000.0,1.0,1.0,41.14799880981445,0.0,0.0
feature.Area.og1.CWHvm_CW_YC_M,13,130,10,0.0,10000.0,1.0,1.0,41.14799880981445,0.0,0.0
feature.Area.og1.CWHvm_CW_YC_M,14,140,10,0.0,10000.0,1.0,1.0,41.14799880981445,0.0,0.0
feature.Area.og1.CWHvm_CW_YC_M,15,150,10,0.0,10000.0,1.0,1.0,41.14799880981445,0.0,0.0
feature.Area.og1.CWHvm_CW_YC_M,16,160,10,0.0,10000.0,1.0,1.0,41.14799880981445,0.0,0.0
feature.Area.og1.CWHvm_CW_YC_M,17,170,10,0.0,10000.0,1.0,1.0,41.14799880981445,0.0,0.0
feature.Area.og1.CWHvm_CW_YC_M,18,180,10,0.0,10000.0,1.0,1.0,41.14799880981445,0.0,0.0
feature.Area.og1.CWHvm_CW_YC_M,19,190,10,0.0,10000.0,1.0,1.0,41.14799880981445,0.0,0.0
feature.Area.og1.CWHvm_CW_YC_M,20,200,10,0.0,10000.0,1.0,1.0,41.14799880981445,0.0,0.0
feature.Area.og1.CWHvm_CW_YC_M,21,210,10,0.0,10000.0,1.0,1.0,41.14799880981445,0.0,0.0
feature.Area.og1.CWHvm_CW_YC_M,22,220,10,0.0,10000.0,1.0,1.0,41.14799880981445,0.0,0.0
feature.Area.og1.CWHvm_CW_YC_M,23,230,10,0.0,10000.0,1.0,1.0,41.14799880981445,0.0,0.0
feature.Area.og1.CWHvm_CW_YC_M,24,240,10,0.0,10000.0,1.0,1.0,41.14799880981445,0.0,0.0
feature.Area.og1.CWHvm_CW_YC_M,25,250,10,0.0,10000.0,1.0,1.0,41.14799880981445,0.0,0.0
feature.Area.og1.CWHvm_CW_YC_M,26,260,10,0.0,10000.0,1.0,1.0,41.14799880981445,0.0,0.0
feature.Area.og1.CWHvm_CW_YC_M,27,270,10,0.0,10000.0,1.0,1.0,41.14799880981445,0.0,0.0
feature.Area.og1.CWHvm_CW_YC_M,28,280,10,0.0,10000.0,1.0,1.0,41.14799880981445,0.0,0.0
feature.Area.og1.CWHvm_CW_YC_M,29,290,10,0.0,10000.0,1.0,1.0,41.14799880981445,0.0,0.0
feature.Area.og1.CWHvm_CW_YC_M,30,300,10,0.0,10000.0,1.0,1.0,41.14799880981445,0.0,0.0
feature.Area.og1.CWHvm_DR_HW_M,0,0,10,0.0,10000.0,1.0,1.0,0.0,0.0,0.0
feature.Area.og1.CWHvm_DR_HW_M,1,10,10,0.0,10000.0,1.0,1.0,2.630000114440918,0.0,0.0
feature.Area.og1.CWHvm_DR_HW_M,2,20,10,0.0,10000.0,1.0,1.0,9.4399995803833,0.0,0.0
feature.Area.og1.CWHvm_DR_HW_M,3,30,10,0.0,10000.0,1.0,1.0,19.844999313354492,0.0,0.0
feature.Area.og1.CWHvm_DR_HW_M,4,40,10,0.0,10000.0,1.0,1.0,28.635000228881836,0.0,0.0
feature.Area.og1.CWHvm_DR_HW_M,5,50,10,0.0,10000.0,1.0,1.0,28.207000732421875,0.0,0.0
feature.Area.og1.CWHvm_DR_HW_M,6,60,10,0.0,10000.0,1.0,1.0,29.92799949645996,0.0,0.0
feature.Area.og1.CWHvm_DR_HW_M,7,70,10,0.0,10000.0,1.0,1.0,35.20600128173828,0.0,0.0
feature.Area.og1.CWHvm_DR_HW_M,8,80,10,0.0,10000.0,1.0,1.0,24.264999389648438,0.0,0.0
feature.Area.og1.CWHvm_DR_HW_M,9,90,10,0.0,10000.0,1.0,1.0,24.87700080871582,0.0,0.0
feature.Area.og1.CWHvm_DR_HW_M,10,100,10,0.0,10000.0,1.0,1.0,25.78700065612793,0.0,0.0
feature.Area.og1.CWHvm_DR_HW_M,11,110,10,0.0,10000.0,1.0,1.0,28.308000564575195,0.0,0.0
feature.Area.og1.CWHvm_DR_HW_M,12,120,10,0.0,10000.0,1.0,1.0,29.298999786376953,0.0,0.0
feature.Area.og1.CWHvm_DR_HW_M,13,130,10,0.0,10000.0,1.0,1.0,29.766000747680664,0.0,0.0
feature.Area.og1.CWHvm_DR_HW_M,14,140,10,0.0,10000.0,1.0,1.0,34.494998931884766,0.0,0.0
feature.Area.og1.CWHvm_DR_HW_M,15,150,10,0.0,10000.0,1.0,1.0,39.44900131225586,0.0,0.0
feature.Area.og1.CWHvm_DR_HW_M,16,160,10,0.0,10000.0,1.0,1.0,31.516000747680664,0.0,0.0
feature.Area.og1.CWHvm_DR_HW_M,17,170,10,0.0,10000.0,1.0,1.0,32.9630012512207,0.0,0.0
feature.Area.og1.CWHvm_DR_HW_M,18,180,10,0.0,10000.0,1.0,1.0,35.64799880981445,0.0,0.0
feature.Area.og1.CWHvm_DR_HW_M,19,190,10,0.0,10000.0,1.0,1.0,39.02000045776367,0.0,0.0
feature.Area.og1.CWHvm_DR_HW_M,20,200,10,0.0,10000.0,1.0,1.0,27.132999420166016,0.0,0.0
feature.Area.og1.CWHvm_DR_HW_M,21,210,10,0.0,10000.0,1.0,1.0,26.71299934387207,0.0,0.0
feature.Area.og1.CWHvm_DR_HW_M,22,220,10,0.0,10000.0,1.0,1.0,25.469999313354492,0.0,0.0
feature.Area.og1.CWHvm_DR_HW_M,23,230,10,0.0,10000.0,1.0,1.0,28.06399917602539,0.0,0.0
feature.Area.og1.CWHvm_DR_HW_M,24,240,10,0.0,10000.0,1.0,1.0,30.78700065612793,0.0,0.0
feature.Area.og1.CWHvm_DR_HW_M,25,250,10,0.0,10000.0,1.0,1.0,31.93400001525879,0.0,0.0
feature.Area.og1.CWHvm_DR_HW_M,26,260,10,0.0,10000.0,1.0,1.0,31.878999710083008,0.0,0.0
feature.Area.og1.CWHvm_DR_HW_M,27,270,10,0.0,10000.0,1.0,1.0,24.865999221801758,0.0,0.0
feature.Area.og1.CWHvm_DR_HW_M,28,280,10,0.0,10000.0,1.0,1.0,25.735000610351562,0.0,0.0
feature.Area.og1.CWHvm_DR_HW_M,29,290,10,0.0,10000.0,1.0,1.0,27.454999923706055,0.0,0.0
feature.Area.og1.CWHvm_DR_HW_M,30,300,10,0.0,10000.0,1.0,1.0,24.264999389648438,0.0,0.0
feature.Area.og1.CWHvm_FDC_HW_H,0,0,10,0.0,10000.0,1.0,1.0,0.0,0.0,0.0
feature.Area.og1.CWHvm_FDC_HW_H,1,10,10,0.0,10000.0,1.0,1.0,0.0,0.0,0.0
feature.Area.og1.CWHvm_FDC_HW_H,2,20,10,0.0,10000.0,1.0,1.0,0.0,0.0,0.0
feature.Area.og1.CWHvm_FDC_HW_H,3,30,10,0.0,10000.0,1.0,1.0,0.0,0.0,0.0
feature.Area.og1.CWHvm_FDC_HW_H,4,40,10,0.0,10000.0,1.0,1.0,0.0,0.0,0.0
feature.Area.og1.CWHvm_FDC_HW_H,5,50,10,0.0,10000.0,1.0,1.0,0.45899999141693115,0.0,0.0
feature.Area.og1.CWHvm_FDC_HW_H,6,60,10,0.0,10000.0,1.0,1.0,9.807999610900879,0.0,0.0
feature.Area.og1.CWHvm_FDC_HW_H,7,70,10,0.0,10000.0,1.0,1.0,13.690999984741211,0.0,0.0
feature.Area.og1.CWHvm_FDC_HW_H,8,80,10,0.0,10000.0,1.0,1.0,21.360000610351562,0.0,0.0
feature.Area.og1.CWHvm_FDC_HW_H,9,90,10,0.0,10000.0,1.0,1.0,29.0310001373291,0.0,0.0
feature.Area.og1.CWHvm_FDC_HW_H,10,100,10,0.0,10000.0,1.0,1.0,36.70000076293945,0.0,0.0
feature.Area.og1.CWHvm_FDC_HW_H,11,110,10,0.0,10000.0,1.0,1.0,44.37099838256836,0.0,0.0
feature.Area.og1.CWHvm_FDC_HW_H,12,120,10,0.0,10000.0,1.0,1.0,51.58300018310547,0.0,0.0
feature.Area.og1.CWHvm_FDC_HW_H,13,130,10,0.0,10000.0,1.0,1.0,53.6879997253418,0.0,0.0
feature.Area.og1.CWHvm_FDC_HW_H,14,140,10,0.0,10000.0,1.0,1.0,53.6879997253418,0.0,0.0
feature.Area.og1.CWHvm_FDC_HW_H,15,150,10,0.0,10000.0,1.0,1.0,53.6879997253418,0.0,0.0
feature.Area.og1.CWHvm_FDC_HW_H,16,160,10,0.0,10000.0,1.0,1.0,53.6879997253418,0.0,0.0
feature.Area.og1.CWHvm_FDC_HW_H,17,170,10,0.0,10000.0,1.0,1.0,53.6879997253418,0.0,0.0
feature.Area.og1.CWHvm_FDC_HW_H,18,180,10,0.0,10000.0,1.0,1.0,53.6879997253418,0.0,0.0
feature.Area.og1.CWHvm_FDC_HW_H,19,190,10,0.0,10000.0,1.0,1.0,53.6879997253418,0.0,0.0
feature.Area.og1.CWHvm_FDC_HW_H,20,200,10,0.0,10000.0,1.0,1.0,53.6879997253418,0.0,0.0
feature.Area.og1.CWHvm_FDC_HW_H,21,210,10,0.0,10000.0,1.0,1.0,53.6879997253418,0.0,0.0
feature.Area.og1.CWHvm_FDC_HW_H,22,220,10,0.0,10000.0,1.0,1.0,53.6879997253418,0.0,0.0
feature.Area.og1.CWHvm_FDC_HW_H,23,230,10,0.0,10000.0,1.0,1.0,53.6879997253418,0.0,0.0
feature.Area.og1.CWHvm_FDC_HW_H,24,240,10,0.0,10000.0,1.0,1.0,53.6879997253418,0.0,0.0
feature.Area.og1.CWHvm_FDC_HW_H,25,250,10,0.0,10000.0,1.0,1.0,53.6879997253418,0.0,0.0
feature.Area.og1.CWHvm_FDC_HW_H,26,260,10,0.0,10000.0,1.0,1.0,53.6879997253418,0.0,0.0
feature.Area.og1.CWHvm_FDC_HW_H,27,270,10,0.0,10000.0,1.0,1.0,53.6879997253418,0.0,0.0
feature.Area.og1.CWHvm_FDC_HW_H,28,280,10,0.0,10000.0,1.0,1.0,53.6879997253418,0.0,0.0
feature.Area.og1.CWHvm_FDC_HW_H,29,290,10,0.0,10000.0,1.0,1.0,53.6879997253418,0.0,0.0
feature.Area.og1.CWHvm_FDC_HW_H,30,300,10,0.0,10000.0,1.0,1.0,53.6879997253418,0.0,0.0
feature.Area.og1.CWHvm_FDC_HW_L,0,0,10,0.0,10000.0,1.0,1.0,10.178999900817871,0.0,0.0
feature.Area.og1.CWHvm_FDC_HW_L,1,10,10,0.0,10000.0,1.0,1.0,10.654999732971191,0.0,0.0
feature.Area.og1.CWHvm_FDC_HW_L,2,20,10,0.0,10000.0,1.0,1.0,11.916000366210938,0.0,0.0
feature.Area.og1.CWHvm_FDC_HW_L,3,30,10,0.0,10000.0,1.0,1.0,13.717000007629395,0.0,0.0
feature.Area.og1.CWHvm_FDC_HW_L,4,40,10,0.0,10000.0,1.0,1.0,15.520000457763672,0.0,0.0
feature.Area.og1.CWHvm_FDC_HW_L,5,50,10,0.0,10000.0,1.0,1.0,17.320999145507812,0.0,0.0
feature.Area.og1.CWHvm_FDC_HW_L,6,60,10,0.0,10000.0,1.0,1.0,19.121999740600586,0.0,0.0
feature.Area.og1.CWHvm_FDC_HW_L,7,70,10,0.0,10000.0,1.0,1.0,20.923999786376953,0.0,0.0
feature.Area.og1.CWHvm_FDC_HW_L,8,80,10,0.0,10000.0,1.0,1.0,21.464000701904297,0.0,0.0
feature.Area.og1.CWHvm_FDC_HW_L,9,90,10,0.0,10000.0,1.0,1.0,31.659000396728516,0.0,0.0
feature.Area.og1.CWHvm_FDC_HW_L,10,100,10,0.0,10000.0,1.0,1.0,49.46699905395508,0.0,0.0
feature.Area.og1.CWHvm_FDC_HW_L,11,110,10,0.0,10000.0,1.0,1.0,68.66400146484375,0.0,0.0
feature.Area.og1.CWHvm_FDC_HW_L,12,120,10,0.0,10000.0,1.0,1.0,87.86000061035156,0.0,0.0
feature.Area.og1.CWHvm_FDC_HW_L,13,130,10,0.0,10000.0,1.0,1.0,107.05799865722656,0.0,0.0
feature.Area.og1.CWHvm_FDC_HW_L,14,140,10,0.0,10000.0,1.0,1.0,126.25599670410156,0.0,0.0
feature.Area.og1.CWHvm_FDC_HW_L,15,150,10,0.0,10000.0,1.0,1.0,135.2570037841797,0.0,0.0
feature.Area.og1.CWHvm_FDC_HW_L,16,160,10,0.0,10000.0,1.0,1.0,136.6479949951172,0.0,0.0
feature.Area.og1.CWHvm_FDC_HW_L,17,170,10,0.0,10000.0,1.0,1.0,136.6479949951172,0.0,0.0
feature.Area.og1.CWHvm_FDC_HW_L,18,180,10,0.0,10000.0,1.0,1.0,136.6479949951172,0.0,0.0
feature.Area.og1.CWHvm_FDC_HW_L,19,190,10,0.0,10000.0,1.0,1.0,136.6479949951172,0.0,0.0
feature.Area.og1.CWHvm_FDC_HW_L,20,200,10,0.0,10000.0,1.0,1.0,136.6479949951172,0.0,0.0
feature.Area.og1.CWHvm_FDC_HW_L,21,210,10,0.0,10000.0,1.0,1.0,136.6479949951172,0.0,0.0
feature.Area.og1.CWHvm_FDC_HW_L,22,220,10,0.0,10000.0,1.0,1.0,136.6479949951172,0.0,0.0
feature.Area.og1.CWHvm_FDC_HW_L,23,230,10,0.0,10000.0,1.0,1.0,136.6479949951172,0.0,0.0
feature.Area.og1.CWHvm_FDC_HW_L,24,240,10,0.0,10000.0,1.0,1.0,136.6479949951172,0.0,0.0
feature.Area.og1.CWHvm_FDC_HW_L,25,250,10,0.0,10000.0,1.0,1.0,136.6479949951172,0.0,0.0
feature.Area.og1.CWHvm_FDC_HW_L,26,260,10,0.0,10000.0,1.0,1.0,136.6479949951172,0.0,0.0
feature.Area.og1.CWHvm_FDC_HW_L,27,270,10,0.0,10000.0,1.0,1.0,136.6479949951172,0.0,0.0
feature.Area.og1.CWHvm_FDC_HW_L,28,280,10,0.0,10000.0,1.0,1.0,136.6479949951172,0.0,0.0
feature.Area.og1.CWHvm_FDC_HW_L,29,290,10,0.0,10000.0,1.0,1.0,136.6479949951172,0.0,0.0
feature.Area.og1.CWHvm_FDC_HW_L,30,300,10,0.0,10000.0,1.0,1.0,136.6479949951172,0.0,0.0
feature.Area.og1.CWHvm_FDC_HW_M,0,0,10,0.0,10000.0,1.0,1.0,0.13699999451637268,0.0,0.0
feature.Area.og1.CWHvm_FDC_HW_M,1,10,10,0.0,10000.0,1.0,1.0,1.50600004196167,0.0,0.0
feature.Area.og1.CWHvm_FDC_HW_M,2,20,10,0.0,10000.0,1.0,1.0,2.875,0.0,0.0
feature.Area.og1.CWHvm_FDC_HW_M,3,30,10,0.0,10000.0,1.0,1.0,1.8890000581741333,0.0,0.0
feature.Area.og1.CWHvm_FDC_HW_M,4,40,10,0.0,10000.0,1.0,1.0,3.6579999923706055,0.0,0.0
feature.Area.og1.CWHvm_FDC_HW_M,5,50,10,0.0,10000.0,1.0,1.0,9.824999809265137,0.0,0.0
feature.Area.og1.CWHvm_FDC_HW_M,6,60,10,0.0,10000.0,1.0,1.0,25.988000869750977,0.0,0.0
feature.Area.og1.CWHvm_FDC_HW_M,7,70,10,0.0,10000.0,1.0,1.0,45.62699890136719,0.0,0.0
feature.Area.og1.CWHvm_FDC_HW_M,8,80,10,0.0,10000.0,1.0,1.0,65.24199676513672,0.0,0.0
feature.Area.og1.CWHvm_FDC_HW_M,9,90,10,0.0,10000.0,1.0,1.0,84.60900115966797,0.0,0.0
feature.Area.og1.CWHvm_FDC_HW_M,10,100,10,0.0,10000.0,1.0,1.0,103.97799682617188,0.0,0.0
feature.Area.og1.CWHvm_FDC_HW_M,11,110,10,0.0,10000.0,1.0,1.0,122.2979965209961,0.0,0.0
feature.Area.og1.CWHvm_FDC_HW_M,12,120,10,0.0,10000.0,1.0,1.0,140.16900634765625,0.0,0.0
feature.Area.og1.CWHvm_FDC_HW_M,13,130,10,0.0,10000.0,1.0,1.0,153.64300537109375,0.0,0.0
feature.Area.og1.CWHvm_FDC_HW_M,14,140,10,0.0,10000.0,1.0,1.0,157.12100219726562,0.0,0.0
feature.Area.og1.CWHvm_FDC_HW_M,15,150,10,0.0,10000.0,1.0,1.0,157.12100219726562,0.0,0.0
feature.Area.og1.CWHvm_FDC_HW_M,16,160,10,0.0,10000.0,1.0,1.0,157.12100219726562,0.0,0.0
feature.Area.og1.CWHvm_FDC_HW_M,17,170,10,0.0,10000.0,1.0,1.0,157.12100219726562,0.0,0.0
feature.Area.og1.CWHvm_FDC_HW_M,18,180,10,0.0,10000.0,1.0,1.0,157.12100219726562,0.0,0.0
feature.Area.og1.CWHvm_FDC_HW_M,19,190,10,0.0,10000.0,1.0,1.0,157.12100219726562,0.0,0.0
feature.Area.og1.CWHvm_FDC_HW_M,20,200,10,0.0,10000.0,1.0,1.0,157.12100219726562,0.0,0.0
feature.Area.og1.CWHvm_FDC_HW_M,21,210,10,0.0,10000.0,1.0,1.0,157.12100219726562,0.0,0.0
feature.Area.og1.CWHvm_FDC_HW_M,22,220,10,0.0,10000.0,1.0,1.0,157.12100219726562,0.0,0.0
feature.Area.og1.CWHvm_FDC_HW_M,23,230,10,0.0,10000.0,1.0,1.0,157.12100219726562,0.0,0.0
feature.Area.og1.CWHvm_FDC_HW_M,24,240,10,0.0,10000.0,1.0,1.0,157.12100219726562,0.0,0.0
feature.Area.og1.CWHvm_FDC_HW_M,25,250,10,0.0,10000.0,1.0,1.0,157.12100219726562,0.0,0.0
feature.Area.og1.CWHvm_FDC_HW_M,26,260,10,0.0,10000.0,1.0,1.0,157.12100219726562,0.0,0.0
feature.Area.og1.CWHvm_FDC_HW_M,27,270,10,0.0,10000.0,1.0,1.0,157.12100219726562,0.0,0.0
feature.Area.og1.CWHvm_FDC_HW_M,28,280,10,0.0,10000.0,1.0,1.0,157.12100219726562,0.0,0.0
feature.Area.og1.CWHvm_FDC_HW_M,29,290,10,0.0,10000.0,1.0,1.0,157.12100219726562,0.0,0.0
feature.Area.og1.CWHvm_FDC_HW_M,30,300,10,0.0,10000.0,1.0,1.0,157.12100219726562,0.0,0.0
feature.Area.og1.CWHvm_HW_BA_M,0,0,10,0.0,10000.0,1.0,1.0,6.953000068664551,0.0,0.0
feature.Area.og1.CWHvm_HW_BA_M,1,10,10,0.0,10000.0,1.0,1.0,2.6510000228881836,0.0,0.0
feature.Area.og1.CWHvm_HW_BA_M,2,20,10,0.0,10000.0,1.0,1.0,5.729000091552734,0.0,0.0
feature.Area.og1.CWHvm_HW_BA_M,3,30,10,0.0,10000.0,1.0,1.0,8.807999610900879,0.0,0.0
feature.Area.og1.CWHvm_HW_BA_M,4,40,10,0.0,10000.0,1.0,1.0,11.88599967956543,0.0,0.0
feature.Area.og1.CWHvm_HW_BA_M,5,50,10,0.0,10000.0,1.0,1.0,14.930000305175781,0.0,0.0
feature.Area.og1.CWHvm_HW_BA_M,6,60,10,0.0,10000.0,1.0,1.0,17.958999633789062,0.0,0.0
feature.Area.og1.CWHvm_HW_BA_M,7,70,10,0.0,10000.0,1.0,1.0,18.868000030517578,0.0,0.0
feature.Area.og1.CWHvm_HW_BA_M,8,80,10,0.0,10000.0,1.0,1.0,18.868000030517578,0.0,0.0
feature.Area.og1.CWHvm_HW_BA_M,9,90,10,0.0,10000.0,1.0,1.0,18.868000030517578,0.0,0.0
feature.Area.og1.CWHvm_HW_BA_M,10,100,10,0.0,10000.0,1.0,1.0,18.868000030517578,0.0,0.0
feature.Area.og1.CWHvm_HW_BA_M,11,110,10,0.0,10000.0,1.0,1.0,18.868000030517578,0.0,0.0
feature.Area.og1.CWHvm_HW_BA_M,12,120,10,0.0,10000.0,1.0,1.0,18.868000030517578,0.0,0.0
feature.Area.og1.CWHvm_HW_BA_M,13,130,10,0.0,10000.0,1.0,1.0,18.868000030517578,0.0,0.0
feature.Area.og1.CWHvm_HW_BA_M,14,140,10,0.0,10000.0,1.0,1.0,18.868000030517578,0.0,0.0
feature.Area.og1.CWHvm_HW_BA_M,15,150,10,0.0,10000.0,1.0,1.0,18.868000030517578,0.0,0.0
feature.Area.og1.CWHvm_HW_BA_M,16,160,10,0.0,10000.0,1.0,1.0,18.868000030517578,0.0,0.0
feature.Area.og1.CWHvm_HW_BA_M,17,170,10,0.0,10000.0,1.0,1.0,18.868000030517578,0.0,0.0
feature.Area.og1.CWHvm_HW_BA_M,18,180,10,0.0,10000.0,1.0,1.0,18.868000030517578,0.0,0.0
feature.Area.og1.CWHvm_HW_BA_M,19,190,10,0.0,10000.0,1.0,1.0,18.868000030517578,0.0,0.0
feature.Area.og1.CWHvm_HW_BA_M,20,200,10,0.0,10000.0,1.0,1.0,18.868000030517578,0.0,0.0
feature.Area.og1.CWHvm_HW_BA_M,21,210,10,0.0,10000.0,1.0,1.0,18.868000030517578,0.0,0.0
feature.Area.og1.CWHvm_HW_BA_M,22,220,10,0.0,10000.0,1.0,1.0,18.868000030517578,0.0,0.0
feature.Area.og1.CWHvm_HW_BA_M,23,230,10,0.0,10000.0,1.0,1.0,18.868000030517578,0.0,0.0
feature.Area.og1.CWHvm_HW_BA_M,24,240,10,0.0,10000.0,1.0,1.0,18.868000030517578,0.0,0.0
feature.Area.og1.CWHvm_HW_BA_M,25,250,10,0.0,10000.0,1.0,1.0,18.868000030517578,0.0,0.0
feature.Area.og1.CWHvm_HW_BA_M,26,260,10,0.0,10000.0,1.0,1.0,18.868000030517578,0.0,0.0
feature.Area.og1.CWHvm_HW_BA_M,27,270,10,0.0,10000.0,1.0,1.0,18.868000030517578,0.0,0.0
feature.Area.og1.CWHvm_HW_BA_M,28,280,10,0.0,10000.0,1.0,1.0,18.868000030517578,0.0,0.0
feature.Area.og1.CWHvm_HW_BA_M,29,290,10,0.0,10000.0,1.0,1.0,18.868000030517578,0.0,0.0
feature.Area.og1.CWHvm_HW_BA_M,30,300,10,0.0,10000.0,1.0,1.0,18.868000030517578,0.0,0.0
feature.Area.og1.CWHvm_HW_CW_H,0,0,10,0.0,10000.0,1.0,1.0,7.788000106811523,0.0,0.0
feature.Area.og1.CWHvm_HW_CW_H,1,10,10,0.0,10000.0,1.0,1.0,11.710000038146973,0.0,0.0
feature.Area.og1.CWHvm_HW_CW_H,2,20,10,0.0,10000.0,1.0,1.0,17.746999740600586,0.0,0.0
feature.Area.og1.CWHvm_HW_CW_H,3,30,10,0.0,10000.0,1.0,1.0,25.40399932861328,0.0,0.0
feature.Area.og1.CWHvm_HW_CW_H,4,40,10,0.0,10000.0,1.0,1.0,30.643999099731445,0.0,0.0
feature.Area.og1.CWHvm_HW_CW_H,5,50,10,0.0,10000.0,1.0,1.0,37.40399932861328,0.0,0.0
feature.Area.og1.CWHvm_HW_CW_H,6,60,10,0.0,10000.0,1.0,1.0,35.04100036621094,0.0,0.0
feature.Area.og1.CWHvm_HW_CW_H,7,70,10,0.0,10000.0,1.0,1.0,36.6150016784668,0.0,0.0
feature.Area.og1.CWHvm_HW_CW_H,8,80,10,0.0,10000.0,1.0,1.0,36.869998931884766,0.0,0.0
feature.Area.og1.CWHvm_HW_CW_H,9,90,10,0.0,10000.0,1.0,1.0,37.01599884033203,0.0,0.0
feature.Area.og1.CWHvm_HW_CW_H,10,100,10,0.0,10000.0,1.0,1.0,37.11399841308594,0.0,0.0
feature.Area.og1.CWHvm_HW_CW_H,11,110,10,0.0,10000.0,1.0,1.0,37.21200180053711,0.0,0.0
feature.Area.og1.CWHvm_HW_CW_H,12,120,10,0.0,10000.0,1.0,1.0,37.310001373291016,0.0,0.0
feature.Area.og1.CWHvm_HW_CW_H,13,130,10,0.0,10000.0,1.0,1.0,37.40800094604492,0.0,0.0
feature.Area.og1.CWHvm_HW_CW_H,14,140,10,0.0,10000.0,1.0,1.0,37.4370002746582,0.0,0.0
feature.Area.og1.CWHvm_HW_CW_H,15,150,10,0.0,10000.0,1.0,1.0,37.4370002746582,0.0,0.0
feature.Area.og1.CWHvm_HW_CW_H,16,160,10,0.0,10000.0,1.0,1.0,37.4370002746582,0.0,0.0
feature.Area.og1.CWHvm_HW_CW_H,17,170,10,0.0,10000.0,1.0,1.0,37.4370002746582,0.0,0.0
feature.Area.og1.CWHvm_HW_CW_H,18,180,10,0.0,10000.0,1.0,1.0,37.4370002746582,0.0,0.0
feature.Area.og1.CWHvm_HW_CW_H,19,190,10,0.0,10000.0,1.0,1.0,37.4370002746582,0.0,0.0
feature.Area.og1.CWHvm_HW_CW_H,20,200,10,0.0,10000.0,1.0,1.0,37.4370002746582,0.0,0.0
feature.Area.og1.CWHvm_HW_CW_H,21,210,10,0.0,10000.0,1.0,1.0,37.4370002746582,0.0,0.0
feature.Area.og1.CWHvm_HW_CW_H,22,220,10,0.0,10000.0,1.0,1.0,37.4370002746582,0.0,0.0
feature.Area.og1.CWHvm_HW_CW_H,23,230,10,0.0,10000.0,1.0,1.0,37.4370002746582,0.0,0.0
feature.Area.og1.CWHvm_HW_CW_H,24,240,10,0.0,10000.0,1.0,1.0,37.4370002746582,0.0,0.0
feature.Area.og1.CWHvm_HW_CW_H,25,250,10,0.0,10000.0,1.0,1.0,37.4370002746582,0.0,0.0
feature.Area.og1.CWHvm_HW_CW_H,26,260,10,0.0,10000.0,1.0,1.0,37.4370002746582,0.0,0.0
feature.Area.og1.CWHvm_HW_CW_H,27,270,10,0.0,10000.0,1.0,1.0,37.4370002746582,0.0,0.0
feature.Area.og1.CWHvm_HW_CW_H,28,280,10,0.0,10000.0,1.0,1.0,37.4370002746582,0.0,0.0
feature.Area.og1.CWHvm_HW_CW_H,29,290,10,0.0,10000.0,1.0,1.0,37.4370002746582,0.0,0.0
feature.Area.og1.CWHvm_HW_CW_H,30,300,10,0.0,10000.0,1.0,1.0,37.4370002746582,0.0,0.0
feature.Area.og1.CWHvm_HW_CW_L,0,0,10,0.0,10000.0,1.0,1.0,42.92399978637695,0.0,0.0
feature.Area.og1.CWHvm_HW_CW_L,1,10,10,0.0,10000.0,1.0,1.0,38.31700134277344,0.0,0.0
feature.Area.og1.CWHvm_HW_CW_L,2,20,10,0.0,10000.0,1.0,1.0,38.31700134277344,0.0,0.0
feature.Area.og1.CWHvm_HW_CW_L,3,30,10,0.0,10000.0,1.0,1.0,38.31700134277344,0.0,0.0
feature.Area.og1.CWHvm_HW_CW_L,4,40,10,0.0,10000.0,1.0,1.0,38.31700134277344,0.0,0.0
feature.Area.og1.CWHvm_HW_CW_L,5,50,10,0.0,10000.0,1.0,1.0,38.31700134277344,0.0,0.0
feature.Area.og1.CWHvm_HW_CW_L,6,60,10,0.0,10000.0,1.0,1.0,38.67399978637695,0.0,0.0
feature.Area.og1.CWHvm_HW_CW_L,7,70,10,0.0,10000.0,1.0,1.0,39.18299865722656,0.0,0.0
feature.Area.og1.CWHvm_HW_CW_L,8,80,10,0.0,10000.0,1.0,1.0,39.69300079345703,0.0,0.0
feature.Area.og1.CWHvm_HW_CW_L,9,90,10,0.0,10000.0,1.0,1.0,40.20199966430664,0.0,0.0
feature.Area.og1.CWHvm_HW_CW_L,10,100,10,0.0,10000.0,1.0,1.0,40.71200180053711,0.0,0.0
feature.Area.og1.CWHvm_HW_CW_L,11,110,10,0.0,10000.0,1.0,1.0,41.22100067138672,0.0,0.0
feature.Area.og1.CWHvm_HW_CW_L,12,120,10,0.0,10000.0,1.0,1.0,41.374000549316406,0.0,0.0
feature.Area.og1.CWHvm_HW_CW_L,13,130,10,0.0,10000.0,1.0,1.0,41.374000549316406,0.0,0.0
feature.Area.og1.CWHvm_HW_CW_L,14,140,10,0.0,10000.0,1.0,1.0,41.374000549316406,0.0,0.0
feature.Area.og1.CWHvm_HW_CW_L,15,150,10,0.0,10000.0,1.0,1.0,41.483001708984375,0.0,0.0
feature.Area.og1.CWHvm_HW_CW_L,16,160,10,0.0,10000.0,1.0,1.0,41.374000549316406,0.0,0.0
feature.Area.og1.CWHvm_HW_CW_L,17,170,10,0.0,10000.0,1.0,1.0,41.374000549316406,0.0,0.0
feature.Area.og1.CWHvm_HW_CW_L,18,180,10,0.0,10000.0,1.0,1.0,41.374000549316406,0.0,0.0
feature.Area.og1.CWHvm_HW_CW_L,19,190,10,0.0,10000.0,1.0,1.0,41.374000549316406,0.0,0.0
feature.Area.og1.CWHvm_HW_CW_L,20,200,10,0.0,10000.0,1.0,1.0,41.374000549316406,0.0,0.0
feature.Area.og1.CWHvm_HW_CW_L,21,210,10,0.0,10000.0,1.0,1.0,41.374000549316406,0.0,0.0
feature.Area.og1.CWHvm_HW_CW_L,22,220,10,0.0,10000.0,1.0,1.0,41.374000549316406,0.0,0.0
feature.Area.og1.CWHvm_HW_CW_L,23,230,10,0.0,10000.0,1.0,1.0,41.374000549316406,0.0,0.0
feature.Area.og1.CWHvm_HW_CW_L,24,240,10,0.0,10000.0,1.0,1.0,41.374000549316406,0.0,0.0
feature.Area.og1.CWHvm_HW_CW_L,25,250,10,0.0,10000.0,1.0,1.0,41.374000549316406,0.0,0.0
feature.Area.og1.CWHvm_HW_CW_L,26,260,10,0.0,10000.0,1.0,1.0,41.374000549316406,0.0,0.0
feature.Area.og1.CWHvm_HW_CW_L,27,270,10,0.0,10000.0,1.0,1.0,41.374000549316406,0.0,0.0
feature.Area.og1.CWHvm_HW_CW_L,28,280,10,0.0,10000.0,1.0,1.0,41.374000549316406,0.0,0.0
feature.Area.og1.CWHvm_HW_CW_L,29,290,10,0.0,10000.0,1.0,1.0,41.374000549316406,0.0,0.0
feature.Area.og1.CWHvm_HW_CW_L,30,300,10,0.0,10000.0,1.0,1.0,41.374000549316406,0.0,0.0
feature.Area.og1.CWHvm_HW_CW_M,0,0,10,0.0,10000.0,1.0,1.0,15.388999938964844,0.0,0.0
feature.Area.og1.CWHvm_HW_CW_M,1,10,10,0.0,10000.0,1.0,1.0,14.559000015258789,0.0,0.0
feature.Area.og1.CWHvm_HW_CW_M,2,20,10,0.0,10000.0,1.0,1.0,17.361000061035156,0.0,0.0
feature.Area.og1.CWHvm_HW_CW_M,3,30,10,0.0,10000.0,1.0,1.0,20.208999633789062,0.0,0.0
feature.Area.og1.CWHvm_HW_CW_M,4,40,10,0.0,10000.0,1.0,1.0,12.194000244140625,0.0,0.0
feature.Area.og1.CWHvm_HW_CW_M,5,50,10,0.0,10000.0,1.0,1.0,15.138999938964844,0.0,0.0
feature.Area.og1.CWHvm_HW_CW_M,6,60,10,0.0,10000.0,1.0,1.0,18.308000564575195,0.0,0.0
feature.Area.og1.CWHvm_HW_CW_M,7,70,10,0.0,10000.0,1.0,1.0,20.027000427246094,0.0,0.0
feature.Area.og1.CWHvm_HW_CW_M,8,80,10,0.0,10000.0,1.0,1.0,21.319000244140625,0.0,0.0
feature.Area.og1.CWHvm_HW_CW_M,9,90,10,0.0,10000.0,1.0,1.0,22.19700050354004,0.0,0.0
feature.Area.og1.CWHvm_HW_CW_M,10,100,10,0.0,10000.0,1.0,1.0,23.08300018310547,0.0,0.0
feature.Area.og1.CWHvm_HW_CW_M,11,110,10,0.0,10000.0,1.0,1.0,24.06599998474121,0.0,0.0
feature.Area.og1.CWHvm_HW_CW_M,12,120,10,0.0,10000.0,1.0,1.0,24.825000762939453,0.0,0.0
feature.Area.og1.CWHvm_HW_CW_M,13,130,10,0.0,10000.0,1.0,1.0,25.486000061035156,0.0,0.0
feature.Area.og1.CWHvm_HW_CW_M,14,140,10,0.0,10000.0,1.0,1.0,26.569000244140625,0.0,0.0
feature.Area.og1.CWHvm_HW_CW_M,15,150,10,0.0,10000.0,1.0,1.0,26.3799991607666,0.0,0.0
feature.Area.og1.CWHvm_HW_CW_M,16,160,10,0.0,10000.0,1.0,1.0,26.33799934387207,0.0,0.0
feature.Area.og1.CWHvm_HW_CW_M,17,170,10,0.0,10000.0,1.0,1.0,26.33799934387207,0.0,0.0
feature.Area.og1.CWHvm_HW_CW_M,18,180,10,0.0,10000.0,1.0,1.0,26.33799934387207,0.0,0.0
feature.Area.og1.CWHvm_HW_CW_M,19,190,10,0.0,10000.0,1.0,1.0,26.33799934387207,0.0,0.0
feature.Area.og1.CWHvm_HW_CW_M,20,200,10,0.0,10000.0,1.0,1.0,26.33799934387207,0.0,0.0
feature.Area.og1.CWHvm_HW_CW_M,21,210,10,0.0,10000.0,1.0,1.0,26.33799934387207,0.0,0.0
feature.Area.og1.CWHvm_HW_CW_M,22,220,10,0.0,10000.0,1.0,1.0,26.33799934387207,0.0,0.0
feature.Area.og1.CWHvm_HW_CW_M,23,230,10,0.0,10000.0,1.0,1.0,26.33799934387207,0.0,0.0
feature.Area.og1.CWHvm_HW_CW_M,24,240,10,0.0,10000.0,1.0,1.0,26.33799934387207,0.0,0.0
feature.Area.og1.CWHvm_HW_CW_M,25,250,10,0.0,10000.0,1.0,1.0,26.33799934387207,0.0,0.0
feature.Area.og1.CWHvm_HW_CW_M,26,260,10,0.0,10000.0,1.0,1.0,26.33799934387207,0.0,0.0
feature.Area.og1.CWHvm_HW_CW_M,27,270,10,0.0,10000.0,1.0,1.0,26.33799934387207,0.0,0.0
feature.Area.og1.CWHvm_HW_CW_M,28,280,10,0.0,10000.0,1.0,1.0,26.33799934387207,0.0,0.0
feature.Area.og1.CWHvm_HW_CW_M,29,290,10,0.0,10000.0,1.0,1.0,26.450000762939453,0.0,0.0
feature.Area.og1.CWHvm_HW_CW_M,30,300,10,0.0,10000.0,1.0,1.0,26.33799934387207,0.0,0.0
feature.Area.og1.CWHvm_HW_FDC_H,0,0,10,0.0,10000.0,1.0,1.0,10.699000358581543,0.0,0.0
feature.Area.og1.CWHvm_HW_FDC_H,1,10,10,0.0,10000.0,1.0,1.0,17.663999557495117,0.0,0.0
feature.Area.og1.CWHvm_HW_FDC_H,2,20,10,0.0,10000.0,1.0,1.0,19.270999908447266,0.0,0.0
feature.Area.og1.CWHvm_HW_FDC_H,3,30,10,0.0,10000.0,1.0,1.0,21.986000061035156,0.0,0.0
feature.Area.og1.CWHvm_HW_FDC_H,4,40,10,0.0,10000.0,1.0,1.0,28.738000869750977,0.0,0.0
feature.Area.og1.CWHvm_HW_FDC_H,5,50,10,0.0,10000.0,1.0,1.0,40.084999084472656,0.0,0.0
feature.Area.og1.CWHvm_HW_FDC_H,6,60,10,0.0,10000.0,1.0,1.0,60.20100021362305,0.0,0.0
feature.Area.og1.CWHvm_HW_FDC_H,7,70,10,0.0,10000.0,1.0,1.0,85.69100189208984,0.0,0.0
feature.Area.og1.CWHvm_HW_FDC_H,8,80,10,0.0,10000.0,1.0,1.0,107.43199920654297,0.0,0.0
feature.Area.og1.CWHvm_HW_FDC_H,9,90,10,0.0,10000.0,1.0,1.0,118.64399719238281,0.0,0.0
feature.Area.og1.CWHvm_HW_FDC_H,10,100,10,0.0,10000.0,1.0,1.0,139.03900146484375,0.0,0.0
feature.Area.og1.CWHvm_HW_FDC_H,11,110,10,0.0,10000.0,1.0,1.0,159.43099975585938,0.0,0.0
feature.Area.og1.CWHvm_HW_FDC_H,12,120,10,0.0,10000.0,1.0,1.0,179.6230010986328,0.0,0.0
feature.Area.og1.CWHvm_HW_FDC_H,13,130,10,0.0,10000.0,1.0,1.0,160.3350067138672,0.0,0.0
feature.Area.og1.CWHvm_HW_FDC_H,14,140,10,0.0,10000.0,1.0,1.0,163.76100158691406,0.0,0.0
feature.Area.og1.CWHvm_HW_FDC_H,15,150,10,0.0,10000.0,1.0,1.0,163.76100158691406,0.0,0.0
feature.Area.og1.CWHvm_HW_FDC_H,16,160,10,0.0,10000.0,1.0,1.0,165.32000732421875,0.0,0.0
feature.Area.og1.CWHvm_HW_FDC_H,17,170,10,0.0,10000.0,1.0,1.0,163.76100158691406,0.0,0.0
feature.Area.og1.CWHvm_HW_FDC_H,18,180,10,0.0,10000.0,1.0,1.0,164.47999572753906,0.0,0.0
feature.Area.og1.CWHvm_HW_FDC_H,19,190,10,0.0,10000.0,1.0,1.0,163.76100158691406,0.0,0.0
feature.Area.og1.CWHvm_HW_FDC_H,20,200,10,0.0,10000.0,1.0,1.0,163.76100158691406,0.0,0.0
feature.Area.og1.CWHvm_HW_FDC_H,21,210,10,0.0,10000.0,1.0,1.0,163.76100158691406,0.0,0.0
feature.Area.og1.CWHvm_HW_FDC_H,22,220,10,0.0,10000.0,1.0,1.0,163.76100158691406,0.0,0.0
feature.Area.og1.CWHvm_HW_FDC_H,23,230,10,0.0,10000.0,1.0,1.0,167.50799560546875,0.0,0.0
feature.Area.og1.CWHvm_HW_FDC_H,24,240,10,0.0,10000.0,1.0,1.0,163.76100158691406,0.0,0.0
feature.Area.og1.CWHvm_HW_FDC_H,25,250,10,0.0,10000.0,1.0,1.0,163.76100158691406,0.0,0.0
feature.Area.og1.CWHvm_HW_FDC_H,26,260,10,0.0,10000.0,1.0,1.0,163.76100158691406,0.0,0.0
feature.Area.og1.CWHvm_HW_FDC_H,27,270,10,0.0,10000.0,1.0,1.0,164.17300415039062,0.0,0.0
feature.Area.og1.CWHvm_HW_FDC_H,28,280,10,0.0,10000.0,1.0,1.0,163.76100158691406,0.0,0.0
feature.Area.og1.CWHvm_HW_FDC_H,29,290,10,0.0,10000.0,1.0,1.0,163.76100158691406,0.0,0.0
feature.Area.og1.CWHvm_HW_FDC_H,30,300,10,0.0,10000.0,1.0,1.0,163.76100158691406,0.0,0.0
feature.Area.og1.CWHvm_HW_FDC_L,0,0,10,0.0,10000.0,1.0,1.0,21.791000366210938,0.0,0.0
feature.Area.og1.CWHvm_HW_FDC_L,1,10,10,0.0,10000.0,1.0,1.0,28.243999481201172,0.0,0.0
feature.Area.og1.CWHvm_HW_FDC_L,2,20,10,0.0,10000.0,1.0,1.0,33.91400146484375,0.0,0.0
feature.Area.og1.CWHvm_HW_FDC_L,3,30,10,0.0,10000.0,1.0,1.0,39.64400100708008,0.0,0.0
feature.Area.og1.CWHvm_HW_FDC_L,4,40,10,0.0,10000.0,1.0,1.0,45.44499969482422,0.0,0.0
feature.Area.og1.CWHvm_HW_FDC_L,5,50,10,0.0,10000.0,1.0,1.0,56.25299835205078,0.0,0.0
feature.Area.og1.CWHvm_HW_FDC_L,6,60,10,0.0,10000.0,1.0,1.0,62.755001068115234,0.0,0.0
feature.Area.og1.CWHvm_HW_FDC_L,7,70,10,0.0,10000.0,1.0,1.0,67.27799987792969,0.0,0.0
feature.Area.og1.CWHvm_HW_FDC_L,8,80,10,0.0,10000.0,1.0,1.0,71.29100036621094,0.0,0.0
feature.Area.og1.CWHvm_HW_FDC_L,9,90,10,0.0,10000.0,1.0,1.0,76.08499908447266,0.0,0.0
feature.Area.og1.CWHvm_HW_FDC_L,10,100,10,0.0,10000.0,1.0,1.0,80.88300323486328,0.0,0.0
feature.Area.og1.CWHvm_HW_FDC_L,11,110,10,0.0,10000.0,1.0,1.0,85.60600280761719,0.0,0.0
feature.Area.og1.CWHvm_HW_FDC_L,12,120,10,0.0,10000.0,1.0,1.0,90.28900146484375,0.0,0.0
feature.Area.og1.CWHvm_HW_FDC_L,13,130,10,0.0,10000.0,1.0,1.0,91.90599822998047,0.0,0.0
feature.Area.og1.CWHvm_HW_FDC_L,14,140,10,0.0,10000.0,1.0,1.0,91.99800109863281,0.0,0.0
feature.Area.og1.CWHvm_HW_FDC_L,15,150,10,0.0,10000.0,1.0,1.0,91.99800109863281,0.0,0.0
feature.Area.og1.CWHvm_HW_FDC_L,16,160,10,0.0,10000.0,1.0,1.0,92.69999694824219,0.0,0.0
feature.Area.og1.CWHvm_HW_FDC_L,17,170,10,0.0,10000.0,1.0,1.0,94.49700164794922,0.0,0.0
feature.Area.og1.CWHvm_HW_FDC_L,18,180,10,0.0,10000.0,1.0,1.0,96.28399658203125,0.0,0.0
feature.Area.og1.CWHvm_HW_FDC_L,19,190,10,0.0,10000.0,1.0,1.0,94.28500366210938,0.0,0.0
feature.Area.og1.CWHvm_HW_FDC_L,20,200,10,0.0,10000.0,1.0,1.0,93.74299621582031,0.0,0.0
feature.Area.og1.CWHvm_HW_FDC_L,21,210,10,0.0,10000.0,1.0,1.0,91.99800109863281,0.0,0.0
feature.Area.og1.CWHvm_HW_FDC_L,22,220,10,0.0,10000.0,1.0,1.0,91.99800109863281,0.0,0.0
feature.Area.og1.CWHvm_HW_FDC_L,23,230,10,0.0,10000.0,1.0,1.0,91.99800109863281,0.0,0.0
feature.Area.og1.CWHvm_HW_FDC_L,24,240,10,0.0,10000.0,1.0,1.0,91.99800109863281,0.0,0.0
feature.Area.og1.CWHvm_HW_FDC_L,25,250,10,0.0,10000.0,1.0,1.0,91.99800109863281,0.0,0.0
feature.Area.og1.CWHvm_HW_FDC_L,26,260,10,0.0,10000.0,1.0,1.0,91.99800109863281,0.0,0.0
feature.Area.og1.CWHvm_HW_FDC_L,27,270,10,0.0,10000.0,1.0,1.0,91.99800109863281,0.0,0.0
feature.Area.og1.CWHvm_HW_FDC_L,28,280,10,0.0,10000.0,1.0,1.0,92.11399841308594,0.0,0.0
feature.Area.og1.CWHvm_HW_FDC_L,29,290,10,0.0,10000.0,1.0,1.0,92.69999694824219,0.0,0.0
feature.Area.og1.CWHvm_HW_FDC_L,30,300,10,0.0,10000.0,1.0,1.0,91.99800109863281,0.0,0.0
feature.Area.og1.CWHvm_HW_SS_M,0,0,10,0.0,10000.0,1.0,1.0,0.0,0.0,0.0
feature.Area.og1.CWHvm_HW_SS_M,1,10,10,0.0,10000.0,1.0,1.0,0.0,0.0,0.0
feature.Area.og1.CWHvm_HW_SS_M,2,20,10,0.0,10000.0,1.0,1.0,0.0,0.0,0.0
feature.Area.og1.CWHvm_HW_SS_M,3,30,10,0.0,10000.0,1.0,1.0,0.0,0.0,0.0
feature.Area.og1.CWHvm_HW_SS_M,4,40,10,0.0,10000.0,1.0,1.0,2.1440000534057617,0.0,0.0
feature.Area.og1.CWHvm_HW_SS_M,5,50,10,0.0,10000.0,1.0,1.0,5.206999778747559,0.0,0.0
feature.Area.og1.CWHvm_HW_SS_M,6,60,10,0.0,10000.0,1.0,1.0,8.321000099182129,0.0,0.0
feature.Area.og1.CWHvm_HW_SS_M,7,70,10,0.0,10000.0,1.0,1.0,11.460000038146973,0.0,0.0
feature.Area.og1.CWHvm_HW_SS_M,8,80,10,0.0,10000.0,1.0,1.0,3.13700008392334,0.0,0.0
feature.Area.og1.CWHvm_HW_SS_M,9,90,10,0.0,10000.0,1.0,1.0,3.8369998931884766,0.0,0.0
feature.Area.og1.CWHvm_HW_SS_M,10,100,10,0.0,10000.0,1.0,1.0,4.535999774932861,0.0,0.0
feature.Area.og1.CWHvm_HW_SS_M,11,110,10,0.0,10000.0,1.0,1.0,5.236000061035156,0.0,0.0
feature.Area.og1.CWHvm_HW_SS_M,12,120,10,0.0,10000.0,1.0,1.0,5.498000144958496,0.0,0.0
feature.Area.og1.CWHvm_HW_SS_M,13,130,10,0.0,10000.0,1.0,1.0,5.572999954223633,0.0,0.0
feature.Area.og1.CWHvm_HW_SS_M,14,140,10,0.0,10000.0,1.0,1.0,5.5960001945495605,0.0,0.0
feature.Area.og1.CWHvm_HW_SS_M,15,150,10,0.0,10000.0,1.0,1.0,5.5960001945495605,0.0,0.0
feature.Area.og1.CWHvm_HW_SS_M,16,160,10,0.0,10000.0,1.0,1.0,5.5960001945495605,0.0,0.0
feature.Area.og1.CWHvm_HW_SS_M,17,170,10,0.0,10000.0,1.0,1.0,5.5960001945495605,0.0,0.0
feature.Area.og1.CWHvm_HW_SS_M,18,180,10,0.0,10000.0,1.0,1.0,5.5960001945495605,0.0,0.0
feature.Area.og1.CWHvm_HW_SS_M,19,190,10,0.0,10000.0,1.0,1.0,5.5960001945495605,0.0,0.0
feature.Area.og1.CWHvm_HW_SS_M,20,200,10,0.0,10000.0,1.0,1.0,5.5960001945495605,0.0,0.0
feature.Area.og1.CWHvm_HW_SS_M,21,210,10,0.0,10000.0,1.0,1.0,5.5960001945495605,0.0,0.0
feature.Area.og1.CWHvm_HW_SS_M,22,220,10,0.0,10000.0,1.0,1.0,5.5960001945495605,0.0,0.0
feature.Area.og1.CWHvm_HW_SS_M,23,230,10,0.0,10000.0,1.0,1.0,5.5960001945495605,0.0,0.0
feature.Area.og1.CWHvm_HW_SS_M,24,240,10,0.0,10000.0,1.0,1.0,5.5960001945495605,0.0,0.0
feature.Area.og1.CWHvm_HW_SS_M,25,250,10,0.0,10000.0,1.0,1.0,5.5960001945495605,0.0,0.0
feature.Area.og1.CWHvm_HW_SS_M,26,260,10,0.0,10000.0,1.0,1.0,5.5960001945495605,0.0,0.0
feature.Area.og1.CWHvm_HW_SS_M,27,270,10,0.0,10000.0,1.0,1.0,5.5960001945495605,0.0,0.0
feature.Area.og1.CWHvm_HW_SS_M,28,280,10,0.0,10000.0,1.0,1.0,5.5960001945495605,0.0,0.0
feature.Area.og1.CWHvm_HW_SS_M,29,290,10,0.0,10000.0,1.0,1.0,5.5960001945495605,0.0,0.0
feature.Area.og1.CWHvm_HW_SS_M,30,300,10,0.0,10000.0,1.0,1.0,5.5960001945495605,0.0,0.0
feature.Area.og1.total,0,0,10,0.0,10000.0,1.0,1.0,375.177001953125,0.0,0.0
feature.Area.og1.total,1,10,10,0.0,10000.0,1.0,1.0,371.5039978027344,0.0,0.0
feature.Area.og1.total,2,20,10,0.0,10000.0,1.0,1.0,399.802001953125,0.0,0.0
feature.Area.og1.total,3,30,10,0.0,10000.0,1.0,1.0,434.072998046875,0.0,0.0
feature.Area.og1.total,4,40,10,0.0,10000.0,1.0,1.0,459.76800537109375,0.0,0.0
feature.Area.og1.total,5,50,10,0.0,10000.0,1.0,1.0,505.1180114746094,0.0,0.0
feature.Area.og1.total,6,60,10,0.0,10000.0,1.0,1.0,569.1959838867188,0.0,0.0
feature.Area.og1.total,7,70,10,0.0,10000.0,1.0,1.0,645.5780029296875,0.0,0.0
feature.Area.og1.total,8,80,10,0.0,10000.0,1.0,1.0,696.1599731445312,0.0,0.0
feature.Area.og1.total,9,90,10,0.0,10000.0,1.0,1.0,767.9949951171875,0.0,0.0
feature.Area.og1.total,10,100,10,0.0,10000.0,1.0,1.0,849.375,0.0,0.0
feature.Area.og1.total,11,110,10,0.0,10000.0,1.0,1.0,885.6079711914062,0.0,0.0
feature.Area.og1.total,12,120,10,0.0,10000.0,1.0,1.0,960.9219970703125,0.0,0.0
feature.Area.og1.total,13,130,10,0.0,10000.0,1.0,1.0,976.614013671875,0.0,0.0
feature.Area.og1.total,14,140,10,0.0,10000.0,1.0,1.0,1007.6710205078125,0.0,0.0
feature.Area.og1.total,15,150,10,0.0,10000.0,1.0,1.0,1016.5850219726562,0.0,0.0
feature.Area.og1.total,16,160,10,0.0,10000.0,1.0,1.0,1012.1259765625,0.0,0.0
feature.Area.og1.total,17,170,10,0.0,10000.0,1.0,1.0,1012.3170166015625,0.0,0.0
feature.Area.og1.total,18,180,10,0.0,10000.0,1.0,1.0,1017.5079956054688,0.0,0.0
feature.Area.og1.total,19,190,10,0.0,10000.0,1.0,1.0,1018.1619873046875,0.0,0.0
feature.Area.og1.total,20,200,10,0.0,10000.0,1.0,1.0,1005.7329711914062,0.0,0.0
feature.Area.og1.total,21,210,10,0.0,10000.0,1.0,1.0,1004.68701171875,0.0,0.0
feature.Area.og1.total,22,220,10,0.0,10000.0,1.0,1.0,1011.3569946289062,0.0,0.0
feature.Area.og1.total,23,230,10,0.0,10000.0,1.0,1.0,1031.6529541015625,0.0,0.0
feature.Area.og1.total,24,240,10,0.0,10000.0,1.0,1.0,1044.842041015625,0.0,0.0
feature.Area.og1.total,25,250,10,0.0,10000.0,1.0,1.0,1026.240966796875,0.0,0.0
feature.Area.og1.total,26,260,10,0.0,10000.0,1.0,1.0,1015.708984375,0.0,0.0
feature.Area.og1.total,27,270,10,0.0,10000.0,1.0,1.0,1011.5960083007812,0.0,0.0
feature.Area.og1.total,28,280,10,0.0,10000.0,1.0,1.0,1010.3289794921875,0.0,0.0
feature.Area.og1.total,29,290,10,0.0,10000.0,1.0,1.0,1013.35498046875,0.0,0.0
feature.Area.og1.total,30,300,10,0.0,10000.0,1.0,1.0,1001.1199951171875,0.0,0.0
feature.Area.og2.CWHvm_CW_HW_M,0,0,10,0.0,10000.0,1.0,1.0,167.18800354003906,0.0,0.0
feature.Area.og2.CWHvm_CW_HW_M,1,10,10,0.0,10000.0,1.0,1.0,149.49200439453125,0.0,0.0
feature.Area.og2.CWHvm_CW_HW_M,2,20,10,0.0,10000.0,1.0,1.0,165.2100067138672,0.0,0.0
feature.Area.og2.CWHvm_CW_HW_M,3,30,10,0.0,10000.0,1.0,1.0,165.2100067138672,0.0,0.0
feature.Area.og2.CWHvm_CW_HW_M,4,40,10,0.0,10000.0,1.0,1.0,163.06399536132812,0.0,0.0
feature.Area.og2.CWHvm_CW_HW_M,5,50,10,0.0,10000.0,1.0,1.0,163.06399536132812,0.0,0.0
feature.Area.og2.CWHvm_CW_HW_M,6,60,10,0.0,10000.0,1.0,1.0,163.06399536132812,0.0,0.0
feature.Area.og2.CWHvm_CW_HW_M,7,70,10,0.0,10000.0,1.0,1.0,163.06399536132812,0.0,0.0
feature.Area.og2.CWHvm_CW_HW_M,8,80,10,0.0,10000.0,1.0,1.0,166.4239959716797,0.0,0.0
feature.Area.og2.CWHvm_CW_HW_M,9,90,10,0.0,10000.0,1.0,1.0,166.4239959716797,0.0,0.0
feature.Area.og2.CWHvm_CW_HW_M,10,100,10,0.0,10000.0,1.0,1.0,166.4239959716797,0.0,0.0
feature.Area.og2.CWHvm_CW_HW_M,11,110,10,0.0,10000.0,1.0,1.0,166.4239959716797,0.0,0.0
feature.Area.og2.CWHvm_CW_HW_M,12,120,10,0.0,10000.0,1.0,1.0,166.4239959716797,0.0,0.0
feature.Area.og2.CWHvm_CW_HW_M,13,130,10,0.0,10000.0,1.0,1.0,168.35000610351562,0.0,0.0
feature.Area.og2.CWHvm_CW_HW_M,14,140,10,0.0,10000.0,1.0,1.0,168.35000610351562,0.0,0.0
feature.Area.og2.CWHvm_CW_HW_M,15,150,10,0.0,10000.0,1.0,1.0,168.35000610351562,0.0,0.0
feature.Area.og2.CWHvm_CW_HW_M,16,160,10,0.0,10000.0,1.0,1.0,168.35000610351562,0.0,0.0
feature.Area.og2.CWHvm_CW_HW_M,17,170,10,0.0,10000.0,1.0,1.0,168.35000610351562,0.0,0.0
feature.Area.og2.CWHvm_CW_HW_M,18,180,10,0.0,10000.0,1.0,1.0,168.35000610351562,0.0,0.0
feature.Area.og2.CWHvm_CW_HW_M,19,190,10,0.0,10000.0,1.0,1.0,168.35499572753906,0.0,0.0
feature.Area.og2.CWHvm_CW_HW_M,20,200,10,0.0,10000.0,1.0,1.0,168.35499572753906,0.0,0.0
feature.Area.og2.CWHvm_CW_HW_M,21,210,10,0.0,10000.0,1.0,1.0,170.406005859375,0.0,0.0
feature.Area.og2.CWHvm_CW_HW_M,22,220,10,0.0,10000.0,1.0,1.0,170.406005859375,0.0,0.0
feature.Area.og2.CWHvm_CW_HW_M,23,230,10,0.0,10000.0,1.0,1.0,170.406005859375,0.0,0.0
feature.Area.og2.CWHvm_CW_HW_M,24,240,10,0.0,10000.0,1.0,1.0,170.406005859375,0.0,0.0
feature.Area.og2.CWHvm_CW_HW_M,25,250,10,0.0,10000.0,1.0,1.0,170.406005859375,0.0,0.0
feature.Area.og2.CWHvm_CW_HW_M,26,260,10,0.0,10000.0,1.0,1.0,170.406005859375,0.0,0.0
feature.Area.og2.CWHvm_CW_HW_M,27,270,10,0.0,10000.0,1.0,1.0,170.406005859375,0.0,0.0
feature.Area.og2.CWHvm_CW_HW_M,28,280,10,0.0,10000.0,1.0,1.0,170.406005859375,0.0,0.0
feature.Area.og2.CWHvm_CW_HW_M,29,290,10,0.0,10000.0,1.0,1.0,170.406005859375,0.0,0.0
feature.Area.og2.CWHvm_CW_HW_M,30,300,10,0.0,10000.0,1.0,1.0,170.406005859375,0.0,0.0
feature.Area.og2.CWHvm_CW_PLC_M,0,0,10,0.0,10000.0,1.0,1.0,21.78700065612793,0.0,0.0
feature.Area.og2.CWHvm_CW_PLC_M,1,10,10,0.0,10000.0,1.0,1.0,21.78700065612793,0.0,0.0
feature.Area.og2.CWHvm_CW_PLC_M,2,20,10,0.0,10000.0,1.0,1.0,32.47200012207031,0.0,0.0
feature.Area.og2.CWHvm_CW_PLC_M,3,30,10,0.0,10000.0,1.0,1.0,32.47200012207031,0.0,0.0
feature.Area.og2.CWHvm_CW_PLC_M,4,40,10,0.0,10000.0,1.0,1.0,32.47200012207031,0.0,0.0
feature.Area.og2.CWHvm_CW_PLC_M,5,50,10,0.0,10000.0,1.0,1.0,32.47200012207031,0.0,0.0
feature.Area.og2.CWHvm_CW_PLC_M,6,60,10,0.0,10000.0,1.0,1.0,32.47200012207031,0.0,0.0
feature.Area.og2.CWHvm_CW_PLC_M,7,70,10,0.0,10000.0,1.0,1.0,32.47200012207031,0.0,0.0
feature.Area.og2.CWHvm_CW_PLC_M,8,80,10,0.0,10000.0,1.0,1.0,32.47200012207031,0.0,0.0
feature.Area.og2.CWHvm_CW_PLC_M,9,90,10,0.0,10000.0,1.0,1.0,32.47200012207031,0.0,0.0
feature.Area.og2.CWHvm_CW_PLC_M,10,100,10,0.0,10000.0,1.0,1.0,32.47200012207031,0.0,0.0
feature.Area.og2.CWHvm_CW_PLC_M,11,110,10,0.0,10000.0,1.0,1.0,32.47200012207031,0.0,0.0
feature.Area.og2.CWHvm_CW_PLC_M,12,120,10,0.0,10000.0,1.0,1.0,32.47200012207031,0.0,0.0
feature.Area.og2.CWHvm_CW_PLC_M,13,130,10,0.0,10000.0,1.0,1.0,32.47200012207031,0.0,0.0
feature.Area.og2.CWHvm_CW_PLC_M,14,140,10,0.0,10000.0,1.0,1.0,32.47200012207031,0.0,0.0
feature.Area.og2.CWHvm_CW_PLC_M,15,150,10,0.0,10000.0,1.0,1.0,32.47200012207031,0.0,0.0
feature.Area.og2.CWHvm_CW_PLC_M,16,160,10,0.0,10000.0,1.0,1.0,32.47200012207031,0.0,0.0
feature.Area.og2.CWHvm_CW_PLC_M,17,170,10,0.0,10000.0,1.0,1.0,32.47200012207031,0.0,0.0
feature.Area.og2.CWHvm_CW_PLC_M,18,180,10,0.0,10000.0,1.0,1.0,32.47200012207031,0.0,0.0
feature.Area.og2.CWHvm_CW_PLC_M,19,190,10,0.0,10000.0,1.0,1.0,32.47200012207031,0.0,0.0
feature.Area.og2.CWHvm_CW_PLC_M,20,200,10,0.0,10000.0,1.0,1.0,32.47200012207031,0.0,0.0
feature.Area.og2.CWHvm_CW_PLC_M,21,210,10,0.0,10000.0,1.0,1.0,32.47200012207031,0.0,0.0
feature.Area.og2.CWHvm_CW_PLC_M,22,220,10,0.0,10000.0,1.0,1.0,32.47200012207031,0.0,0.0
feature.Area.og2.CWHvm_CW_PLC_M,23,230,10,0.0,10000.0,1.0,1.0,32.47200012207031,0.0,0.0
feature.Area.og2.CWHvm_CW_PLC_M,24,240,10,0.0,10000.0,1.0,1.0,32.47200012207031,0.0,0.0
feature.Area.og2.CWHvm_CW_PLC_M,25,250,10,0.0,10000.0,1.0,1.0,32.47200012207031,0.0,0.0
feature.Area.og2.CWHvm_CW_PLC_M,26,260,10,0.0,10000.0,1.0,1.0,32.47200012207031,0.0,0.0
feature.Area.og2.CWHvm_CW_PLC_M,27,270,10,0.0,10000.0,1.0,1.0,32.47200012207031,0.0,0.0
feature.Area.og2.CWHvm_CW_PLC_M,28,280,10,0.0,10000.0,1.0,1.0,32.47200012207031,0.0,0.0
feature.Area.og2.CWHvm_CW_PLC_M,29,290,10,0.0,10000.0,1.0,1.0,32.47200012207031,0.0,0.0
feature.Area.og2.CWHvm_CW_PLC_M,30,300,10,0.0,10000.0,1.0,1.0,32.47200012207031,0.0,0.0
feature.Area.og2.CWHvm_CW_YC_M,0,0,10,0.0,10000.0,1.0,1.0,41.14799880981445,0.0,0.0
feature.Area.og2.CWHvm_CW_YC_M,1,10,10,0.0,10000.0,1.0,1.0,41.14799880981445,0.0,0.0
feature.Area.og2.CWHvm_CW_YC_M,2,20,10,0.0,10000.0,1.0,1.0,41.14799880981445,0.0,0.0
feature.Area.og2.CWHvm_CW_YC_M,3,30,10,0.0,10000.0,1.0,1.0,41.14799880981445,0.0,0.0
feature.Area.og2.CWHvm_CW_YC_M,4,40,10,0.0,10000.0,1.0,1.0,41.14799880981445,0.0,0.0
feature.Area.og2.CWHvm_CW_YC_M,5,50,10,0.0,10000.0,1.0,1.0,41.14799880981445,0.0,0.0
feature.Area.og2.CWHvm_CW_YC_M,6,60,10,0.0,10000.0,1.0,1.0,41.14799880981445,0.0,0.0
feature.Area.og2.CWHvm_CW_YC_M,7,70,10,0.0,10000.0,1.0,1.0,41.14799880981445,0.0,0.0
feature.Area.og2.CWHvm_CW_YC_M,8,80,10,0.0,10000.0,1.0,1.0,41.14799880981445,0.0,0.0
feature.Area.og2.CWHvm_CW_YC_M,9,90,10,0.0,10000.0,1.0,1.0,41.14799880981445,0.0,0.0
feature.Area.og2.CWHvm_CW_YC_M,10,100,10,0.0,10000.0,1.0,1.0,41.14799880981445,0.0,0.0
feature.Area.og2.CWHvm_CW_YC_M,11,110,10,0.0,10000.0,1.0,1.0,41.14799880981445,0.0,0.0
feature.Area.og2.CWHvm_CW_YC_M,12,120,10,0.0,10000.0,1.0,1.0,41.14799880981445,0.0,0.0
feature.Area.og2.CWHvm_CW_YC_M,13,130,10,0.0,10000.0,1.0,1.0,41.14799880981445,0.0,0.0
feature.Area.og2.CWHvm_CW_YC_M,14,140,10,0.0,10000.0,1.0,1.0,41.14799880981445,0.0,0.0
feature.Area.og2.CWHvm_CW_YC_M,15,150,10,0.0,10000.0,1.0,1.0,41.14799880981445,0.0,0.0
feature.Area.og2.CWHvm_CW_YC_M,16,160,10,0.0,10000.0,1.0,1.0,41.14799880981445,0.0,0.0
feature.Area.og2.CWHvm_CW_YC_M,17,170,10,0.0,10000.0,1.0,1.0,41.14799880981445,0.0,0.0
feature.Area.og2.CWHvm_CW_YC_M,18,180,10,0.0,10000.0,1.0,1.0,41.14799880981445,0.0,0.0
feature.Area.og2.CWHvm_CW_YC_M,19,190,10,0.0,10000.0,1.0,1.0,41.14799880981445,0.0,0.0
feature.Area.og2.CWHvm_CW_YC_M,20,200,10,0.0,10000.0,1.0,1.0,41.14799880981445,0.0,0.0
feature.Area.og2.CWHvm_CW_YC_M,21,210,10,0.0,10000.0,1.0,1.0,41.14799880981445,0.0,0.0
feature.Area.og2.CWHvm_CW_YC_M,22,220,10,0.0,10000.0,1.0,1.0,41.14799880981445,0.0,0.0
feature.Area.og2.CWHvm_CW_YC_M,23,230,10,0.0,10000.0,1.0,1.0,41.14799880981445,0.0,0.0
feature.Area.og2.CWHvm_CW_YC_M,24,240,10,0.0,10000.0,1.0,1.0,41.14799880981445,0.0,0.0
feature.Area.og2.CWHvm_CW_YC_M,25,250,10,0.0,10000.0,1.0,1.0,41.14799880981445,0.0,0.0
feature.Area.og2.CWHvm_CW_YC_M,26,260,10,0.0,10000.0,1.0,1.0,41.14799880981445,0.0,0.0
feature.Area.og2.CWHvm_CW_YC_M,27,270,10,0.0,10000.0,1.0,1.0,41.14799880981445,0.0,0.0
feature.Area.og2.CWHvm_CW_YC_M,28,280,10,0.0,10000.0,1.0,1.0,41.14799880981445,0.0,0.0
feature.Area.og2.CWHvm_CW_YC_M,29,290,10,0.0,10000.0,1.0,1.0,41.14799880981445,0.0,0.0
feature.Area.og2.CWHvm_CW_YC_M,30,300,10,0.0,10000.0,1.0,1.0,41.14799880981445,0.0,0.0
feature.Area.og2.CWHvm_DR_HW_M,0,0,10,0.0,10000.0,1.0,1.0,0.0,0.0,0.0
feature.Area.og2.CWHvm_DR_HW_M,1,10,10,0.0,10000.0,1.0,1.0,0.0,0.0,0.0
feature.Area.og2.CWHvm_DR_HW_M,2,20,10,0.0,10000.0,1.0,1.0,0.0,0.0,0.0
feature.Area.og2.CWHvm_DR_HW_M,3,30,10,0.0,10000.0,1.0,1.0,0.0,0.0,0.0
feature.Area.og2.CWHvm_DR_HW_M,4,40,10,0.0,10000.0,1.0,1.0,0.0,0.0,0.0
feature.Area.og2.CWHvm_DR_HW_M,5,50,10,0.0,10000.0,1.0,1.0,0.0,0.0,0.0
feature.Area.og2.CWHvm_DR_HW_M,6,60,10,0.0,10000.0,1.0,1.0,0.0,0.0,0.0
feature.Area.og2.CWHvm_DR_HW_M,7,70,10,0.0,10000.0,1.0,1.0,0.0,0.0,0.0
feature.Area.og2.CWHvm_DR_HW_M,8,80,10,0.0,10000.0,1.0,1.0,0.0,0.0,0.0
feature.Area.og2.CWHvm_DR_HW_M,9,90,10,0.0,10000.0,1.0,1.0,0.0,0.0,0.0
feature.Area.og2.CWHvm_DR_HW_M,10,100,10,0.0,10000.0,1.0,1.0,0.0,0.0,0.0
feature.Area.og2.CWHvm_DR_HW_M,11,110,10,0.0,10000.0,1.0,1.0,0.0,0.0,0.0
feature.Area.og2.CWHvm_DR_HW_M,12,120,10,0.0,10000.0,1.0,1.0,0.0,0.0,0.0
feature.Area.og2.CWHvm_DR_HW_M,13,130,10,0.0,10000.0,1.0,1.0,0.0,0.0,0.0
feature.Area.og2.CWHvm_DR_HW_M,14,140,10,0.0,10000.0,1.0,1.0,0.0,0.0,0.0
feature.Area.og2.CWHvm_DR_HW_M,15,150,10,0.0,10000.0,1.0,1.0,0.0,0.0,0.0
feature.Area.og2.CWHvm_DR_HW_M,16,160,10,0.0,10000.0,1.0,1.0,0.0,0.0,0.0
feature.Area.og2.CWHvm_DR_HW_M,17,170,10,0.0,10000.0,1.0,1.0,0.0,0.0,0.0
feature.Area.og2.CWHvm_DR_HW_M,18,180,10,0.0,10000.0,1.0,1.0,0.0,0.0,0.0
feature.Area.og2.CWHvm_DR_HW_M,19,190,10,0.0,10000.0,1.0,1.0,0.0,0.0,0.0
feature.Area.og2.CWHvm_DR_HW_M,20,200,10,0.0,10000.0,1.0,1.0,8.529000282287598,0.0,0.0
feature.Area.og2.CWHvm_DR_HW_M,21,210,10,0.0,10000.0,1.0,1.0,24.264999389648438,0.0,0.0
feature.Area.og2.CWHvm_DR_HW_M,22,220,10,0.0,10000.0,1.0,1.0,24.264999389648438,0.0,0.0
feature.Area.og2.CWHvm_DR_HW_M,23,230,10,0.0,10000.0,1.0,1.0,24.264999389648438,0.0,0.0
feature.Area.og2.CWHvm_DR_HW_M,24,240,10,0.0,10000.0,1.0,1.0,24.264999389648438,0.0,0.0
feature.Area.og2.CWHvm_DR_HW_M,25,250,10,0.0,10000.0,1.0,1.0,24.264999389648438,0.0,0.0
feature.Area.og2.CWHvm_DR_HW_M,26,260,10,0.0,10000.0,1.0,1.0,24.264999389648438,0.0,0.0
feature.Area.og2.CWHvm_DR_HW_M,27,270,10,0.0,10000.0,1.0,1.0,24.264999389648438,0.0,0.0
feature.Area.og2.CWHvm_DR_HW_M,28,280,10,0.0,10000.0,1.0,1.0,24.264999389648438,0.0,0.0
feature.Area.og2.CWHvm_DR_HW_M,29,290,10,0.0,10000.0,1.0,1.0,24.264999389648438,0.0,0.0
feature.Area.og2.CWHvm_DR_HW_M,30,300,10,0.0,10000.0,1.0,1.0,24.264999389648438,0.0,0.0
feature.Area.og2.CWHvm_FDC_HW_H,0,0,10,0.0,10000.0,1.0,1.0,0.0,0.0,0.0
feature.Area.og2.CWHvm_FDC_HW_H,1,10,10,0.0,10000.0,1.0,1.0,0.0,0.0,0.0
feature.Area.og2.CWHvm_FDC_HW_H,2,20,10,0.0,10000.0,1.0,1.0,0.0,0.0,0.0
feature.Area.og2.CWHvm_FDC_HW_H,3,30,10,0.0,10000.0,1.0,1.0,0.0,0.0,0.0
feature.Area.og2.CWHvm_FDC_HW_H,4,40,10,0.0,10000.0,1.0,1.0,0.0,0.0,0.0
feature.Area.og2.CWHvm_FDC_HW_H,5,50,10,0.0,10000.0,1.0,1.0,0.0,0.0,0.0
feature.Area.og2.CWHvm_FDC_HW_H,6,60,10,0.0,10000.0,1.0,1.0,0.0,0.0,0.0
feature.Area.og2.CWHvm_FDC_HW_H,7,70,10,0.0,10000.0,1.0,1.0,0.0,0.0,0.0
feature.Area.og2.CWHvm_FDC_HW_H,8,80,10,0.0,10000.0,1.0,1.0,0.0,0.0,0.0
feature.Area.og2.CWHvm_FDC_HW_H,9,90,10,0.0,10000.0,1.0,1.0,0.0,0.0,0.0
feature.Area.og2.CWHvm_FDC_HW_H,10,100,10,0.0,10000.0,1.0,1.0,0.0,0.0,0.0
feature.Area.og2.CWHvm_FDC_HW_H,11,110,10,0.0,10000.0,1.0,1.0,0.0,0.0,0.0
feature.Area.og2.CWHvm_FDC_HW_H,12,120,10,0.0,10000.0,1.0,1.0,0.0,0.0,0.0
feature.Area.og2.CWHvm_FDC_HW_H,13,130,10,0.0,10000.0,1.0,1.0,0.0,0.0,0.0
feature.Area.og2.CWHvm_FDC_HW_H,14,140,10,0.0,10000.0,1.0,1.0,0.0,0.0,0.0
feature.Area.og2.CWHvm_FDC_HW_H,15,150,10,0.0,10000.0,1.0,1.0,0.0,0.0,0.0
feature.Area.og2.CWHvm_FDC_HW_H,16,160,10,0.0,10000.0,1.0,1.0,0.0,0.0,0.0
feature.Area.og2.CWHvm_FDC_HW_H,17,170,10,0.0,10000.0,1.0,1.0,0.0,0.0,0.0
feature.Area.og2.CWHvm_FDC_HW_H,18,180,10,0.0,10000.0,1.0,1.0,0.0,0.0,0.0
feature.Area.og2.CWHvm_FDC_HW_H,19,190,10,0.0,10000.0,1.0,1.0,0.0,0.0,0.0
feature.Area.og2.CWHvm_FDC_HW_H,20,200,10,0.0,10000.0,1.0,1.0,4.533999919891357,0.0,0.0
feature.Area.og2.CWHvm_FDC_HW_H,21,210,10,0.0,10000.0,1.0,1.0,53.6879997253418,0.0,0.0
feature.Area.og2.CWHvm_FDC_HW_H,22,220,10,0.0,10000.0,1.0,1.0,53.6879997253418,0.0,0.0
feature.Area.og2.CWHvm_FDC_HW_H,23,230,10,0.0,10000.0,1.0,1.0,53.6879997253418,0.0,0.0
feature.Area.og2.CWHvm_FDC_HW_H,24,240,10,0.0,10000.0,1.0,1.0,53.6879997253418,0.0,0.0
feature.Area.og2.CWHvm_FDC_HW_H,25,250,10,0.0,10000.0,1.0,1.0,53.6879997253418,0.0,0.0
feature.Area.og2.CWHvm_FDC_HW_H,26,260,10,0.0,10000.0,1.0,1.0,53.6879997253418,0.0,0.0
feature.Area.og2.CWHvm_FDC_HW_H,27,270,10,0.0,10000.0,1.0,1.0,53.6879997253418,0.0,0.0
feature.Area.og2.CWHvm_FDC_HW_H,28,280,10,0.0,10000.0,1.0,1.0,53.6879997253418,0.0,0.0
feature.Area.og2.CWHvm_FDC_HW_H,29,290,10,0.0,10000.0,1.0,1.0,53.6879997253418,0.0,0.0
feature.Area.og2.CWHvm_FDC_HW_H,30,300,10,0.0,10000.0,1.0,1.0,53.6879997253418,0.0,0.0
feature.Area.og2.CWHvm_FDC_HW_L,0,0,10,0.0,10000.0,1.0,1.0,1.1230000257492065,0.0,0.0
feature.Area.og2.CWHvm_FDC_HW_L,1,10,10,0.0,10000.0,1.0,1.0,1.1230000257492065,0.0,0.0
feature.Area.og2.CWHvm_FDC_HW_L,2,20,10,0.0,10000.0,1.0,1.0,1.1230000257492065,0.0,0.0
feature.Area.og2.CWHvm_FDC_HW_L,3,30,10,0.0,10000.0,1.0,1.0,1.1230000257492065,0.0,0.0
feature.Area.og2.CWHvm_FDC_HW_L,4,40,10,0.0,10000.0,1.0,1.0,1.1230000257492065,0.0,0.0
feature.Area.og2.CWHvm_FDC_HW_L,5,50,10,0.0,10000.0,1.0,1.0,1.1230000257492065,0.0,0.0
feature.Area.og2.CWHvm_FDC_HW_L,6,60,10,0.0,10000.0,1.0,1.0,10.654999732971191,0.0,0.0
feature.Area.og2.CWHvm_FDC_HW_L,7,70,10,0.0,10000.0,1.0,1.0,10.654999732971191,0.0,0.0
feature.Area.og2.CWHvm_FDC_HW_L,8,80,10,0.0,10000.0,1.0,1.0,10.654999732971191,0.0,0.0
feature.Area.og2.CWHvm_FDC_HW_L,9,90,10,0.0,10000.0,1.0,1.0,10.654999732971191,0.0,0.0
feature.Area.og2.CWHvm_FDC_HW_L,10,100,10,0.0,10000.0,1.0,1.0,10.654999732971191,0.0,0.0
feature.Area.og2.CWHvm_FDC_HW_L,11,110,10,0.0,10000.0,1.0,1.0,10.654999732971191,0.0,0.0
feature.Area.og2.CWHvm_FDC_HW_L,12,120,10,0.0,10000.0,1.0,1.0,10.654999732971191,0.0,0.0
feature.Area.og2.CWHvm_FDC_HW_L,13,130,10,0.0,10000.0,1.0,1.0,21.464000701904297,0.0,0.0
feature.Area.og2.CWHvm_FDC_HW_L,14,140,10,0.0,10000.0,1.0,1.0,21.464000701904297,0.0,0.0
feature.Area.og2.CWHvm_FDC_HW_L,15,150,10,0.0,10000.0,1.0,1.0,21.464000701904297,0.0,0.0
feature.Area.og2.CWHvm_FDC_HW_L,16,160,10,0.0,10000.0,1.0,1.0,21.464000701904297,0.0,0.0
feature.Area.og2.CWHvm_FDC_HW_L,17,170,10,0.0,10000.0,1.0,1.0,21.464000701904297,0.0,0.0
feature.Area.og2.CWHvm_FDC_HW_L,18,180,10,0.0,10000.0,1.0,1.0,21.464000701904297,0.0,0.0
feature.Area.og2.CWHvm_FDC_HW_L,19,190,10,0.0,10000.0,1.0,1.0,21.464000701904297,0.0,0.0
feature.Area.og2.CWHvm_FDC_HW_L,20,200,10,0.0,10000.0,1.0,1.0,108.85099792480469,0.0,0.0
feature.Area.og2.CWHvm_FDC_HW_L,21,210,10,0.0,10000.0,1.0,1.0,136.6479949951172,0.0,0.0
feature.Area.og2.CWHvm_FDC_HW_L,22,220,10,0.0,10000.0,1.0,1.0,136.6479949951172,0.0,0.0
feature.Area.og2.CWHvm_FDC_HW_L,23,230,10,0.0,10000.0,1.0,1.0,136.6479949951172,0.0,0.0
feature.Area.og2.CWHvm_FDC_HW_L,24,240,10,0.0,10000.0,1.0,1.0,136.6479949951172,0.0,0.0
feature.Area.og2.CWHvm_FDC_HW_L,25,250,10,0.0,10000.0,1.0,1.0,136.6479949951172,0.0,0.0
feature.Area.og2.CWHvm_FDC_HW_L,26,260,10,0.0,10000.0,1.0,1.0,136.6479949951172,0.0,0.0
feature.Area.og2.CWHvm_FDC_HW_L,27,270,10,0.0,10000.0,1.0,1.0,136.6479949951172,0.0,0.0
feature.Area.og2.CWHvm_FDC_HW_L,28,280,10,0.0,10000.0,1.0,1.0,136.6479949951172,0.0,0.0
feature.Area.og2.CWHvm_FDC_HW_L,29,290,10,0.0,10000.0,1.0,1.0,136.6479949951172,0.0,0.0
feature.Area.og2.CWHvm_FDC_HW_L,30,300,10,0.0,10000.0,1.0,1.0,136.6479949951172,0.0,0.0
feature.Area.og2.CWHvm_FDC_HW_M,0,0,10,0.0,10000.0,1.0,1.0,0.0,0.0,0.0
feature.Area.og2.CWHvm_FDC_HW_M,1,10,10,0.0,10000.0,1.0,1.0,0.0,0.0,0.0
feature.Area.og2.CWHvm_FDC_HW_M,2,20,10,0.0,10000.0,1.0,1.0,0.0,0.0,0.0
feature.Area.og2.CWHvm_FDC_HW_M,3,30,10,0.0,10000.0,1.0,1.0,0.0,0.0,0.0
feature.Area.og2.CWHvm_FDC_HW_M,4,40,10,0.0,10000.0,1.0,1.0,0.0,0.0,0.0
feature.Area.og2.CWHvm_FDC_HW_M,5,50,10,0.0,10000.0,1.0,1.0,0.0,0.0,0.0
feature.Area.og2.CWHvm_FDC_HW_M,6,60,10,0.0,10000.0,1.0,1.0,0.0,0.0,0.0
feature.Area.og2.CWHvm_FDC_HW_M,7,70,10,0.0,10000.0,1.0,1.0,0.0,0.0,0.0
feature.Area.og2.CWHvm_FDC_HW_M,8,80,10,0.0,10000.0,1.0,1.0,0.0,0.0,0.0
feature.Area.og2.CWHvm_FDC_HW_M,9,90,10,0.0,10000.0,1.0,1.0,0.0,0.0,0.0
feature.Area.og2.CWHvm_FDC_HW_M,10,100,10,0.0,10000.0,1.0,1.0,0.0,0.0,0.0
feature.Area.og2.CWHvm_FDC_HW_M,11,110,10,0.0,10000.0,1.0,1.0,0.0,0.0,0.0
feature.Area.og2.CWHvm_FDC_HW_M,12,120,10,0.0,10000.0,1.0,1.0,0.0,0.0,0.0
feature.Area.og2.CWHvm_FDC_HW_M,13,130,10,0.0,10000.0,1.0,1.0,0.0,0.0,0.0
feature.Area.og2.CWHvm_FDC_HW_M,14,140,10,0.0,10000.0,1.0,1.0,0.0,0.0,0.0
feature.Area.og2.CWHvm_FDC_HW_M,15,150,10,0.0,10000.0,1.0,1.0,2.1689999103546143,0.0,0.0
feature.Area.og2.CWHvm_FDC_HW_M,16,160,10,0.0,10000.0,1.0,1.0,2.1689999103546143,0.0,0.0
feature.Area.og2.CWHvm_FDC_HW_M,17,170,10,0.0,10000.0,1.0,1.0,2.1689999103546143,0.0,0.0
feature.Area.og2.CWHvm_FDC_HW_M,18,180,10,0.0,10000.0,1.0,1.0,14.156999588012695,0.0,0.0
feature.Area.og2.CWHvm_FDC_HW_M,19,190,10,0.0,10000.0,1.0,1.0,14.156999588012695,0.0,0.0
feature.Area.og2.CWHvm_FDC_HW_M,20,200,10,0.0,10000.0,1.0,1.0,64.39700317382812,0.0,0.0
feature.Area.og2.CWHvm_FDC_HW_M,21,210,10,0.0,10000.0,1.0,1.0,157.12100219726562,0.0,0.0
feature.Area.og2.CWHvm_FDC_HW_M,22,220,10,0.0,10000.0,1.0,1.0,157.12100219726562,0.0,0.0
feature.Area.og2.CWHvm_FDC_HW_M,23,230,10,0.0,10000.0,1.0,1.0,157.12100219726562,0.0,0.0
feature.Area.og2.CWHvm_FDC_HW_M,24,240,10,0.0,10000.0,1.0,1.0,157.12100219726562,0.0,0.0
feature.Area.og2.CWHvm_FDC_HW_M,25,250,10,0.0,10000.0,1.0,1.0,157.12100219726562,0.0,0.0
feature.Area.og2.CWHvm_FDC_HW_M,26,260,10,0.0,10000.0,1.0,1.0,157.12100219726562,0.0,0.0
feature.Area.og2.CWHvm_FDC_HW_M,27,270,10,0.0,10000.0,1.0,1.0,157.12100219726562,0.0,0.0
feature.Area.og2.CWHvm_FDC_HW_M,28,280,10,0.0,10000.0,1.0,1.0,157.12100219726562,0.0,0.0
feature.Area.og2.CWHvm_FDC_HW_M,29,290,10,0.0,10000.0,1.0,1.0,157.12100219726562,0.0,0.0
feature.Area.og2.CWHvm_FDC_HW_M,30,300,10,0.0,10000.0,1.0,1.0,157.12100219726562,0.0,0.0
feature.Area.og2.CWHvm_HW_BA_M,0,0,10,0.0,10000.0,1.0,1.0,0.0,0.0,0.0
feature.Area.og2.CWHvm_HW_BA_M,1,10,10,0.0,10000.0,1.0,1.0,0.0,0.0,0.0
feature.Area.og2.CWHvm_HW_BA_M,2,20,10,0.0,10000.0,1.0,1.0,0.014999999664723873,0.0,0.0
feature.Area.og2.CWHvm_HW_BA_M,3,30,10,0.0,10000.0,1.0,1.0,0.014999999664723873,0.0,0.0
feature.Area.og2.CWHvm_HW_BA_M,4,40,10,0.0,10000.0,1.0,1.0,0.014999999664723873,0.0,0.0
feature.Area.og2.CWHvm_HW_BA_M,5,50,10,0.0,10000.0,1.0,1.0,0.39800000190734863,0.0,0.0
feature.Area.og2.CWHvm_HW_BA_M,6,60,10,0.0,10000.0,1.0,1.0,0.39800000190734863,0.0,0.0
feature.Area.og2.CWHvm_HW_BA_M,7,70,10,0.0,10000.0,1.0,1.0,0.39800000190734863,0.0,0.0
feature.Area.og2.CWHvm_HW_BA_M,8,80,10,0.0,10000.0,1.0,1.0,0.39800000190734863,0.0,0.0
feature.Area.og2.CWHvm_HW_BA_M,9,90,10,0.0,10000.0,1.0,1.0,0.39800000190734863,0.0,0.0
feature.Area.og2.CWHvm_HW_BA_M,10,100,10,0.0,10000.0,1.0,1.0,0.39800000190734863,0.0,0.0
feature.Area.og2.CWHvm_HW_BA_M,11,110,10,0.0,10000.0,1.0,1.0,0.39800000190734863,0.0,0.0
feature.Area.og2.CWHvm_HW_BA_M,12,120,10,0.0,10000.0,1.0,1.0,0.39800000190734863,0.0,0.0
feature.Area.og2.CWHvm_HW_BA_M,13,130,10,0.0,10000.0,1.0,1.0,0.6940000057220459,0.0,0.0
feature.Area.og2.CWHvm_HW_BA_M,14,140,10,0.0,10000.0,1.0,1.0,0.6940000057220459,0.0,0.0
feature.Area.og2.CWHvm_HW_BA_M,15,150,10,0.0,10000.0,1.0,1.0,18.868000030517578,0.0,0.0
feature.Area.og2.CWHvm_HW_BA_M,16,160,10,0.0,10000.0,1.0,1.0,18.868000030517578,0.0,0.0
feature.Area.og2.CWHvm_HW_BA_M,17,170,10,0.0,10000.0,1.0,1.0,18.868000030517578,0.0,0.0
feature.Area.og2.CWHvm_HW_BA_M,18,180,10,0.0,10000.0,1.0,1.0,18.868000030517578,0.0,0.0
feature.Area.og2.CWHvm_HW_BA_M,19,190,10,0.0,10000.0,1.0,1.0,18.868000030517578,0.0,0.0
feature.Area.og2.CWHvm_HW_BA_M,20,200,10,0.0,10000.0,1.0,1.0,18.868000030517578,0.0,0.0
feature.Area.og2.CWHvm_HW_BA_M,21,210,10,0.0,10000.0,1.0,1.0,18.868000030517578,0.0,0.0
feature.Area.og2.CWHvm_HW_BA_M,22,220,10,0.0,10000.0,1.0,1.0,18.868000030517578,0.0,0.0
feature.Area.og2.CWHvm_HW_BA_M,23,230,10,0.0,10000.0,1.0,1.0,18.868000030517578,0.0,0.0
feature.Area.og2.CWHvm_HW_BA_M,24,240,10,0.0,10000.0,1.0,1.0,18.868000030517578,0.0,0.0
feature.Area.og2.CWHvm_HW_BA_M,25,250,10,0.0,10000.0,1.0,1.0,18.868000030517578,0.0,0.0
feature.Area.og2.CWHvm_HW_BA_M,26,260,10,0.0,10000.0,1.0,1.0,18.868000030517578,0.0,0.0
feature.Area.og2.CWHvm_HW_BA_M,27,270,10,0.0,10000.0,1.0,1.0,18.868000030517578,0.0,0.0
feature.Area.og2.CWHvm_HW_BA_M,28,280,10,0.0,10000.0,1.0,1.0,18.868000030517578,0.0,0.0
feature.Area.og2.CWHvm_HW_BA_M,29,290,10,0.0,10000.0,1.0,1.0,18.868000030517578,0.0,0.0
feature.Area.og2.CWHvm_HW_BA_M,30,300,10,0.0,10000.0,1.0,1.0,18.868000030517578,0.0,0.0
feature.Area.og2.CWHvm_HW_CW_H,0,0,10,0.0,10000.0,1.0,1.0,0.0,0.0,0.0
feature.Area.og2.CWHvm_HW_CW_H,1,10,10,0.0,10000.0,1.0,1.0,0.0,0.0,0.0
feature.Area.og2.CWHvm_HW_CW_H,2,20,10,0.0,10000.0,1.0,1.0,0.0,0.0,0.0
feature.Area.og2.CWHvm_HW_CW_H,3,30,10,0.0,10000.0,1.0,1.0,0.0,0.0,0.0
feature.Area.og2.CWHvm_HW_CW_H,4,40,10,0.0,10000.0,1.0,1.0,0.0,0.0,0.0
feature.Area.og2.CWHvm_HW_CW_H,5,50,10,0.0,10000.0,1.0,1.0,0.0,0.0,0.0
feature.Area.og2.CWHvm_HW_CW_H,6,60,10,0.0,10000.0,1.0,1.0,0.0,0.0,0.0
feature.Area.og2.CWHvm_HW_CW_H,7,70,10,0.0,10000.0,1.0,1.0,0.0,0.0,0.0
feature.Area.og2.CWHvm_HW_CW_H,8,80,10,0.0,10000.0,1.0,1.0,4.271999835968018,0.0,0.0
feature.Area.og2.CWHvm_HW_CW_H,9,90,10,0.0,10000.0,1.0,1.0,4.271999835968018,0.0,0.0
feature.Area.og2.CWHvm_HW_CW_H,10,100,10,0.0,10000.0,1.0,1.0,4.271999835968018,0.0,0.0
feature.Area.og2.CWHvm_HW_CW_H,11,110,10,0.0,10000.0,1.0,1.0,4.271999835968018,0.0,0.0
feature.Area.og2.CWHvm_HW_CW_H,12,120,10,0.0,10000.0,1.0,1.0,4.271999835968018,0.0,0.0
feature.Area.og2.CWHvm_HW_CW_H,13,130,10,0.0,10000.0,1.0,1.0,35.645999908447266,0.0,0.0
feature.Area.og2.CWHvm_HW_CW_H,14,140,10,0.0,10000.0,1.0,1.0,35.645999908447266,0.0,0.0
feature.Area.og2.CWHvm_HW_CW_H,15,150,10,0.0,10000.0,1.0,1.0,36.750999450683594,0.0,0.0
feature.Area.og2.CWHvm_HW_CW_H,16,160,10,0.0,10000.0,1.0,1.0,36.750999450683594,0.0,0.0
feature.Area.og2.CWHvm_HW_CW_H,17,170,10,0.0,10000.0,1.0,1.0,36.750999450683594,0.0,0.0
feature.Area.og2.CWHvm_HW_CW_H,18,180,10,0.0,10000.0,1.0,1.0,36.750999450683594,0.0,0.0
feature.Area.og2.CWHvm_HW_CW_H,19,190,10,0.0,10000.0,1.0,1.0,36.750999450683594,0.0,0.0
feature.Area.og2.CWHvm_HW_CW_H,20,200,10,0.0,10000.0,1.0,1.0,37.4370002746582,0.0,0.0
feature.Area.og2.CWHvm_HW_CW_H,21,210,10,0.0,10000.0,1.0,1.0,37.4370002746582,0.0,0.0
feature.Area.og2.CWHvm_HW_CW_H,22,220,10,0.0,10000.0,1.0,1.0,37.4370002746582,0.0,0.0
feature.Area.og2.CWHvm_HW_CW_H,23,230,10,0.0,10000.0,1.0,1.0,37.4370002746582,0.0,0.0
feature.Area.og2.CWHvm_HW_CW_H,24,240,10,0.0,10000.0,1.0,1.0,37.4370002746582,0.0,0.0
feature.Area.og2.CWHvm_HW_CW_H,25,250,10,0.0,10000.0,1.0,1.0,37.4370002746582,0.0,0.0
feature.Area.og2.CWHvm_HW_CW_H,26,260,10,0.0,10000.0,1.0,1.0,37.4370002746582,0.0,0.0
feature.Area.og2.CWHvm_HW_CW_H,27,270,10,0.0,10000.0,1.0,1.0,37.4370002746582,0.0,0.0
feature.Area.og2.CWHvm_HW_CW_H,28,280,10,0.0,10000.0,1.0,1.0,37.4370002746582,0.0,0.0
feature.Area.og2.CWHvm_HW_CW_H,29,290,10,0.0,10000.0,1.0,1.0,37.4370002746582,0.0,0.0
feature.Area.og2.CWHvm_HW_CW_H,30,300,10,0.0,10000.0,1.0,1.0,37.4370002746582,0.0,0.0
feature.Area.og2.CWHvm_HW_CW_L,0,0,10,0.0,10000.0,1.0,1.0,15.095000267028809,0.0,0.0
feature.Area.og2.CWHvm_HW_CW_L,1,10,10,0.0,10000.0,1.0,1.0,19.509000778198242,0.0,0.0
feature.Area.og2.CWHvm_HW_CW_L,2,20,10,0.0,10000.0,1.0,1.0,38.31700134277344,0.0,0.0
feature.Area.og2.CWHvm_HW_CW_L,3,30,10,0.0,10000.0,1.0,1.0,38.31700134277344,0.0,0.0
feature.Area.og2.CWHvm_HW_CW_L,4,40,10,0.0,10000.0,1.0,1.0,38.31700134277344,0.0,0.0
feature.Area.og2.CWHvm_HW_CW_L,5,50,10,0.0,10000.0,1.0,1.0,38.31700134277344,0.0,0.0
feature.Area.og2.CWHvm_HW_CW_L,6,60,10,0.0,10000.0,1.0,1.0,38.31700134277344,0.0,0.0
feature.Area.og2.CWHvm_HW_CW_L,7,70,10,0.0,10000.0,1.0,1.0,38.31700134277344,0.0,0.0
feature.Area.og2.CWHvm_HW_CW_L,8,80,10,0.0,10000.0,1.0,1.0,38.31700134277344,0.0,0.0
feature.Area.og2.CWHvm_HW_CW_L,9,90,10,0.0,10000.0,1.0,1.0,38.31700134277344,0.0,0.0
feature.Area.og2.CWHvm_HW_CW_L,10,100,10,0.0,10000.0,1.0,1.0,38.31700134277344,0.0,0.0
feature.Area.og2.CWHvm_HW_CW_L,11,110,10,0.0,10000.0,1.0,1.0,38.31700134277344,0.0,0.0
feature.Area.og2.CWHvm_HW_CW_L,12,120,10,0.0,10000.0,1.0,1.0,38.31700134277344,0.0,0.0
feature.Area.og2.CWHvm_HW_CW_L,13,130,10,0.0,10000.0,1.0,1.0,38.31700134277344,0.0,0.0
feature.Area.og2.CWHvm_HW_CW_L,14,140,10,0.0,10000.0,1.0,1.0,38.31700134277344,0.0,0.0
feature.Area.og2.CWHvm_HW_CW_L,15,150,10,0.0,10000.0,1.0,1.0,38.31700134277344,0.0,0.0
feature.Area.og2.CWHvm_HW_CW_L,16,160,10,0.0,10000.0,1.0,1.0,38.31700134277344,0.0,0.0
feature.Area.og2.CWHvm_HW_CW_L,17,170,10,0.0,10000.0,1.0,1.0,41.374000549316406,0.0,0.0
feature.Area.og2.CWHvm_HW_CW_L,18,180,10,0.0,10000.0,1.0,1.0,41.374000549316406,0.0,0.0
feature.Area.og2.CWHvm_HW_CW_L,19,190,10,0.0,10000.0,1.0,1.0,41.374000549316406,0.0,0.0
feature.Area.og2.CWHvm_HW_CW_L,20,200,10,0.0,10000.0,1.0,1.0,41.374000549316406,0.0,0.0
feature.Area.og2.CWHvm_HW_CW_L,21,210,10,0.0,10000.0,1.0,1.0,41.374000549316406,0.0,0.0
feature.Area.og2.CWHvm_HW_CW_L,22,220,10,0.0,10000.0,1.0,1.0,41.374000549316406,0.0,0.0
feature.Area.og2.CWHvm_HW_CW_L,23,230,10,0.0,10000.0,1.0,1.0,41.374000549316406,0.0,0.0
feature.Area.og2.CWHvm_HW_CW_L,24,240,10,0.0,10000.0,1.0,1.0,41.374000549316406,0.0,0.0
feature.Area.og2.CWHvm_HW_CW_L,25,250,10,0.0,10000.0,1.0,1.0,41.374000549316406,0.0,0.0
feature.Area.og2.CWHvm_HW_CW_L,26,260,10,0.0,10000.0,1.0,1.0,41.374000549316406,0.0,0.0
feature.Area.og2.CWHvm_HW_CW_L,27,270,10,0.0,10000.0,1.0,1.0,41.374000549316406,0.0,0.0
feature.Area.og2.CWHvm_HW_CW_L,28,280,10,0.0,10000.0,1.0,1.0,41.374000549316406,0.0,0.0
feature.Area.og2.CWHvm_HW_CW_L,29,290,10,0.0,10000.0,1.0,1.0,41.374000549316406,0.0,0.0
feature.Area.og2.CWHvm_HW_CW_L,30,300,10,0.0,10000.0,1.0,1.0,41.374000549316406,0.0,0.0
feature.Area.og2.CWHvm_HW_CW_M,0,0,10,0.0,10000.0,1.0,1.0,4.366000175476074,0.0,0.0
feature.Area.og2.CWHvm_HW_CW_M,1,10,10,0.0,10000.0,1.0,1.0,0.0,0.0,0.0
feature.Area.og2.CWHvm_HW_CW_M,2,20,10,0.0,10000.0,1.0,1.0,1.6770000457763672,0.0,0.0
feature.Area.og2.CWHvm_HW_CW_M,3,30,10,0.0,10000.0,1.0,1.0,1.6770000457763672,0.0,0.0
feature.Area.og2.CWHvm_HW_CW_M,4,40,10,0.0,10000.0,1.0,1.0,1.6770000457763672,0.0,0.0
feature.Area.og2.CWHvm_HW_CW_M,5,50,10,0.0,10000.0,1.0,1.0,1.6770000457763672,0.0,0.0
feature.Area.og2.CWHvm_HW_CW_M,6,60,10,0.0,10000.0,1.0,1.0,1.6770000457763672,0.0,0.0
feature.Area.og2.CWHvm_HW_CW_M,7,70,10,0.0,10000.0,1.0,1.0,1.6770000457763672,0.0,0.0
feature.Area.og2.CWHvm_HW_CW_M,8,80,10,0.0,10000.0,1.0,1.0,2.7730000019073486,0.0,0.0
feature.Area.og2.CWHvm_HW_CW_M,9,90,10,0.0,10000.0,1.0,1.0,2.7730000019073486,0.0,0.0
feature.Area.og2.CWHvm_HW_CW_M,10,100,10,0.0,10000.0,1.0,1.0,2.7730000019073486,0.0,0.0
feature.Area.og2.CWHvm_HW_CW_M,11,110,10,0.0,10000.0,1.0,1.0,2.7730000019073486,0.0,0.0
feature.Area.og2.CWHvm_HW_CW_M,12,120,10,0.0,10000.0,1.0,1.0,2.7730000019073486,0.0,0.0
feature.Area.og2.CWHvm_HW_CW_M,13,130,10,0.0,10000.0,1.0,1.0,16.02400016784668,0.0,0.0
feature.Area.og2.CWHvm_HW_CW_M,14,140,10,0.0,10000.0,1.0,1.0,16.02400016784668,0.0,0.0
feature.Area.og2.CWHvm_HW_CW_M,15,150,10,0.0,10000.0,1.0,1.0,20.434999465942383,0.0,0.0
feature.Area.og2.CWHvm_HW_CW_M,16,160,10,0.0,10000.0,1.0,1.0,20.434999465942383,0.0,0.0
feature.Area.og2.CWHvm_HW_CW_M,17,170,10,0.0,10000.0,1.0,1.0,20.434999465942383,0.0,0.0
feature.Area.og2.CWHvm_HW_CW_M,18,180,10,0.0,10000.0,1.0,1.0,22.368000030517578,0.0,0.0
feature.Area.og2.CWHvm_HW_CW_M,19,190,10,0.0,10000.0,1.0,1.0,22.368000030517578,0.0,0.0
feature.Area.og2.CWHvm_HW_CW_M,20,200,10,0.0,10000.0,1.0,1.0,24.3799991607666,0.0,0.0
feature.Area.og2.CWHvm_HW_CW_M,21,210,10,0.0,10000.0,1.0,1.0,24.3799991607666,0.0,0.0
feature.Area.og2.CWHvm_HW_CW_M,22,220,10,0.0,10000.0,1.0,1.0,26.33799934387207,0.0,0.0
feature.Area.og2.CWHvm_HW_CW_M,23,230,10,0.0,10000.0,1.0,1.0,26.33799934387207,0.0,0.0
feature.Area.og2.CWHvm_HW_CW_M,24,240,10,0.0,10000.0,1.0,1.0,26.33799934387207,0.0,0.0
feature.Area.og2.CWHvm_HW_CW_M,25,250,10,0.0,10000.0,1.0,1.0,26.33799934387207,0.0,0.0
feature.Area.og2.CWHvm_HW_CW_M,26,260,10,0.0,10000.0,1.0,1.0,26.33799934387207,0.0,0.0
feature.Area.og2.CWHvm_HW_CW_M,27,270,10,0.0,10000.0,1.0,1.0,26.33799934387207,0.0,0.0
feature.Area.og2.CWHvm_HW_CW_M,28,280,10,0.0,10000.0,1.0,1.0,26.33799934387207,0.0,0.0
feature.Area.og2.CWHvm_HW_CW_M,29,290,10,0.0,10000.0,1.0,1.0,26.33799934387207,0.0,0.0
feature.Area.og2.CWHvm_HW_CW_M,30,300,10,0.0,10000.0,1.0,1.0,26.33799934387207,0.0,0.0
feature.Area.og2.CWHvm_HW_FDC_H,0,0,10,0.0,10000.0,1.0,1.0,0.0,0.0,0.0
feature.Area.og2.CWHvm_HW_FDC_H,1,10,10,0.0,10000.0,1.0,1.0,0.0,0.0,0.0
feature.Area.og2.CWHvm_HW_FDC_H,2,20,10,0.0,10000.0,1.0,1.0,0.0,0.0,0.0
feature.Area.og2.CWHvm_HW_FDC_H,3,30,10,0.0,10000.0,1.0,1.0,0.0,0.0,0.0
feature.Area.og2.CWHvm_HW_FDC_H,4,40,10,0.0,10000.0,1.0,1.0,0.0,0.0,0.0
feature.Area.og2.CWHvm_HW_FDC_H,5,50,10,0.0,10000.0,1.0,1.0,0.0,0.0,0.0
feature.Area.og2.CWHvm_HW_FDC_H,6,60,10,0.0,10000.0,1.0,1.0,0.0,0.0,0.0
feature.Area.og2.CWHvm_HW_FDC_H,7,70,10,0.0,10000.0,1.0,1.0,0.0,0.0,0.0
feature.Area.og2.CWHvm_HW_FDC_H,8,80,10,0.0,10000.0,1.0,1.0,0.0,0.0,0.0
feature.Area.og2.CWHvm_HW_FDC_H,9,90,10,0.0,10000.0,1.0,1.0,0.0,0.0,0.0
feature.Area.og2.CWHvm_HW_FDC_H,10,100,10,0.0,10000.0,1.0,1.0,0.0,0.0,0.0
feature.Area.og2.CWHvm_HW_FDC_H,11,110,10,0.0,10000.0,1.0,1.0,0.0,0.0,0.0
feature.Area.og2.CWHvm_HW_FDC_H,12,120,10,0.0,10000.0,1.0,1.0,0.0,0.0,0.0
feature.Area.og2.CWHvm_HW_FDC_H,13,130,10,0.0,10000.0,1.0,1.0,15.192999839782715,0.0,0.0
feature.Area.og2.CWHvm_HW_FDC_H,14,140,10,0.0,10000.0,1.0,1.0,15.192999839782715,0.0,0.0
feature.Area.og2.CWHvm_HW_FDC_H,15,150,10,0.0,10000.0,1.0,1.0,33.91600036621094,0.0,0.0
feature.Area.og2.CWHvm_HW_FDC_H,16,160,10,0.0,10000.0,1.0,1.0,33.91600036621094,0.0,0.0
feature.Area.og2.CWHvm_HW_FDC_H,17,170,10,0.0,10000.0,1.0,1.0,33.91600036621094,0.0,0.0
feature.Area.og2.CWHvm_HW_FDC_H,18,180,10,0.0,10000.0,1.0,1.0,33.91600036621094,0.0,0.0
feature.Area.og2.CWHvm_HW_FDC_H,19,190,10,0.0,10000.0,1.0,1.0,36.21799850463867,0.0,0.0
feature.Area.og2.CWHvm_HW_FDC_H,20,200,10,0.0,10000.0,1.0,1.0,72.46399688720703,0.0,0.0
feature.Area.og2.CWHvm_HW_FDC_H,21,210,10,0.0,10000.0,1.0,1.0,163.76100158691406,0.0,0.0
feature.Area.og2.CWHvm_HW_FDC_H,22,220,10,0.0,10000.0,1.0,1.0,163.76100158691406,0.0,0.0
feature.Area.og2.CWHvm_HW_FDC_H,23,230,10,0.0,10000.0,1.0,1.0,163.76100158691406,0.0,0.0
feature.Area.og2.CWHvm_HW_FDC_H,24,240,10,0.0,10000.0,1.0,1.0,163.76100158691406,0.0,0.0
feature.Area.og2.CWHvm_HW_FDC_H,25,250,10,0.0,10000.0,1.0,1.0,163.76100158691406,0.0,0.0
feature.Area.og2.CWHvm_HW_FDC_H,26,260,10,0.0,10000.0,1.0,1.0,163.76100158691406,0.0,0.0
feature.Area.og2.CWHvm_HW_FDC_H,27,270,10,0.0,10000.0,1.0,1.0,163.76100158691406,0.0,0.0
feature.Area.og2.CWHvm_HW_FDC_H,28,280,10,0.0,10000.0,1.0,1.0,163.76100158691406,0.0,0.0
feature.Area.og2.CWHvm_HW_FDC_H,29,290,10,0.0,10000.0,1.0,1.0,163.76100158691406,0.0,0.0
feature.Area.og2.CWHvm_HW_FDC_H,30,300,10,0.0,10000.0,1.0,1.0,163.76100158691406,0.0,0.0
feature.Area.og2.CWHvm_HW_FDC_L,0,0,10,0.0,10000.0,1.0,1.0,0.0,0.0,0.0
feature.Area.og2.CWHvm_HW_FDC_L,1,10,10,0.0,10000.0,1.0,1.0,0.0,0.0,0.0
feature.Area.og2.CWHvm_HW_FDC_L,2,20,10,0.0,10000.0,1.0,1.0,3.890000104904175,0.0,0.0
feature.Area.og2.CWHvm_HW_FDC_L,3,30,10,0.0,10000.0,1.0,1.0,3.890000104904175,0.0,0.0
feature.Area.og2.CWHvm_HW_FDC_L,4,40,10,0.0,10000.0,1.0,1.0,3.890000104904175,0.0,0.0
feature.Area.og2.CWHvm_HW_FDC_L,5,50,10,0.0,10000.0,1.0,1.0,3.890000104904175,0.0,0.0
feature.Area.og2.CWHvm_HW_FDC_L,6,60,10,0.0,10000.0,1.0,1.0,3.890000104904175,0.0,0.0
feature.Area.og2.CWHvm_HW_FDC_L,7,70,10,0.0,10000.0,1.0,1.0,3.890000104904175,0.0,0.0
feature.Area.og2.CWHvm_HW_FDC_L,8,80,10,0.0,10000.0,1.0,1.0,3.890000104904175,0.0,0.0
feature.Area.og2.CWHvm_HW_FDC_L,9,90,10,0.0,10000.0,1.0,1.0,3.890000104904175,0.0,0.0
feature.Area.og2.CWHvm_HW_FDC_L,10,100,10,0.0,10000.0,1.0,1.0,10.293000221252441,0.0,0.0
feature.Area.og2.CWHvm_HW_FDC_L,11,110,10,0.0,10000.0,1.0,1.0,10.293000221252441,0.0,0.0
feature.Area.og2.CWHvm_HW_FDC_L,12,120,10,0.0,10000.0,1.0,1.0,10.293000221252441,0.0,0.0
feature.Area.og2.CWHvm_HW_FDC_L,13,130,10,0.0,10000.0,1.0,1.0,47.22999954223633,0.0,0.0
feature.Area.og2.CWHvm_HW_FDC_L,14,140,10,0.0,10000.0,1.0,1.0,47.22999954223633,0.0,0.0
feature.Area.og2.CWHvm_HW_FDC_L,15,150,10,0.0,10000.0,1.0,1.0,53.632999420166016,0.0,0.0
feature.Area.og2.CWHvm_HW_FDC_L,16,160,10,0.0,10000.0,1.0,1.0,53.632999420166016,0.0,0.0
feature.Area.og2.CWHvm_HW_FDC_L,17,170,10,0.0,10000.0,1.0,1.0,53.632999420166016,0.0,0.0
feature.Area.og2.CWHvm_HW_FDC_L,18,180,10,0.0,10000.0,1.0,1.0,54.46099853515625,0.0,0.0
feature.Area.og2.CWHvm_HW_FDC_L,19,190,10,0.0,10000.0,1.0,1.0,54.57400131225586,0.0,0.0
feature.Area.og2.CWHvm_HW_FDC_L,20,200,10,0.0,10000.0,1.0,1.0,89.53900146484375,0.0,0.0
feature.Area.og2.CWHvm_HW_FDC_L,21,210,10,0.0,10000.0,1.0,1.0,91.99800109863281,0.0,0.0
feature.Area.og2.CWHvm_HW_FDC_L,22,220,10,0.0,10000.0,1.0,1.0,91.99800109863281,0.0,0.0
feature.Area.og2.CWHvm_HW_FDC_L,23,230,10,0.0,10000.0,1.0,1.0,91.99800109863281,0.0,0.0
feature.Area.og2.CWHvm_HW_FDC_L,24,240,10,0.0,10000.0,1.0,1.0,91.99800109863281,0.0,0.0
feature.Area.og2.CWHvm_HW_FDC_L,25,250,10,0.0,10000.0,1.0,1.0,91.99800109863281,0.0,0.0
feature.Area.og2.CWHvm_HW_FDC_L,26,260,10,0.0,10000.0,1.0,1.0,91.99800109863281,0.0,0.0
feature.Area.og2.CWHvm_HW_FDC_L,27,270,10,0.0,10000.0,1.0,1.0,91.99800109863281,0.0,0.0
feature.Area.og2.CWHvm_HW_FDC_L,28,280,10,0.0,10000.0,1.0,1.0,91.99800109863281,0.0,0.0
feature.Area.og2.CWHvm_HW_FDC_L,29,290,10,0.0,10000.0,1.0,1.0,91.99800109863281,0.0,0.0
feature.Area.og2.CWHvm_HW_FDC_L,30,300,10,0.0,10000.0,1.0,1.0,91.99800109863281,0.0,0.0
feature.Area.og2.CWHvm_HW_SS_M,0,0,10,0.0,10000.0,1.0,1.0,0.0,0.0,0.0
feature.Area.og2.CWHvm_HW_SS_M,1,10,10,0.0,10000.0,1.0,1.0,0.0,0.0,0.0
feature.Area.og2.CWHvm_HW_SS_M,2,20,10,0.0,10000.0,1.0,1.0,0.0,0.0,0.0
feature.Area.og2.CWHvm_HW_SS_M,3,30,10,0.0,10000.0,1.0,1.0,0.0,0.0,0.0
feature.Area.og2.CWHvm_HW_SS_M,4,40,10,0.0,10000.0,1.0,1.0,0.0,0.0,0.0
feature.Area.og2.CWHvm_HW_SS_M,5,50,10,0.0,10000.0,1.0,1.0,0.0,0.0,0.0
feature.Area.og2.CWHvm_HW_SS_M,6,60,10,0.0,10000.0,1.0,1.0,0.0,0.0,0.0
feature.Area.og2.CWHvm_HW_SS_M,7,70,10,0.0,10000.0,1.0,1.0,0.0,0.0,0.0
feature.Area.og2.CWHvm_HW_SS_M,8,80,10,0.0,10000.0,1.0,1.0,0.0,0.0,0.0
feature.Area.og2.CWHvm_HW_SS_M,9,90,10,0.0,10000.0,1.0,1.0,0.0,0.0,0.0
feature.Area.og2.CWHvm_HW_SS_M,10,100,10,0.0,10000.0,1.0,1.0,0.0,0.0,0.0
feature.Area.og2.CWHvm_HW_SS_M,11,110,10,0.0,10000.0,1.0,1.0,0.0,0.0,0.0
feature.Area.og2.CWHvm_HW_SS_M,12,120,10,0.0,10000.0,1.0,1.0,0.0,0.0,0.0
feature.Area.og2.CWHvm_HW_SS_M,13,130,10,0.0,10000.0,1.0,1.0,0.0,0.0,0.0
feature.Area.og2.CWHvm_HW_SS_M,14,140,10,0.0,10000.0,1.0,1.0,0.0,0.0,0.0
feature.Area.og2.CWHvm_HW_SS_M,15,150,10,0.0,10000.0,1.0,1.0,0.0,0.0,0.0
feature.Area.og2.CWHvm_HW_SS_M,16,160,10,0.0,10000.0,1.0,1.0,0.0,0.0,0.0
feature.Area.og2.CWHvm_HW_SS_M,17,170,10,0.0,10000.0,1.0,1.0,0.0,0.0,0.0
feature.Area.og2.CWHvm_HW_SS_M,18,180,10,0.0,10000.0,1.0,1.0,0.0,0.0,0.0
feature.Area.og2.CWHvm_HW_SS_M,19,190,10,0.0,10000.0,1.0,1.0,4.995999813079834,0.0,0.0
feature.Area.og2.CWHvm_HW_SS_M,20,200,10,0.0,10000.0,1.0,1.0,4.995999813079834,0.0,0.0
feature.Area.og2.CWHvm_HW_SS_M,21,210,10,0.0,10000.0,1.0,1.0,5.5960001945495605,0.0,0.0
feature.Area.og2.CWHvm_HW_SS_M,22,220,10,0.0,10000.0,1.0,1.0,5.5960001945495605,0.0,0.0
feature.Area.og2.CWHvm_HW_SS_M,23,230,10,0.0,10000.0,1.0,1.0,5.5960001945495605,0.0,0.0
feature.Area.og2.CWHvm_HW_SS_M,24,240,10,0.0,10000.0,1.0,1.0,5.5960001945495605,0.0,0.0
feature.Area.og2.CWHvm_HW_SS_M,25,250,10,0.0,10000.0,1.0,1.0,5.5960001945495605,0.0,0.0
feature.Area.og2.CWHvm_HW_SS_M,26,260,10,0.0,10000.0,1.0,1.0,5.5960001945495605,0.0,0.0
feature.Area.og2.CWHvm_HW_SS_M,27,270,10,0.0,10000.0,1.0,1.0,5.5960001945495605,0.0,0.0
feature.Area.og2.CWHvm_HW_SS_M,28,280,10,0.0,10000.0,1.0,1.0,5.5960001945495605,0.0,0.0
feature.Area.og2.CWHvm_HW_SS_M,29,290,10,0.0,10000.0,1.0,1.0,5.5960001945495605,0.0,0.0
feature.Area.og2.CWHvm_HW_SS_M,30,300,10,0.0,10000.0,1.0,1.0,5.5960001945495605,0.0,0.0
feature.Area.og2.total,0,0,10,32.5,10000.0,1.0,1.0,250.70700073242188,0.0,0.0
feature.Area.og2.total,1,10,10,32.5,10000.0,1.0,1.0,233.0590057373047,0.0,0.0
feature.Area.og2.total,2,20,10,32.5,10000.0,1.0,1.0,283.85198974609375,0.0,0.0
feature.Area.og2.total,3,30,10,32.5,10000.0,1.0,1.0,283.85198974609375,0.0,0.0
feature.Area.og2.total,4,40,10,32.5,10000.0,1.0,1.0,281.70599365234375,0.0,0.0
feature.Area.og2.total,5,50,10,32.5,10000.0,1.0,1.0,282.0889892578125,0.0,0.0
feature.Area.og2.total,6,60,10,32.5,10000.0,1.0,1.0,291.6210021972656,0.0,0.0
feature.Area.og2.total,7,70,10,32.5,10000.0,1.0,1.0,291.6210021972656,0.0,0.0
feature.Area.og2.total,8,80,10,32.5,10000.0,1.0,1.0,300.3489990234375,0.0,0.0
feature.Area.og2.total,9,90,10,32.5,10000.0,1.0,1.0,300.3489990234375,0.0,0.0
feature.Area.og2.total,10,100,10,32.5,10000.0,1.0,1.0,306.75201416015625,0.0,0.0
feature.Area.og2.total,11,110,10,32.5,10000.0,1.0,1.0,306.75201416015625,0.0,0.0
feature.Area.og2.total,12,120,10,32.5,10000.0,1.0,1.0,306.75201416015625,0.0,0.0
feature.Area.og2.total,13,130,10,32.5,10000.0,1.0,1.0,416.5379943847656,0.0,0.0
feature.Area.og2.total,14,140,10,32.5,10000.0,1.0,1.0,416.5379943847656,0.0,0.0
feature.Area.og2.total,15,150,10,32.5,10000.0,1.0,1.0,467.52301025390625,0.0,0.0
feature.Area.og2.total,16,160,10,32.5,10000.0,1.0,1.0,467.52301025390625,0.0,0.0
feature.Area.og2.total,17,170,10,32.5,10000.0,1.0,1.0,470.5799865722656,0.0,0.0
feature.Area.og2.total,18,180,10,32.5,10000.0,1.0,1.0,485.3290100097656,0.0,0.0
feature.Area.og2.total,19,190,10,32.5,10000.0,1.0,1.0,492.7449951171875,0.0,0.0
feature.Area.og2.total,20,200,10,32.5,10000.0,1.0,1.0,717.343994140625,0.0,0.0
feature.Area.og2.total,21,210,10,32.5,10000.0,1.0,1.0,999.1619873046875,0.0,0.0
feature.Area.og2.total,22,220,10,32.5,10000.0,1.0,1.0,1001.1199951171875,0.0,0.0
feature.Area.og2.total,23,230,10,32.5,10000.0,1.0,1.0,1001.1199951171875,0.0,0.0
feature.Area.og2.total,24,240,10,32.5,10000.0,1.0,1.0,1001.1199951171875,0.0,0.0
feature.Area.og2.total,25,250,10,32.5,10000.0,1.0,1.0,1001.1199951171875,0.0,0.0
feature.Area.og2.total,26,260,10,32.5,10000.0,1.0,1.0,1001.1199951171875,0.0,0.0
feature.Area.og2.total,27,270,10,32.5,10000.0,1.0,1.0,1001.1199951171875,0.0,0.0
feature.Area.og2.total,28,280,10,32.5,10000.0,1.0,1.0,1001.1199951171875,0.0,0.0
feature.Area.og2.total,29,290,10,32.5,10000.0,1.0,1.0,1001.1199951171875,0.0,0.0
feature.Area.og2.total,30,300,10,32.5,10000.0,1.0,1.0,1001.1199951171875,0.0,0.0
feature.Area.managed,0,0,10,0.0,10000.0,1.0,1.0,1401.4189453125,0.0,0.0
feature.Area.managed,1,10,10,0.0,10000.0,1.0,1.0,1401.4189453125,0.0,0.0
feature.Area.managed,2,20,10,0.0,10000.0,1.0,1.0,1401.4189453125,0.0,0.0
feature.Area.managed,3,30,10,0.0,10000.0,1.0,1.0,1401.4189453125,0.0,0.0
feature.Area.managed,4,40,10,0.0,10000.0,1.0,1.0,1401.4189453125,0.0,0.0
feature.Area.managed,5,50,10,0.0,10000.0,1.0,1.0,1401.4189453125,0.0,0.0
feature.Area.managed,6,60,10,0.0,10000.0,1.0,1.0,1401.4189453125,0.0,0.0
feature.Area.managed,7,70,10,0.0,10000.0,1.0,1.0,1401.4189453125,0.0,0.0
feature.Area.managed,8,80,10,0.0,10000.0,1.0,1.0,1401.4189453125,0.0,0.0
feature.Area.managed,9,90,10,0.0,10000.0,1.0,1.0,1401.4189453125,0.0,0.0
feature.Area.managed,10,100,10,0.0,10000.0,1.0,1.0,1401.4189453125,0.0,0.0
feature.Area.managed,11,110,10,0.0,10000.0,1.0,1.0,1401.4189453125,0.0,0.0
feature.Area.managed,12,120,10,0.0,10000.0,1.0,1.0,1401.4189453125,0.0,0.0
feature.Area.managed,13,130,10,0.0,10000.0,1.0,1.0,1401.4189453125,0.0,0.0
feature.Area.managed,14,140,10,0.0,10000.0,1.0,1.0,1401.4189453125,0.0,0.0
feature.Area.managed,15,150,10,0.0,10000.0,1.0,1.0,1401.4189453125,0.0,0.0
feature.Area.managed,16,160,10,0.0,10000.0,1.0,1.0,1401.4189453125,0.0,0.0
feature.Area.managed,17,170,10,0.0,10000.0,1.0,1.0,1401.4189453125,0.0,0.0
feature.Area.managed,18,180,10,0.0,10000.0,1.0,1.0,1401.4189453125,0.0,0.0
feature.Area.managed,19,190,10,0.0,10000.0,1.0,1.0,1401.4189453125,0.0,0.0
feature.Area.managed,20,200,10,0.0,10000.0,1.0,1.0,1401.4189453125,0.0,0.0
feature.Area.managed,21,210,10,0.0,10000.0,1.0,1.0,1401.4189453125,0.0,0.0
feature.Area.managed,22,220,10,0.0,10000.0,1.0,1.0,1401.4189453125,0.0,0.0
feature.Area.managed,23,230,10,0.0,10000.0,1.0,1.0,1401.4189453125,0.0,0.0
feature.Area.managed,24,240,10,0.0,10000.0,1.0,1.0,1401.4189453125,0.0,0.0
feature.Area.managed,25,250,10,0.0,10000.0,1.0,1.0,1401.4189453125,0.0,0.0
feature.Area.managed,26,260,10,0.0,10000.0,1.0,1.0,1401.4189453125,0.0,0.0
feature.Area.managed,27,270,10,0.0,10000.0,1.0,1.0,1401.4189453125,0.0,0.0
feature.Area.managed,28,280,10,0.0,10000.0,1.0,1.0,1401.4189453125,0.0,0.0
feature.Area.managed,29,290,10,0.0,10000.0,1.0,1.0,1401.4189453125,0.0,0.0
feature.Area.managed,30,300,10,0.0,10000.0,1.0,1.0,1401.4189453125,0.0,0.0
feature.Area.unmanaged,0,0,10,0.0,10000.0,1.0,1.0,379.8999938964844,0.0,0.0
feature.Area.unmanaged,1,10,10,0.0,10000.0,1.0,1.0,379.8999938964844,0.0,0.0
feature.Area.unmanaged,2,20,10,0.0,10000.0,1.0,1.0,379.8999938964844,0.0,0.0
feature.Area.unmanaged,3,30,10,0.0,10000.0,1.0,1.0,379.8999938964844,0.0,0.0
feature.Area.unmanaged,4,40,10,0.0,10000.0,1.0,1.0,379.8999938964844,0.0,0.0
feature.Area.unmanaged,5,50,10,0.0,10000.0,1.0,1.0,379.8999938964844,0.0,0.0
feature.Area.unmanaged,6,60,10,0.0,10000.0,1.0,1.0,379.8999938964844,0.0,0.0
feature.Area.unmanaged,7,70,10,0.0,10000.0,1.0,1.0,379.8999938964844,0.0,0.0
feature.Area.unmanaged,8,80,10,0.0,10000.0,1.0,1.0,379.8999938964844,0.0,0.0
feature.Area.unmanaged,9,90,10,0.0,10000.0,1.0,1.0,379.8999938964844,0.0,0.0
feature.Area.unmanaged,10,100,10,0.0,10000.0,1.0,1.0,379.8999938964844,0.0,0.0
feature.Area.unmanaged,11,110,10,0.0,10000.0,1.0,1.0,379.8999938964844,0.0,0.0
feature.Area.unmanaged,12,120,10,0.0,10000.0,1.0,1.0,379.8999938964844,0.0,0.0
feature.Area.unmanaged,13,130,10,0.0,10000.0,1.0,1.0,379.8999938964844,0.0,0.0
feature.Area.unmanaged,14,140,10,0.0,10000.0,1.0,1.0,379.8999938964844,0.0,0.0
feature.Area.unmanaged,15,150,10,0.0,10000.0,1.0,1.0,379.8999938964844,0.0,0.0
feature.Area.unmanaged,16,160,10,0.0,10000.0,1.0,1.0,379.8999938964844,0.0,0.0
feature.Area.unmanaged,17,170,10,0.0,10000.0,1.0,1.0,379.8999938964844,0.0,0.0
feature.Area.unmanaged,18,180,10,0.0,10000.0,1.0,1.0,379.8999938964844,0.0,0.0
feature.Area.unmanaged,19,190,10,0.0,10000.0,1.0,1.0,379.8999938964844,0.0,0.0
feature.Area.unmanaged,20,200,10,0.0,10000.0,1.0,1.0,379.8999938964844,0.0,0.0
feature.Area.unmanaged,21,210,10,0.0,10000.0,1.0,1.0,379.8999938964844,0.0,0.0
feature.Area.unmanaged,22,220,10,0.0,10000.0,1.0,1.0,379.8999938964844,0.0,0.0
feature.Area.unmanaged,23,230,10,0.0,10000.0,1.0,1.0,379.8999938964844,0.0,0.0
feature.Area.unmanaged,24,240,10,0.0,10000.0,1.0,1.0,379.8999938964844,0.0,0.0
feature.Area.unmanaged,25,250,10,0.0,10000.0,1.0,1.0,379.8999938964844,0.0,0.0
feature.Area.unmanaged,26,260,10,0.0,10000.0,1.0,1.0,379.8999938964844,0.0,0.0
feature.Area.unmanaged,27,270,10,0.0,10000.0,1.0,1.0,379.8999938964844,0.0,0.0
feature.Area.unmanaged,28,280,10,0.0,10000.0,1.0,1.0,379.8999938964844,0.0,0.0
feature.Area.unmanaged,29,290,10,0.0,10000.0,1.0,1.0,379.8999938964844,0.0,0.0
feature.Area.unmanaged,30,300,10,0.0,10000.0,1.0,1.0,379.8999938964844,0.0,0.0
feature.Height.managed.CWHvm_CW_HW_M,0,0,10,0.0,10000.0,1.0,1.0,18.697999954223633,0.0,0.0
feature.Height.managed.CWHvm_CW_HW_M,1,10,10,0.0,10000.0,1.0,1.0,15.128000259399414,0.0,0.0
feature.Height.managed.CWHvm_CW_HW_M,2,20,10,0.0,10000.0,1.0,1.0,16.538999557495117,0.0,0.0
feature.Height.managed.CWHvm_CW_HW_M,3,30,10,0.0,10000.0,1.0,1.0,18.68000030517578,0.0,0.0
feature.Height.managed.CWHvm_CW_HW_M,4,40,10,0.0,10000.0,1.0,1.0,20.018999099731445,0.0,0.0
feature.Height.managed.CWHvm_CW_HW_M,5,50,10,0.0,10000.0,1.0,1.0,17.64900016784668,0.0,0.0
feature.Height.managed.CWHvm_CW_HW_M,6,60,10,0.0,10000.0,1.0,1.0,19.461999893188477,0.0,0.0
feature.Height.managed.CWHvm_CW_HW_M,7,70,10,0.0,10000.0,1.0,1.0,21.2450008392334,0.0,0.0
feature.Height.managed.CWHvm_CW_HW_M,8,80,10,0.0,10000.0,1.0,1.0,22.94099998474121,0.0,0.0
feature.Height.managed.CWHvm_CW_HW_M,9,90,10,0.0,10000.0,1.0,1.0,24.47100067138672,0.0,0.0
feature.Height.managed.CWHvm_CW_HW_M,10,100,10,0.0,10000.0,1.0,1.0,23.93400001525879,0.0,0.0
feature.Height.managed.CWHvm_CW_HW_M,11,110,10,0.0,10000.0,1.0,1.0,10.432000160217285,0.0,0.0
feature.Height.managed.CWHvm_CW_HW_M,12,120,10,0.0,10000.0,1.0,1.0,12.633000373840332,0.0,0.0
feature.Height.managed.CWHvm_CW_HW_M,13,130,10,0.0,10000.0,1.0,1.0,13.256999969482422,0.0,0.0
feature.Height.managed.CWHvm_CW_HW_M,14,140,10,0.0,10000.0,1.0,1.0,13.597000122070312,0.0,0.0
feature.Height.managed.CWHvm_CW_HW_M,15,150,10,0.0,10000.0,1.0,1.0,13.607000350952148,0.0,0.0
feature.Height.managed.CWHvm_CW_HW_M,16,160,10,0.0,10000.0,1.0,1.0,15.527000427246094,0.0,0.0
feature.Height.managed.CWHvm_CW_HW_M,17,170,10,0.0,10000.0,1.0,1.0,13.027000427246094,0.0,0.0
feature.Height.managed.CWHvm_CW_HW_M,18,180,10,0.0,10000.0,1.0,1.0,15.317000389099121,0.0,0.0
feature.Height.managed.CWHvm_CW_HW_M,19,190,10,0.0,10000.0,1.0,1.0,17.545000076293945,0.0,0.0
feature.Height.managed.CWHvm_CW_HW_M,20,200,10,0.0,10000.0,1.0,1.0,19.635000228881836,0.0,0.0
feature.Height.managed.CWHvm_CW_HW_M,21,210,10,0.0,10000.0,1.0,1.0,21.499000549316406,0.0,0.0
feature.Height.managed.CWHvm_CW_HW_M,22,220,10,0.0,10000.0,1.0,1.0,23.163999557495117,0.0,0.0
feature.Height.managed.CWHvm_CW_HW_M,23,230,10,0.0,10000.0,1.0,1.0,24.66200065612793,0.0,0.0
feature.Height.managed.CWHvm_CW_HW_M,24,240,10,0.0,10000.0,1.0,1.0,25.988000869750977,0.0,0.0
feature.Height.managed.CWHvm_CW_HW_M,25,250,10,0.0,10000.0,1.0,1.0,16.142000198364258,0.0,0.0
feature.Height.managed.CWHvm_CW_HW_M,26,260,10,0.0,10000.0,1.0,1.0,11.48900032043457,0.0,0.0
feature.Height.managed.CWHvm_CW_HW_M,27,270,10,0.0,10000.0,1.0,1.0,12.253000259399414,0.0,0.0
feature.Height.managed.CWHvm_CW_HW_M,28,280,10,0.0,10000.0,1.0,1.0,8.156000137329102,0.0,0.0
feature.Height.managed.CWHvm_CW_HW_M,29,290,10,0.0,10000.0,1.0,1.0,9.711999893188477,0.0,0.0
feature.Height.managed.CWHvm_CW_HW_M,30,300,10,0.0,10000.0,1.0,1.0,9.75100040435791,0.0,0.0
feature.Height.managed.CWHvm_DR_HW_M,0,0,10,0.0,10000.0,1.0,1.0,23.472999572753906,0.0,0.0
feature.Height.managed.CWHvm_DR_HW_M,1,10,10,0.0,10000.0,1.0,1.0,26.93199920654297,0.0,0.0
feature.Height.managed.CWHvm_DR_HW_M,2,20,10,0.0,10000.0,1.0,1.0,27.47800064086914,0.0,0.0
feature.Height.managed.CWHvm_DR_HW_M,3,30,10,0.0,10000.0,1.0,1.0,30.049999237060547,0.0,0.0
feature.Height.managed.CWHvm_DR_HW_M,4,40,10,0.0,10000.0,1.0,1.0,30.177000045776367,0.0,0.0
feature.Height.managed.CWHvm_DR_HW_M,5,50,10,0.0,10000.0,1.0,1.0,22.426000595092773,0.0,0.0
feature.Height.managed.CWHvm_DR_HW_M,6,60,10,0.0,10000.0,1.0,1.0,20.363000869750977,0.0,0.0
feature.Height.managed.CWHvm_DR_HW_M,7,70,10,0.0,10000.0,1.0,1.0,24.104000091552734,0.0,0.0
feature.Height.managed.CWHvm_DR_HW_M,8,80,10,0.0,10000.0,1.0,1.0,17.49799919128418,0.0,0.0
feature.Height.managed.CWHvm_DR_HW_M,9,90,10,0.0,10000.0,1.0,1.0,21.767000198364258,0.0,0.0
feature.Height.managed.CWHvm_DR_HW_M,10,100,10,0.0,10000.0,1.0,1.0,25.60700035095215,0.0,0.0
feature.Height.managed.CWHvm_DR_HW_M,11,110,10,0.0,10000.0,1.0,1.0,28.858999252319336,0.0,0.0
feature.Height.managed.CWHvm_DR_HW_M,12,120,10,0.0,10000.0,1.0,1.0,27.81599998474121,0.0,0.0
feature.Height.managed.CWHvm_DR_HW_M,13,130,10,0.0,10000.0,1.0,1.0,25.881000518798828,0.0,0.0
feature.Height.managed.CWHvm_DR_HW_M,14,140,10,0.0,10000.0,1.0,1.0,28.643999099731445,0.0,0.0
feature.Height.managed.CWHvm_DR_HW_M,15,150,10,0.0,10000.0,1.0,1.0,31.474000930786133,0.0,0.0
feature.Height.managed.CWHvm_DR_HW_M,16,160,10,0.0,10000.0,1.0,1.0,22.527000427246094,0.0,0.0
feature.Height.managed.CWHvm_DR_HW_M,17,170,10,0.0,10000.0,1.0,1.0,24.79199981689453,0.0,0.0
feature.Height.managed.CWHvm_DR_HW_M,18,180,10,0.0,10000.0,1.0,1.0,28.125999450683594,0.0,0.0
feature.Height.managed.CWHvm_DR_HW_M,19,190,10,0.0,10000.0,1.0,1.0,31.143999099731445,0.0,0.0
feature.Height.managed.CWHvm_DR_HW_M,20,200,10,0.0,10000.0,1.0,1.0,22.165000915527344,0.0,0.0
feature.Height.managed.CWHvm_DR_HW_M,21,210,10,0.0,10000.0,1.0,1.0,23.121000289916992,0.0,0.0
feature.Height.managed.CWHvm_DR_HW_M,22,220,10,0.0,10000.0,1.0,1.0,22.115999221801758,0.0,0.0
feature.Height.managed.CWHvm_DR_HW_M,23,230,10,0.0,10000.0,1.0,1.0,25.743000030517578,0.0,0.0
feature.Height.managed.CWHvm_DR_HW_M,24,240,10,0.0,10000.0,1.0,1.0,29.059999465942383,0.0,0.0
feature.Height.managed.CWHvm_DR_HW_M,25,250,10,0.0,10000.0,1.0,1.0,30.121999740600586,0.0,0.0
feature.Height.managed.CWHvm_DR_HW_M,26,260,10,0.0,10000.0,1.0,1.0,28.0310001373291,0.0,0.0
feature.Height.managed.CWHvm_DR_HW_M,27,270,10,0.0,10000.0,1.0,1.0,15.548999786376953,0.0,0.0
feature.Height.managed.CWHvm_DR_HW_M,28,280,10,0.0,10000.0,1.0,1.0,17.45800018310547,0.0,0.0
feature.Height.managed.CWHvm_DR_HW_M,29,290,10,0.0,10000.0,1.0,1.0,21.766000747680664,0.0,0.0
feature.Height.managed.CWHvm_DR_HW_M,30,300,10,0.0,10000.0,1.0,1.0,18.558000564575195,0.0,0.0
feature.Height.managed.CWHvm_FDC_HW_H,0,0,10,0.0,10000.0,1.0,1.0,34.21500015258789,0.0,0.0
feature.Height.managed.CWHvm_FDC_HW_H,1,10,10,0.0,10000.0,1.0,1.0,34.18000030517578,0.0,0.0
feature.Height.managed.CWHvm_FDC_HW_H,2,20,10,0.0,10000.0,1.0,1.0,32.744998931884766,0.0,0.0
feature.Height.managed.CWHvm_FDC_HW_H,3,30,10,0.0,10000.0,1.0,1.0,30.124000549316406,0.0,0.0
feature.Height.managed.CWHvm_FDC_HW_H,4,40,10,0.0,10000.0,1.0,1.0,30.479999542236328,0.0,0.0
feature.Height.managed.CWHvm_FDC_HW_H,5,50,10,0.0,10000.0,1.0,1.0,35.55799865722656,0.0,0.0
feature.Height.managed.CWHvm_FDC_HW_H,6,60,10,0.0,10000.0,1.0,1.0,38.10900115966797,0.0,0.0
feature.Height.managed.CWHvm_FDC_HW_H,7,70,10,0.0,10000.0,1.0,1.0,31.01799964904785,0.0,0.0
feature.Height.managed.CWHvm_FDC_HW_H,8,80,10,0.0,10000.0,1.0,1.0,32.3489990234375,0.0,0.0
feature.Height.managed.CWHvm_FDC_HW_H,9,90,10,0.0,10000.0,1.0,1.0,28.402999877929688,0.0,0.0
feature.Height.managed.CWHvm_FDC_HW_H,10,100,10,0.0,10000.0,1.0,1.0,31.360000610351562,0.0,0.0
feature.Height.managed.CWHvm_FDC_HW_H,11,110,10,0.0,10000.0,1.0,1.0,33.09400177001953,0.0,0.0
feature.Height.managed.CWHvm_FDC_HW_H,12,120,10,0.0,10000.0,1.0,1.0,32.97100067138672,0.0,0.0
feature.Height.managed.CWHvm_FDC_HW_H,13,130,10,0.0,10000.0,1.0,1.0,37.29499816894531,0.0,0.0
feature.Height.managed.CWHvm_FDC_HW_H,14,140,10,0.0,10000.0,1.0,1.0,31.559999465942383,0.0,0.0
feature.Height.managed.CWHvm_FDC_HW_H,15,150,10,0.0,10000.0,1.0,1.0,28.440000534057617,0.0,0.0
feature.Height.managed.CWHvm_FDC_HW_H,16,160,10,0.0,10000.0,1.0,1.0,31.81100082397461,0.0,0.0
feature.Height.managed.CWHvm_FDC_HW_H,17,170,10,0.0,10000.0,1.0,1.0,31.9689998626709,0.0,0.0
feature.Height.managed.CWHvm_FDC_HW_H,18,180,10,0.0,10000.0,1.0,1.0,35.08000183105469,0.0,0.0
feature.Height.managed.CWHvm_FDC_HW_H,19,190,10,0.0,10000.0,1.0,1.0,36.34600067138672,0.0,0.0
feature.Height.managed.CWHvm_FDC_HW_H,20,200,10,0.0,10000.0,1.0,1.0,40.47600173950195,0.0,0.0
feature.Height.managed.CWHvm_FDC_HW_H,21,210,10,0.0,10000.0,1.0,1.0,34.768001556396484,0.0,0.0
feature.Height.managed.CWHvm_FDC_HW_H,22,220,10,0.0,10000.0,1.0,1.0,28.416000366210938,0.0,0.0
feature.Height.managed.CWHvm_FDC_HW_H,23,230,10,0.0,10000.0,1.0,1.0,32.91999816894531,0.0,0.0
feature.Height.managed.CWHvm_FDC_HW_H,24,240,10,0.0,10000.0,1.0,1.0,29.708999633789062,0.0,0.0
feature.Height.managed.CWHvm_FDC_HW_H,25,250,10,0.0,10000.0,1.0,1.0,34.81700134277344,0.0,0.0
feature.Height.managed.CWHvm_FDC_HW_H,26,260,10,0.0,10000.0,1.0,1.0,36.58000183105469,0.0,0.0
feature.Height.managed.CWHvm_FDC_HW_H,27,270,10,0.0,10000.0,1.0,1.0,33.94300079345703,0.0,0.0
feature.Height.managed.CWHvm_FDC_HW_H,28,280,10,0.0,10000.0,1.0,1.0,37.70500183105469,0.0,0.0
feature.Height.managed.CWHvm_FDC_HW_H,29,290,10,0.0,10000.0,1.0,1.0,37.375999450683594,0.0,0.0
feature.Height.managed.CWHvm_FDC_HW_H,30,300,10,0.0,10000.0,1.0,1.0,35.33700180053711,0.0,0.0
feature.Height.managed.CWHvm_FDC_HW_L,0,0,10,0.0,10000.0,1.0,1.0,28.417999267578125,0.0,0.0
feature.Height.managed.CWHvm_FDC_HW_L,1,10,10,0.0,10000.0,1.0,1.0,27.54199981689453,0.0,0.0
feature.Height.managed.CWHvm_FDC_HW_L,2,20,10,0.0,10000.0,1.0,1.0,30.149999618530273,0.0,0.0
feature.Height.managed.CWHvm_FDC_HW_L,3,30,10,0.0,10000.0,1.0,1.0,32.48500061035156,0.0,0.0
feature.Height.managed.CWHvm_FDC_HW_L,4,40,10,0.0,10000.0,1.0,1.0,33.71099853515625,0.0,0.0
feature.Height.managed.CWHvm_FDC_HW_L,5,50,10,0.0,10000.0,1.0,1.0,35.53900146484375,0.0,0.0
feature.Height.managed.CWHvm_FDC_HW_L,6,60,10,0.0,10000.0,1.0,1.0,37.18299865722656,0.0,0.0
feature.Height.managed.CWHvm_FDC_HW_L,7,70,10,0.0,10000.0,1.0,1.0,38.65599822998047,0.0,0.0
feature.Height.managed.CWHvm_FDC_HW_L,8,80,10,0.0,10000.0,1.0,1.0,39.94499969482422,0.0,0.0
feature.Height.managed.CWHvm_FDC_HW_L,9,90,10,0.0,10000.0,1.0,1.0,41.11399841308594,0.0,0.0
feature.Height.managed.CWHvm_FDC_HW_L,10,100,10,0.0,10000.0,1.0,1.0,39.138999938964844,0.0,0.0
feature.Height.managed.CWHvm_FDC_HW_L,11,110,10,0.0,10000.0,1.0,1.0,40.382999420166016,0.0,0.0
feature.Height.managed.CWHvm_FDC_HW_L,12,120,10,0.0,10000.0,1.0,1.0,41.58399963378906,0.0,0.0
feature.Height.managed.CWHvm_FDC_HW_L,13,130,10,0.0,10000.0,1.0,1.0,41.82400131225586,0.0,0.0
feature.Height.managed.CWHvm_FDC_HW_L,14,140,10,0.0,10000.0,1.0,1.0,42.89099884033203,0.0,0.0
feature.Height.managed.CWHvm_FDC_HW_L,15,150,10,0.0,10000.0,1.0,1.0,43.87200164794922,0.0,0.0
feature.Height.managed.CWHvm_FDC_HW_L,16,160,10,0.0,10000.0,1.0,1.0,44.70399856567383,0.0,0.0
feature.Height.managed.CWHvm_FDC_HW_L,17,170,10,0.0,10000.0,1.0,1.0,45.47800064086914,0.0,0.0
feature.Height.managed.CWHvm_FDC_HW_L,18,180,10,0.0,10000.0,1.0,1.0,46.141998291015625,0.0,0.0
feature.Height.managed.CWHvm_FDC_HW_L,19,190,10,0.0,10000.0,1.0,1.0,43.67499923706055,0.0,0.0
feature.Height.managed.CWHvm_FDC_HW_L,20,200,10,0.0,10000.0,1.0,1.0,44.428001403808594,0.0,0.0
feature.Height.managed.CWHvm_FDC_HW_L,21,210,10,0.0,10000.0,1.0,1.0,45.31800079345703,0.0,0.0
feature.Height.managed.CWHvm_FDC_HW_L,22,220,10,0.0,10000.0,1.0,1.0,45.310001373291016,0.0,0.0
feature.Height.managed.CWHvm_FDC_HW_L,23,230,10,0.0,10000.0,1.0,1.0,46.11399841308594,0.0,0.0
feature.Height.managed.CWHvm_FDC_HW_L,24,240,10,0.0,10000.0,1.0,1.0,46.82500076293945,0.0,0.0
feature.Height.managed.CWHvm_FDC_HW_L,25,250,10,0.0,10000.0,1.0,1.0,47.45899963378906,0.0,0.0
feature.Height.managed.CWHvm_FDC_HW_L,26,260,10,0.0,10000.0,1.0,1.0,48.02899932861328,0.0,0.0
feature.Height.managed.CWHvm_FDC_HW_L,27,270,10,0.0,10000.0,1.0,1.0,48.54899978637695,0.0,0.0
feature.Height.managed.CWHvm_FDC_HW_L,28,280,10,0.0,10000.0,1.0,1.0,45.89099884033203,0.0,0.0
feature.Height.managed.CWHvm_FDC_HW_L,29,290,10,0.0,10000.0,1.0,1.0,46.4119987487793,0.0,0.0
feature.Height.managed.CWHvm_FDC_HW_L,30,300,10,0.0,10000.0,1.0,1.0,46.22600173950195,0.0,0.0
feature.Height.managed.CWHvm_FDC_HW_M,0,0,10,0.0,10000.0,1.0,1.0,31.767000198364258,0.0,0.0
feature.Height.managed.CWHvm_FDC_HW_M,1,10,10,0.0,10000.0,1.0,1.0,35.777000427246094,0.0,0.0
feature.Height.managed.CWHvm_FDC_HW_M,2,20,10,0.0,10000.0,1.0,1.0,36.81999969482422,0.0,0.0
feature.Height.managed.CWHvm_FDC_HW_M,3,30,10,0.0,10000.0,1.0,1.0,35.750999450683594,0.0,0.0
feature.Height.managed.CWHvm_FDC_HW_M,4,40,10,0.0,10000.0,1.0,1.0,38.25899887084961,0.0,0.0
feature.Height.managed.CWHvm_FDC_HW_M,5,50,10,0.0,10000.0,1.0,1.0,41.356998443603516,0.0,0.0
feature.Height.managed.CWHvm_FDC_HW_M,6,60,10,0.0,10000.0,1.0,1.0,44.13399887084961,0.0,0.0
feature.Height.managed.CWHvm_FDC_HW_M,7,70,10,0.0,10000.0,1.0,1.0,46.52799987792969,0.0,0.0
feature.Height.managed.CWHvm_FDC_HW_M,8,80,10,0.0,10000.0,1.0,1.0,48.59700012207031,0.0,0.0
feature.Height.managed.CWHvm_FDC_HW_M,9,90,10,0.0,10000.0,1.0,1.0,48.00299835205078,0.0,0.0
feature.Height.managed.CWHvm_FDC_HW_M,10,100,10,0.0,10000.0,1.0,1.0,47.891998291015625,0.0,0.0
feature.Height.managed.CWHvm_FDC_HW_M,11,110,10,0.0,10000.0,1.0,1.0,47.69499969482422,0.0,0.0
feature.Height.managed.CWHvm_FDC_HW_M,12,120,10,0.0,10000.0,1.0,1.0,48.94300079345703,0.0,0.0
feature.Height.managed.CWHvm_FDC_HW_M,13,130,10,0.0,10000.0,1.0,1.0,50.849998474121094,0.0,0.0
feature.Height.managed.CWHvm_FDC_HW_M,14,140,10,0.0,10000.0,1.0,1.0,52.62099838256836,0.0,0.0
feature.Height.managed.CWHvm_FDC_HW_M,15,150,10,0.0,10000.0,1.0,1.0,54.178001403808594,0.0,0.0
feature.Height.managed.CWHvm_FDC_HW_M,16,160,10,0.0,10000.0,1.0,1.0,53.10200119018555,0.0,0.0
feature.Height.managed.CWHvm_FDC_HW_M,17,170,10,0.0,10000.0,1.0,1.0,54.54499816894531,0.0,0.0
feature.Height.managed.CWHvm_FDC_HW_M,18,180,10,0.0,10000.0,1.0,1.0,53.900001525878906,0.0,0.0
feature.Height.managed.CWHvm_FDC_HW_M,19,190,10,0.0,10000.0,1.0,1.0,53.17599868774414,0.0,0.0
feature.Height.managed.CWHvm_FDC_HW_M,20,200,10,0.0,10000.0,1.0,1.0,53.987998962402344,0.0,0.0
feature.Height.managed.CWHvm_FDC_HW_M,21,210,10,0.0,10000.0,1.0,1.0,55.5099983215332,0.0,0.0
feature.Height.managed.CWHvm_FDC_HW_M,22,220,10,0.0,10000.0,1.0,1.0,56.941001892089844,0.0,0.0
feature.Height.managed.CWHvm_FDC_HW_M,23,230,10,0.0,10000.0,1.0,1.0,55.73099899291992,0.0,0.0
feature.Height.managed.CWHvm_FDC_HW_M,24,240,10,0.0,10000.0,1.0,1.0,56.97800064086914,0.0,0.0
feature.Height.managed.CWHvm_FDC_HW_M,25,250,10,0.0,10000.0,1.0,1.0,58.26300048828125,0.0,0.0
feature.Height.managed.CWHvm_FDC_HW_M,26,260,10,0.0,10000.0,1.0,1.0,57.43199920654297,0.0,0.0
feature.Height.managed.CWHvm_FDC_HW_M,27,270,10,0.0,10000.0,1.0,1.0,56.33599853515625,0.0,0.0
feature.Height.managed.CWHvm_FDC_HW_M,28,280,10,0.0,10000.0,1.0,1.0,56.80400085449219,0.0,0.0
feature.Height.managed.CWHvm_FDC_HW_M,29,290,10,0.0,10000.0,1.0,1.0,55.847999572753906,0.0,0.0
feature.Height.managed.CWHvm_FDC_HW_M,30,300,10,0.0,10000.0,1.0,1.0,57.10300064086914,0.0,0.0
feature.Height.managed.CWHvm_HW_BA_M,0,0,10,0.0,10000.0,1.0,1.0,39.387001037597656,0.0,0.0
feature.Height.managed.CWHvm_HW_BA_M,1,10,10,0.0,10000.0,1.0,1.0,25.8799991607666,0.0,0.0
feature.Height.managed.CWHvm_HW_BA_M,2,20,10,0.0,10000.0,1.0,1.0,28.57699966430664,0.0,0.0
feature.Height.managed.CWHvm_HW_BA_M,3,30,10,0.0,10000.0,1.0,1.0,31.298999786376953,0.0,0.0
feature.Height.managed.CWHvm_HW_BA_M,4,40,10,0.0,10000.0,1.0,1.0,33.678001403808594,0.0,0.0
feature.Height.managed.CWHvm_HW_BA_M,5,50,10,0.0,10000.0,1.0,1.0,35.805999755859375,0.0,0.0
feature.Height.managed.CWHvm_HW_BA_M,6,60,10,0.0,10000.0,1.0,1.0,37.68000030517578,0.0,0.0
feature.Height.managed.CWHvm_HW_BA_M,7,70,10,0.0,10000.0,1.0,1.0,39.29800033569336,0.0,0.0
feature.Height.managed.CWHvm_HW_BA_M,8,80,10,0.0,10000.0,1.0,1.0,40.78200149536133,0.0,0.0
feature.Height.managed.CWHvm_HW_BA_M,9,90,10,0.0,10000.0,1.0,1.0,42.08700180053711,0.0,0.0
feature.Height.managed.CWHvm_HW_BA_M,10,100,10,0.0,10000.0,1.0,1.0,36.70899963378906,0.0,0.0
feature.Height.managed.CWHvm_HW_BA_M,11,110,10,0.0,10000.0,1.0,1.0,32.96099853515625,0.0,0.0
feature.Height.managed.CWHvm_HW_BA_M,12,120,10,0.0,10000.0,1.0,1.0,35.11199951171875,0.0,0.0
feature.Height.managed.CWHvm_HW_BA_M,13,130,10,0.0,10000.0,1.0,1.0,37.22800064086914,0.0,0.0
feature.Height.managed.CWHvm_HW_BA_M,14,140,10,0.0,10000.0,1.0,1.0,39.10300064086914,0.0,0.0
feature.Height.managed.CWHvm_HW_BA_M,15,150,10,0.0,10000.0,1.0,1.0,40.77000045776367,0.0,0.0
feature.Height.managed.CWHvm_HW_BA_M,16,160,10,0.0,10000.0,1.0,1.0,42.24800109863281,0.0,0.0
feature.Height.managed.CWHvm_HW_BA_M,17,170,10,0.0,10000.0,1.0,1.0,43.53799819946289,0.0,0.0
feature.Height.managed.CWHvm_HW_BA_M,18,180,10,0.0,10000.0,1.0,1.0,41.92499923706055,0.0,0.0
feature.Height.managed.CWHvm_HW_BA_M,19,190,10,0.0,10000.0,1.0,1.0,42.99399948120117,0.0,0.0
feature.Height.managed.CWHvm_HW_BA_M,20,200,10,0.0,10000.0,1.0,1.0,40.35200119018555,0.0,0.0
feature.Height.managed.CWHvm_HW_BA_M,21,210,10,0.0,10000.0,1.0,1.0,36.4900016784668,0.0,0.0
feature.Height.managed.CWHvm_HW_BA_M,22,220,10,0.0,10000.0,1.0,1.0,38.391998291015625,0.0,0.0
feature.Height.managed.CWHvm_HW_BA_M,23,230,10,0.0,10000.0,1.0,1.0,40.28499984741211,0.0,0.0
feature.Height.managed.CWHvm_HW_BA_M,24,240,10,0.0,10000.0,1.0,1.0,41.9630012512207,0.0,0.0
feature.Height.managed.CWHvm_HW_BA_M,25,250,10,0.0,10000.0,1.0,1.0,43.310001373291016,0.0,0.0
feature.Height.managed.CWHvm_HW_BA_M,26,260,10,0.0,10000.0,1.0,1.0,44.41699981689453,0.0,0.0
feature.Height.managed.CWHvm_HW_BA_M,27,270,10,0.0,10000.0,1.0,1.0,42.6150016784668,0.0,0.0
feature.Height.managed.CWHvm_HW_BA_M,28,280,10,0.0,10000.0,1.0,1.0,43.542999267578125,0.0,0.0
feature.Height.managed.CWHvm_HW_BA_M,29,290,10,0.0,10000.0,1.0,1.0,40.770999908447266,0.0,0.0
feature.Height.managed.CWHvm_HW_BA_M,30,300,10,0.0,10000.0,1.0,1.0,36.49599838256836,0.0,0.0
feature.Height.managed.CWHvm_HW_CW_H,0,0,10,0.0,10000.0,1.0,1.0,35.04199981689453,0.0,0.0
feature.Height.managed.CWHvm_HW_CW_H,1,10,10,0.0,10000.0,1.0,1.0,32.472999572753906,0.0,0.0
feature.Height.managed.CWHvm_HW_CW_H,2,20,10,0.0,10000.0,1.0,1.0,33.76599884033203,0.0,0.0
feature.Height.managed.CWHvm_HW_CW_H,3,30,10,0.0,10000.0,1.0,1.0,36.053001403808594,0.0,0.0
feature.Height.managed.CWHvm_HW_CW_H,4,40,10,0.0,10000.0,1.0,1.0,35.52299880981445,0.0,0.0
feature.Height.managed.CWHvm_HW_CW_H,5,50,10,0.0,10000.0,1.0,1.0,37.61199951171875,0.0,0.0
feature.Height.managed.CWHvm_HW_CW_H,6,60,10,0.0,10000.0,1.0,1.0,33.13999938964844,0.0,0.0
feature.Height.managed.CWHvm_HW_CW_H,7,70,10,0.0,10000.0,1.0,1.0,23.274999618530273,0.0,0.0
feature.Height.managed.CWHvm_HW_CW_H,8,80,10,0.0,10000.0,1.0,1.0,25.003999710083008,0.0,0.0
feature.Height.managed.CWHvm_HW_CW_H,9,90,10,0.0,10000.0,1.0,1.0,28.368000030517578,0.0,0.0
feature.Height.managed.CWHvm_HW_CW_H,10,100,10,0.0,10000.0,1.0,1.0,29.32200050354004,0.0,0.0
feature.Height.managed.CWHvm_HW_CW_H,11,110,10,0.0,10000.0,1.0,1.0,29.073999404907227,0.0,0.0
feature.Height.managed.CWHvm_HW_CW_H,12,120,10,0.0,10000.0,1.0,1.0,31.875999450683594,0.0,0.0
feature.Height.managed.CWHvm_HW_CW_H,13,130,10,0.0,10000.0,1.0,1.0,34.50899887084961,0.0,0.0
feature.Height.managed.CWHvm_HW_CW_H,14,140,10,0.0,10000.0,1.0,1.0,36.845001220703125,0.0,0.0
feature.Height.managed.CWHvm_HW_CW_H,15,150,10,0.0,10000.0,1.0,1.0,38.86600112915039,0.0,0.0
feature.Height.managed.CWHvm_HW_CW_H,16,160,10,0.0,10000.0,1.0,1.0,32.41999816894531,0.0,0.0
feature.Height.managed.CWHvm_HW_CW_H,17,170,10,0.0,10000.0,1.0,1.0,34.358001708984375,0.0,0.0
feature.Height.managed.CWHvm_HW_CW_H,18,180,10,0.0,10000.0,1.0,1.0,36.62300109863281,0.0,0.0
feature.Height.managed.CWHvm_HW_CW_H,19,190,10,0.0,10000.0,1.0,1.0,24.424999237060547,0.0,0.0
feature.Height.managed.CWHvm_HW_CW_H,20,200,10,0.0,10000.0,1.0,1.0,25.850000381469727,0.0,0.0
feature.Height.managed.CWHvm_HW_CW_H,21,210,10,0.0,10000.0,1.0,1.0,26.139999389648438,0.0,0.0
feature.Height.managed.CWHvm_HW_CW_H,22,220,10,0.0,10000.0,1.0,1.0,29.49799919128418,0.0,0.0
feature.Height.managed.CWHvm_HW_CW_H,23,230,10,0.0,10000.0,1.0,1.0,32.48899841308594,0.0,0.0
feature.Height.managed.CWHvm_HW_CW_H,24,240,10,0.0,10000.0,1.0,1.0,35.06100082397461,0.0,0.0
feature.Height.managed.CWHvm_HW_CW_H,25,250,10,0.0,10000.0,1.0,1.0,37.26100158691406,0.0,0.0
feature.Height.managed.CWHvm_HW_CW_H,26,260,10,0.0,10000.0,1.0,1.0,33.73099899291992,0.0,0.0
feature.Height.managed.CWHvm_HW_CW_H,27,270,10,0.0,10000.0,1.0,1.0,35.60200119018555,0.0,0.0
feature.Height.managed.CWHvm_HW_CW_H,28,280,10,0.0,10000.0,1.0,1.0,33.0359992980957,0.0,0.0
feature.Height.managed.CWHvm_HW_CW_H,29,290,10,0.0,10000.0,1.0,1.0,22.422000885009766,0.0,0.0
feature.Height.managed.CWHvm_HW_CW_H,30,300,10,0.0,10000.0,1.0,1.0,21.513999938964844,0.0,0.0
feature.Height.managed.CWHvm_HW_CW_L,0,0,10,0.0,10000.0,1.0,1.0,32.340999603271484,0.0,0.0
feature.Height.managed.CWHvm_HW_CW_L,1,10,10,0.0,10000.0,1.0,1.0,24.299999237060547,0.0,0.0
feature.Height.managed.CWHvm_HW_CW_L,2,20,10,0.0,10000.0,1.0,1.0,25.632999420166016,0.0,0.0
feature.Height.managed.CWHvm_HW_CW_L,3,30,10,0.0,10000.0,1.0,1.0,27.040000915527344,0.0,0.0
feature.Height.managed.CWHvm_HW_CW_L,4,40,10,0.0,10000.0,1.0,1.0,25.18600082397461,0.0,0.0
feature.Height.managed.CWHvm_HW_CW_L,5,50,10,0.0,10000.0,1.0,1.0,26.572999954223633,0.0,0.0
feature.Height.managed.CWHvm_HW_CW_L,6,60,10,0.0,10000.0,1.0,1.0,27.9060001373291,0.0,0.0
feature.Height.managed.CWHvm_HW_CW_L,7,70,10,0.0,10000.0,1.0,1.0,29.114999771118164,0.0,0.0
feature.Height.managed.CWHvm_HW_CW_L,8,80,10,0.0,10000.0,1.0,1.0,30.204999923706055,0.0,0.0
feature.Height.managed.CWHvm_HW_CW_L,9,90,10,0.0,10000.0,1.0,1.0,31.187000274658203,0.0,0.0
feature.Height.managed.CWHvm_HW_CW_L,10,100,10,0.0,10000.0,1.0,1.0,32.077999114990234,0.0,0.0
feature.Height.managed.CWHvm_HW_CW_L,11,110,10,0.0,10000.0,1.0,1.0,32.87200164794922,0.0,0.0
feature.Height.managed.CWHvm_HW_CW_L,12,120,10,0.0,10000.0,1.0,1.0,33.51599884033203,0.0,0.0
feature.Height.managed.CWHvm_HW_CW_L,13,130,10,0.0,10000.0,1.0,1.0,34.09000015258789,0.0,0.0
feature.Height.managed.CWHvm_HW_CW_L,14,140,10,0.0,10000.0,1.0,1.0,28.767000198364258,0.0,0.0
feature.Height.managed.CWHvm_HW_CW_L,15,150,10,0.0,10000.0,1.0,1.0,29.65999984741211,0.0,0.0
feature.Height.managed.CWHvm_HW_CW_L,16,160,10,0.0,10000.0,1.0,1.0,29.47800064086914,0.0,0.0
feature.Height.managed.CWHvm_HW_CW_L,17,170,10,0.0,10000.0,1.0,1.0,27.356000900268555,0.0,0.0
feature.Height.managed.CWHvm_HW_CW_L,18,180,10,0.0,10000.0,1.0,1.0,28.493999481201172,0.0,0.0
feature.Height.managed.CWHvm_HW_CW_L,19,190,10,0.0,10000.0,1.0,1.0,29.601999282836914,0.0,0.0
feature.Height.managed.CWHvm_HW_CW_L,20,200,10,0.0,10000.0,1.0,1.0,30.613000869750977,0.0,0.0
feature.Height.managed.CWHvm_HW_CW_L,21,210,10,0.0,10000.0,1.0,1.0,31.5049991607666,0.0,0.0
feature.Height.managed.CWHvm_HW_CW_L,22,220,10,0.0,10000.0,1.0,1.0,32.31999969482422,0.0,0.0
feature.Height.managed.CWHvm_HW_CW_L,23,230,10,0.0,10000.0,1.0,1.0,33.029998779296875,0.0,0.0
feature.Height.managed.CWHvm_HW_CW_L,24,240,10,0.0,10000.0,1.0,1.0,33.66400146484375,0.0,0.0
feature.Height.managed.CWHvm_HW_CW_L,25,250,10,0.0,10000.0,1.0,1.0,34.23699951171875,0.0,0.0
feature.Height.managed.CWHvm_HW_CW_L,26,260,10,0.0,10000.0,1.0,1.0,34.76499938964844,0.0,0.0
feature.Height.managed.CWHvm_HW_CW_L,27,270,10,0.0,10000.0,1.0,1.0,35.20100021362305,0.0,0.0
feature.Height.managed.CWHvm_HW_CW_L,28,280,10,0.0,10000.0,1.0,1.0,29.139999389648438,0.0,0.0
feature.Height.managed.CWHvm_HW_CW_L,29,290,10,0.0,10000.0,1.0,1.0,26.5939998626709,0.0,0.0
feature.Height.managed.CWHvm_HW_CW_L,30,300,10,0.0,10000.0,1.0,1.0,26.339000701904297,0.0,0.0
feature.Height.managed.CWHvm_HW_CW_M,0,0,10,0.0,10000.0,1.0,1.0,35.32099914550781,0.0,0.0
feature.Height.managed.CWHvm_HW_CW_M,1,10,10,0.0,10000.0,1.0,1.0,30.336999893188477,0.0,0.0
feature.Height.managed.CWHvm_HW_CW_M,2,20,10,0.0,10000.0,1.0,1.0,31.87299919128418,0.0,0.0
feature.Height.managed.CWHvm_HW_CW_M,3,30,10,0.0,10000.0,1.0,1.0,29.444000244140625,0.0,0.0
feature.Height.managed.CWHvm_HW_CW_M,4,40,10,0.0,10000.0,1.0,1.0,20.68400001525879,0.0,0.0
feature.Height.managed.CWHvm_HW_CW_M,5,50,10,0.0,10000.0,1.0,1.0,23.308000564575195,0.0,0.0
feature.Height.managed.CWHvm_HW_CW_M,6,60,10,0.0,10000.0,1.0,1.0,25.87700080871582,0.0,0.0
feature.Height.managed.CWHvm_HW_CW_M,7,70,10,0.0,10000.0,1.0,1.0,28.19700050354004,0.0,0.0
feature.Height.managed.CWHvm_HW_CW_M,8,80,10,0.0,10000.0,1.0,1.0,30.226999282836914,0.0,0.0
feature.Height.managed.CWHvm_HW_CW_M,9,90,10,0.0,10000.0,1.0,1.0,32.01599884033203,0.0,0.0
feature.Height.managed.CWHvm_HW_CW_M,10,100,10,0.0,10000.0,1.0,1.0,33.619998931884766,0.0,0.0
feature.Height.managed.CWHvm_HW_CW_M,11,110,10,0.0,10000.0,1.0,1.0,35.027000427246094,0.0,0.0
feature.Height.managed.CWHvm_HW_CW_M,12,120,10,0.0,10000.0,1.0,1.0,36.303001403808594,0.0,0.0
feature.Height.managed.CWHvm_HW_CW_M,13,130,10,0.0,10000.0,1.0,1.0,36.16600036621094,0.0,0.0
feature.Height.managed.CWHvm_HW_CW_M,14,140,10,0.0,10000.0,1.0,1.0,37.22999954223633,0.0,0.0
feature.Height.managed.CWHvm_HW_CW_M,15,150,10,0.0,10000.0,1.0,1.0,27.1560001373291,0.0,0.0
feature.Height.managed.CWHvm_HW_CW_M,16,160,10,0.0,10000.0,1.0,1.0,24.082000732421875,0.0,0.0
feature.Height.managed.CWHvm_HW_CW_M,17,170,10,0.0,10000.0,1.0,1.0,25.472000122070312,0.0,0.0
feature.Height.managed.CWHvm_HW_CW_M,18,180,10,0.0,10000.0,1.0,1.0,27.843000411987305,0.0,0.0
feature.Height.managed.CWHvm_HW_CW_M,19,190,10,0.0,10000.0,1.0,1.0,30.05500030517578,0.0,0.0
feature.Height.managed.CWHvm_HW_CW_M,20,200,10,0.0,10000.0,1.0,1.0,32.000999450683594,0.0,0.0
feature.Height.managed.CWHvm_HW_CW_M,21,210,10,0.0,10000.0,1.0,1.0,33.71099853515625,0.0,0.0
feature.Height.managed.CWHvm_HW_CW_M,22,220,10,0.0,10000.0,1.0,1.0,35.2130012512207,0.0,0.0
feature.Height.managed.CWHvm_HW_CW_M,23,230,10,0.0,10000.0,1.0,1.0,36.51300048828125,0.0,0.0
feature.Height.managed.CWHvm_HW_CW_M,24,240,10,0.0,10000.0,1.0,1.0,37.6349983215332,0.0,0.0
feature.Height.managed.CWHvm_HW_CW_M,25,250,10,0.0,10000.0,1.0,1.0,37.358001708984375,0.0,0.0
feature.Height.managed.CWHvm_HW_CW_M,26,260,10,0.0,10000.0,1.0,1.0,30.302000045776367,0.0,0.0
feature.Height.managed.CWHvm_HW_CW_M,27,270,10,0.0,10000.0,1.0,1.0,31.469999313354492,0.0,0.0
feature.Height.managed.CWHvm_HW_CW_M,28,280,10,0.0,10000.0,1.0,1.0,29.517000198364258,0.0,0.0
feature.Height.managed.CWHvm_HW_CW_M,29,290,10,0.0,10000.0,1.0,1.0,27.107999801635742,0.0,0.0
feature.Height.managed.CWHvm_HW_CW_M,30,300,10,0.0,10000.0,1.0,1.0,27.41900062561035,0.0,0.0
feature.Height.managed.CWHvm_HW_FDC_H,0,0,10,0.0,10000.0,1.0,1.0,33.762001037597656,0.0,0.0
feature.Height.managed.CWHvm_HW_FDC_H,1,10,10,0.0,10000.0,1.0,1.0,35.762001037597656,0.0,0.0
feature.Height.managed.CWHvm_HW_FDC_H,2,20,10,0.0,10000.0,1.0,1.0,35.106998443603516,0.0,0.0
feature.Height.managed.CWHvm_HW_FDC_H,3,30,10,0.0,10000.0,1.0,1.0,35.1870002746582,0.0,0.0
feature.Height.managed.CWHvm_HW_FDC_H,4,40,10,0.0,10000.0,1.0,1.0,34.90700149536133,0.0,0.0
feature.Height.managed.CWHvm_HW_FDC_H,5,50,10,0.0,10000.0,1.0,1.0,32.61399841308594,0.0,0.0
feature.Height.managed.CWHvm_HW_FDC_H,6,60,10,0.0,10000.0,1.0,1.0,32.71099853515625,0.0,0.0
feature.Height.managed.CWHvm_HW_FDC_H,7,70,10,0.0,10000.0,1.0,1.0,36.47100067138672,0.0,0.0
feature.Height.managed.CWHvm_HW_FDC_H,8,80,10,0.0,10000.0,1.0,1.0,39.06700134277344,0.0,0.0
feature.Height.managed.CWHvm_HW_FDC_H,9,90,10,0.0,10000.0,1.0,1.0,38.89799880981445,0.0,0.0
feature.Height.managed.CWHvm_HW_FDC_H,10,100,10,0.0,10000.0,1.0,1.0,37.66899871826172,0.0,0.0
feature.Height.managed.CWHvm_HW_FDC_H,11,110,10,0.0,10000.0,1.0,1.0,40.00199890136719,0.0,0.0
feature.Height.managed.CWHvm_HW_FDC_H,12,120,10,0.0,10000.0,1.0,1.0,37.909000396728516,0.0,0.0
feature.Height.managed.CWHvm_HW_FDC_H,13,130,10,0.0,10000.0,1.0,1.0,35.47700119018555,0.0,0.0
feature.Height.managed.CWHvm_HW_FDC_H,14,140,10,0.0,10000.0,1.0,1.0,36.19200134277344,0.0,0.0
feature.Height.managed.CWHvm_HW_FDC_H,15,150,10,0.0,10000.0,1.0,1.0,35.80699920654297,0.0,0.0
feature.Height.managed.CWHvm_HW_FDC_H,16,160,10,0.0,10000.0,1.0,1.0,39.26100158691406,0.0,0.0
feature.Height.managed.CWHvm_HW_FDC_H,17,170,10,0.0,10000.0,1.0,1.0,37.125,0.0,0.0
feature.Height.managed.CWHvm_HW_FDC_H,18,180,10,0.0,10000.0,1.0,1.0,36.79899978637695,0.0,0.0
feature.Height.managed.CWHvm_HW_FDC_H,19,190,10,0.0,10000.0,1.0,1.0,38.435001373291016,0.0,0.0
feature.Height.managed.CWHvm_HW_FDC_H,20,200,10,0.0,10000.0,1.0,1.0,37.83399963378906,0.0,0.0
feature.Height.managed.CWHvm_HW_FDC_H,21,210,10,0.0,10000.0,1.0,1.0,38.57899856567383,0.0,0.0
feature.Height.managed.CWHvm_HW_FDC_H,22,220,10,0.0,10000.0,1.0,1.0,41.34199905395508,0.0,0.0
feature.Height.managed.CWHvm_HW_FDC_H,23,230,10,0.0,10000.0,1.0,1.0,39.33300018310547,0.0,0.0
feature.Height.managed.CWHvm_HW_FDC_H,24,240,10,0.0,10000.0,1.0,1.0,37.465999603271484,0.0,0.0
feature.Height.managed.CWHvm_HW_FDC_H,25,250,10,0.0,10000.0,1.0,1.0,34.30500030517578,0.0,0.0
feature.Height.managed.CWHvm_HW_FDC_H,26,260,10,0.0,10000.0,1.0,1.0,37.04399871826172,0.0,0.0
feature.Height.managed.CWHvm_HW_FDC_H,27,270,10,0.0,10000.0,1.0,1.0,37.28200149536133,0.0,0.0
feature.Height.managed.CWHvm_HW_FDC_H,28,280,10,0.0,10000.0,1.0,1.0,35.53499984741211,0.0,0.0
feature.Height.managed.CWHvm_HW_FDC_H,29,290,10,0.0,10000.0,1.0,1.0,37.79800033569336,0.0,0.0
feature.Height.managed.CWHvm_HW_FDC_H,30,300,10,0.0,10000.0,1.0,1.0,38.63600158691406,0.0,0.0
feature.Height.managed.CWHvm_HW_FDC_L,0,0,10,0.0,10000.0,1.0,1.0,30.64699935913086,0.0,0.0
feature.Height.managed.CWHvm_HW_FDC_L,1,10,10,0.0,10000.0,1.0,1.0,31.639999389648438,0.0,0.0
feature.Height.managed.CWHvm_HW_FDC_L,2,20,10,0.0,10000.0,1.0,1.0,31.72800064086914,0.0,0.0
feature.Height.managed.CWHvm_HW_FDC_L,3,30,10,0.0,10000.0,1.0,1.0,33.45100021362305,0.0,0.0
feature.Height.managed.CWHvm_HW_FDC_L,4,40,10,0.0,10000.0,1.0,1.0,35.49399948120117,0.0,0.0
feature.Height.managed.CWHvm_HW_FDC_L,5,50,10,0.0,10000.0,1.0,1.0,35.48099899291992,0.0,0.0
feature.Height.managed.CWHvm_HW_FDC_L,6,60,10,0.0,10000.0,1.0,1.0,32.082000732421875,0.0,0.0
feature.Height.managed.CWHvm_HW_FDC_L,7,70,10,0.0,10000.0,1.0,1.0,31.518999099731445,0.0,0.0
feature.Height.managed.CWHvm_HW_FDC_L,8,80,10,0.0,10000.0,1.0,1.0,32.560001373291016,0.0,0.0
feature.Height.managed.CWHvm_HW_FDC_L,9,90,10,0.0,10000.0,1.0,1.0,33.59000015258789,0.0,0.0
feature.Height.managed.CWHvm_HW_FDC_L,10,100,10,0.0,10000.0,1.0,1.0,35.4630012512207,0.0,0.0
feature.Height.managed.CWHvm_HW_FDC_L,11,110,10,0.0,10000.0,1.0,1.0,35.31700134277344,0.0,0.0
feature.Height.managed.CWHvm_HW_FDC_L,12,120,10,0.0,10000.0,1.0,1.0,36.6879997253418,0.0,0.0
feature.Height.managed.CWHvm_HW_FDC_L,13,130,10,0.0,10000.0,1.0,1.0,38.474998474121094,0.0,0.0
feature.Height.managed.CWHvm_HW_FDC_L,14,140,10,0.0,10000.0,1.0,1.0,40.12799835205078,0.0,0.0
feature.Height.managed.CWHvm_HW_FDC_L,15,150,10,0.0,10000.0,1.0,1.0,40.520999908447266,0.0,0.0
feature.Height.managed.CWHvm_HW_FDC_L,16,160,10,0.0,10000.0,1.0,1.0,38.141998291015625,0.0,0.0
feature.Height.managed.CWHvm_HW_FDC_L,17,170,10,0.0,10000.0,1.0,1.0,39.55500030517578,0.0,0.0
feature.Height.managed.CWHvm_HW_FDC_L,18,180,10,0.0,10000.0,1.0,1.0,38.07600021362305,0.0,0.0
feature.Height.managed.CWHvm_HW_FDC_L,19,190,10,0.0,10000.0,1.0,1.0,37.12900161743164,0.0,0.0
feature.Height.managed.CWHvm_HW_FDC_L,20,200,10,0.0,10000.0,1.0,1.0,36.189998626708984,0.0,0.0
feature.Height.managed.CWHvm_HW_FDC_L,21,210,10,0.0,10000.0,1.0,1.0,35.667999267578125,0.0,0.0
feature.Height.managed.CWHvm_HW_FDC_L,22,220,10,0.0,10000.0,1.0,1.0,37.6349983215332,0.0,0.0
feature.Height.managed.CWHvm_HW_FDC_L,23,230,10,0.0,10000.0,1.0,1.0,39.46900177001953,0.0,0.0
feature.Height.managed.CWHvm_HW_FDC_L,24,240,10,0.0,10000.0,1.0,1.0,41.05799865722656,0.0,0.0
feature.Height.managed.CWHvm_HW_FDC_L,25,250,10,0.0,10000.0,1.0,1.0,41.39699935913086,0.0,0.0
feature.Height.managed.CWHvm_HW_FDC_L,26,260,10,0.0,10000.0,1.0,1.0,37.869998931884766,0.0,0.0
feature.Height.managed.CWHvm_HW_FDC_L,27,270,10,0.0,10000.0,1.0,1.0,39.23899841308594,0.0,0.0
feature.Height.managed.CWHvm_HW_FDC_L,28,280,10,0.0,10000.0,1.0,1.0,40.7859992980957,0.0,0.0
feature.Height.managed.CWHvm_HW_FDC_L,29,290,10,0.0,10000.0,1.0,1.0,37.63999938964844,0.0,0.0
feature.Height.managed.CWHvm_HW_FDC_L,30,300,10,0.0,10000.0,1.0,1.0,34.67599868774414,0.0,0.0
feature.Height.managed.CWHvm_HW_SS_M,0,0,10,0.0,10000.0,1.0,1.0,31.6299991607666,0.0,0.0
feature.Height.managed.CWHvm_HW_SS_M,1,10,10,0.0,10000.0,1.0,1.0,34.79899978637695,0.0,0.0
feature.Height.managed.CWHvm_HW_SS_M,2,20,10,0.0,10000.0,1.0,1.0,37.57899856567383,0.0,0.0
feature.Height.managed.CWHvm_HW_SS_M,3,30,10,0.0,10000.0,1.0,1.0,39.98500061035156,0.0,0.0
feature.Height.managed.CWHvm_HW_SS_M,4,40,10,0.0,10000.0,1.0,1.0,36.555999755859375,0.0,0.0
feature.Height.managed.CWHvm_HW_SS_M,5,50,10,0.0,10000.0,1.0,1.0,37.45800018310547,0.0,0.0
feature.Height.managed.CWHvm_HW_SS_M,6,60,10,0.0,10000.0,1.0,1.0,39.9630012512207,0.0,0.0
feature.Height.managed.CWHvm_HW_SS_M,7,70,10,0.0,10000.0,1.0,1.0,42.220001220703125,0.0,0.0
feature.Height.managed.CWHvm_HW_SS_M,8,80,10,0.0,10000.0,1.0,1.0,7.252999782562256,0.0,0.0
feature.Height.managed.CWHvm_HW_SS_M,9,90,10,0.0,10000.0,1.0,1.0,13.059000015258789,0.0,0.0
feature.Height.managed.CWHvm_HW_SS_M,10,100,10,0.0,10000.0,1.0,1.0,18.7810001373291,0.0,0.0
feature.Height.managed.CWHvm_HW_SS_M,11,110,10,0.0,10000.0,1.0,1.0,23.798999786376953,0.0,0.0
feature.Height.managed.CWHvm_HW_SS_M,12,120,10,0.0,10000.0,1.0,1.0,22.350000381469727,0.0,0.0
feature.Height.managed.CWHvm_HW_SS_M,13,130,10,0.0,10000.0,1.0,1.0,24.572999954223633,0.0,0.0
feature.Height.managed.CWHvm_HW_SS_M,14,140,10,0.0,10000.0,1.0,1.0,28.47800064086914,0.0,0.0
feature.Height.managed.CWHvm_HW_SS_M,15,150,10,0.0,10000.0,1.0,1.0,32.05799865722656,0.0,0.0
feature.Height.managed.CWHvm_HW_SS_M,16,160,10,0.0,10000.0,1.0,1.0,35.25,0.0,0.0
feature.Height.managed.CWHvm_HW_SS_M,17,170,10,0.0,10000.0,1.0,1.0,37.972999572753906,0.0,0.0
feature.Height.managed.CWHvm_HW_SS_M,18,180,10,0.0,10000.0,1.0,1.0,6.415999889373779,0.0,0.0
feature.Height.managed.CWHvm_HW_SS_M,19,190,10,0.0,10000.0,1.0,1.0,10.645999908447266,0.0,0.0
feature.Height.managed.CWHvm_HW_SS_M,20,200,10,0.0,10000.0,1.0,1.0,16.409000396728516,0.0,0.0
feature.Height.managed.CWHvm_HW_SS_M,21,210,10,0.0,10000.0,1.0,1.0,15.949999809265137,0.0,0.0
feature.Height.managed.CWHvm_HW_SS_M,22,220,10,0.0,10000.0,1.0,1.0,19.152999877929688,0.0,0.0
feature.Height.managed.CWHvm_HW_SS_M,23,230,10,0.0,10000.0,1.0,1.0,23.8439998626709,0.0,0.0
feature.Height.managed.CWHvm_HW_SS_M,24,240,10,0.0,10000.0,1.0,1.0,28.06999969482422,0.0,0.0
feature.Height.managed.CWHvm_HW_SS_M,25,250,10,0.0,10000.0,1.0,1.0,31.756999969482422,0.0,0.0
feature.Height.managed.CWHvm_HW_SS_M,26,260,10,0.0,10000.0,1.0,1.0,4.833000183105469,0.0,0.0
feature.Height.managed.CWHvm_HW_SS_M,27,270,10,0.0,10000.0,1.0,1.0,8.432000160217285,0.0,0.0
feature.Height.managed.CWHvm_HW_SS_M,28,280,10,0.0,10000.0,1.0,1.0,14.359000205993652,0.0,0.0
feature.Height.managed.CWHvm_HW_SS_M,29,290,10,0.0,10000.0,1.0,1.0,14.541999816894531,0.0,0.0
feature.Height.managed.CWHvm_HW_SS_M,30,300,10,0.0,10000.0,1.0,1.0,18.006999969482422,0.0,0.0
feature.Height.unmanaged.CWHvm_CW_HW_M,0,0,10,0.0,10000.0,1.0,1.0,89.05599975585938,0.0,0.0
feature.Height.unmanaged.CWHvm_CW_HW_M,1,10,10,0.0,10000.0,1.0,1.0,90.60800170898438,0.0,0.0
feature.Height.unmanaged.CWHvm_CW_HW_M,2,20,10,0.0,10000.0,1.0,1.0,92.16500091552734,0.0,0.0
feature.Height.unmanaged.CWHvm_CW_HW_M,3,30,10,0.0,10000.0,1.0,1.0,92.80699920654297,0.0,0.0
feature.Height.unmanaged.CWHvm_CW_HW_M,4,40,10,0.0,10000.0,1.0,1.0,93.22100067138672,0.0,0.0
feature.Height.unmanaged.CWHvm_CW_HW_M,5,50,10,0.0,10000.0,1.0,1.0,93.62999725341797,0.0,0.0
feature.Height.unmanaged.CWHvm_CW_HW_M,6,60,10,0.0,10000.0,1.0,1.0,94.04399871826172,0.0,0.0
feature.Height.unmanaged.CWHvm_CW_HW_M,7,70,10,0.0,10000.0,1.0,1.0,94.28099822998047,0.0,0.0
feature.Height.unmanaged.CWHvm_CW_HW_M,8,80,10,0.0,10000.0,1.0,1.0,94.41899871826172,0.0,0.0
feature.Height.unmanaged.CWHvm_CW_HW_M,9,90,10,0.0,10000.0,1.0,1.0,94.55699920654297,0.0,0.0
feature.Height.unmanaged.CWHvm_CW_HW_M,10,100,10,0.0,10000.0,1.0,1.0,94.69599914550781,0.0,0.0
feature.Height.unmanaged.CWHvm_CW_HW_M,11,110,10,0.0,10000.0,1.0,1.0,94.83399963378906,0.0,0.0
feature.Height.unmanaged.CWHvm_CW_HW_M,12,120,10,0.0,10000.0,1.0,1.0,94.9729995727539,0.0,0.0
feature.Height.unmanaged.CWHvm_CW_HW_M,13,130,10,0.0,10000.0,1.0,1.0,95.05999755859375,0.0,0.0
feature.Height.unmanaged.CWHvm_CW_HW_M,14,140,10,0.0,10000.0,1.0,1.0,95.13600158691406,0.0,0.0
feature.Height.unmanaged.CWHvm_CW_HW_M,15,150,10,0.0,10000.0,1.0,1.0,95.21099853515625,0.0,0.0
feature.Height.unmanaged.CWHvm_CW_HW_M,16,160,10,0.0,10000.0,1.0,1.0,95.28600311279297,0.0,0.0
feature.Height.unmanaged.CWHvm_CW_HW_M,17,170,10,0.0,10000.0,1.0,1.0,95.36100006103516,0.0,0.0
feature.Height.unmanaged.CWHvm_CW_HW_M,18,180,10,0.0,10000.0,1.0,1.0,95.40699768066406,0.0,0.0
feature.Height.unmanaged.CWHvm_CW_HW_M,19,190,10,0.0,10000.0,1.0,1.0,95.44599914550781,0.0,0.0
feature.Height.unmanaged.CWHvm_CW_HW_M,20,200,10,0.0,10000.0,1.0,1.0,95.48400115966797,0.0,0.0
feature.Height.unmanaged.CWHvm_CW_HW_M,21,210,10,0.0,10000.0,1.0,1.0,95.52300262451172,0.0,0.0
feature.Height.unmanaged.CWHvm_CW_HW_M,22,220,10,0.0,10000.0,1.0,1.0,95.56099700927734,0.0,0.0
feature.Height.unmanaged.CWHvm_CW_HW_M,23,230,10,0.0,10000.0,1.0,1.0,95.5999984741211,0.0,0.0
feature.Height.unmanaged.CWHvm_CW_HW_M,24,240,10,0.0,10000.0,1.0,1.0,95.63899993896484,0.0,0.0
feature.Height.unmanaged.CWHvm_CW_HW_M,25,250,10,0.0,10000.0,1.0,1.0,95.6780014038086,0.0,0.0
feature.Height.unmanaged.CWHvm_CW_HW_M,26,260,10,0.0,10000.0,1.0,1.0,95.68499755859375,0.0,0.0
feature.Height.unmanaged.CWHvm_CW_HW_M,27,270,10,0.0,10000.0,1.0,1.0,95.68499755859375,0.0,0.0
feature.Height.unmanaged.CWHvm_CW_HW_M,28,280,10,0.0,10000.0,1.0,1.0,95.68499755859375,0.0,0.0
feature.Height.unmanaged.CWHvm_CW_HW_M,29,290,10,0.0,10000.0,1.0,1.0,95.68499755859375,0.0,0.0
feature.Height.unmanaged.CWHvm_CW_HW_M,30,300,10,0.0,10000.0,1.0,1.0,95.68499755859375,0.0,0.0
feature.Height.unmanaged.CWHvm_CW_PLC_M,0,0,10,0.0,10000.0,1.0,1.0,54.04999923706055,0.0,0.0
feature.Height.unmanaged.CWHvm_CW_PLC_M,1,10,10,0.0,10000.0,1.0,1.0,54.685001373291016,0.0,0.0
feature.Height.unmanaged.CWHvm_CW_PLC_M,2,20,10,0.0,10000.0,1.0,1.0,55.31100082397461,0.0,0.0
feature.Height.unmanaged.CWHvm_CW_PLC_M,3,30,10,0.0,10000.0,1.0,1.0,55.95899963378906,0.0,0.0
feature.Height.unmanaged.CWHvm_CW_PLC_M,4,40,10,0.0,10000.0,1.0,1.0,56.59400177001953,0.0,0.0
feature.Height.unmanaged.CWHvm_CW_PLC_M,5,50,10,0.0,10000.0,1.0,1.0,57.242000579833984,0.0,0.0
feature.Height.unmanaged.CWHvm_CW_PLC_M,6,60,10,0.0,10000.0,1.0,1.0,57.875,0.0,0.0
feature.Height.unmanaged.CWHvm_CW_PLC_M,7,70,10,0.0,10000.0,1.0,1.0,57.999000549316406,0.0,0.0
feature.Height.unmanaged.CWHvm_CW_PLC_M,8,80,10,0.0,10000.0,1.0,1.0,57.999000549316406,0.0,0.0
feature.Height.unmanaged.CWHvm_CW_PLC_M,9,90,10,0.0,10000.0,1.0,1.0,57.999000549316406,0.0,0.0
feature.Height.unmanaged.CWHvm_CW_PLC_M,10,100,10,0.0,10000.0,1.0,1.0,57.999000549316406,0.0,0.0
feature.Height.unmanaged.CWHvm_CW_PLC_M,11,110,10,0.0,10000.0,1.0,1.0,57.999000549316406,0.0,0.0
feature.Height.unmanaged.CWHvm_CW_PLC_M,12,120,10,0.0,10000.0,1.0,1.0,57.999000549316406,0.0,0.0
feature.Height.unmanaged.CWHvm_CW_PLC_M,13,130,10,0.0,10000.0,1.0,1.0,57.999000549316406,0.0,0.0
feature.Height.unmanaged.CWHvm_CW_PLC_M,14,140,10,0.0,10000.0,1.0,1.0,57.999000549316406,0.0,0.0
feature.Height.unmanaged.CWHvm_CW_PLC_M,15,150,10,0.0,10000.0,1.0,1.0,57.999000549316406,0.0,0.0
feature.Height.unmanaged.CWHvm_CW_PLC_M,16,160,10,0.0,10000.0,1.0,1.0,57.999000549316406,0.0,0.0
feature.Height.unmanaged.CWHvm_CW_PLC_M,17,170,10,0.0,10000.0,1.0,1.0,57.999000549316406,0.0,0.0
feature.Height.unmanaged.CWHvm_CW_PLC_M,18,180,10,0.0,10000.0,1.0,1.0,57.999000549316406,0.0,0.0
feature.Height.unmanaged.CWHvm_CW_PLC_M,19,190,10,0.0,10000.0,1.0,1.0,57.999000549316406,0.0,0.0
feature.Height.unmanaged.CWHvm_CW_PLC_M,20,200,10,0.0,10000.0,1.0,1.0,57.999000549316406,0.0,0.0
feature.Height.unmanaged.CWHvm_CW_PLC_M,21,210,10,0.0,10000.0,1.0,1.0,57.999000549316406,0.0,0.0
feature.Height.unmanaged.CWHvm_CW_PLC_M,22,220,10,0.0,10000.0,1.0,1.0,57.999000549316406,0.0,0.0
feature.Height.unmanaged.CWHvm_CW_PLC_M,23,230,10,0.0,10000.0,1.0,1.0,57.999000549316406,0.0,0.0
feature.Height.unmanaged.CWHvm_CW_PLC_M,24,240,10,0.0,10000.0,1.0,1.0,57.999000549316406,0.0,0.0
feature.Height.unmanaged.CWHvm_CW_PLC_M,25,250,10,0.0,10000.0,1.0,1.0,57.999000549316406,0.0,0.0
feature.Height.unmanaged.CWHvm_CW_PLC_M,26,260,10,0.0,10000.0,1.0,1.0,57.999000549316406,0.0,0.0
feature.Height.unmanaged.CWHvm_CW_PLC_M,27,270,10,0.0,10000.0,1.0,1.0,57.999000549316406,0.0,0.0
feature.Height.unmanaged.CWHvm_CW_PLC_M,28,280,10,0.0,10000.0,1.0,1.0,57.999000549316406,0.0,0.0
feature.Height.unmanaged.CWHvm_CW_PLC_M,29,290,10,0.0,10000.0,1.0,1.0,57.999000549316406,0.0,0.0
feature.Height.unmanaged.CWHvm_CW_PLC_M,30,300,10,0.0,10000.0,1.0,1.0,57.999000549316406,0.0,0.0
feature.Height.unmanaged.CWHvm_CW_YC_M,0,0,10,0.0,10000.0,1.0,1.0,49.43199920654297,0.0,0.0
feature.Height.unmanaged.CWHvm_CW_YC_M,1,10,10,0.0,10000.0,1.0,1.0,50.05699920654297,0.0,0.0
feature.Height.unmanaged.CWHvm_CW_YC_M,2,20,10,0.0,10000.0,1.0,1.0,50.67300033569336,0.0,0.0
feature.Height.unmanaged.CWHvm_CW_YC_M,3,30,10,0.0,10000.0,1.0,1.0,50.79600143432617,0.0,0.0
feature.Height.unmanaged.CWHvm_CW_YC_M,4,40,10,0.0,10000.0,1.0,1.0,50.79600143432617,0.0,0.0
feature.Height.unmanaged.CWHvm_CW_YC_M,5,50,10,0.0,10000.0,1.0,1.0,50.79600143432617,0.0,0.0
feature.Height.unmanaged.CWHvm_CW_YC_M,6,60,10,0.0,10000.0,1.0,1.0,50.79600143432617,0.0,0.0
feature.Height.unmanaged.CWHvm_CW_YC_M,7,70,10,0.0,10000.0,1.0,1.0,50.79600143432617,0.0,0.0
feature.Height.unmanaged.CWHvm_CW_YC_M,8,80,10,0.0,10000.0,1.0,1.0,50.79600143432617,0.0,0.0
feature.Height.unmanaged.CWHvm_CW_YC_M,9,90,10,0.0,10000.0,1.0,1.0,50.79600143432617,0.0,0.0
feature.Height.unmanaged.CWHvm_CW_YC_M,10,100,10,0.0,10000.0,1.0,1.0,50.79600143432617,0.0,0.0
feature.Height.unmanaged.CWHvm_CW_YC_M,11,110,10,0.0,10000.0,1.0,1.0,50.79600143432617,0.0,0.0
feature.Height.unmanaged.CWHvm_CW_YC_M,12,120,10,0.0,10000.0,1.0,1.0,50.79600143432617,0.0,0.0
feature.Height.unmanaged.CWHvm_CW_YC_M,13,130,10,0.0,10000.0,1.0,1.0,50.79600143432617,0.0,0.0
feature.Height.unmanaged.CWHvm_CW_YC_M,14,140,10,0.0,10000.0,1.0,1.0,50.79600143432617,0.0,0.0
feature.Height.unmanaged.CWHvm_CW_YC_M,15,150,10,0.0,10000.0,1.0,1.0,50.79600143432617,0.0,0.0
feature.Height.unmanaged.CWHvm_CW_YC_M,16,160,10,0.0,10000.0,1.0,1.0,50.79600143432617,0.0,0.0
feature.Height.unmanaged.CWHvm_CW_YC_M,17,170,10,0.0,10000.0,1.0,1.0,50.79600143432617,0.0,0.0
feature.Height.unmanaged.CWHvm_CW_YC_M,18,180,10,0.0,10000.0,1.0,1.0,50.79600143432617,0.0,0.0
feature.Height.unmanaged.CWHvm_CW_YC_M,19,190,10,0.0,10000.0,1.0,1.0,50.79600143432617,0.0,0.0
feature.Height.unmanaged.CWHvm_CW_YC_M,20,200,10,0.0,10000.0,1.0,1.0,50.79600143432617,0.0,0.0
feature.Height.unmanaged.CWHvm_CW_YC_M,21,210,10,0.0,10000.0,1.0,1.0,50.79600143432617,0.0,0.0
feature.Height.unmanaged.CWHvm_CW_YC_M,22,220,10,0.0,10000.0,1.0,1.0,50.79600143432617,0.0,0.0
feature.Height.unmanaged.CWHvm_CW_YC_M,23,230,10,0.0,10000.0,1.0,1.0,50.79600143432617,0.0,0.0
feature.Height.unmanaged.CWHvm_CW_YC_M,24,240,10,0.0,10000.0,1.0,1.0,50.79600143432617,0.0,0.0
feature.Height.unmanaged.CWHvm_CW_YC_M,25,250,10,0.0,10000.0,1.0,1.0,50.79600143432617,0.0,0.0
feature.Height.unmanaged.CWHvm_CW_YC_M,26,260,10,0.0,10000.0,1.0,1.0,50.79600143432617,0.0,0.0
feature.Height.unmanaged.CWHvm_CW_YC_M,27,270,10,0.0,10000.0,1.0,1.0,50.79600143432617,0.0,0.0
feature.Height.unmanaged.CWHvm_CW_YC_M,28,280,10,0.0,10000.0,1.0,1.0,50.79600143432617,0.0,0.0
feature.Height.unmanaged.CWHvm_CW_YC_M,29,290,10,0.0,10000.0,1.0,1.0,50.79600143432617,0.0,0.0
feature.Height.unmanaged.CWHvm_CW_YC_M,30,300,10,0.0,10000.0,1.0,1.0,50.79600143432617,0.0,0.0
feature.Height.unmanaged.CWHvm_DR_HW_M,0,0,10,0.0,10000.0,1.0,1.0,26.591999053955078,0.0,0.0
feature.Height.unmanaged.CWHvm_DR_HW_M,1,10,10,0.0,10000.0,1.0,1.0,31.792999267578125,0.0,0.0
feature.Height.unmanaged.CWHvm_DR_HW_M,2,20,10,0.0,10000.0,1.0,1.0,37.02299880981445,0.0,0.0
feature.Height.unmanaged.CWHvm_DR_HW_M,3,30,10,0.0,10000.0,1.0,1.0,42.27199935913086,0.0,0.0
feature.Height.unmanaged.CWHvm_DR_HW_M,4,40,10,0.0,10000.0,1.0,1.0,47.492000579833984,0.0,0.0
feature.Height.unmanaged.CWHvm_DR_HW_M,5,50,10,0.0,10000.0,1.0,1.0,52.69300079345703,0.0,0.0
feature.Height.unmanaged.CWHvm_DR_HW_M,6,60,10,0.0,10000.0,1.0,1.0,57.89099884033203,0.0,0.0
feature.Height.unmanaged.CWHvm_DR_HW_M,7,70,10,0.0,10000.0,1.0,1.0,63.12200164794922,0.0,0.0
feature.Height.unmanaged.CWHvm_DR_HW_M,8,80,10,0.0,10000.0,1.0,1.0,68.37100219726562,0.0,0.0
feature.Height.unmanaged.CWHvm_DR_HW_M,9,90,10,0.0,10000.0,1.0,1.0,73.59200286865234,0.0,0.0
feature.Height.unmanaged.CWHvm_DR_HW_M,10,100,10,0.0,10000.0,1.0,1.0,78.79199981689453,0.0,0.0
feature.Height.unmanaged.CWHvm_DR_HW_M,11,110,10,0.0,10000.0,1.0,1.0,83.99299621582031,0.0,0.0
feature.Height.unmanaged.CWHvm_DR_HW_M,12,120,10,0.0,10000.0,1.0,1.0,89.22200012207031,0.0,0.0
feature.Height.unmanaged.CWHvm_DR_HW_M,13,130,10,0.0,10000.0,1.0,1.0,94.4729995727539,0.0,0.0
feature.Height.unmanaged.CWHvm_DR_HW_M,14,140,10,0.0,10000.0,1.0,1.0,99.69200134277344,0.0,0.0
feature.Height.unmanaged.CWHvm_DR_HW_M,15,150,10,0.0,10000.0,1.0,1.0,104.89099884033203,0.0,0.0
feature.Height.unmanaged.CWHvm_DR_HW_M,16,160,10,0.0,10000.0,1.0,1.0,110.09200286865234,0.0,0.0
feature.Height.unmanaged.CWHvm_DR_HW_M,17,170,10,0.0,10000.0,1.0,1.0,115.3239974975586,0.0,0.0
feature.Height.unmanaged.CWHvm_DR_HW_M,18,180,10,0.0,10000.0,1.0,1.0,120.5719985961914,0.0,0.0
feature.Height.unmanaged.CWHvm_DR_HW_M,19,190,10,0.0,10000.0,1.0,1.0,125.79299926757812,0.0,0.0
feature.Height.unmanaged.CWHvm_DR_HW_M,20,200,10,0.0,10000.0,1.0,1.0,130.9929962158203,0.0,0.0
feature.Height.unmanaged.CWHvm_DR_HW_M,21,210,10,0.0,10000.0,1.0,1.0,136.19200134277344,0.0,0.0
feature.Height.unmanaged.CWHvm_DR_HW_M,22,220,10,0.0,10000.0,1.0,1.0,141.4199981689453,0.0,0.0
feature.Height.unmanaged.CWHvm_DR_HW_M,23,230,10,0.0,10000.0,1.0,1.0,146.6699981689453,0.0,0.0
feature.Height.unmanaged.CWHvm_DR_HW_M,24,240,10,0.0,10000.0,1.0,1.0,151.8979949951172,0.0,0.0
feature.Height.unmanaged.CWHvm_DR_HW_M,25,250,10,0.0,10000.0,1.0,1.0,155.322998046875,0.0,0.0
feature.Height.unmanaged.CWHvm_DR_HW_M,26,260,10,0.0,10000.0,1.0,1.0,156.0959930419922,0.0,0.0
feature.Height.unmanaged.CWHvm_DR_HW_M,27,270,10,0.0,10000.0,1.0,1.0,156.0959930419922,0.0,0.0
feature.Height.unmanaged.CWHvm_DR_HW_M,28,280,10,0.0,10000.0,1.0,1.0,156.0959930419922,0.0,0.0
feature.Height.unmanaged.CWHvm_DR_HW_M,29,290,10,0.0,10000.0,1.0,1.0,156.0959930419922,0.0,0.0
feature.Height.unmanaged.CWHvm_DR_HW_M,30,300,10,0.0,10000.0,1.0,1.0,156.0959930419922,0.0,0.0
feature.Height.unmanaged.CWHvm_FDC_HW_H,0,0,10,0.0,10000.0,1.0,1.0,36.1609992980957,0.0,0.0
feature.Height.unmanaged.CWHvm_FDC_HW_H,1,10,10,0.0,10000.0,1.0,1.0,43.28900146484375,0.0,0.0
feature.Height.unmanaged.CWHvm_FDC_HW_H,2,20,10,0.0,10000.0,1.0,1.0,50.44499969482422,0.0,0.0
feature.Height.unmanaged.CWHvm_FDC_HW_H,3,30,10,0.0,10000.0,1.0,1.0,57.58700180053711,0.0,0.0
feature.Height.unmanaged.CWHvm_FDC_HW_H,4,40,10,0.0,10000.0,1.0,1.0,64.74299621582031,0.0,0.0
feature.Height.unmanaged.CWHvm_FDC_HW_H,5,50,10,0.0,10000.0,1.0,1.0,71.86299896240234,0.0,0.0
feature.Height.unmanaged.CWHvm_FDC_HW_H,6,60,10,0.0,10000.0,1.0,1.0,78.98799896240234,0.0,0.0
feature.Height.unmanaged.CWHvm_FDC_HW_H,7,70,10,0.0,10000.0,1.0,1.0,86.14199829101562,0.0,0.0
feature.Height.unmanaged.CWHvm_FDC_HW_H,8,80,10,0.0,10000.0,1.0,1.0,93.28700256347656,0.0,0.0
feature.Height.unmanaged.CWHvm_FDC_HW_H,9,90,10,0.0,10000.0,1.0,1.0,100.44300079345703,0.0,0.0
feature.Height.unmanaged.CWHvm_FDC_HW_H,10,100,10,0.0,10000.0,1.0,1.0,107.56199645996094,0.0,0.0
feature.Height.unmanaged.CWHvm_FDC_HW_H,11,110,10,0.0,10000.0,1.0,1.0,114.68699645996094,0.0,0.0
feature.Height.unmanaged.CWHvm_FDC_HW_H,12,120,10,0.0,10000.0,1.0,1.0,121.84300231933594,0.0,0.0
feature.Height.unmanaged.CWHvm_FDC_HW_H,13,130,10,0.0,10000.0,1.0,1.0,128.98800659179688,0.0,0.0
feature.Height.unmanaged.CWHvm_FDC_HW_H,14,140,10,0.0,10000.0,1.0,1.0,136.14300537109375,0.0,0.0
feature.Height.unmanaged.CWHvm_FDC_HW_H,15,150,10,0.0,10000.0,1.0,1.0,143.26100158691406,0.0,0.0
feature.Height.unmanaged.CWHvm_FDC_HW_H,16,160,10,0.0,10000.0,1.0,1.0,150.38699340820312,0.0,0.0
feature.Height.unmanaged.CWHvm_FDC_HW_H,17,170,10,0.0,10000.0,1.0,1.0,157.54299926757812,0.0,0.0
feature.Height.unmanaged.CWHvm_FDC_HW_H,18,180,10,0.0,10000.0,1.0,1.0,164.68800354003906,0.0,0.0
feature.Height.unmanaged.CWHvm_FDC_HW_H,19,190,10,0.0,10000.0,1.0,1.0,171.8419952392578,0.0,0.0
feature.Height.unmanaged.CWHvm_FDC_HW_H,20,200,10,0.0,10000.0,1.0,1.0,178.96299743652344,0.0,0.0
feature.Height.unmanaged.CWHvm_FDC_HW_H,21,210,10,0.0,10000.0,1.0,1.0,186.08900451660156,0.0,0.0
feature.Height.unmanaged.CWHvm_FDC_HW_H,22,220,10,0.0,10000.0,1.0,1.0,193.24400329589844,0.0,0.0
feature.Height.unmanaged.CWHvm_FDC_HW_H,23,230,10,0.0,10000.0,1.0,1.0,200.38600158691406,0.0,0.0
feature.Height.unmanaged.CWHvm_FDC_HW_H,24,240,10,0.0,10000.0,1.0,1.0,207.54600524902344,0.0,0.0
feature.Height.unmanaged.CWHvm_FDC_HW_H,25,250,10,0.0,10000.0,1.0,1.0,212.59100341796875,0.0,0.0
feature.Height.unmanaged.CWHvm_FDC_HW_H,26,260,10,0.0,10000.0,1.0,1.0,213.49600219726562,0.0,0.0
feature.Height.unmanaged.CWHvm_FDC_HW_H,27,270,10,0.0,10000.0,1.0,1.0,213.49600219726562,0.0,0.0
feature.Height.unmanaged.CWHvm_FDC_HW_H,28,280,10,0.0,10000.0,1.0,1.0,213.49600219726562,0.0,0.0
feature.Height.unmanaged.CWHvm_FDC_HW_H,29,290,10,0.0,10000.0,1.0,1.0,213.49600219726562,0.0,0.0
feature.Height.unmanaged.CWHvm_FDC_HW_H,30,300,10,0.0,10000.0,1.0,1.0,213.49600219726562,0.0,0.0
feature.Height.unmanaged.CWHvm_FDC_HW_L,0,0,10,0.0,10000.0,1.0,1.0,27.770999908447266,0.0,0.0
feature.Height.unmanaged.CWHvm_FDC_HW_L,1,10,10,0.0,10000.0,1.0,1.0,32.76900100708008,0.0,0.0
feature.Height.unmanaged.CWHvm_FDC_HW_L,2,20,10,0.0,10000.0,1.0,1.0,37.733001708984375,0.0,0.0
feature.Height.unmanaged.CWHvm_FDC_HW_L,3,30,10,0.0,10000.0,1.0,1.0,42.68600082397461,0.0,0.0
feature.Height.unmanaged.CWHvm_FDC_HW_L,4,40,10,0.0,10000.0,1.0,1.0,47.67300033569336,0.0,0.0
feature.Height.unmanaged.CWHvm_FDC_HW_L,5,50,10,0.0,10000.0,1.0,1.0,52.67100143432617,0.0,0.0
feature.Height.unmanaged.CWHvm_FDC_HW_L,6,60,10,0.0,10000.0,1.0,1.0,57.67100143432617,0.0,0.0
feature.Height.unmanaged.CWHvm_FDC_HW_L,7,70,10,0.0,10000.0,1.0,1.0,62.63199996948242,0.0,0.0
feature.Height.unmanaged.CWHvm_FDC_HW_L,8,80,10,0.0,10000.0,1.0,1.0,67.58599853515625,0.0,0.0
feature.Height.unmanaged.CWHvm_FDC_HW_L,9,90,10,0.0,10000.0,1.0,1.0,72.57499694824219,0.0,0.0
feature.Height.unmanaged.CWHvm_FDC_HW_L,10,100,10,0.0,10000.0,1.0,1.0,77.57099914550781,0.0,0.0
feature.Height.unmanaged.CWHvm_FDC_HW_L,11,110,10,0.0,10000.0,1.0,1.0,82.56700134277344,0.0,0.0
feature.Height.unmanaged.CWHvm_FDC_HW_L,12,120,10,0.0,10000.0,1.0,1.0,87.5270004272461,0.0,0.0
feature.Height.unmanaged.CWHvm_FDC_HW_L,13,130,10,0.0,10000.0,1.0,1.0,92.47799682617188,0.0,0.0
feature.Height.unmanaged.CWHvm_FDC_HW_L,14,140,10,0.0,10000.0,1.0,1.0,97.46199798583984,0.0,0.0
feature.Height.unmanaged.CWHvm_FDC_HW_L,15,150,10,0.0,10000.0,1.0,1.0,102.45500183105469,0.0,0.0
feature.Height.unmanaged.CWHvm_FDC_HW_L,16,160,10,0.0,10000.0,1.0,1.0,107.44999694824219,0.0,0.0
feature.Height.unmanaged.CWHvm_FDC_HW_L,17,170,10,0.0,10000.0,1.0,1.0,112.41000366210938,0.0,0.0
feature.Height.unmanaged.CWHvm_FDC_HW_L,18,180,10,0.0,10000.0,1.0,1.0,117.19100189208984,0.0,0.0
feature.Height.unmanaged.CWHvm_FDC_HW_L,19,190,10,0.0,10000.0,1.0,1.0,121.96199798583984,0.0,0.0
feature.Height.unmanaged.CWHvm_FDC_HW_L,20,200,10,0.0,10000.0,1.0,1.0,126.74400329589844,0.0,0.0
feature.Height.unmanaged.CWHvm_FDC_HW_L,21,210,10,0.0,10000.0,1.0,1.0,131.52699279785156,0.0,0.0
feature.Height.unmanaged.CWHvm_FDC_HW_L,22,220,10,0.0,10000.0,1.0,1.0,136.2740020751953,0.0,0.0
feature.Height.unmanaged.CWHvm_FDC_HW_L,23,230,10,0.0,10000.0,1.0,1.0,141.01199340820312,0.0,0.0
feature.Height.unmanaged.CWHvm_FDC_HW_L,24,240,10,0.0,10000.0,1.0,1.0,145.781005859375,0.0,0.0
feature.Height.unmanaged.CWHvm_FDC_HW_L,25,250,10,0.0,10000.0,1.0,1.0,148.46600341796875,0.0,0.0
feature.Height.unmanaged.CWHvm_FDC_HW_L,26,260,10,0.0,10000.0,1.0,1.0,148.89700317382812,0.0,0.0
feature.Height.unmanaged.CWHvm_FDC_HW_L,27,270,10,0.0,10000.0,1.0,1.0,148.89700317382812,0.0,0.0
feature.Height.unmanaged.CWHvm_FDC_HW_L,28,280,10,0.0,10000.0,1.0,1.0,148.89700317382812,0.0,0.0
feature.Height.unmanaged.CWHvm_FDC_HW_L,29,290,10,0.0,10000.0,1.0,1.0,148.89700317382812,0.0,0.0
feature.Height.unmanaged.CWHvm_FDC_HW_L,30,300,10,0.0,10000.0,1.0,1.0,148.89700317382812,0.0,0.0
feature.Height.unmanaged.CWHvm_FDC_HW_M,0,0,10,0.0,10000.0,1.0,1.0,43.891998291015625,0.0,0.0
feature.Height.unmanaged.CWHvm_FDC_HW_M,1,10,10,0.0,10000.0,1.0,1.0,50.428001403808594,0.0,0.0
feature.Height.unmanaged.CWHvm_FDC_HW_M,2,20,10,0.0,10000.0,1.0,1.0,56.98099899291992,0.0,0.0
feature.Height.unmanaged.CWHvm_FDC_HW_M,3,30,10,0.0,10000.0,1.0,1.0,63.5099983215332,0.0,0.0
feature.Height.unmanaged.CWHvm_FDC_HW_M,4,40,10,0.0,10000.0,1.0,1.0,70.072998046875,0.0,0.0
feature.Height.unmanaged.CWHvm_FDC_HW_M,5,50,10,0.0,10000.0,1.0,1.0,76.59100341796875,0.0,0.0
feature.Height.unmanaged.CWHvm_FDC_HW_M,6,60,10,0.0,10000.0,1.0,1.0,83.12799835205078,0.0,0.0
feature.Height.unmanaged.CWHvm_FDC_HW_M,7,70,10,0.0,10000.0,1.0,1.0,89.68399810791016,0.0,0.0
feature.Height.unmanaged.CWHvm_FDC_HW_M,8,80,10,0.0,10000.0,1.0,1.0,96.21099853515625,0.0,0.0
feature.Height.unmanaged.CWHvm_FDC_HW_M,9,90,10,0.0,10000.0,1.0,1.0,102.7750015258789,0.0,0.0
feature.Height.unmanaged.CWHvm_FDC_HW_M,10,100,10,0.0,10000.0,1.0,1.0,109.29100036621094,0.0,0.0
feature.Height.unmanaged.CWHvm_FDC_HW_M,11,110,10,0.0,10000.0,1.0,1.0,115.8280029296875,0.0,0.0
feature.Height.unmanaged.CWHvm_FDC_HW_M,12,120,10,0.0,10000.0,1.0,1.0,122.38300323486328,0.0,0.0
feature.Height.unmanaged.CWHvm_FDC_HW_M,13,130,10,0.0,10000.0,1.0,1.0,128.91200256347656,0.0,0.0
feature.Height.unmanaged.CWHvm_FDC_HW_M,14,140,10,0.0,10000.0,1.0,1.0,135.47500610351562,0.0,0.0
feature.Height.unmanaged.CWHvm_FDC_HW_M,15,150,10,0.0,10000.0,1.0,1.0,141.99000549316406,0.0,0.0
feature.Height.unmanaged.CWHvm_FDC_HW_M,16,160,10,0.0,10000.0,1.0,1.0,148.52699279785156,0.0,0.0
feature.Height.unmanaged.CWHvm_FDC_HW_M,17,170,10,0.0,10000.0,1.0,1.0,155.08299255371094,0.0,0.0
feature.Height.unmanaged.CWHvm_FDC_HW_M,18,180,10,0.0,10000.0,1.0,1.0,161.61199951171875,0.0,0.0
feature.Height.unmanaged.CWHvm_FDC_HW_M,19,190,10,0.0,10000.0,1.0,1.0,168.1750030517578,0.0,0.0
feature.Height.unmanaged.CWHvm_FDC_HW_M,20,200,10,0.0,10000.0,1.0,1.0,174.43299865722656,0.0,0.0
feature.Height.unmanaged.CWHvm_FDC_HW_M,21,210,10,0.0,10000.0,1.0,1.0,179.7259979248047,0.0,0.0
feature.Height.unmanaged.CWHvm_FDC_HW_M,22,220,10,0.0,10000.0,1.0,1.0,185.01199340820312,0.0,0.0
feature.Height.unmanaged.CWHvm_FDC_HW_M,23,230,10,0.0,10000.0,1.0,1.0,189.0449981689453,0.0,0.0
feature.Height.unmanaged.CWHvm_FDC_HW_M,24,240,10,0.0,10000.0,1.0,1.0,192.75999450683594,0.0,0.0
feature.Height.unmanaged.CWHvm_FDC_HW_M,25,250,10,0.0,10000.0,1.0,1.0,195.0989990234375,0.0,0.0
feature.Height.unmanaged.CWHvm_FDC_HW_M,26,260,10,0.0,10000.0,1.0,1.0,195.4980010986328,0.0,0.0
feature.Height.unmanaged.CWHvm_FDC_HW_M,27,270,10,0.0,10000.0,1.0,1.0,195.4980010986328,0.0,0.0
feature.Height.unmanaged.CWHvm_FDC_HW_M,28,280,10,0.0,10000.0,1.0,1.0,195.4980010986328,0.0,0.0
feature.Height.unmanaged.CWHvm_FDC_HW_M,29,290,10,0.0,10000.0,1.0,1.0,195.4980010986328,0.0,0.0
feature.Height.unmanaged.CWHvm_FDC_HW_M,30,300,10,0.0,10000.0,1.0,1.0,195.4980010986328,0.0,0.0
feature.Height.unmanaged.CWHvm_HW_BA_M,0,0,10,0.0,10000.0,1.0,1.0,70.97100067138672,0.0,0.0
feature.Height.unmanaged.CWHvm_HW_BA_M,1,10,10,0.0,10000.0,1.0,1.0,75.76300048828125,0.0,0.0
feature.Height.unmanaged.CWHvm_HW_BA_M,2,20,10,0.0,10000.0,1.0,1.0,80.51200103759766,0.0,0.0
feature.Height.unmanaged.CWHvm_HW_BA_M,3,30,10,0.0,10000.0,1.0,1.0,85.29100036621094,0.0,0.0
feature.Height.unmanaged.CWHvm_HW_BA_M,4,40,10,0.0,10000.0,1.0,1.0,90.08799743652344,0.0,0.0
feature.Height.unmanaged.CWHvm_HW_BA_M,5,50,10,0.0,10000.0,1.0,1.0,94.87000274658203,0.0,0.0
feature.Height.unmanaged.CWHvm_HW_BA_M,6,60,10,0.0,10000.0,1.0,1.0,99.66100311279297,0.0,0.0
feature.Height.unmanaged.CWHvm_HW_BA_M,7,70,10,0.0,10000.0,1.0,1.0,104.36000061035156,0.0,0.0
feature.Height.unmanaged.CWHvm_HW_BA_M,8,80,10,0.0,10000.0,1.0,1.0,109.0739974975586,0.0,0.0
feature.Height.unmanaged.CWHvm_HW_BA_M,9,90,10,0.0,10000.0,1.0,1.0,113.80500030517578,0.0,0.0
feature.Height.unmanaged.CWHvm_HW_BA_M,10,100,10,0.0,10000.0,1.0,1.0,117.1989974975586,0.0,0.0
feature.Height.unmanaged.CWHvm_HW_BA_M,11,110,10,0.0,10000.0,1.0,1.0,120.27400207519531,0.0,0.0
feature.Height.unmanaged.CWHvm_HW_BA_M,12,120,10,0.0,10000.0,1.0,1.0,123.33200073242188,0.0,0.0
feature.Height.unmanaged.CWHvm_HW_BA_M,13,130,10,0.0,10000.0,1.0,1.0,126.40399932861328,0.0,0.0
feature.Height.unmanaged.CWHvm_HW_BA_M,14,140,10,0.0,10000.0,1.0,1.0,129.48800659179688,0.0,0.0
feature.Height.unmanaged.CWHvm_HW_BA_M,15,150,10,0.0,10000.0,1.0,1.0,132.5540008544922,0.0,0.0
feature.Height.unmanaged.CWHvm_HW_BA_M,16,160,10,0.0,10000.0,1.0,1.0,135.6300048828125,0.0,0.0
feature.Height.unmanaged.CWHvm_HW_BA_M,17,170,10,0.0,10000.0,1.0,1.0,138.68299865722656,0.0,0.0
feature.Height.unmanaged.CWHvm_HW_BA_M,18,180,10,0.0,10000.0,1.0,1.0,140.73500061035156,0.0,0.0
feature.Height.unmanaged.CWHvm_HW_BA_M,19,190,10,0.0,10000.0,1.0,1.0,142.53700256347656,0.0,0.0
feature.Height.unmanaged.CWHvm_HW_BA_M,20,200,10,0.0,10000.0,1.0,1.0,142.8979949951172,0.0,0.0
feature.Height.unmanaged.CWHvm_HW_BA_M,21,210,10,0.0,10000.0,1.0,1.0,142.8979949951172,0.0,0.0
feature.Height.unmanaged.CWHvm_HW_BA_M,22,220,10,0.0,10000.0,1.0,1.0,142.8979949951172,0.0,0.0
feature.Height.unmanaged.CWHvm_HW_BA_M,23,230,10,0.0,10000.0,1.0,1.0,142.8979949951172,0.0,0.0
feature.Height.unmanaged.CWHvm_HW_BA_M,24,240,10,0.0,10000.0,1.0,1.0,142.8979949951172,0.0,0.0
feature.Height.unmanaged.CWHvm_HW_BA_M,25,250,10,0.0,10000.0,1.0,1.0,142.8979949951172,0.0,0.0
feature.Height.unmanaged.CWHvm_HW_BA_M,26,260,10,0.0,10000.0,1.0,1.0,142.8979949951172,0.0,0.0
feature.Height.unmanaged.CWHvm_HW_BA_M,27,270,10,0.0,10000.0,1.0,1.0,142.8979949951172,0.0,0.0
feature.Height.unmanaged.CWHvm_HW_BA_M,28,280,10,0.0,10000.0,1.0,1.0,142.8979949951172,0.0,0.0
feature.Height.unmanaged.CWHvm_HW_BA_M,29,290,10,0.0,10000.0,1.0,1.0,142.8979949951172,0.0,0.0
feature.Height.unmanaged.CWHvm_HW_BA_M,30,300,10,0.0,10000.0,1.0,1.0,142.8979949951172,0.0,0.0
feature.Height.unmanaged.CWHvm_HW_CW_H,0,0,10,0.0,10000.0,1.0,1.0,66.18900299072266,0.0,0.0
feature.Height.unmanaged.CWHvm_HW_CW_H,1,10,10,0.0,10000.0,1.0,1.0,71.21099853515625,0.0,0.0
feature.Height.unmanaged.CWHvm_HW_CW_H,2,20,10,0.0,10000.0,1.0,1.0,76.22799682617188,0.0,0.0
feature.Height.unmanaged.CWHvm_HW_CW_H,3,30,10,0.0,10000.0,1.0,1.0,81.23699951171875,0.0,0.0
feature.Height.unmanaged.CWHvm_HW_CW_H,4,40,10,0.0,10000.0,1.0,1.0,86.23799896240234,0.0,0.0
feature.Height.unmanaged.CWHvm_HW_CW_H,5,50,10,0.0,10000.0,1.0,1.0,91.29100036621094,0.0,0.0
feature.Height.unmanaged.CWHvm_HW_CW_H,6,60,10,0.0,10000.0,1.0,1.0,96.31099700927734,0.0,0.0
feature.Height.unmanaged.CWHvm_HW_CW_H,7,70,10,0.0,10000.0,1.0,1.0,101.3290023803711,0.0,0.0
feature.Height.unmanaged.CWHvm_HW_CW_H,8,80,10,0.0,10000.0,1.0,1.0,106.33699798583984,0.0,0.0
feature.Height.unmanaged.CWHvm_HW_CW_H,9,90,10,0.0,10000.0,1.0,1.0,111.33699798583984,0.0,0.0
feature.Height.unmanaged.CWHvm_HW_CW_H,10,100,10,0.0,10000.0,1.0,1.0,116.39099884033203,0.0,0.0
feature.Height.unmanaged.CWHvm_HW_CW_H,11,110,10,0.0,10000.0,1.0,1.0,121.41300201416016,0.0,0.0
feature.Height.unmanaged.CWHvm_HW_CW_H,12,120,10,0.0,10000.0,1.0,1.0,126.42900085449219,0.0,0.0
feature.Height.unmanaged.CWHvm_HW_CW_H,13,130,10,0.0,10000.0,1.0,1.0,130.28399658203125,0.0,0.0
feature.Height.unmanaged.CWHvm_HW_CW_H,14,140,10,0.0,10000.0,1.0,1.0,133.843994140625,0.0,0.0
feature.Height.unmanaged.CWHvm_HW_CW_H,15,150,10,0.0,10000.0,1.0,1.0,137.4340057373047,0.0,0.0
feature.Height.unmanaged.CWHvm_HW_CW_H,16,160,10,0.0,10000.0,1.0,1.0,141.0070037841797,0.0,0.0
feature.Height.unmanaged.CWHvm_HW_CW_H,17,170,10,0.0,10000.0,1.0,1.0,144.5850067138672,0.0,0.0
feature.Height.unmanaged.CWHvm_HW_CW_H,18,180,10,0.0,10000.0,1.0,1.0,146.281005859375,0.0,0.0
feature.Height.unmanaged.CWHvm_HW_CW_H,19,190,10,0.0,10000.0,1.0,1.0,147.5019989013672,0.0,0.0
feature.Height.unmanaged.CWHvm_HW_CW_H,20,200,10,0.0,10000.0,1.0,1.0,148.12100219726562,0.0,0.0
feature.Height.unmanaged.CWHvm_HW_CW_H,21,210,10,0.0,10000.0,1.0,1.0,148.58900451660156,0.0,0.0
feature.Height.unmanaged.CWHvm_HW_CW_H,22,220,10,0.0,10000.0,1.0,1.0,149.06399536132812,0.0,0.0
feature.Height.unmanaged.CWHvm_HW_CW_H,23,230,10,0.0,10000.0,1.0,1.0,149.53500366210938,0.0,0.0
feature.Height.unmanaged.CWHvm_HW_CW_H,24,240,10,0.0,10000.0,1.0,1.0,150.0019989013672,0.0,0.0
feature.Height.unmanaged.CWHvm_HW_CW_H,25,250,10,0.0,10000.0,1.0,1.0,150.0959930419922,0.0,0.0
feature.Height.unmanaged.CWHvm_HW_CW_H,26,260,10,0.0,10000.0,1.0,1.0,150.0959930419922,0.0,0.0
feature.Height.unmanaged.CWHvm_HW_CW_H,27,270,10,0.0,10000.0,1.0,1.0,150.0959930419922,0.0,0.0
feature.Height.unmanaged.CWHvm_HW_CW_H,28,280,10,0.0,10000.0,1.0,1.0,150.0959930419922,0.0,0.0
feature.Height.unmanaged.CWHvm_HW_CW_H,29,290,10,0.0,10000.0,1.0,1.0,150.0959930419922,0.0,0.0
feature.Height.unmanaged.CWHvm_HW_CW_H,30,300,10,0.0,10000.0,1.0,1.0,150.0959930419922,0.0,0.0
feature.Height.unmanaged.CWHvm_HW_CW_L,0,0,10,0.0,10000.0,1.0,1.0,87.55599975585938,0.0,0.0
feature.Height.unmanaged.CWHvm_HW_CW_L,1,10,10,0.0,10000.0,1.0,1.0,89.25599670410156,0.0,0.0
feature.Height.unmanaged.CWHvm_HW_CW_L,2,20,10,0.0,10000.0,1.0,1.0,90.95700073242188,0.0,0.0
feature.Height.unmanaged.CWHvm_HW_CW_L,3,30,10,0.0,10000.0,1.0,1.0,92.63700103759766,0.0,0.0
feature.Height.unmanaged.CWHvm_HW_CW_L,4,40,10,0.0,10000.0,1.0,1.0,94.32599639892578,0.0,0.0
feature.Height.unmanaged.CWHvm_HW_CW_L,5,50,10,0.0,10000.0,1.0,1.0,96.01000213623047,0.0,0.0
feature.Height.unmanaged.CWHvm_HW_CW_L,6,60,10,0.0,10000.0,1.0,1.0,97.26499938964844,0.0,0.0
feature.Height.unmanaged.CWHvm_HW_CW_L,7,70,10,0.0,10000.0,1.0,1.0,97.49600219726562,0.0,0.0
feature.Height.unmanaged.CWHvm_HW_CW_L,8,80,10,0.0,10000.0,1.0,1.0,97.49600219726562,0.0,0.0
feature.Height.unmanaged.CWHvm_HW_CW_L,9,90,10,0.0,10000.0,1.0,1.0,97.49600219726562,0.0,0.0
feature.Height.unmanaged.CWHvm_HW_CW_L,10,100,10,0.0,10000.0,1.0,1.0,97.49600219726562,0.0,0.0
feature.Height.unmanaged.CWHvm_HW_CW_L,11,110,10,0.0,10000.0,1.0,1.0,97.49600219726562,0.0,0.0
feature.Height.unmanaged.CWHvm_HW_CW_L,12,120,10,0.0,10000.0,1.0,1.0,97.49600219726562,0.0,0.0
feature.Height.unmanaged.CWHvm_HW_CW_L,13,130,10,0.0,10000.0,1.0,1.0,97.49600219726562,0.0,0.0
feature.Height.unmanaged.CWHvm_HW_CW_L,14,140,10,0.0,10000.0,1.0,1.0,97.49600219726562,0.0,0.0
feature.Height.unmanaged.CWHvm_HW_CW_L,15,150,10,0.0,10000.0,1.0,1.0,97.49600219726562,0.0,0.0
feature.Height.unmanaged.CWHvm_HW_CW_L,16,160,10,0.0,10000.0,1.0,1.0,97.49600219726562,0.0,0.0
feature.Height.unmanaged.CWHvm_HW_CW_L,17,170,10,0.0,10000.0,1.0,1.0,97.49600219726562,0.0,0.0
feature.Height.unmanaged.CWHvm_HW_CW_L,18,180,10,0.0,10000.0,1.0,1.0,97.49600219726562,0.0,0.0
feature.Height.unmanaged.CWHvm_HW_CW_L,19,190,10,0.0,10000.0,1.0,1.0,97.49600219726562,0.0,0.0
feature.Height.unmanaged.CWHvm_HW_CW_L,20,200,10,0.0,10000.0,1.0,1.0,97.49600219726562,0.0,0.0
feature.Height.unmanaged.CWHvm_HW_CW_L,21,210,10,0.0,10000.0,1.0,1.0,97.49600219726562,0.0,0.0
feature.Height.unmanaged.CWHvm_HW_CW_L,22,220,10,0.0,10000.0,1.0,1.0,97.49600219726562,0.0,0.0
feature.Height.unmanaged.CWHvm_HW_CW_L,23,230,10,0.0,10000.0,1.0,1.0,97.49600219726562,0.0,0.0
feature.Height.unmanaged.CWHvm_HW_CW_L,24,240,10,0.0,10000.0,1.0,1.0,97.49600219726562,0.0,0.0
feature.Height.unmanaged.CWHvm_HW_CW_L,25,250,10,0.0,10000.0,1.0,1.0,97.49600219726562,0.0,0.0
feature.Height.unmanaged.CWHvm_HW_CW_L,26,260,10,0.0,10000.0,1.0,1.0,97.49600219726562,0.0,0.0
feature.Height.unmanaged.CWHvm_HW_CW_L,27,270,10,0.0,10000.0,1.0,1.0,97.49600219726562,0.0,0.0
feature.Height.unmanaged.CWHvm_HW_CW_L,28,280,10,0.0,10000.0,1.0,1.0,97.49600219726562,0.0,0.0
feature.Height.unmanaged.CWHvm_HW_CW_L,29,290,10,0.0,10000.0,1.0,1.0,97.49600219726562,0.0,0.0
feature.Height.unmanaged.CWHvm_HW_CW_L,30,300,10,0.0,10000.0,1.0,1.0,97.49600219726562,0.0,0.0
feature.Height.unmanaged.CWHvm_HW_CW_M,0,0,10,0.0,10000.0,1.0,1.0,44.90999984741211,0.0,0.0
feature.Height.unmanaged.CWHvm_HW_CW_M,1,10,10,0.0,10000.0,1.0,1.0,49.00899887084961,0.0,0.0
feature.Height.unmanaged.CWHvm_HW_CW_M,2,20,10,0.0,10000.0,1.0,1.0,53.108001708984375,0.0,0.0
feature.Height.unmanaged.CWHvm_HW_CW_M,3,30,10,0.0,10000.0,1.0,1.0,57.20899963378906,0.0,0.0
feature.Height.unmanaged.CWHvm_HW_CW_M,4,40,10,0.0,10000.0,1.0,1.0,61.308998107910156,0.0,0.0
feature.Height.unmanaged.CWHvm_HW_CW_M,5,50,10,0.0,10000.0,1.0,1.0,65.40899658203125,0.0,0.0
feature.Height.unmanaged.CWHvm_HW_CW_M,6,60,10,0.0,10000.0,1.0,1.0,69.51000213623047,0.0,0.0
feature.Height.unmanaged.CWHvm_HW_CW_M,7,70,10,0.0,10000.0,1.0,1.0,73.60800170898438,0.0,0.0
feature.Height.unmanaged.CWHvm_HW_CW_M,8,80,10,0.0,10000.0,1.0,1.0,77.70899963378906,0.0,0.0
feature.Height.unmanaged.CWHvm_HW_CW_M,9,90,10,0.0,10000.0,1.0,1.0,81.80799865722656,0.0,0.0
feature.Height.unmanaged.CWHvm_HW_CW_M,10,100,10,0.0,10000.0,1.0,1.0,85.90799713134766,0.0,0.0
feature.Height.unmanaged.CWHvm_HW_CW_M,11,110,10,0.0,10000.0,1.0,1.0,90.00900268554688,0.0,0.0
feature.Height.unmanaged.CWHvm_HW_CW_M,12,120,10,0.0,10000.0,1.0,1.0,94.11000061035156,0.0,0.0
feature.Height.unmanaged.CWHvm_HW_CW_M,13,130,10,0.0,10000.0,1.0,1.0,97.55000305175781,0.0,0.0
feature.Height.unmanaged.CWHvm_HW_CW_M,14,140,10,0.0,10000.0,1.0,1.0,100.822998046875,0.0,0.0
feature.Height.unmanaged.CWHvm_HW_CW_M,15,150,10,0.0,10000.0,1.0,1.0,104.09500122070312,0.0,0.0
feature.Height.unmanaged.CWHvm_HW_CW_M,16,160,10,0.0,10000.0,1.0,1.0,107.36900329589844,0.0,0.0
feature.Height.unmanaged.CWHvm_HW_CW_M,17,170,10,0.0,10000.0,1.0,1.0,110.64600372314453,0.0,0.0
feature.Height.unmanaged.CWHvm_HW_CW_M,18,180,10,0.0,10000.0,1.0,1.0,112.4990005493164,0.0,0.0
feature.Height.unmanaged.CWHvm_HW_CW_M,19,190,10,0.0,10000.0,1.0,1.0,113.99500274658203,0.0,0.0
feature.Height.unmanaged.CWHvm_HW_CW_M,20,200,10,0.0,10000.0,1.0,1.0,115.49299621582031,0.0,0.0
feature.Height.unmanaged.CWHvm_HW_CW_M,21,210,10,0.0,10000.0,1.0,1.0,116.98999786376953,0.0,0.0
feature.Height.unmanaged.CWHvm_HW_CW_M,22,220,10,0.0,10000.0,1.0,1.0,118.48699951171875,0.0,0.0
feature.Height.unmanaged.CWHvm_HW_CW_M,23,230,10,0.0,10000.0,1.0,1.0,119.98500061035156,0.0,0.0
feature.Height.unmanaged.CWHvm_HW_CW_M,24,240,10,0.0,10000.0,1.0,1.0,121.48400115966797,0.0,0.0
feature.Height.unmanaged.CWHvm_HW_CW_M,25,250,10,0.0,10000.0,1.0,1.0,122.10900115966797,0.0,0.0
feature.Height.unmanaged.CWHvm_HW_CW_M,26,260,10,0.0,10000.0,1.0,1.0,122.51599884033203,0.0,0.0
feature.Height.unmanaged.CWHvm_HW_CW_M,27,270,10,0.0,10000.0,1.0,1.0,122.5979995727539,0.0,0.0
feature.Height.unmanaged.CWHvm_HW_CW_M,28,280,10,0.0,10000.0,1.0,1.0,122.5979995727539,0.0,0.0
feature.Height.unmanaged.CWHvm_HW_CW_M,29,290,10,0.0,10000.0,1.0,1.0,122.5979995727539,0.0,0.0
feature.Height.unmanaged.CWHvm_HW_CW_M,30,300,10,0.0,10000.0,1.0,1.0,122.5979995727539,0.0,0.0
feature.Height.unmanaged.CWHvm_HW_FDC_H,0,0,10,0.0,10000.0,1.0,1.0,43.64699935913086,0.0,0.0
feature.Height.unmanaged.CWHvm_HW_FDC_H,1,10,10,0.0,10000.0,1.0,1.0,49.9370002746582,0.0,0.0
feature.Height.unmanaged.CWHvm_HW_FDC_H,2,20,10,0.0,10000.0,1.0,1.0,56.19599914550781,0.0,0.0
feature.Height.unmanaged.CWHvm_HW_FDC_H,3,30,10,0.0,10000.0,1.0,1.0,62.45899963378906,0.0,0.0
feature.Height.unmanaged.CWHvm_HW_FDC_H,4,40,10,0.0,10000.0,1.0,1.0,68.7509994506836,0.0,0.0
feature.Height.unmanaged.CWHvm_HW_FDC_H,5,50,10,0.0,10000.0,1.0,1.0,75.0469970703125,0.0,0.0
feature.Height.unmanaged.CWHvm_HW_FDC_H,6,60,10,0.0,10000.0,1.0,1.0,81.33699798583984,0.0,0.0
feature.Height.unmanaged.CWHvm_HW_FDC_H,7,70,10,0.0,10000.0,1.0,1.0,87.59500122070312,0.0,0.0
feature.Height.unmanaged.CWHvm_HW_FDC_H,8,80,10,0.0,10000.0,1.0,1.0,93.85800170898438,0.0,0.0
feature.Height.unmanaged.CWHvm_HW_FDC_H,9,90,10,0.0,10000.0,1.0,1.0,100.15399932861328,0.0,0.0
feature.Height.unmanaged.CWHvm_HW_FDC_H,10,100,10,0.0,10000.0,1.0,1.0,106.447998046875,0.0,0.0
feature.Height.unmanaged.CWHvm_HW_FDC_H,11,110,10,0.0,10000.0,1.0,1.0,112.73899841308594,0.0,0.0
feature.Height.unmanaged.CWHvm_HW_FDC_H,12,120,10,0.0,10000.0,1.0,1.0,118.99500274658203,0.0,0.0
feature.Height.unmanaged.CWHvm_HW_FDC_H,13,130,10,0.0,10000.0,1.0,1.0,125.26100158691406,0.0,0.0
feature.Height.unmanaged.CWHvm_HW_FDC_H,14,140,10,0.0,10000.0,1.0,1.0,131.55499267578125,0.0,0.0
feature.Height.unmanaged.CWHvm_HW_FDC_H,15,150,10,0.0,10000.0,1.0,1.0,137.84800720214844,0.0,0.0
feature.Height.unmanaged.CWHvm_HW_FDC_H,16,160,10,0.0,10000.0,1.0,1.0,144.13600158691406,0.0,0.0
feature.Height.unmanaged.CWHvm_HW_FDC_H,17,170,10,0.0,10000.0,1.0,1.0,150.39700317382812,0.0,0.0
feature.Height.unmanaged.CWHvm_HW_FDC_H,18,180,10,0.0,10000.0,1.0,1.0,156.16200256347656,0.0,0.0
feature.Height.unmanaged.CWHvm_HW_FDC_H,19,190,10,0.0,10000.0,1.0,1.0,161.83099365234375,0.0,0.0
feature.Height.unmanaged.CWHvm_HW_FDC_H,20,200,10,0.0,10000.0,1.0,1.0,166.88999938964844,0.0,0.0
feature.Height.unmanaged.CWHvm_HW_FDC_H,21,210,10,0.0,10000.0,1.0,1.0,171.65199279785156,0.0,0.0
feature.Height.unmanaged.CWHvm_HW_FDC_H,22,220,10,0.0,10000.0,1.0,1.0,176.38699340820312,0.0,0.0
feature.Height.unmanaged.CWHvm_HW_FDC_H,23,230,10,0.0,10000.0,1.0,1.0,181.1300048828125,0.0,0.0
feature.Height.unmanaged.CWHvm_HW_FDC_H,24,240,10,0.0,10000.0,1.0,1.0,185.38999938964844,0.0,0.0
feature.Height.unmanaged.CWHvm_HW_FDC_H,25,250,10,0.0,10000.0,1.0,1.0,187.4720001220703,0.0,0.0
feature.Height.unmanaged.CWHvm_HW_FDC_H,26,260,10,0.0,10000.0,1.0,1.0,187.78500366210938,0.0,0.0
feature.Height.unmanaged.CWHvm_HW_FDC_H,27,270,10,0.0,10000.0,1.0,1.0,187.78500366210938,0.0,0.0
feature.Height.unmanaged.CWHvm_HW_FDC_H,28,280,10,0.0,10000.0,1.0,1.0,187.78500366210938,0.0,0.0
feature.Height.unmanaged.CWHvm_HW_FDC_H,29,290,10,0.0,10000.0,1.0,1.0,187.78500366210938,0.0,0.0
feature.Height.unmanaged.CWHvm_HW_FDC_H,30,300,10,0.0,10000.0,1.0,1.0,187.78500366210938,0.0,0.0
feature.Height.unmanaged.CWHvm_HW_FDC_L,0,0,10,0.0,10000.0,1.0,1.0,35.5989990234375,0.0,0.0
feature.Height.unmanaged.CWHvm_HW_FDC_L,1,10,10,0.0,10000.0,1.0,1.0,40.387001037597656,0.0,0.0
feature.Height.unmanaged.CWHvm_HW_FDC_L,2,20,10,0.0,10000.0,1.0,1.0,45.16400146484375,0.0,0.0
feature.Height.unmanaged.CWHvm_HW_FDC_L,3,30,10,0.0,10000.0,1.0,1.0,49.93299865722656,0.0,0.0
feature.Height.unmanaged.CWHvm_HW_FDC_L,4,40,10,0.0,10000.0,1.0,1.0,54.724998474121094,0.0,0.0
feature.Height.unmanaged.CWHvm_HW_FDC_L,5,50,10,0.0,10000.0,1.0,1.0,59.5,0.0,0.0
feature.Height.unmanaged.CWHvm_HW_FDC_L,6,60,10,0.0,10000.0,1.0,1.0,64.28700256347656,0.0,0.0
feature.Height.unmanaged.CWHvm_HW_FDC_L,7,70,10,0.0,10000.0,1.0,1.0,69.06500244140625,0.0,0.0
feature.Height.unmanaged.CWHvm_HW_FDC_L,8,80,10,0.0,10000.0,1.0,1.0,73.83300018310547,0.0,0.0
feature.Height.unmanaged.CWHvm_HW_FDC_L,9,90,10,0.0,10000.0,1.0,1.0,78.6259994506836,0.0,0.0
feature.Height.unmanaged.CWHvm_HW_FDC_L,10,100,10,0.0,10000.0,1.0,1.0,83.4000015258789,0.0,0.0
feature.Height.unmanaged.CWHvm_HW_FDC_L,11,110,10,0.0,10000.0,1.0,1.0,88.18699645996094,0.0,0.0
feature.Height.unmanaged.CWHvm_HW_FDC_L,12,120,10,0.0,10000.0,1.0,1.0,92.96499633789062,0.0,0.0
feature.Height.unmanaged.CWHvm_HW_FDC_L,13,130,10,0.0,10000.0,1.0,1.0,97.73500061035156,0.0,0.0
feature.Height.unmanaged.CWHvm_HW_FDC_L,14,140,10,0.0,10000.0,1.0,1.0,102.5250015258789,0.0,0.0
feature.Height.unmanaged.CWHvm_HW_FDC_L,15,150,10,0.0,10000.0,1.0,1.0,107.30000305175781,0.0,0.0
feature.Height.unmanaged.CWHvm_HW_FDC_L,16,160,10,0.0,10000.0,1.0,1.0,112.08699798583984,0.0,0.0
feature.Height.unmanaged.CWHvm_HW_FDC_L,17,170,10,0.0,10000.0,1.0,1.0,116.86100006103516,0.0,0.0
feature.Height.unmanaged.CWHvm_HW_FDC_L,18,180,10,0.0,10000.0,1.0,1.0,120.62100219726562,0.0,0.0
feature.Height.unmanaged.CWHvm_HW_FDC_L,19,190,10,0.0,10000.0,1.0,1.0,124.15399932861328,0.0,0.0
feature.Height.unmanaged.CWHvm_HW_FDC_L,20,200,10,0.0,10000.0,1.0,1.0,127.68800354003906,0.0,0.0
feature.Height.unmanaged.CWHvm_HW_FDC_L,21,210,10,0.0,10000.0,1.0,1.0,131.2270050048828,0.0,0.0
feature.Height.unmanaged.CWHvm_HW_FDC_L,22,220,10,0.0,10000.0,1.0,1.0,134.7449951171875,0.0,0.0
feature.Height.unmanaged.CWHvm_HW_FDC_L,23,230,10,0.0,10000.0,1.0,1.0,137.8560028076172,0.0,0.0
feature.Height.unmanaged.CWHvm_HW_FDC_L,24,240,10,0.0,10000.0,1.0,1.0,140.8350067138672,0.0,0.0
feature.Height.unmanaged.CWHvm_HW_FDC_L,25,250,10,0.0,10000.0,1.0,1.0,142.5989990234375,0.0,0.0
feature.Height.unmanaged.CWHvm_HW_FDC_L,26,260,10,0.0,10000.0,1.0,1.0,142.89199829101562,0.0,0.0
feature.Height.unmanaged.CWHvm_HW_FDC_L,27,270,10,0.0,10000.0,1.0,1.0,142.89199829101562,0.0,0.0
feature.Height.unmanaged.CWHvm_HW_FDC_L,28,280,10,0.0,10000.0,1.0,1.0,142.89199829101562,0.0,0.0
feature.Height.unmanaged.CWHvm_HW_FDC_L,29,290,10,0.0,10000.0,1.0,1.0,142.89199829101562,0.0,0.0
feature.Height.unmanaged.CWHvm_HW_FDC_L,30,300,10,0.0,10000.0,1.0,1.0,142.89199829101562,0.0,0.0
feature.Height.unmanaged.CWHvm_HW_SS_M,0,0,10,0.0,10000.0,1.0,1.0,36.70500183105469,0.0,0.0
feature.Height.unmanaged.CWHvm_HW_SS_M,1,10,10,0.0,10000.0,1.0,1.0,42.37799835205078,0.0,0.0
feature.Height.unmanaged.CWHvm_HW_SS_M,2,20,10,0.0,10000.0,1.0,1.0,48.007999420166016,0.0,0.0
feature.Height.unmanaged.CWHvm_HW_SS_M,3,30,10,0.0,10000.0,1.0,1.0,53.678001403808594,0.0,0.0
feature.Height.unmanaged.CWHvm_HW_SS_M,4,40,10,0.0,10000.0,1.0,1.0,59.37099838256836,0.0,0.0
feature.Height.unmanaged.CWHvm_HW_SS_M,5,50,10,0.0,10000.0,1.0,1.0,65.00399780273438,0.0,0.0
feature.Height.unmanaged.CWHvm_HW_SS_M,6,60,10,0.0,10000.0,1.0,1.0,70.6780014038086,0.0,0.0
feature.Height.unmanaged.CWHvm_HW_SS_M,7,70,10,0.0,10000.0,1.0,1.0,76.30799865722656,0.0,0.0
feature.Height.unmanaged.CWHvm_HW_SS_M,8,80,10,0.0,10000.0,1.0,1.0,81.97799682617188,0.0,0.0
feature.Height.unmanaged.CWHvm_HW_SS_M,9,90,10,0.0,10000.0,1.0,1.0,87.6709976196289,0.0,0.0
feature.Height.unmanaged.CWHvm_HW_SS_M,10,100,10,0.0,10000.0,1.0,1.0,93.30500030517578,0.0,0.0
feature.Height.unmanaged.CWHvm_HW_SS_M,11,110,10,0.0,10000.0,1.0,1.0,98.97799682617188,0.0,0.0
feature.Height.unmanaged.CWHvm_HW_SS_M,12,120,10,0.0,10000.0,1.0,1.0,104.60800170898438,0.0,0.0
feature.Height.unmanaged.CWHvm_HW_SS_M,13,130,10,0.0,10000.0,1.0,1.0,110.27799987792969,0.0,0.0
feature.Height.unmanaged.CWHvm_HW_SS_M,14,140,10,0.0,10000.0,1.0,1.0,115.97000122070312,0.0,0.0
feature.Height.unmanaged.CWHvm_HW_SS_M,15,150,10,0.0,10000.0,1.0,1.0,121.6050033569336,0.0,0.0
feature.Height.unmanaged.CWHvm_HW_SS_M,16,160,10,0.0,10000.0,1.0,1.0,127.2770004272461,0.0,0.0
feature.Height.unmanaged.CWHvm_HW_SS_M,17,170,10,0.0,10000.0,1.0,1.0,132.9080047607422,0.0,0.0
feature.Height.unmanaged.CWHvm_HW_SS_M,18,180,10,0.0,10000.0,1.0,1.0,138.5780029296875,0.0,0.0
feature.Height.unmanaged.CWHvm_HW_SS_M,19,190,10,0.0,10000.0,1.0,1.0,144.27099609375,0.0,0.0
feature.Height.unmanaged.CWHvm_HW_SS_M,20,200,10,0.0,10000.0,1.0,1.0,149.9040069580078,0.0,0.0
feature.Height.unmanaged.CWHvm_HW_SS_M,21,210,10,0.0,10000.0,1.0,1.0,155.5780029296875,0.0,0.0
feature.Height.unmanaged.CWHvm_HW_SS_M,22,220,10,0.0,10000.0,1.0,1.0,161.20899963378906,0.0,0.0
feature.Height.unmanaged.CWHvm_HW_SS_M,23,230,10,0.0,10000.0,1.0,1.0,166.85699462890625,0.0,0.0
feature.Height.unmanaged.CWHvm_HW_SS_M,24,240,10,0.0,10000.0,1.0,1.0,168.4720001220703,0.0,0.0
feature.Height.unmanaged.CWHvm_HW_SS_M,25,250,10,0.0,10000.0,1.0,1.0,169.07699584960938,0.0,0.0
feature.Height.unmanaged.CWHvm_HW_SS_M,26,260,10,0.0,10000.0,1.0,1.0,169.19900512695312,0.0,0.0
feature.Height.unmanaged.CWHvm_HW_SS_M,27,270,10,0.0,10000.0,1.0,1.0,169.19900512695312,0.0,0.0
feature.Height.unmanaged.CWHvm_HW_SS_M,28,280,10,0.0,10000.0,1.0,1.0,169.19900512695312,0.0,0.0
feature.Height.unmanaged.CWHvm_HW_SS_M,29,290,10,0.0,10000.0,1.0,1.0,169.19900512695312,0.0,0.0
feature.Height.unmanaged.CWHvm_HW_SS_M,30,300,10,0.0,10000.0,1.0,1.0,169.19900512695312,0.0,0.0
feature.QMD.managed.CWHvm_CW_HW_M,0,0,10,0.0,10000.0,1.0,1.0,14.394000053405762,0.0,0.0
feature.QMD.managed.CWHvm_CW_HW_M,1,10,10,0.0,10000.0,1.0,1.0,13.168999671936035,0.0,0.0
feature.QMD.managed.CWHvm_CW_HW_M,2,20,10,0.0,10000.0,1.0,1.0,14.402000427246094,0.0,0.0
feature.QMD.managed.CWHvm_CW_HW_M,3,30,10,0.0,10000.0,1.0,1.0,15.89900016784668,0.0,0.0
feature.QMD.managed.CWHvm_CW_HW_M,4,40,10,0.0,10000.0,1.0,1.0,17.336000442504883,0.0,0.0
feature.QMD.managed.CWHvm_CW_HW_M,5,50,10,0.0,10000.0,1.0,1.0,15.404999732971191,0.0,0.0
feature.QMD.managed.CWHvm_CW_HW_M,6,60,10,0.0,10000.0,1.0,1.0,16.604000091552734,0.0,0.0
feature.QMD.managed.CWHvm_CW_HW_M,7,70,10,0.0,10000.0,1.0,1.0,17.652000427246094,0.0,0.0
feature.QMD.managed.CWHvm_CW_HW_M,8,80,10,0.0,10000.0,1.0,1.0,18.812999725341797,0.0,0.0
feature.QMD.managed.CWHvm_CW_HW_M,9,90,10,0.0,10000.0,1.0,1.0,20.398000717163086,0.0,0.0
feature.QMD.managed.CWHvm_CW_HW_M,10,100,10,0.0,10000.0,1.0,1.0,20.011999130249023,0.0,0.0
feature.QMD.managed.CWHvm_CW_HW_M,11,110,10,0.0,10000.0,1.0,1.0,8.376999855041504,0.0,0.0
feature.QMD.managed.CWHvm_CW_HW_M,12,120,10,0.0,10000.0,1.0,1.0,8.928999900817871,0.0,0.0
feature.QMD.managed.CWHvm_CW_HW_M,13,130,10,0.0,10000.0,1.0,1.0,8.581999778747559,0.0,0.0
feature.QMD.managed.CWHvm_CW_HW_M,14,140,10,0.0,10000.0,1.0,1.0,9.491000175476074,0.0,0.0
feature.QMD.managed.CWHvm_CW_HW_M,15,150,10,0.0,10000.0,1.0,1.0,10.795999526977539,0.0,0.0
feature.QMD.managed.CWHvm_CW_HW_M,16,160,10,0.0,10000.0,1.0,1.0,12.88599967956543,0.0,0.0
feature.QMD.managed.CWHvm_CW_HW_M,17,170,10,0.0,10000.0,1.0,1.0,10.920999526977539,0.0,0.0
feature.QMD.managed.CWHvm_CW_HW_M,18,180,10,0.0,10000.0,1.0,1.0,13.017000198364258,0.0,0.0
feature.QMD.managed.CWHvm_CW_HW_M,19,190,10,0.0,10000.0,1.0,1.0,14.793000221252441,0.0,0.0
feature.QMD.managed.CWHvm_CW_HW_M,20,200,10,0.0,10000.0,1.0,1.0,16.600000381469727,0.0,0.0
feature.QMD.managed.CWHvm_CW_HW_M,21,210,10,0.0,10000.0,1.0,1.0,18.659000396728516,0.0,0.0
feature.QMD.managed.CWHvm_CW_HW_M,22,220,10,0.0,10000.0,1.0,1.0,20.222000122070312,0.0,0.0
feature.QMD.managed.CWHvm_CW_HW_M,23,230,10,0.0,10000.0,1.0,1.0,21.28499984741211,0.0,0.0
feature.QMD.managed.CWHvm_CW_HW_M,24,240,10,0.0,10000.0,1.0,1.0,22.114999771118164,0.0,0.0
feature.QMD.managed.CWHvm_CW_HW_M,25,250,10,0.0,10000.0,1.0,1.0,13.840999603271484,0.0,0.0
feature.QMD.managed.CWHvm_CW_HW_M,26,260,10,0.0,10000.0,1.0,1.0,9.194000244140625,0.0,0.0
feature.QMD.managed.CWHvm_CW_HW_M,27,270,10,0.0,10000.0,1.0,1.0,8.37600040435791,0.0,0.0
feature.QMD.managed.CWHvm_CW_HW_M,28,280,10,0.0,10000.0,1.0,1.0,3.7019999027252197,0.0,0.0
feature.QMD.managed.CWHvm_CW_HW_M,29,290,10,0.0,10000.0,1.0,1.0,5.553999900817871,0.0,0.0
feature.QMD.managed.CWHvm_CW_HW_M,30,300,10,0.0,10000.0,1.0,1.0,6.696000099182129,0.0,0.0
feature.QMD.managed.CWHvm_DR_HW_M,0,0,10,0.0,10000.0,1.0,1.0,22.41200065612793,0.0,0.0
feature.QMD.managed.CWHvm_DR_HW_M,1,10,10,0.0,10000.0,1.0,1.0,24.73900032043457,0.0,0.0
feature.QMD.managed.CWHvm_DR_HW_M,2,20,10,0.0,10000.0,1.0,1.0,24.44700050354004,0.0,0.0
feature.QMD.managed.CWHvm_DR_HW_M,3,30,10,0.0,10000.0,1.0,1.0,25.63599967956543,0.0,0.0
feature.QMD.managed.CWHvm_DR_HW_M,4,40,10,0.0,10000.0,1.0,1.0,24.68000030517578,0.0,0.0
feature.QMD.managed.CWHvm_DR_HW_M,5,50,10,0.0,10000.0,1.0,1.0,17.80699920654297,0.0,0.0
feature.QMD.managed.CWHvm_DR_HW_M,6,60,10,0.0,10000.0,1.0,1.0,15.239999771118164,0.0,0.0
feature.QMD.managed.CWHvm_DR_HW_M,7,70,10,0.0,10000.0,1.0,1.0,18.798999786376953,0.0,0.0
feature.QMD.managed.CWHvm_DR_HW_M,8,80,10,0.0,10000.0,1.0,1.0,14.557999610900879,0.0,0.0
feature.QMD.managed.CWHvm_DR_HW_M,9,90,10,0.0,10000.0,1.0,1.0,17.927000045776367,0.0,0.0
feature.QMD.managed.CWHvm_DR_HW_M,10,100,10,0.0,10000.0,1.0,1.0,22.415000915527344,0.0,0.0
feature.QMD.managed.CWHvm_DR_HW_M,11,110,10,0.0,10000.0,1.0,1.0,25.107999801635742,0.0,0.0
feature.QMD.managed.CWHvm_DR_HW_M,12,120,10,0.0,10000.0,1.0,1.0,23.516000747680664,0.0,0.0
feature.QMD.managed.CWHvm_DR_HW_M,13,130,10,0.0,10000.0,1.0,1.0,20.9689998626709,0.0,0.0
feature.QMD.managed.CWHvm_DR_HW_M,14,140,10,0.0,10000.0,1.0,1.0,22.679000854492188,0.0,0.0
feature.QMD.managed.CWHvm_DR_HW_M,15,150,10,0.0,10000.0,1.0,1.0,24.820999145507812,0.0,0.0
feature.QMD.managed.CWHvm_DR_HW_M,16,160,10,0.0,10000.0,1.0,1.0,17.827999114990234,0.0,0.0
feature.QMD.managed.CWHvm_DR_HW_M,17,170,10,0.0,10000.0,1.0,1.0,18.70800018310547,0.0,0.0
feature.QMD.managed.CWHvm_DR_HW_M,18,180,10,0.0,10000.0,1.0,1.0,21.709999084472656,0.0,0.0
feature.QMD.managed.CWHvm_DR_HW_M,19,190,10,0.0,10000.0,1.0,1.0,25.06399917602539,0.0,0.0
feature.QMD.managed.CWHvm_DR_HW_M,20,200,10,0.0,10000.0,1.0,1.0,17.55299949645996,0.0,0.0
feature.QMD.managed.CWHvm_DR_HW_M,21,210,10,0.0,10000.0,1.0,1.0,17.274999618530273,0.0,0.0
feature.QMD.managed.CWHvm_DR_HW_M,22,220,10,0.0,10000.0,1.0,1.0,17.429000854492188,0.0,0.0
feature.QMD.managed.CWHvm_DR_HW_M,23,230,10,0.0,10000.0,1.0,1.0,20.483999252319336,0.0,0.0
feature.QMD.managed.CWHvm_DR_HW_M,24,240,10,0.0,10000.0,1.0,1.0,23.676000595092773,0.0,0.0
feature.QMD.managed.CWHvm_DR_HW_M,25,250,10,0.0,10000.0,1.0,1.0,24.597999572753906,0.0,0.0
feature.QMD.managed.CWHvm_DR_HW_M,26,260,10,0.0,10000.0,1.0,1.0,22.381999969482422,0.0,0.0
feature.QMD.managed.CWHvm_DR_HW_M,27,270,10,0.0,10000.0,1.0,1.0,11.10099983215332,0.0,0.0
feature.QMD.managed.CWHvm_DR_HW_M,28,280,10,0.0,10000.0,1.0,1.0,11.439000129699707,0.0,0.0
feature.QMD.managed.CWHvm_DR_HW_M,29,290,10,0.0,10000.0,1.0,1.0,14.730999946594238,0.0,0.0
feature.QMD.managed.CWHvm_DR_HW_M,30,300,10,0.0,10000.0,1.0,1.0,14.873000144958496,0.0,0.0
feature.QMD.managed.CWHvm_FDC_HW_H,0,0,10,0.0,10000.0,1.0,1.0,29.121000289916992,0.0,0.0
feature.QMD.managed.CWHvm_FDC_HW_H,1,10,10,0.0,10000.0,1.0,1.0,27.38599967956543,0.0,0.0
feature.QMD.managed.CWHvm_FDC_HW_H,2,20,10,0.0,10000.0,1.0,1.0,24.433000564575195,0.0,0.0
feature.QMD.managed.CWHvm_FDC_HW_H,3,30,10,0.0,10000.0,1.0,1.0,22.086000442504883,0.0,0.0
feature.QMD.managed.CWHvm_FDC_HW_H,4,40,10,0.0,10000.0,1.0,1.0,23.01099967956543,0.0,0.0
feature.QMD.managed.CWHvm_FDC_HW_H,5,50,10,0.0,10000.0,1.0,1.0,27.18000030517578,0.0,0.0
feature.QMD.managed.CWHvm_FDC_HW_H,6,60,10,0.0,10000.0,1.0,1.0,28.527000427246094,0.0,0.0
feature.QMD.managed.CWHvm_FDC_HW_H,7,70,10,0.0,10000.0,1.0,1.0,22.958999633789062,0.0,0.0
feature.QMD.managed.CWHvm_FDC_HW_H,8,80,10,0.0,10000.0,1.0,1.0,24.09600067138672,0.0,0.0
feature.QMD.managed.CWHvm_FDC_HW_H,9,90,10,0.0,10000.0,1.0,1.0,20.673999786376953,0.0,0.0
feature.QMD.managed.CWHvm_FDC_HW_H,10,100,10,0.0,10000.0,1.0,1.0,22.54599952697754,0.0,0.0
feature.QMD.managed.CWHvm_FDC_HW_H,11,110,10,0.0,10000.0,1.0,1.0,24.243000030517578,0.0,0.0
feature.QMD.managed.CWHvm_FDC_HW_H,12,120,10,0.0,10000.0,1.0,1.0,24.202999114990234,0.0,0.0
feature.QMD.managed.CWHvm_FDC_HW_H,13,130,10,0.0,10000.0,1.0,1.0,26.593000411987305,0.0,0.0
feature.QMD.managed.CWHvm_FDC_HW_H,14,140,10,0.0,10000.0,1.0,1.0,22.110000610351562,0.0,0.0
feature.QMD.managed.CWHvm_FDC_HW_H,15,150,10,0.0,10000.0,1.0,1.0,18.128999710083008,0.0,0.0
feature.QMD.managed.CWHvm_FDC_HW_H,16,160,10,0.0,10000.0,1.0,1.0,21.826000213623047,0.0,0.0
feature.QMD.managed.CWHvm_FDC_HW_H,17,170,10,0.0,10000.0,1.0,1.0,22.349000930786133,0.0,0.0
feature.QMD.managed.CWHvm_FDC_HW_H,18,180,10,0.0,10000.0,1.0,1.0,24.75200080871582,0.0,0.0
feature.QMD.managed.CWHvm_FDC_HW_H,19,190,10,0.0,10000.0,1.0,1.0,25.302000045776367,0.0,0.0
feature.QMD.managed.CWHvm_FDC_HW_H,20,200,10,0.0,10000.0,1.0,1.0,27.652999877929688,0.0,0.0
feature.QMD.managed.CWHvm_FDC_HW_H,21,210,10,0.0,10000.0,1.0,1.0,22.540000915527344,0.0,0.0
feature.QMD.managed.CWHvm_FDC_HW_H,22,220,10,0.0,10000.0,1.0,1.0,17.35099983215332,0.0,0.0
feature.QMD.managed.CWHvm_FDC_HW_H,23,230,10,0.0,10000.0,1.0,1.0,20.614999771118164,0.0,0.0
feature.QMD.managed.CWHvm_FDC_HW_H,24,240,10,0.0,10000.0,1.0,1.0,19.222000122070312,0.0,0.0
feature.QMD.managed.CWHvm_FDC_HW_H,25,250,10,0.0,10000.0,1.0,1.0,23.52199935913086,0.0,0.0
feature.QMD.managed.CWHvm_FDC_HW_H,26,260,10,0.0,10000.0,1.0,1.0,24.743999481201172,0.0,0.0
feature.QMD.managed.CWHvm_FDC_HW_H,27,270,10,0.0,10000.0,1.0,1.0,21.920000076293945,0.0,0.0
feature.QMD.managed.CWHvm_FDC_HW_H,28,280,10,0.0,10000.0,1.0,1.0,23.94499969482422,0.0,0.0
feature.QMD.managed.CWHvm_FDC_HW_H,29,290,10,0.0,10000.0,1.0,1.0,24.075000762939453,0.0,0.0
feature.QMD.managed.CWHvm_FDC_HW_H,30,300,10,0.0,10000.0,1.0,1.0,21.44300079345703,0.0,0.0
feature.QMD.managed.CWHvm_FDC_HW_L,0,0,10,0.0,10000.0,1.0,1.0,22.770000457763672,0.0,0.0
feature.QMD.managed.CWHvm_FDC_HW_L,1,10,10,0.0,10000.0,1.0,1.0,21.656999588012695,0.0,0.0
feature.QMD.managed.CWHvm_FDC_HW_L,2,20,10,0.0,10000.0,1.0,1.0,22.856000900268555,0.0,0.0
feature.QMD.managed.CWHvm_FDC_HW_L,3,30,10,0.0,10000.0,1.0,1.0,24.573999404907227,0.0,0.0
feature.QMD.managed.CWHvm_FDC_HW_L,4,40,10,0.0,10000.0,1.0,1.0,25.01300048828125,0.0,0.0
feature.QMD.managed.CWHvm_FDC_HW_L,5,50,10,0.0,10000.0,1.0,1.0,25.726999282836914,0.0,0.0
feature.QMD.managed.CWHvm_FDC_HW_L,6,60,10,0.0,10000.0,1.0,1.0,26.406999588012695,0.0,0.0
feature.QMD.managed.CWHvm_FDC_HW_L,7,70,10,0.0,10000.0,1.0,1.0,27.094999313354492,0.0,0.0
feature.QMD.managed.CWHvm_FDC_HW_L,8,80,10,0.0,10000.0,1.0,1.0,27.551000595092773,0.0,0.0
feature.QMD.managed.CWHvm_FDC_HW_L,9,90,10,0.0,10000.0,1.0,1.0,27.875999450683594,0.0,0.0
feature.QMD.managed.CWHvm_FDC_HW_L,10,100,10,0.0,10000.0,1.0,1.0,25.729999542236328,0.0,0.0
feature.QMD.managed.CWHvm_FDC_HW_L,11,110,10,0.0,10000.0,1.0,1.0,25.95400047302246,0.0,0.0
feature.QMD.managed.CWHvm_FDC_HW_L,12,120,10,0.0,10000.0,1.0,1.0,26.805999755859375,0.0,0.0
feature.QMD.managed.CWHvm_FDC_HW_L,13,130,10,0.0,10000.0,1.0,1.0,26.834999084472656,0.0,0.0
feature.QMD.managed.CWHvm_FDC_HW_L,14,140,10,0.0,10000.0,1.0,1.0,27.23900032043457,0.0,0.0
feature.QMD.managed.CWHvm_FDC_HW_L,15,150,10,0.0,10000.0,1.0,1.0,27.68400001525879,0.0,0.0
feature.QMD.managed.CWHvm_FDC_HW_L,16,160,10,0.0,10000.0,1.0,1.0,28.065000534057617,0.0,0.0
feature.QMD.managed.CWHvm_FDC_HW_L,17,170,10,0.0,10000.0,1.0,1.0,28.29599952697754,0.0,0.0
feature.QMD.managed.CWHvm_FDC_HW_L,18,180,10,0.0,10000.0,1.0,1.0,28.440000534057617,0.0,0.0
feature.QMD.managed.CWHvm_FDC_HW_L,19,190,10,0.0,10000.0,1.0,1.0,26.11400032043457,0.0,0.0
feature.QMD.managed.CWHvm_FDC_HW_L,20,200,10,0.0,10000.0,1.0,1.0,26.150999069213867,0.0,0.0
feature.QMD.managed.CWHvm_FDC_HW_L,21,210,10,0.0,10000.0,1.0,1.0,26.558000564575195,0.0,0.0
feature.QMD.managed.CWHvm_FDC_HW_L,22,220,10,0.0,10000.0,1.0,1.0,26.735000610351562,0.0,0.0
feature.QMD.managed.CWHvm_FDC_HW_L,23,230,10,0.0,10000.0,1.0,1.0,27.152999877929688,0.0,0.0
feature.QMD.managed.CWHvm_FDC_HW_L,24,240,10,0.0,10000.0,1.0,1.0,27.582000732421875,0.0,0.0
feature.QMD.managed.CWHvm_FDC_HW_L,25,250,10,0.0,10000.0,1.0,1.0,27.886999130249023,0.0,0.0
feature.QMD.managed.CWHvm_FDC_HW_L,26,260,10,0.0,10000.0,1.0,1.0,28.100000381469727,0.0,0.0
feature.QMD.managed.CWHvm_FDC_HW_L,27,270,10,0.0,10000.0,1.0,1.0,28.21500015258789,0.0,0.0
feature.QMD.managed.CWHvm_FDC_HW_L,28,280,10,0.0,10000.0,1.0,1.0,25.929000854492188,0.0,0.0
feature.QMD.managed.CWHvm_FDC_HW_L,29,290,10,0.0,10000.0,1.0,1.0,25.917999267578125,0.0,0.0
feature.QMD.managed.CWHvm_FDC_HW_L,30,300,10,0.0,10000.0,1.0,1.0,25.358999252319336,0.0,0.0
feature.QMD.managed.CWHvm_FDC_HW_M,0,0,10,0.0,10000.0,1.0,1.0,27.836000442504883,0.0,0.0
feature.QMD.managed.CWHvm_FDC_HW_M,1,10,10,0.0,10000.0,1.0,1.0,29.708999633789062,0.0,0.0
feature.QMD.managed.CWHvm_FDC_HW_M,2,20,10,0.0,10000.0,1.0,1.0,28.937999725341797,0.0,0.0
feature.QMD.managed.CWHvm_FDC_HW_M,3,30,10,0.0,10000.0,1.0,1.0,27.09000015258789,0.0,0.0
feature.QMD.managed.CWHvm_FDC_HW_M,4,40,10,0.0,10000.0,1.0,1.0,28.400999069213867,0.0,0.0
feature.QMD.managed.CWHvm_FDC_HW_M,5,50,10,0.0,10000.0,1.0,1.0,30.18899917602539,0.0,0.0
feature.QMD.managed.CWHvm_FDC_HW_M,6,60,10,0.0,10000.0,1.0,1.0,31.48200035095215,0.0,0.0
feature.QMD.managed.CWHvm_FDC_HW_M,7,70,10,0.0,10000.0,1.0,1.0,32.30799865722656,0.0,0.0
feature.QMD.managed.CWHvm_FDC_HW_M,8,80,10,0.0,10000.0,1.0,1.0,32.86600112915039,0.0,0.0
feature.QMD.managed.CWHvm_FDC_HW_M,9,90,10,0.0,10000.0,1.0,1.0,31.243999481201172,0.0,0.0
feature.QMD.managed.CWHvm_FDC_HW_M,10,100,10,0.0,10000.0,1.0,1.0,30.45400047302246,0.0,0.0
feature.QMD.managed.CWHvm_FDC_HW_M,11,110,10,0.0,10000.0,1.0,1.0,29.59600067138672,0.0,0.0
feature.QMD.managed.CWHvm_FDC_HW_M,12,120,10,0.0,10000.0,1.0,1.0,30.173999786376953,0.0,0.0
feature.QMD.managed.CWHvm_FDC_HW_M,13,130,10,0.0,10000.0,1.0,1.0,31.408000946044922,0.0,0.0
feature.QMD.managed.CWHvm_FDC_HW_M,14,140,10,0.0,10000.0,1.0,1.0,32.32400131225586,0.0,0.0
feature.QMD.managed.CWHvm_FDC_HW_M,15,150,10,0.0,10000.0,1.0,1.0,32.926998138427734,0.0,0.0
feature.QMD.managed.CWHvm_FDC_HW_M,16,160,10,0.0,10000.0,1.0,1.0,31.264999389648438,0.0,0.0
feature.QMD.managed.CWHvm_FDC_HW_M,17,170,10,0.0,10000.0,1.0,1.0,31.81800079345703,0.0,0.0
feature.QMD.managed.CWHvm_FDC_HW_M,18,180,10,0.0,10000.0,1.0,1.0,30.902000427246094,0.0,0.0
feature.QMD.managed.CWHvm_FDC_HW_M,19,190,10,0.0,10000.0,1.0,1.0,29.615999221801758,0.0,0.0
feature.QMD.managed.CWHvm_FDC_HW_M,20,200,10,0.0,10000.0,1.0,1.0,29.884000778198242,0.0,0.0
feature.QMD.managed.CWHvm_FDC_HW_M,21,210,10,0.0,10000.0,1.0,1.0,30.85099983215332,0.0,0.0
feature.QMD.managed.CWHvm_FDC_HW_M,22,220,10,0.0,10000.0,1.0,1.0,31.547000885009766,0.0,0.0
feature.QMD.managed.CWHvm_FDC_HW_M,23,230,10,0.0,10000.0,1.0,1.0,29.96299934387207,0.0,0.0
feature.QMD.managed.CWHvm_FDC_HW_M,24,240,10,0.0,10000.0,1.0,1.0,30.371999740600586,0.0,0.0
feature.QMD.managed.CWHvm_FDC_HW_M,25,250,10,0.0,10000.0,1.0,1.0,31.075000762939453,0.0,0.0
feature.QMD.managed.CWHvm_FDC_HW_M,26,260,10,0.0,10000.0,1.0,1.0,30.018999099731445,0.0,0.0
feature.QMD.managed.CWHvm_FDC_HW_M,27,270,10,0.0,10000.0,1.0,1.0,28.583999633789062,0.0,0.0
feature.QMD.managed.CWHvm_FDC_HW_M,28,280,10,0.0,10000.0,1.0,1.0,28.554000854492188,0.0,0.0
feature.QMD.managed.CWHvm_FDC_HW_M,29,290,10,0.0,10000.0,1.0,1.0,27.590999603271484,0.0,0.0
feature.QMD.managed.CWHvm_FDC_HW_M,30,300,10,0.0,10000.0,1.0,1.0,28.402999877929688,0.0,0.0
feature.QMD.managed.CWHvm_HW_BA_M,0,0,10,0.0,10000.0,1.0,1.0,29.05900001525879,0.0,0.0
feature.QMD.managed.CWHvm_HW_BA_M,1,10,10,0.0,10000.0,1.0,1.0,18.847999572753906,0.0,0.0
feature.QMD.managed.CWHvm_HW_BA_M,2,20,10,0.0,10000.0,1.0,1.0,19.465999603271484,0.0,0.0
feature.QMD.managed.CWHvm_HW_BA_M,3,30,10,0.0,10000.0,1.0,1.0,23.11199951171875,0.0,0.0
feature.QMD.managed.CWHvm_HW_BA_M,4,40,10,0.0,10000.0,1.0,1.0,25.510000228881836,0.0,0.0
feature.QMD.managed.CWHvm_HW_BA_M,5,50,10,0.0,10000.0,1.0,1.0,26.878000259399414,0.0,0.0
feature.QMD.managed.CWHvm_HW_BA_M,6,60,10,0.0,10000.0,1.0,1.0,27.792999267578125,0.0,0.0
feature.QMD.managed.CWHvm_HW_BA_M,7,70,10,0.0,10000.0,1.0,1.0,28.54599952697754,0.0,0.0
feature.QMD.managed.CWHvm_HW_BA_M,8,80,10,0.0,10000.0,1.0,1.0,29.055999755859375,0.0,0.0
feature.QMD.managed.CWHvm_HW_BA_M,9,90,10,0.0,10000.0,1.0,1.0,29.458999633789062,0.0,0.0
feature.QMD.managed.CWHvm_HW_BA_M,10,100,10,0.0,10000.0,1.0,1.0,24.409000396728516,0.0,0.0
feature.QMD.managed.CWHvm_HW_BA_M,11,110,10,0.0,10000.0,1.0,1.0,20.308000564575195,0.0,0.0
feature.QMD.managed.CWHvm_HW_BA_M,12,120,10,0.0,10000.0,1.0,1.0,21.61199951171875,0.0,0.0
feature.QMD.managed.CWHvm_HW_BA_M,13,130,10,0.0,10000.0,1.0,1.0,24.763999938964844,0.0,0.0
feature.QMD.managed.CWHvm_HW_BA_M,14,140,10,0.0,10000.0,1.0,1.0,26.597999572753906,0.0,0.0
feature.QMD.managed.CWHvm_HW_BA_M,15,150,10,0.0,10000.0,1.0,1.0,27.65999984741211,0.0,0.0
feature.QMD.managed.CWHvm_HW_BA_M,16,160,10,0.0,10000.0,1.0,1.0,28.378000259399414,0.0,0.0
feature.QMD.managed.CWHvm_HW_BA_M,17,170,10,0.0,10000.0,1.0,1.0,28.94300079345703,0.0,0.0
feature.QMD.managed.CWHvm_HW_BA_M,18,180,10,0.0,10000.0,1.0,1.0,27.125,0.0,0.0
feature.QMD.managed.CWHvm_HW_BA_M,19,190,10,0.0,10000.0,1.0,1.0,27.392000198364258,0.0,0.0
feature.QMD.managed.CWHvm_HW_BA_M,20,200,10,0.0,10000.0,1.0,1.0,24.5310001373291,0.0,0.0
feature.QMD.managed.CWHvm_HW_BA_M,21,210,10,0.0,10000.0,1.0,1.0,21.191999435424805,0.0,0.0
feature.QMD.managed.CWHvm_HW_BA_M,22,220,10,0.0,10000.0,1.0,1.0,22.351999282836914,0.0,0.0
feature.QMD.managed.CWHvm_HW_BA_M,23,230,10,0.0,10000.0,1.0,1.0,25.0939998626709,0.0,0.0
feature.QMD.managed.CWHvm_HW_BA_M,24,240,10,0.0,10000.0,1.0,1.0,26.711000442504883,0.0,0.0
feature.QMD.managed.CWHvm_HW_BA_M,25,250,10,0.0,10000.0,1.0,1.0,27.68400001525879,0.0,0.0
feature.QMD.managed.CWHvm_HW_BA_M,26,260,10,0.0,10000.0,1.0,1.0,28.392000198364258,0.0,0.0
feature.QMD.managed.CWHvm_HW_BA_M,27,270,10,0.0,10000.0,1.0,1.0,26.67799949645996,0.0,0.0
feature.QMD.managed.CWHvm_HW_BA_M,28,280,10,0.0,10000.0,1.0,1.0,27.017000198364258,0.0,0.0
feature.QMD.managed.CWHvm_HW_BA_M,29,290,10,0.0,10000.0,1.0,1.0,24.30699920654297,0.0,0.0
feature.QMD.managed.CWHvm_HW_BA_M,30,300,10,0.0,10000.0,1.0,1.0,21.08300018310547,0.0,0.0
feature.QMD.managed.CWHvm_HW_CW_H,0,0,10,0.0,10000.0,1.0,1.0,27.920000076293945,0.0,0.0
feature.QMD.managed.CWHvm_HW_CW_H,1,10,10,0.0,10000.0,1.0,1.0,25.283000946044922,0.0,0.0
feature.QMD.managed.CWHvm_HW_CW_H,2,20,10,0.0,10000.0,1.0,1.0,25.319000244140625,0.0,0.0
feature.QMD.managed.CWHvm_HW_CW_H,3,30,10,0.0,10000.0,1.0,1.0,27.16699981689453,0.0,0.0
feature.QMD.managed.CWHvm_HW_CW_H,4,40,10,0.0,10000.0,1.0,1.0,26.641000747680664,0.0,0.0
feature.QMD.managed.CWHvm_HW_CW_H,5,50,10,0.0,10000.0,1.0,1.0,27.579999923706055,0.0,0.0
feature.QMD.managed.CWHvm_HW_CW_H,6,60,10,0.0,10000.0,1.0,1.0,24.20599937438965,0.0,0.0
feature.QMD.managed.CWHvm_HW_CW_H,7,70,10,0.0,10000.0,1.0,1.0,15.755000114440918,0.0,0.0
feature.QMD.managed.CWHvm_HW_CW_H,8,80,10,0.0,10000.0,1.0,1.0,16.990999221801758,0.0,0.0
feature.QMD.managed.CWHvm_HW_CW_H,9,90,10,0.0,10000.0,1.0,1.0,20.948999404907227,0.0,0.0
feature.QMD.managed.CWHvm_HW_CW_H,10,100,10,0.0,10000.0,1.0,1.0,22.38800048828125,0.0,0.0
feature.QMD.managed.CWHvm_HW_CW_H,11,110,10,0.0,10000.0,1.0,1.0,21.989999771118164,0.0,0.0
feature.QMD.managed.CWHvm_HW_CW_H,12,120,10,0.0,10000.0,1.0,1.0,23.67300033569336,0.0,0.0
feature.QMD.managed.CWHvm_HW_CW_H,13,130,10,0.0,10000.0,1.0,1.0,25.94300079345703,0.0,0.0
feature.QMD.managed.CWHvm_HW_CW_H,14,140,10,0.0,10000.0,1.0,1.0,27.613000869750977,0.0,0.0
feature.QMD.managed.CWHvm_HW_CW_H,15,150,10,0.0,10000.0,1.0,1.0,28.68199920654297,0.0,0.0
feature.QMD.managed.CWHvm_HW_CW_H,16,160,10,0.0,10000.0,1.0,1.0,23.14699935913086,0.0,0.0
feature.QMD.managed.CWHvm_HW_CW_H,17,170,10,0.0,10000.0,1.0,1.0,23.67300033569336,0.0,0.0
feature.QMD.managed.CWHvm_HW_CW_H,18,180,10,0.0,10000.0,1.0,1.0,24.658000946044922,0.0,0.0
feature.QMD.managed.CWHvm_HW_CW_H,19,190,10,0.0,10000.0,1.0,1.0,16.084999084472656,0.0,0.0
feature.QMD.managed.CWHvm_HW_CW_H,20,200,10,0.0,10000.0,1.0,1.0,16.402000427246094,0.0,0.0
feature.QMD.managed.CWHvm_HW_CW_H,21,210,10,0.0,10000.0,1.0,1.0,17.15999984741211,0.0,0.0
feature.QMD.managed.CWHvm_HW_CW_H,22,220,10,0.0,10000.0,1.0,1.0,21.052000045776367,0.0,0.0
feature.QMD.managed.CWHvm_HW_CW_H,23,230,10,0.0,10000.0,1.0,1.0,24.184999465942383,0.0,0.0
feature.QMD.managed.CWHvm_HW_CW_H,24,240,10,0.0,10000.0,1.0,1.0,26.229000091552734,0.0,0.0
feature.QMD.managed.CWHvm_HW_CW_H,25,250,10,0.0,10000.0,1.0,1.0,27.611000061035156,0.0,0.0
feature.QMD.managed.CWHvm_HW_CW_H,26,260,10,0.0,10000.0,1.0,1.0,24.280000686645508,0.0,0.0
feature.QMD.managed.CWHvm_HW_CW_H,27,270,10,0.0,10000.0,1.0,1.0,24.976999282836914,0.0,0.0
feature.QMD.managed.CWHvm_HW_CW_H,28,280,10,0.0,10000.0,1.0,1.0,22.1200008392334,0.0,0.0
feature.QMD.managed.CWHvm_HW_CW_H,29,290,10,0.0,10000.0,1.0,1.0,14.248000144958496,0.0,0.0
feature.QMD.managed.CWHvm_HW_CW_H,30,300,10,0.0,10000.0,1.0,1.0,12.541000366210938,0.0,0.0
feature.QMD.managed.CWHvm_HW_CW_L,0,0,10,0.0,10000.0,1.0,1.0,24.986000061035156,0.0,0.0
feature.QMD.managed.CWHvm_HW_CW_L,1,10,10,0.0,10000.0,1.0,1.0,18.56999969482422,0.0,0.0
feature.QMD.managed.CWHvm_HW_CW_L,2,20,10,0.0,10000.0,1.0,1.0,18.82699966430664,0.0,0.0
feature.QMD.managed.CWHvm_HW_CW_L,3,30,10,0.0,10000.0,1.0,1.0,19.481000900268555,0.0,0.0
feature.QMD.managed.CWHvm_HW_CW_L,4,40,10,0.0,10000.0,1.0,1.0,18.448999404907227,0.0,0.0
feature.QMD.managed.CWHvm_HW_CW_L,5,50,10,0.0,10000.0,1.0,1.0,19.8700008392334,0.0,0.0
feature.QMD.managed.CWHvm_HW_CW_L,6,60,10,0.0,10000.0,1.0,1.0,20.89299964904785,0.0,0.0
feature.QMD.managed.CWHvm_HW_CW_L,7,70,10,0.0,10000.0,1.0,1.0,22.055999755859375,0.0,0.0
feature.QMD.managed.CWHvm_HW_CW_L,8,80,10,0.0,10000.0,1.0,1.0,23.121999740600586,0.0,0.0
feature.QMD.managed.CWHvm_HW_CW_L,9,90,10,0.0,10000.0,1.0,1.0,23.871999740600586,0.0,0.0
feature.QMD.managed.CWHvm_HW_CW_L,10,100,10,0.0,10000.0,1.0,1.0,24.393999099731445,0.0,0.0
feature.QMD.managed.CWHvm_HW_CW_L,11,110,10,0.0,10000.0,1.0,1.0,24.861000061035156,0.0,0.0
feature.QMD.managed.CWHvm_HW_CW_L,12,120,10,0.0,10000.0,1.0,1.0,25.20800018310547,0.0,0.0
feature.QMD.managed.CWHvm_HW_CW_L,13,130,10,0.0,10000.0,1.0,1.0,25.469999313354492,0.0,0.0
feature.QMD.managed.CWHvm_HW_CW_L,14,140,10,0.0,10000.0,1.0,1.0,20.525999069213867,0.0,0.0
feature.QMD.managed.CWHvm_HW_CW_L,15,150,10,0.0,10000.0,1.0,1.0,20.645000457763672,0.0,0.0
feature.QMD.managed.CWHvm_HW_CW_L,16,160,10,0.0,10000.0,1.0,1.0,20.104999542236328,0.0,0.0
feature.QMD.managed.CWHvm_HW_CW_L,17,170,10,0.0,10000.0,1.0,1.0,18.72599983215332,0.0,0.0
feature.QMD.managed.CWHvm_HW_CW_L,18,180,10,0.0,10000.0,1.0,1.0,19.905000686645508,0.0,0.0
feature.QMD.managed.CWHvm_HW_CW_L,19,190,10,0.0,10000.0,1.0,1.0,20.98900032043457,0.0,0.0
feature.QMD.managed.CWHvm_HW_CW_L,20,200,10,0.0,10000.0,1.0,1.0,22.27400016784668,0.0,0.0
feature.QMD.managed.CWHvm_HW_CW_L,21,210,10,0.0,10000.0,1.0,1.0,23.334999084472656,0.0,0.0
feature.QMD.managed.CWHvm_HW_CW_L,22,220,10,0.0,10000.0,1.0,1.0,24.014999389648438,0.0,0.0
feature.QMD.managed.CWHvm_HW_CW_L,23,230,10,0.0,10000.0,1.0,1.0,24.527000427246094,0.0,0.0
feature.QMD.managed.CWHvm_HW_CW_L,24,240,10,0.0,10000.0,1.0,1.0,24.95400047302246,0.0,0.0
feature.QMD.managed.CWHvm_HW_CW_L,25,250,10,0.0,10000.0,1.0,1.0,25.264999389648438,0.0,0.0
feature.QMD.managed.CWHvm_HW_CW_L,26,260,10,0.0,10000.0,1.0,1.0,25.533000946044922,0.0,0.0
feature.QMD.managed.CWHvm_HW_CW_L,27,270,10,0.0,10000.0,1.0,1.0,25.777999877929688,0.0,0.0
feature.QMD.managed.CWHvm_HW_CW_L,28,280,10,0.0,10000.0,1.0,1.0,20.68899917602539,0.0,0.0
feature.QMD.managed.CWHvm_HW_CW_L,29,290,10,0.0,10000.0,1.0,1.0,18.07200050354004,0.0,0.0
feature.QMD.managed.CWHvm_HW_CW_L,30,300,10,0.0,10000.0,1.0,1.0,17.104000091552734,0.0,0.0
feature.QMD.managed.CWHvm_HW_CW_M,0,0,10,0.0,10000.0,1.0,1.0,28.45199966430664,0.0,0.0
feature.QMD.managed.CWHvm_HW_CW_M,1,10,10,0.0,10000.0,1.0,1.0,24.415000915527344,0.0,0.0
feature.QMD.managed.CWHvm_HW_CW_M,2,20,10,0.0,10000.0,1.0,1.0,24.834999084472656,0.0,0.0
feature.QMD.managed.CWHvm_HW_CW_M,3,30,10,0.0,10000.0,1.0,1.0,22.444000244140625,0.0,0.0
feature.QMD.managed.CWHvm_HW_CW_M,4,40,10,0.0,10000.0,1.0,1.0,15.633000373840332,0.0,0.0
feature.QMD.managed.CWHvm_HW_CW_M,5,50,10,0.0,10000.0,1.0,1.0,17.215999603271484,0.0,0.0
feature.QMD.managed.CWHvm_HW_CW_M,6,60,10,0.0,10000.0,1.0,1.0,20.56800079345703,0.0,0.0
feature.QMD.managed.CWHvm_HW_CW_M,7,70,10,0.0,10000.0,1.0,1.0,23.518999099731445,0.0,0.0
feature.QMD.managed.CWHvm_HW_CW_M,8,80,10,0.0,10000.0,1.0,1.0,25.31399917602539,0.0,0.0
feature.QMD.managed.CWHvm_HW_CW_M,9,90,10,0.0,10000.0,1.0,1.0,26.52400016784668,0.0,0.0
feature.QMD.managed.CWHvm_HW_CW_M,10,100,10,0.0,10000.0,1.0,1.0,27.445999145507812,0.0,0.0
feature.QMD.managed.CWHvm_HW_CW_M,11,110,10,0.0,10000.0,1.0,1.0,28.23699951171875,0.0,0.0
feature.QMD.managed.CWHvm_HW_CW_M,12,120,10,0.0,10000.0,1.0,1.0,28.81399917602539,0.0,0.0
feature.QMD.managed.CWHvm_HW_CW_M,13,130,10,0.0,10000.0,1.0,1.0,28.226999282836914,0.0,0.0
feature.QMD.managed.CWHvm_HW_CW_M,14,140,10,0.0,10000.0,1.0,1.0,28.594999313354492,0.0,0.0
feature.QMD.managed.CWHvm_HW_CW_M,15,150,10,0.0,10000.0,1.0,1.0,19.190000534057617,0.0,0.0
feature.QMD.managed.CWHvm_HW_CW_M,16,160,10,0.0,10000.0,1.0,1.0,15.543000221252441,0.0,0.0
feature.QMD.managed.CWHvm_HW_CW_M,17,170,10,0.0,10000.0,1.0,1.0,16.930999755859375,0.0,0.0
feature.QMD.managed.CWHvm_HW_CW_M,18,180,10,0.0,10000.0,1.0,1.0,19.709999084472656,0.0,0.0
feature.QMD.managed.CWHvm_HW_CW_M,19,190,10,0.0,10000.0,1.0,1.0,22.66900062561035,0.0,0.0
feature.QMD.managed.CWHvm_HW_CW_M,20,200,10,0.0,10000.0,1.0,1.0,24.839000701904297,0.0,0.0
feature.QMD.managed.CWHvm_HW_CW_M,21,210,10,0.0,10000.0,1.0,1.0,26.18199920654297,0.0,0.0
feature.QMD.managed.CWHvm_HW_CW_M,22,220,10,0.0,10000.0,1.0,1.0,27.18400001525879,0.0,0.0
feature.QMD.managed.CWHvm_HW_CW_M,23,230,10,0.0,10000.0,1.0,1.0,27.93600082397461,0.0,0.0
feature.QMD.managed.CWHvm_HW_CW_M,24,240,10,0.0,10000.0,1.0,1.0,28.56999969482422,0.0,0.0
feature.QMD.managed.CWHvm_HW_CW_M,25,250,10,0.0,10000.0,1.0,1.0,27.98900032043457,0.0,0.0
feature.QMD.managed.CWHvm_HW_CW_M,26,260,10,0.0,10000.0,1.0,1.0,21.566999435424805,0.0,0.0
feature.QMD.managed.CWHvm_HW_CW_M,27,270,10,0.0,10000.0,1.0,1.0,21.740999221801758,0.0,0.0
feature.QMD.managed.CWHvm_HW_CW_M,28,280,10,0.0,10000.0,1.0,1.0,19.32200050354004,0.0,0.0
feature.QMD.managed.CWHvm_HW_CW_M,29,290,10,0.0,10000.0,1.0,1.0,18.163999557495117,0.0,0.0
feature.QMD.managed.CWHvm_HW_CW_M,30,300,10,0.0,10000.0,1.0,1.0,18.827999114990234,0.0,0.0
feature.QMD.managed.CWHvm_HW_FDC_H,0,0,10,0.0,10000.0,1.0,1.0,30.618999481201172,0.0,0.0
feature.QMD.managed.CWHvm_HW_FDC_H,1,10,10,0.0,10000.0,1.0,1.0,31.148000717163086,0.0,0.0
feature.QMD.managed.CWHvm_HW_FDC_H,2,20,10,0.0,10000.0,1.0,1.0,29.47100067138672,0.0,0.0
feature.QMD.managed.CWHvm_HW_FDC_H,3,30,10,0.0,10000.0,1.0,1.0,28.57900047302246,0.0,0.0
feature.QMD.managed.CWHvm_HW_FDC_H,4,40,10,0.0,10000.0,1.0,1.0,27.69499969482422,0.0,0.0
feature.QMD.managed.CWHvm_HW_FDC_H,5,50,10,0.0,10000.0,1.0,1.0,25.542999267578125,0.0,0.0
feature.QMD.managed.CWHvm_HW_FDC_H,6,60,10,0.0,10000.0,1.0,1.0,25.58799934387207,0.0,0.0
feature.QMD.managed.CWHvm_HW_FDC_H,7,70,10,0.0,10000.0,1.0,1.0,28.917999267578125,0.0,0.0
feature.QMD.managed.CWHvm_HW_FDC_H,8,80,10,0.0,10000.0,1.0,1.0,31.007999420166016,0.0,0.0
feature.QMD.managed.CWHvm_HW_FDC_H,9,90,10,0.0,10000.0,1.0,1.0,30.339000701904297,0.0,0.0
feature.QMD.managed.CWHvm_HW_FDC_H,10,100,10,0.0,10000.0,1.0,1.0,28.493999481201172,0.0,0.0
feature.QMD.managed.CWHvm_HW_FDC_H,11,110,10,0.0,10000.0,1.0,1.0,29.94700050354004,0.0,0.0
feature.QMD.managed.CWHvm_HW_FDC_H,12,120,10,0.0,10000.0,1.0,1.0,27.783000946044922,0.0,0.0
feature.QMD.managed.CWHvm_HW_FDC_H,13,130,10,0.0,10000.0,1.0,1.0,25.986000061035156,0.0,0.0
feature.QMD.managed.CWHvm_HW_FDC_H,14,140,10,0.0,10000.0,1.0,1.0,26.656999588012695,0.0,0.0
feature.QMD.managed.CWHvm_HW_FDC_H,15,150,10,0.0,10000.0,1.0,1.0,26.725000381469727,0.0,0.0
feature.QMD.managed.CWHvm_HW_FDC_H,16,160,10,0.0,10000.0,1.0,1.0,29.492000579833984,0.0,0.0
feature.QMD.managed.CWHvm_HW_FDC_H,17,170,10,0.0,10000.0,1.0,1.0,27.701000213623047,0.0,0.0
feature.QMD.managed.CWHvm_HW_FDC_H,18,180,10,0.0,10000.0,1.0,1.0,26.61400032043457,0.0,0.0
feature.QMD.managed.CWHvm_HW_FDC_H,19,190,10,0.0,10000.0,1.0,1.0,27.69700050354004,0.0,0.0
feature.QMD.managed.CWHvm_HW_FDC_H,20,200,10,0.0,10000.0,1.0,1.0,27.34600067138672,0.0,0.0
feature.QMD.managed.CWHvm_HW_FDC_H,21,210,10,0.0,10000.0,1.0,1.0,27.57699966430664,0.0,0.0
feature.QMD.managed.CWHvm_HW_FDC_H,22,220,10,0.0,10000.0,1.0,1.0,29.545000076293945,0.0,0.0
feature.QMD.managed.CWHvm_HW_FDC_H,23,230,10,0.0,10000.0,1.0,1.0,27.891000747680664,0.0,0.0
feature.QMD.managed.CWHvm_HW_FDC_H,24,240,10,0.0,10000.0,1.0,1.0,25.958999633789062,0.0,0.0
feature.QMD.managed.CWHvm_HW_FDC_H,25,250,10,0.0,10000.0,1.0,1.0,22.75200080871582,0.0,0.0
feature.QMD.managed.CWHvm_HW_FDC_H,26,260,10,0.0,10000.0,1.0,1.0,24.93899917602539,0.0,0.0
feature.QMD.managed.CWHvm_HW_FDC_H,27,270,10,0.0,10000.0,1.0,1.0,25.621000289916992,0.0,0.0
feature.QMD.managed.CWHvm_HW_FDC_H,28,280,10,0.0,10000.0,1.0,1.0,24.457000732421875,0.0,0.0
feature.QMD.managed.CWHvm_HW_FDC_H,29,290,10,0.0,10000.0,1.0,1.0,25.788000106811523,0.0,0.0
feature.QMD.managed.CWHvm_HW_FDC_H,30,300,10,0.0,10000.0,1.0,1.0,26.687999725341797,0.0,0.0
feature.QMD.managed.CWHvm_HW_FDC_L,0,0,10,0.0,10000.0,1.0,1.0,27.426000595092773,0.0,0.0
feature.QMD.managed.CWHvm_HW_FDC_L,1,10,10,0.0,10000.0,1.0,1.0,27.527000427246094,0.0,0.0
feature.QMD.managed.CWHvm_HW_FDC_L,2,20,10,0.0,10000.0,1.0,1.0,26.71299934387207,0.0,0.0
feature.QMD.managed.CWHvm_HW_FDC_L,3,30,10,0.0,10000.0,1.0,1.0,27.535999298095703,0.0,0.0
feature.QMD.managed.CWHvm_HW_FDC_L,4,40,10,0.0,10000.0,1.0,1.0,29.006999969482422,0.0,0.0
feature.QMD.managed.CWHvm_HW_FDC_L,5,50,10,0.0,10000.0,1.0,1.0,28.52899932861328,0.0,0.0
feature.QMD.managed.CWHvm_HW_FDC_L,6,60,10,0.0,10000.0,1.0,1.0,24.875999450683594,0.0,0.0
feature.QMD.managed.CWHvm_HW_FDC_L,7,70,10,0.0,10000.0,1.0,1.0,23.52899932861328,0.0,0.0
feature.QMD.managed.CWHvm_HW_FDC_L,8,80,10,0.0,10000.0,1.0,1.0,24.65399932861328,0.0,0.0
feature.QMD.managed.CWHvm_HW_FDC_L,9,90,10,0.0,10000.0,1.0,1.0,25.7189998626709,0.0,0.0
feature.QMD.managed.CWHvm_HW_FDC_L,10,100,10,0.0,10000.0,1.0,1.0,27.499000549316406,0.0,0.0
feature.QMD.managed.CWHvm_HW_FDC_L,11,110,10,0.0,10000.0,1.0,1.0,26.972999572753906,0.0,0.0
feature.QMD.managed.CWHvm_HW_FDC_L,12,120,10,0.0,10000.0,1.0,1.0,27.77400016784668,0.0,0.0
feature.QMD.managed.CWHvm_HW_FDC_L,13,130,10,0.0,10000.0,1.0,1.0,28.913999557495117,0.0,0.0
feature.QMD.managed.CWHvm_HW_FDC_L,14,140,10,0.0,10000.0,1.0,1.0,30.172000885009766,0.0,0.0
feature.QMD.managed.CWHvm_HW_FDC_L,15,150,10,0.0,10000.0,1.0,1.0,30.207000732421875,0.0,0.0
feature.QMD.managed.CWHvm_HW_FDC_L,16,160,10,0.0,10000.0,1.0,1.0,27.64900016784668,0.0,0.0
feature.QMD.managed.CWHvm_HW_FDC_L,17,170,10,0.0,10000.0,1.0,1.0,28.143999099731445,0.0,0.0
feature.QMD.managed.CWHvm_HW_FDC_L,18,180,10,0.0,10000.0,1.0,1.0,26.354999542236328,0.0,0.0
feature.QMD.managed.CWHvm_HW_FDC_L,19,190,10,0.0,10000.0,1.0,1.0,25.77400016784668,0.0,0.0
feature.QMD.managed.CWHvm_HW_FDC_L,20,200,10,0.0,10000.0,1.0,1.0,24.576000213623047,0.0,0.0
feature.QMD.managed.CWHvm_HW_FDC_L,21,210,10,0.0,10000.0,1.0,1.0,24.399999618530273,0.0,0.0
feature.QMD.managed.CWHvm_HW_FDC_L,22,220,10,0.0,10000.0,1.0,1.0,25.985000610351562,0.0,0.0
feature.QMD.managed.CWHvm_HW_FDC_L,23,230,10,0.0,10000.0,1.0,1.0,28.058000564575195,0.0,0.0
feature.QMD.managed.CWHvm_HW_FDC_L,24,240,10,0.0,10000.0,1.0,1.0,29.613000869750977,0.0,0.0
feature.QMD.managed.CWHvm_HW_FDC_L,25,250,10,0.0,10000.0,1.0,1.0,29.695999145507812,0.0,0.0
feature.QMD.managed.CWHvm_HW_FDC_L,26,260,10,0.0,10000.0,1.0,1.0,26.13599967956543,0.0,0.0
feature.QMD.managed.CWHvm_HW_FDC_L,27,270,10,0.0,10000.0,1.0,1.0,26.59600067138672,0.0,0.0
feature.QMD.managed.CWHvm_HW_FDC_L,28,280,10,0.0,10000.0,1.0,1.0,27.6200008392334,0.0,0.0
feature.QMD.managed.CWHvm_HW_FDC_L,29,290,10,0.0,10000.0,1.0,1.0,25.58799934387207,0.0,0.0
feature.QMD.managed.CWHvm_HW_FDC_L,30,300,10,0.0,10000.0,1.0,1.0,22.888999938964844,0.0,0.0
feature.QMD.managed.CWHvm_HW_SS_M,0,0,10,0.0,10000.0,1.0,1.0,30.259000778198242,0.0,0.0
feature.QMD.managed.CWHvm_HW_SS_M,1,10,10,0.0,10000.0,1.0,1.0,31.961999893188477,0.0,0.0
feature.QMD.managed.CWHvm_HW_SS_M,2,20,10,0.0,10000.0,1.0,1.0,33.099998474121094,0.0,0.0
feature.QMD.managed.CWHvm_HW_SS_M,3,30,10,0.0,10000.0,1.0,1.0,33.9640007019043,0.0,0.0
feature.QMD.managed.CWHvm_HW_SS_M,4,40,10,0.0,10000.0,1.0,1.0,29.643999099731445,0.0,0.0
feature.QMD.managed.CWHvm_HW_SS_M,5,50,10,0.0,10000.0,1.0,1.0,29.43600082397461,0.0,0.0
feature.QMD.managed.CWHvm_HW_SS_M,6,60,10,0.0,10000.0,1.0,1.0,31.698999404907227,0.0,0.0
feature.QMD.managed.CWHvm_HW_SS_M,7,70,10,0.0,10000.0,1.0,1.0,33.347999572753906,0.0,0.0
feature.QMD.managed.CWHvm_HW_SS_M,8,80,10,0.0,10000.0,1.0,1.0,4.916999816894531,0.0,0.0
feature.QMD.managed.CWHvm_HW_SS_M,9,90,10,0.0,10000.0,1.0,1.0,9.465999603271484,0.0,0.0
feature.QMD.managed.CWHvm_HW_SS_M,10,100,10,0.0,10000.0,1.0,1.0,19.479000091552734,0.0,0.0
feature.QMD.managed.CWHvm_HW_SS_M,11,110,10,0.0,10000.0,1.0,1.0,24.73900032043457,0.0,0.0
feature.QMD.managed.CWHvm_HW_SS_M,12,120,10,0.0,10000.0,1.0,1.0,22.941999435424805,0.0,0.0
feature.QMD.managed.CWHvm_HW_SS_M,13,130,10,0.0,10000.0,1.0,1.0,23.680999755859375,0.0,0.0
feature.QMD.managed.CWHvm_HW_SS_M,14,140,10,0.0,10000.0,1.0,1.0,26.01099967956543,0.0,0.0
feature.QMD.managed.CWHvm_HW_SS_M,15,150,10,0.0,10000.0,1.0,1.0,29.351999282836914,0.0,0.0
feature.QMD.managed.CWHvm_HW_SS_M,16,160,10,0.0,10000.0,1.0,1.0,31.385000228881836,0.0,0.0
feature.QMD.managed.CWHvm_HW_SS_M,17,170,10,0.0,10000.0,1.0,1.0,32.77799987792969,0.0,0.0
feature.QMD.managed.CWHvm_HW_SS_M,18,180,10,0.0,10000.0,1.0,1.0,5.511000156402588,0.0,0.0
feature.QMD.managed.CWHvm_HW_SS_M,19,190,10,0.0,10000.0,1.0,1.0,7.2170000076293945,0.0,0.0
feature.QMD.managed.CWHvm_HW_SS_M,20,200,10,0.0,10000.0,1.0,1.0,13.694000244140625,0.0,0.0
feature.QMD.managed.CWHvm_HW_SS_M,21,210,10,0.0,10000.0,1.0,1.0,17.336999893188477,0.0,0.0
feature.QMD.managed.CWHvm_HW_SS_M,22,220,10,0.0,10000.0,1.0,1.0,19.875999450683594,0.0,0.0
feature.QMD.managed.CWHvm_HW_SS_M,23,230,10,0.0,10000.0,1.0,1.0,23.32900047302246,0.0,0.0
feature.QMD.managed.CWHvm_HW_SS_M,24,240,10,0.0,10000.0,1.0,1.0,27.3439998626709,0.0,0.0
feature.QMD.managed.CWHvm_HW_SS_M,25,250,10,0.0,10000.0,1.0,1.0,29.996999740600586,0.0,0.0
feature.QMD.managed.CWHvm_HW_SS_M,26,260,10,0.0,10000.0,1.0,1.0,5.020999908447266,0.0,0.0
feature.QMD.managed.CWHvm_HW_SS_M,27,270,10,0.0,10000.0,1.0,1.0,5.531000137329102,0.0,0.0
feature.QMD.managed.CWHvm_HW_SS_M,28,280,10,0.0,10000.0,1.0,1.0,10.348999977111816,0.0,0.0
feature.QMD.managed.CWHvm_HW_SS_M,29,290,10,0.0,10000.0,1.0,1.0,15.97599983215332,0.0,0.0
feature.QMD.managed.CWHvm_HW_SS_M,30,300,10,0.0,10000.0,1.0,1.0,19.025999069213867,0.0,0.0
feature.QMD.unmanaged.CWHvm_CW_HW_M,0,0,10,0.0,10000.0,1.0,1.0,32.94200134277344,0.0,0.0
feature.QMD.unmanaged.CWHvm_CW_HW_M,1,10,10,0.0,10000.0,1.0,1.0,32.584999084472656,0.0,0.0
feature.QMD.unmanaged.CWHvm_CW_HW_M,2,20,10,0.0,10000.0,1.0,1.0,32.196998596191406,0.0,0.0
feature.QMD.unmanaged.CWHvm_CW_HW_M,3,30,10,0.0,10000.0,1.0,1.0,32.0359992980957,0.0,0.0
feature.QMD.unmanaged.CWHvm_CW_HW_M,4,40,10,0.0,10000.0,1.0,1.0,31.93899917602539,0.0,0.0
feature.QMD.unmanaged.CWHvm_CW_HW_M,5,50,10,0.0,10000.0,1.0,1.0,31.836000442504883,0.0,0.0
feature.QMD.unmanaged.CWHvm_CW_HW_M,6,60,10,0.0,10000.0,1.0,1.0,31.725000381469727,0.0,0.0
feature.QMD.unmanaged.CWHvm_CW_HW_M,7,70,10,0.0,10000.0,1.0,1.0,31.6560001373291,0.0,0.0
feature.QMD.unmanaged.CWHvm_CW_HW_M,8,80,10,0.0,10000.0,1.0,1.0,31.611000061035156,0.0,0.0
feature.QMD.unmanaged.CWHvm_CW_HW_M,9,90,10,0.0,10000.0,1.0,1.0,31.56599998474121,0.0,0.0
feature.QMD.unmanaged.CWHvm_CW_HW_M,10,100,10,0.0,10000.0,1.0,1.0,31.52199935913086,0.0,0.0
feature.QMD.unmanaged.CWHvm_CW_HW_M,11,110,10,0.0,10000.0,1.0,1.0,31.474000930786133,0.0,0.0
feature.QMD.unmanaged.CWHvm_CW_HW_M,12,120,10,0.0,10000.0,1.0,1.0,31.427000045776367,0.0,0.0
feature.QMD.unmanaged.CWHvm_CW_HW_M,13,130,10,0.0,10000.0,1.0,1.0,31.39299964904785,0.0,0.0
feature.QMD.unmanaged.CWHvm_CW_HW_M,14,140,10,0.0,10000.0,1.0,1.0,31.363000869750977,0.0,0.0
feature.QMD.unmanaged.CWHvm_CW_HW_M,15,150,10,0.0,10000.0,1.0,1.0,31.33099937438965,0.0,0.0
feature.QMD.unmanaged.CWHvm_CW_HW_M,16,160,10,0.0,10000.0,1.0,1.0,31.304000854492188,0.0,0.0
feature.QMD.unmanaged.CWHvm_CW_HW_M,17,170,10,0.0,10000.0,1.0,1.0,31.2810001373291,0.0,0.0
feature.QMD.unmanaged.CWHvm_CW_HW_M,18,180,10,0.0,10000.0,1.0,1.0,31.266000747680664,0.0,0.0
feature.QMD.unmanaged.CWHvm_CW_HW_M,19,190,10,0.0,10000.0,1.0,1.0,31.253000259399414,0.0,0.0
feature.QMD.unmanaged.CWHvm_CW_HW_M,20,200,10,0.0,10000.0,1.0,1.0,31.239999771118164,0.0,0.0
feature.QMD.unmanaged.CWHvm_CW_HW_M,21,210,10,0.0,10000.0,1.0,1.0,31.22800064086914,0.0,0.0
feature.QMD.unmanaged.CWHvm_CW_HW_M,22,220,10,0.0,10000.0,1.0,1.0,31.215999603271484,0.0,0.0
feature.QMD.unmanaged.CWHvm_CW_HW_M,23,230,10,0.0,10000.0,1.0,1.0,31.20400047302246,0.0,0.0
feature.QMD.unmanaged.CWHvm_CW_HW_M,24,240,10,0.0,10000.0,1.0,1.0,31.194000244140625,0.0,0.0
feature.QMD.unmanaged.CWHvm_CW_HW_M,25,250,10,0.0,10000.0,1.0,1.0,31.183000564575195,0.0,0.0
feature.QMD.unmanaged.CWHvm_CW_HW_M,26,260,10,0.0,10000.0,1.0,1.0,31.180999755859375,0.0,0.0
feature.QMD.unmanaged.CWHvm_CW_HW_M,27,270,10,0.0,10000.0,1.0,1.0,31.180999755859375,0.0,0.0
feature.QMD.unmanaged.CWHvm_CW_HW_M,28,280,10,0.0,10000.0,1.0,1.0,31.180999755859375,0.0,0.0
feature.QMD.unmanaged.CWHvm_CW_HW_M,29,290,10,0.0,10000.0,1.0,1.0,31.180999755859375,0.0,0.0
feature.QMD.unmanaged.CWHvm_CW_HW_M,30,300,10,0.0,10000.0,1.0,1.0,31.180999755859375,0.0,0.0
feature.QMD.unmanaged.CWHvm_CW_PLC_M,0,0,10,0.0,10000.0,1.0,1.0,0.0,0.0,0.0
feature.QMD.unmanaged.CWHvm_CW_PLC_M,1,10,10,0.0,10000.0,1.0,1.0,0.0,0.0,0.0
feature.QMD.unmanaged.CWHvm_CW_PLC_M,2,20,10,0.0,10000.0,1.0,1.0,0.0,0.0,0.0
feature.QMD.unmanaged.CWHvm_CW_PLC_M,3,30,10,0.0,10000.0,1.0,1.0,0.0,0.0,0.0
feature.QMD.unmanaged.CWHvm_CW_PLC_M,4,40,10,0.0,10000.0,1.0,1.0,0.0,0.0,0.0
feature.QMD.unmanaged.CWHvm_CW_PLC_M,5,50,10,0.0,10000.0,1.0,1.0,0.0,0.0,0.0
feature.QMD.unmanaged.CWHvm_CW_PLC_M,6,60,10,0.0,10000.0,1.0,1.0,0.0,0.0,0.0
feature.QMD.unmanaged.CWHvm_CW_PLC_M,7,70,10,0.0,10000.0,1.0,1.0,0.0,0.0,0.0
feature.QMD.unmanaged.CWHvm_CW_PLC_M,8,80,10,0.0,10000.0,1.0,1.0,0.0,0.0,0.0
feature.QMD.unmanaged.CWHvm_CW_PLC_M,9,90,10,0.0,10000.0,1.0,1.0,0.0,0.0,0.0
feature.QMD.unmanaged.CWHvm_CW_PLC_M,10,100,10,0.0,10000.0,1.0,1.0,0.0,0.0,0.0
feature.QMD.unmanaged.CWHvm_CW_PLC_M,11,110,10,0.0,10000.0,1.0,1.0,0.0,0.0,0.0
feature.QMD.unmanaged.CWHvm_CW_PLC_M,12,120,10,0.0,10000.0,1.0,1.0,0.0,0.0,0.0
feature.QMD.unmanaged.CWHvm_CW_PLC_M,13,130,10,0.0,10000.0,1.0,1.0,0.0,0.0,0.0
feature.QMD.unmanaged.CWHvm_CW_PLC_M,14,140,10,0.0,10000.0,1.0,1.0,0.0,0.0,0.0
feature.QMD.unmanaged.CWHvm_CW_PLC_M,15,150,10,0.0,10000.0,1.0,1.0,0.0,0.0,0.0
feature.QMD.unmanaged.CWHvm_CW_PLC_M,16,160,10,0.0,10000.0,1.0,1.0,0.0,0.0,0.0
feature.QMD.unmanaged.CWHvm_CW_PLC_M,17,170,10,0.0,10000.0,1.0,1.0,0.0,0.0,0.0
feature.QMD.unmanaged.CWHvm_CW_PLC_M,18,180,10,0.0,10000.0,1.0,1.0,0.0,0.0,0.0
feature.QMD.unmanaged.CWHvm_CW_PLC_M,19,190,10,0.0,10000.0,1.0,1.0,0.0,0.0,0.0
feature.QMD.unmanaged.CWHvm_CW_PLC_M,20,200,10,0.0,10000.0,1.0,1.0,0.0,0.0,0.0
feature.QMD.unmanaged.CWHvm_CW_PLC_M,21,210,10,0.0,10000.0,1.0,1.0,0.0,0.0,0.0
feature.QMD.unmanaged.CWHvm_CW_PLC_M,22,220,10,0.0,10000.0,1.0,1.0,0.0,0.0,0.0
feature.QMD.unmanaged.CWHvm_CW_PLC_M,23,230,10,0.0,10000.0,1.0,1.0,0.0,0.0,0.0
feature.QMD.unmanaged.CWHvm_CW_PLC_M,24,240,10,0.0,10000.0,1.0,1.0,0.0,0.0,0.0
feature.QMD.unmanaged.CWHvm_CW_PLC_M,25,250,10,0.0,10000.0,1.0,1.0,0.0,0.0,0.0
feature.QMD.unmanaged.CWHvm_CW_PLC_M,26,260,10,0.0,10000.0,1.0,1.0,0.0,0.0,0.0
feature.QMD.unmanaged.CWHvm_CW_PLC_M,27,270,10,0.0,10000.0,1.0,1.0,0.0,0.0,0.0
feature.QMD.unmanaged.CWHvm_CW_PLC_M,28,280,10,0.0,10000.0,1.0,1.0,0.0,0.0,0.0
feature.QMD.unmanaged.CWHvm_CW_PLC_M,29,290,10,0.0,10000.0,1.0,1.0,0.0,0.0,0.0
feature.QMD.unmanaged.CWHvm_CW_PLC_M,30,300,10,0.0,10000.0,1.0,1.0,0.0,0.0,0.0
feature.QMD.unmanaged.CWHvm_CW_YC_M,0,0,10,0.0,10000.0,1.0,1.0,16.614999771118164,0.0,0.0
feature.QMD.unmanaged.CWHvm_CW_YC_M,1,10,10,0.0,10000.0,1.0,1.0,16.530000686645508,0.0,0.0
feature.QMD.unmanaged.CWHvm_CW_YC_M,2,20,10,0.0,10000.0,1.0,1.0,16.422000885009766,0.0,0.0
feature.QMD.unmanaged.CWHvm_CW_YC_M,3,30,10,0.0,10000.0,1.0,1.0,16.39699935913086,0.0,0.0
feature.QMD.unmanaged.CWHvm_CW_YC_M,4,40,10,0.0,10000.0,1.0,1.0,16.39699935913086,0.0,0.0
feature.QMD.unmanaged.CWHvm_CW_YC_M,5,50,10,0.0,10000.0,1.0,1.0,16.39699935913086,0.0,0.0
feature.QMD.unmanaged.CWHvm_CW_YC_M,6,60,10,0.0,10000.0,1.0,1.0,16.39699935913086,0.0,0.0
feature.QMD.unmanaged.CWHvm_CW_YC_M,7,70,10,0.0,10000.0,1.0,1.0,16.39699935913086,0.0,0.0
feature.QMD.unmanaged.CWHvm_CW_YC_M,8,80,10,0.0,10000.0,1.0,1.0,16.39699935913086,0.0,0.0
feature.QMD.unmanaged.CWHvm_CW_YC_M,9,90,10,0.0,10000.0,1.0,1.0,16.39699935913086,0.0,0.0
feature.QMD.unmanaged.CWHvm_CW_YC_M,10,100,10,0.0,10000.0,1.0,1.0,16.39699935913086,0.0,0.0
feature.QMD.unmanaged.CWHvm_CW_YC_M,11,110,10,0.0,10000.0,1.0,1.0,16.39699935913086,0.0,0.0
feature.QMD.unmanaged.CWHvm_CW_YC_M,12,120,10,0.0,10000.0,1.0,1.0,16.39699935913086,0.0,0.0
feature.QMD.unmanaged.CWHvm_CW_YC_M,13,130,10,0.0,10000.0,1.0,1.0,16.39699935913086,0.0,0.0
feature.QMD.unmanaged.CWHvm_CW_YC_M,14,140,10,0.0,10000.0,1.0,1.0,16.39699935913086,0.0,0.0
feature.QMD.unmanaged.CWHvm_CW_YC_M,15,150,10,0.0,10000.0,1.0,1.0,16.39699935913086,0.0,0.0
feature.QMD.unmanaged.CWHvm_CW_YC_M,16,160,10,0.0,10000.0,1.0,1.0,16.39699935913086,0.0,0.0
feature.QMD.unmanaged.CWHvm_CW_YC_M,17,170,10,0.0,10000.0,1.0,1.0,16.39699935913086,0.0,0.0
feature.QMD.unmanaged.CWHvm_CW_YC_M,18,180,10,0.0,10000.0,1.0,1.0,16.39699935913086,0.0,0.0
feature.QMD.unmanaged.CWHvm_CW_YC_M,19,190,10,0.0,10000.0,1.0,1.0,16.39699935913086,0.0,0.0
feature.QMD.unmanaged.CWHvm_CW_YC_M,20,200,10,0.0,10000.0,1.0,1.0,16.39699935913086,0.0,0.0
feature.QMD.unmanaged.CWHvm_CW_YC_M,21,210,10,0.0,10000.0,1.0,1.0,16.39699935913086,0.0,0.0
feature.QMD.unmanaged.CWHvm_CW_YC_M,22,220,10,0.0,10000.0,1.0,1.0,16.39699935913086,0.0,0.0
feature.QMD.unmanaged.CWHvm_CW_YC_M,23,230,10,0.0,10000.0,1.0,1.0,16.39699935913086,0.0,0.0
feature.QMD.unmanaged.CWHvm_CW_YC_M,24,240,10,0.0,10000.0,1.0,1.0,16.39699935913086,0.0,0.0
feature.QMD.unmanaged.CWHvm_CW_YC_M,25,250,10,0.0,10000.0,1.0,1.0,16.39699935913086,0.0,0.0
feature.QMD.unmanaged.CWHvm_CW_YC_M,26,260,10,0.0,10000.0,1.0,1.0,16.39699935913086,0.0,0.0
feature.QMD.unmanaged.CWHvm_CW_YC_M,27,270,10,0.0,10000.0,1.0,1.0,16.39699935913086,0.0,0.0
feature.QMD.unmanaged.CWHvm_CW_YC_M,28,280,10,0.0,10000.0,1.0,1.0,16.39699935913086,0.0,0.0
feature.QMD.unmanaged.CWHvm_CW_YC_M,29,290,10,0.0,10000.0,1.0,1.0,16.39699935913086,0.0,0.0
feature.QMD.unmanaged.CWHvm_CW_YC_M,30,300,10,0.0,10000.0,1.0,1.0,16.39699935913086,0.0,0.0
feature.QMD.unmanaged.CWHvm_DR_HW_M,0,0,10,0.0,10000.0,1.0,1.0,32.71900177001953,0.0,0.0
feature.QMD.unmanaged.CWHvm_DR_HW_M,1,10,10,0.0,10000.0,1.0,1.0,33.16299819946289,0.0,0.0
feature.QMD.unmanaged.CWHvm_DR_HW_M,2,20,10,0.0,10000.0,1.0,1.0,33.066001892089844,0.0,0.0
feature.QMD.unmanaged.CWHvm_DR_HW_M,3,30,10,0.0,10000.0,1.0,1.0,32.555999755859375,0.0,0.0
feature.QMD.unmanaged.CWHvm_DR_HW_M,4,40,10,0.0,10000.0,1.0,1.0,31.790000915527344,0.0,0.0
feature.QMD.unmanaged.CWHvm_DR_HW_M,5,50,10,0.0,10000.0,1.0,1.0,30.849000930786133,0.0,0.0
feature.QMD.unmanaged.CWHvm_DR_HW_M,6,60,10,0.0,10000.0,1.0,1.0,29.759000778198242,0.0,0.0
feature.QMD.unmanaged.CWHvm_DR_HW_M,7,70,10,0.0,10000.0,1.0,1.0,28.551000595092773,0.0,0.0
feature.QMD.unmanaged.CWHvm_DR_HW_M,8,80,10,0.0,10000.0,1.0,1.0,27.301000595092773,0.0,0.0
feature.QMD.unmanaged.CWHvm_DR_HW_M,9,90,10,0.0,10000.0,1.0,1.0,26.051000595092773,0.0,0.0
feature.QMD.unmanaged.CWHvm_DR_HW_M,10,100,10,0.0,10000.0,1.0,1.0,24.773000717163086,0.0,0.0
feature.QMD.unmanaged.CWHvm_DR_HW_M,11,110,10,0.0,10000.0,1.0,1.0,23.472999572753906,0.0,0.0
feature.QMD.unmanaged.CWHvm_DR_HW_M,12,120,10,0.0,10000.0,1.0,1.0,22.200000762939453,0.0,0.0
feature.QMD.unmanaged.CWHvm_DR_HW_M,13,130,10,0.0,10000.0,1.0,1.0,20.979999542236328,0.0,0.0
feature.QMD.unmanaged.CWHvm_DR_HW_M,14,140,10,0.0,10000.0,1.0,1.0,19.841999053955078,0.0,0.0
feature.QMD.unmanaged.CWHvm_DR_HW_M,15,150,10,0.0,10000.0,1.0,1.0,18.920000076293945,0.0,0.0
feature.QMD.unmanaged.CWHvm_DR_HW_M,16,160,10,0.0,10000.0,1.0,1.0,18.357999801635742,0.0,0.0
feature.QMD.unmanaged.CWHvm_DR_HW_M,17,170,10,0.0,10000.0,1.0,1.0,17.954999923706055,0.0,0.0
feature.QMD.unmanaged.CWHvm_DR_HW_M,18,180,10,0.0,10000.0,1.0,1.0,17.468000411987305,0.0,0.0
feature.QMD.unmanaged.CWHvm_DR_HW_M,19,190,10,0.0,10000.0,1.0,1.0,16.97599983215332,0.0,0.0
feature.QMD.unmanaged.CWHvm_DR_HW_M,20,200,10,0.0,10000.0,1.0,1.0,16.527000427246094,0.0,0.0
feature.QMD.unmanaged.CWHvm_DR_HW_M,21,210,10,0.0,10000.0,1.0,1.0,16.076000213623047,0.0,0.0
feature.QMD.unmanaged.CWHvm_DR_HW_M,22,220,10,0.0,10000.0,1.0,1.0,15.657999992370605,0.0,0.0
feature.QMD.unmanaged.CWHvm_DR_HW_M,23,230,10,0.0,10000.0,1.0,1.0,15.258000373840332,0.0,0.0
feature.QMD.unmanaged.CWHvm_DR_HW_M,24,240,10,0.0,10000.0,1.0,1.0,14.878999710083008,0.0,0.0
feature.QMD.unmanaged.CWHvm_DR_HW_M,25,250,10,0.0,10000.0,1.0,1.0,14.645000457763672,0.0,0.0
feature.QMD.unmanaged.CWHvm_DR_HW_M,26,260,10,0.0,10000.0,1.0,1.0,14.595999717712402,0.0,0.0
feature.QMD.unmanaged.CWHvm_DR_HW_M,27,270,10,0.0,10000.0,1.0,1.0,14.595999717712402,0.0,0.0
feature.QMD.unmanaged.CWHvm_DR_HW_M,28,280,10,0.0,10000.0,1.0,1.0,14.595999717712402,0.0,0.0
feature.QMD.unmanaged.CWHvm_DR_HW_M,29,290,10,0.0,10000.0,1.0,1.0,14.595999717712402,0.0,0.0
feature.QMD.unmanaged.CWHvm_DR_HW_M,30,300,10,0.0,10000.0,1.0,1.0,14.595999717712402,0.0,0.0
feature.QMD.unmanaged.CWHvm_FDC_HW_H,0,0,10,0.0,10000.0,1.0,1.0,29.0,0.0,0.0
feature.QMD.unmanaged.CWHvm_FDC_HW_H,1,10,10,0.0,10000.0,1.0,1.0,30.465999603271484,0.0,0.0
feature.QMD.unmanaged.CWHvm_FDC_HW_H,2,20,10,0.0,10000.0,1.0,1.0,31.43400001525879,0.0,0.0
feature.QMD.unmanaged.CWHvm_FDC_HW_H,3,30,10,0.0,10000.0,1.0,1.0,31.97800064086914,0.0,0.0
feature.QMD.unmanaged.CWHvm_FDC_HW_H,4,40,10,0.0,10000.0,1.0,1.0,32.2400016784668,0.0,0.0
feature.QMD.unmanaged.CWHvm_FDC_HW_H,5,50,10,0.0,10000.0,1.0,1.0,32.24700164794922,0.0,0.0
feature.QMD.unmanaged.CWHvm_FDC_HW_H,6,60,10,0.0,10000.0,1.0,1.0,32.05799865722656,0.0,0.0
feature.QMD.unmanaged.CWHvm_FDC_HW_H,7,70,10,0.0,10000.0,1.0,1.0,31.725000381469727,0.0,0.0
feature.QMD.unmanaged.CWHvm_FDC_HW_H,8,80,10,0.0,10000.0,1.0,1.0,31.238000869750977,0.0,0.0
feature.QMD.unmanaged.CWHvm_FDC_HW_H,9,90,10,0.0,10000.0,1.0,1.0,30.631000518798828,0.0,0.0
feature.QMD.unmanaged.CWHvm_FDC_HW_H,10,100,10,0.0,10000.0,1.0,1.0,29.951000213623047,0.0,0.0
feature.QMD.unmanaged.CWHvm_FDC_HW_H,11,110,10,0.0,10000.0,1.0,1.0,29.224000930786133,0.0,0.0
feature.QMD.unmanaged.CWHvm_FDC_HW_H,12,120,10,0.0,10000.0,1.0,1.0,28.417999267578125,0.0,0.0
feature.QMD.unmanaged.CWHvm_FDC_HW_H,13,130,10,0.0,10000.0,1.0,1.0,27.562999725341797,0.0,0.0
feature.QMD.unmanaged.CWHvm_FDC_HW_H,14,140,10,0.0,10000.0,1.0,1.0,26.743999481201172,0.0,0.0
feature.QMD.unmanaged.CWHvm_FDC_HW_H,15,150,10,0.0,10000.0,1.0,1.0,25.97100067138672,0.0,0.0
feature.QMD.unmanaged.CWHvm_FDC_HW_H,16,160,10,0.0,10000.0,1.0,1.0,25.302000045776367,0.0,0.0
feature.QMD.unmanaged.CWHvm_FDC_HW_H,17,170,10,0.0,10000.0,1.0,1.0,24.73900032043457,0.0,0.0
feature.QMD.unmanaged.CWHvm_FDC_HW_H,18,180,10,0.0,10000.0,1.0,1.0,24.18199920654297,0.0,0.0
feature.QMD.unmanaged.CWHvm_FDC_HW_H,19,190,10,0.0,10000.0,1.0,1.0,23.663999557495117,0.0,0.0
feature.QMD.unmanaged.CWHvm_FDC_HW_H,20,200,10,0.0,10000.0,1.0,1.0,23.165000915527344,0.0,0.0
feature.QMD.unmanaged.CWHvm_FDC_HW_H,21,210,10,0.0,10000.0,1.0,1.0,22.68899917602539,0.0,0.0
feature.QMD.unmanaged.CWHvm_FDC_HW_H,22,220,10,0.0,10000.0,1.0,1.0,22.243999481201172,0.0,0.0
feature.QMD.unmanaged.CWHvm_FDC_HW_H,23,230,10,0.0,10000.0,1.0,1.0,21.790000915527344,0.0,0.0
feature.QMD.unmanaged.CWHvm_FDC_HW_H,24,240,10,0.0,10000.0,1.0,1.0,21.38800048828125,0.0,0.0
feature.QMD.unmanaged.CWHvm_FDC_HW_H,25,250,10,0.0,10000.0,1.0,1.0,21.138999938964844,0.0,0.0
feature.QMD.unmanaged.CWHvm_FDC_HW_H,26,260,10,0.0,10000.0,1.0,1.0,21.09600067138672,0.0,0.0
feature.QMD.unmanaged.CWHvm_FDC_HW_H,27,270,10,0.0,10000.0,1.0,1.0,21.09600067138672,0.0,0.0
feature.QMD.unmanaged.CWHvm_FDC_HW_H,28,280,10,0.0,10000.0,1.0,1.0,21.09600067138672,0.0,0.0
feature.QMD.unmanaged.CWHvm_FDC_HW_H,29,290,10,0.0,10000.0,1.0,1.0,21.09600067138672,0.0,0.0
feature.QMD.unmanaged.CWHvm_FDC_HW_H,30,300,10,0.0,10000.0,1.0,1.0,21.09600067138672,0.0,0.0
feature.QMD.unmanaged.CWHvm_FDC_HW_L,0,0,10,0.0,10000.0,1.0,1.0,20.016000747680664,0.0,0.0
feature.QMD.unmanaged.CWHvm_FDC_HW_L,1,10,10,0.0,10000.0,1.0,1.0,24.256000518798828,0.0,0.0
feature.QMD.unmanaged.CWHvm_FDC_HW_L,2,20,10,0.0,10000.0,1.0,1.0,27.71500015258789,0.0,0.0
feature.QMD.unmanaged.CWHvm_FDC_HW_L,3,30,10,0.0,10000.0,1.0,1.0,30.385000228881836,0.0,0.0
feature.QMD.unmanaged.CWHvm_FDC_HW_L,4,40,10,0.0,10000.0,1.0,1.0,32.39500045776367,0.0,0.0
feature.QMD.unmanaged.CWHvm_FDC_HW_L,5,50,10,0.0,10000.0,1.0,1.0,33.880001068115234,0.0,0.0
feature.QMD.unmanaged.CWHvm_FDC_HW_L,6,60,10,0.0,10000.0,1.0,1.0,34.91899871826172,0.0,0.0
feature.QMD.unmanaged.CWHvm_FDC_HW_L,7,70,10,0.0,10000.0,1.0,1.0,35.555999755859375,0.0,0.0
feature.QMD.unmanaged.CWHvm_FDC_HW_L,8,80,10,0.0,10000.0,1.0,1.0,35.880001068115234,0.0,0.0
feature.QMD.unmanaged.CWHvm_FDC_HW_L,9,90,10,0.0,10000.0,1.0,1.0,35.98500061035156,0.0,0.0
feature.QMD.unmanaged.CWHvm_FDC_HW_L,10,100,10,0.0,10000.0,1.0,1.0,35.86399841308594,0.0,0.0
feature.QMD.unmanaged.CWHvm_FDC_HW_L,11,110,10,0.0,10000.0,1.0,1.0,35.54899978637695,0.0,0.0
feature.QMD.unmanaged.CWHvm_FDC_HW_L,12,120,10,0.0,10000.0,1.0,1.0,35.111000061035156,0.0,0.0
feature.QMD.unmanaged.CWHvm_FDC_HW_L,13,130,10,0.0,10000.0,1.0,1.0,34.54600143432617,0.0,0.0
feature.QMD.unmanaged.CWHvm_FDC_HW_L,14,140,10,0.0,10000.0,1.0,1.0,33.84000015258789,0.0,0.0
feature.QMD.unmanaged.CWHvm_FDC_HW_L,15,150,10,0.0,10000.0,1.0,1.0,33.02399826049805,0.0,0.0
feature.QMD.unmanaged.CWHvm_FDC_HW_L,16,160,10,0.0,10000.0,1.0,1.0,32.154998779296875,0.0,0.0
feature.QMD.unmanaged.CWHvm_FDC_HW_L,17,170,10,0.0,10000.0,1.0,1.0,31.30699920654297,0.0,0.0
feature.QMD.unmanaged.CWHvm_FDC_HW_L,18,180,10,0.0,10000.0,1.0,1.0,30.56100082397461,0.0,0.0
feature.QMD.unmanaged.CWHvm_FDC_HW_L,19,190,10,0.0,10000.0,1.0,1.0,29.878999710083008,0.0,0.0
feature.QMD.unmanaged.CWHvm_FDC_HW_L,20,200,10,0.0,10000.0,1.0,1.0,29.2450008392334,0.0,0.0
feature.QMD.unmanaged.CWHvm_FDC_HW_L,21,210,10,0.0,10000.0,1.0,1.0,28.658000946044922,0.0,0.0
feature.QMD.unmanaged.CWHvm_FDC_HW_L,22,220,10,0.0,10000.0,1.0,1.0,28.084999084472656,0.0,0.0
feature.QMD.unmanaged.CWHvm_FDC_HW_L,23,230,10,0.0,10000.0,1.0,1.0,27.547000885009766,0.0,0.0
feature.QMD.unmanaged.CWHvm_FDC_HW_L,24,240,10,0.0,10000.0,1.0,1.0,27.03700065612793,0.0,0.0
feature.QMD.unmanaged.CWHvm_FDC_HW_L,25,250,10,0.0,10000.0,1.0,1.0,26.743999481201172,0.0,0.0
feature.QMD.unmanaged.CWHvm_FDC_HW_L,26,260,10,0.0,10000.0,1.0,1.0,26.695999145507812,0.0,0.0
feature.QMD.unmanaged.CWHvm_FDC_HW_L,27,270,10,0.0,10000.0,1.0,1.0,26.695999145507812,0.0,0.0
feature.QMD.unmanaged.CWHvm_FDC_HW_L,28,280,10,0.0,10000.0,1.0,1.0,26.695999145507812,0.0,0.0
feature.QMD.unmanaged.CWHvm_FDC_HW_L,29,290,10,0.0,10000.0,1.0,1.0,26.695999145507812,0.0,0.0
feature.QMD.unmanaged.CWHvm_FDC_HW_L,30,300,10,0.0,10000.0,1.0,1.0,26.695999145507812,0.0,0.0
feature.QMD.unmanaged.CWHvm_FDC_HW_M,0,0,10,0.0,10000.0,1.0,1.0,30.93400001525879,0.0,0.0
feature.QMD.unmanaged.CWHvm_FDC_HW_M,1,10,10,0.0,10000.0,1.0,1.0,31.809999465942383,0.0,0.0
feature.QMD.unmanaged.CWHvm_FDC_HW_M,2,20,10,0.0,10000.0,1.0,1.0,32.29899978637695,0.0,0.0
feature.QMD.unmanaged.CWHvm_FDC_HW_M,3,30,10,0.0,10000.0,1.0,1.0,32.52299880981445,0.0,0.0
feature.QMD.unmanaged.CWHvm_FDC_HW_M,4,40,10,0.0,10000.0,1.0,1.0,32.479000091552734,0.0,0.0
feature.QMD.unmanaged.CWHvm_FDC_HW_M,5,50,10,0.0,10000.0,1.0,1.0,32.27399826049805,0.0,0.0
feature.QMD.unmanaged.CWHvm_FDC_HW_M,6,60,10,0.0,10000.0,1.0,1.0,31.90999984741211,0.0,0.0
feature.QMD.unmanaged.CWHvm_FDC_HW_M,7,70,10,0.0,10000.0,1.0,1.0,31.40999984741211,0.0,0.0
feature.QMD.unmanaged.CWHvm_FDC_HW_M,8,80,10,0.0,10000.0,1.0,1.0,30.832000732421875,0.0,0.0
feature.QMD.unmanaged.CWHvm_FDC_HW_M,9,90,10,0.0,10000.0,1.0,1.0,30.15399932861328,0.0,0.0
feature.QMD.unmanaged.CWHvm_FDC_HW_M,10,100,10,0.0,10000.0,1.0,1.0,29.451000213623047,0.0,0.0
feature.QMD.unmanaged.CWHvm_FDC_HW_M,11,110,10,0.0,10000.0,1.0,1.0,28.704999923706055,0.0,0.0
feature.QMD.unmanaged.CWHvm_FDC_HW_M,12,120,10,0.0,10000.0,1.0,1.0,27.961999893188477,0.0,0.0
feature.QMD.unmanaged.CWHvm_FDC_HW_M,13,130,10,0.0,10000.0,1.0,1.0,27.200000762939453,0.0,0.0
feature.QMD.unmanaged.CWHvm_FDC_HW_M,14,140,10,0.0,10000.0,1.0,1.0,26.465999603271484,0.0,0.0
feature.QMD.unmanaged.CWHvm_FDC_HW_M,15,150,10,0.0,10000.0,1.0,1.0,25.788999557495117,0.0,0.0
feature.QMD.unmanaged.CWHvm_FDC_HW_M,16,160,10,0.0,10000.0,1.0,1.0,25.180999755859375,0.0,0.0
feature.QMD.unmanaged.CWHvm_FDC_HW_M,17,170,10,0.0,10000.0,1.0,1.0,24.652999877929688,0.0,0.0
feature.QMD.unmanaged.CWHvm_FDC_HW_M,18,180,10,0.0,10000.0,1.0,1.0,24.108999252319336,0.0,0.0
feature.QMD.unmanaged.CWHvm_FDC_HW_M,19,190,10,0.0,10000.0,1.0,1.0,23.604999542236328,0.0,0.0
feature.QMD.unmanaged.CWHvm_FDC_HW_M,20,200,10,0.0,10000.0,1.0,1.0,23.131000518798828,0.0,0.0
feature.QMD.unmanaged.CWHvm_FDC_HW_M,21,210,10,0.0,10000.0,1.0,1.0,22.76099967956543,0.0,0.0
feature.QMD.unmanaged.CWHvm_FDC_HW_M,22,220,10,0.0,10000.0,1.0,1.0,22.402000427246094,0.0,0.0
feature.QMD.unmanaged.CWHvm_FDC_HW_M,23,230,10,0.0,10000.0,1.0,1.0,22.124000549316406,0.0,0.0
feature.QMD.unmanaged.CWHvm_FDC_HW_M,24,240,10,0.0,10000.0,1.0,1.0,21.878999710083008,0.0,0.0
feature.QMD.unmanaged.CWHvm_FDC_HW_M,25,250,10,0.0,10000.0,1.0,1.0,21.722999572753906,0.0,0.0
feature.QMD.unmanaged.CWHvm_FDC_HW_M,26,260,10,0.0,10000.0,1.0,1.0,21.69700050354004,0.0,0.0
feature.QMD.unmanaged.CWHvm_FDC_HW_M,27,270,10,0.0,10000.0,1.0,1.0,21.69700050354004,0.0,0.0
feature.QMD.unmanaged.CWHvm_FDC_HW_M,28,280,10,0.0,10000.0,1.0,1.0,21.69700050354004,0.0,0.0
feature.QMD.unmanaged.CWHvm_FDC_HW_M,29,290,10,0.0,10000.0,1.0,1.0,21.69700050354004,0.0,0.0
feature.QMD.unmanaged.CWHvm_FDC_HW_M,30,300,10,0.0,10000.0,1.0,1.0,21.69700050354004,0.0,0.0
feature.QMD.unmanaged.CWHvm_HW_BA_M,0,0,10,0.0,10000.0,1.0,1.0,44.742000579833984,0.0,0.0
feature.QMD.unmanaged.CWHvm_HW_BA_M,1,10,10,0.0,10000.0,1.0,1.0,43.917999267578125,0.0,0.0
feature.QMD.unmanaged.CWHvm_HW_BA_M,2,20,10,0.0,10000.0,1.0,1.0,42.97100067138672,0.0,0.0
feature.QMD.unmanaged.CWHvm_HW_BA_M,3,30,10,0.0,10000.0,1.0,1.0,41.89799880981445,0.0,0.0
feature.QMD.unmanaged.CWHvm_HW_BA_M,4,40,10,0.0,10000.0,1.0,1.0,40.858001708984375,0.0,0.0
feature.QMD.unmanaged.CWHvm_HW_BA_M,5,50,10,0.0,10000.0,1.0,1.0,39.902000427246094,0.0,0.0
feature.QMD.unmanaged.CWHvm_HW_BA_M,6,60,10,0.0,10000.0,1.0,1.0,38.84199905395508,0.0,0.0
feature.QMD.unmanaged.CWHvm_HW_BA_M,7,70,10,0.0,10000.0,1.0,1.0,37.69300079345703,0.0,0.0
feature.QMD.unmanaged.CWHvm_HW_BA_M,8,80,10,0.0,10000.0,1.0,1.0,36.54999923706055,0.0,0.0
feature.QMD.unmanaged.CWHvm_HW_BA_M,9,90,10,0.0,10000.0,1.0,1.0,35.375,0.0,0.0
feature.QMD.unmanaged.CWHvm_HW_BA_M,10,100,10,0.0,10000.0,1.0,1.0,34.38399887084961,0.0,0.0
feature.QMD.unmanaged.CWHvm_HW_BA_M,11,110,10,0.0,10000.0,1.0,1.0,33.46500015258789,0.0,0.0
feature.QMD.unmanaged.CWHvm_HW_BA_M,12,120,10,0.0,10000.0,1.0,1.0,32.67399978637695,0.0,0.0
feature.QMD.unmanaged.CWHvm_HW_BA_M,13,130,10,0.0,10000.0,1.0,1.0,32.053001403808594,0.0,0.0
feature.QMD.unmanaged.CWHvm_HW_BA_M,14,140,10,0.0,10000.0,1.0,1.0,31.54199981689453,0.0,0.0
feature.QMD.unmanaged.CWHvm_HW_BA_M,15,150,10,0.0,10000.0,1.0,1.0,31.184999465942383,0.0,0.0
feature.QMD.unmanaged.CWHvm_HW_BA_M,16,160,10,0.0,10000.0,1.0,1.0,30.798999786376953,0.0,0.0
feature.QMD.unmanaged.CWHvm_HW_BA_M,17,170,10,0.0,10000.0,1.0,1.0,30.36400032043457,0.0,0.0
feature.QMD.unmanaged.CWHvm_HW_BA_M,18,180,10,0.0,10000.0,1.0,1.0,30.090999603271484,0.0,0.0
feature.QMD.unmanaged.CWHvm_HW_BA_M,19,190,10,0.0,10000.0,1.0,1.0,29.847000122070312,0.0,0.0
feature.QMD.unmanaged.CWHvm_HW_BA_M,20,200,10,0.0,10000.0,1.0,1.0,29.797000885009766,0.0,0.0
feature.QMD.unmanaged.CWHvm_HW_BA_M,21,210,10,0.0,10000.0,1.0,1.0,29.797000885009766,0.0,0.0
feature.QMD.unmanaged.CWHvm_HW_BA_M,22,220,10,0.0,10000.0,1.0,1.0,29.797000885009766,0.0,0.0
feature.QMD.unmanaged.CWHvm_HW_BA_M,23,230,10,0.0,10000.0,1.0,1.0,29.797000885009766,0.0,0.0
feature.QMD.unmanaged.CWHvm_HW_BA_M,24,240,10,0.0,10000.0,1.0,1.0,29.797000885009766,0.0,0.0
feature.QMD.unmanaged.CWHvm_HW_BA_M,25,250,10,0.0,10000.0,1.0,1.0,29.797000885009766,0.0,0.0
feature.QMD.unmanaged.CWHvm_HW_BA_M,26,260,10,0.0,10000.0,1.0,1.0,29.797000885009766,0.0,0.0
feature.QMD.unmanaged.CWHvm_HW_BA_M,27,270,10,0.0,10000.0,1.0,1.0,29.797000885009766,0.0,0.0
feature.QMD.unmanaged.CWHvm_HW_BA_M,28,280,10,0.0,10000.0,1.0,1.0,29.797000885009766,0.0,0.0
feature.QMD.unmanaged.CWHvm_HW_BA_M,29,290,10,0.0,10000.0,1.0,1.0,29.797000885009766,0.0,0.0
feature.QMD.unmanaged.CWHvm_HW_BA_M,30,300,10,0.0,10000.0,1.0,1.0,29.797000885009766,0.0,0.0
feature.QMD.unmanaged.CWHvm_HW_CW_H,0,0,10,0.0,10000.0,1.0,1.0,37.79800033569336,0.0,0.0
feature.QMD.unmanaged.CWHvm_HW_CW_H,1,10,10,0.0,10000.0,1.0,1.0,37.821998596191406,0.0,0.0
feature.QMD.unmanaged.CWHvm_HW_CW_H,2,20,10,0.0,10000.0,1.0,1.0,37.58300018310547,0.0,0.0
feature.QMD.unmanaged.CWHvm_HW_CW_H,3,30,10,0.0,10000.0,1.0,1.0,37.16600036621094,0.0,0.0
feature.QMD.unmanaged.CWHvm_HW_CW_H,4,40,10,0.0,10000.0,1.0,1.0,36.59600067138672,0.0,0.0
feature.QMD.unmanaged.CWHvm_HW_CW_H,5,50,10,0.0,10000.0,1.0,1.0,35.96500015258789,0.0,0.0
feature.QMD.unmanaged.CWHvm_HW_CW_H,6,60,10,0.0,10000.0,1.0,1.0,35.244998931884766,0.0,0.0
feature.QMD.unmanaged.CWHvm_HW_CW_H,7,70,10,0.0,10000.0,1.0,1.0,34.46699905395508,0.0,0.0
feature.QMD.unmanaged.CWHvm_HW_CW_H,8,80,10,0.0,10000.0,1.0,1.0,33.64699935913086,0.0,0.0
feature.QMD.unmanaged.CWHvm_HW_CW_H,9,90,10,0.0,10000.0,1.0,1.0,32.823001861572266,0.0,0.0
feature.QMD.unmanaged.CWHvm_HW_CW_H,10,100,10,0.0,10000.0,1.0,1.0,32.05099868774414,0.0,0.0
feature.QMD.unmanaged.CWHvm_HW_CW_H,11,110,10,0.0,10000.0,1.0,1.0,31.292999267578125,0.0,0.0
feature.QMD.unmanaged.CWHvm_HW_CW_H,12,120,10,0.0,10000.0,1.0,1.0,30.589000701904297,0.0,0.0
feature.QMD.unmanaged.CWHvm_HW_CW_H,13,130,10,0.0,10000.0,1.0,1.0,30.025999069213867,0.0,0.0
feature.QMD.unmanaged.CWHvm_HW_CW_H,14,140,10,0.0,10000.0,1.0,1.0,29.49799919128418,0.0,0.0
feature.QMD.unmanaged.CWHvm_HW_CW_H,15,150,10,0.0,10000.0,1.0,1.0,29.003999710083008,0.0,0.0
feature.QMD.unmanaged.CWHvm_HW_CW_H,16,160,10,0.0,10000.0,1.0,1.0,28.531999588012695,0.0,0.0
feature.QMD.unmanaged.CWHvm_HW_CW_H,17,170,10,0.0,10000.0,1.0,1.0,28.0939998626709,0.0,0.0
feature.QMD.unmanaged.CWHvm_HW_CW_H,18,180,10,0.0,10000.0,1.0,1.0,27.87700080871582,0.0,0.0
feature.QMD.unmanaged.CWHvm_HW_CW_H,19,190,10,0.0,10000.0,1.0,1.0,27.722000122070312,0.0,0.0
feature.QMD.unmanaged.CWHvm_HW_CW_H,20,200,10,0.0,10000.0,1.0,1.0,27.639999389648438,0.0,0.0
feature.QMD.unmanaged.CWHvm_HW_CW_H,21,210,10,0.0,10000.0,1.0,1.0,27.575000762939453,0.0,0.0
feature.QMD.unmanaged.CWHvm_HW_CW_H,22,220,10,0.0,10000.0,1.0,1.0,27.516000747680664,0.0,0.0
feature.QMD.unmanaged.CWHvm_HW_CW_H,23,230,10,0.0,10000.0,1.0,1.0,27.459999084472656,0.0,0.0
feature.QMD.unmanaged.CWHvm_HW_CW_H,24,240,10,0.0,10000.0,1.0,1.0,27.4060001373291,0.0,0.0
feature.QMD.unmanaged.CWHvm_HW_CW_H,25,250,10,0.0,10000.0,1.0,1.0,27.395999908447266,0.0,0.0
feature.QMD.unmanaged.CWHvm_HW_CW_H,26,260,10,0.0,10000.0,1.0,1.0,27.395999908447266,0.0,0.0
feature.QMD.unmanaged.CWHvm_HW_CW_H,27,270,10,0.0,10000.0,1.0,1.0,27.395999908447266,0.0,0.0
feature.QMD.unmanaged.CWHvm_HW_CW_H,28,280,10,0.0,10000.0,1.0,1.0,27.395999908447266,0.0,0.0
feature.QMD.unmanaged.CWHvm_HW_CW_H,29,290,10,0.0,10000.0,1.0,1.0,27.395999908447266,0.0,0.0
feature.QMD.unmanaged.CWHvm_HW_CW_H,30,300,10,0.0,10000.0,1.0,1.0,27.395999908447266,0.0,0.0
feature.QMD.unmanaged.CWHvm_HW_CW_L,0,0,10,0.0,10000.0,1.0,1.0,26.70599937438965,0.0,0.0
feature.QMD.unmanaged.CWHvm_HW_CW_L,1,10,10,0.0,10000.0,1.0,1.0,26.264999389648438,0.0,0.0
feature.QMD.unmanaged.CWHvm_HW_CW_L,2,20,10,0.0,10000.0,1.0,1.0,25.945999145507812,0.0,0.0
feature.QMD.unmanaged.CWHvm_HW_CW_L,3,30,10,0.0,10000.0,1.0,1.0,25.69499969482422,0.0,0.0
feature.QMD.unmanaged.CWHvm_HW_CW_L,4,40,10,0.0,10000.0,1.0,1.0,25.41699981689453,0.0,0.0
feature.QMD.unmanaged.CWHvm_HW_CW_L,5,50,10,0.0,10000.0,1.0,1.0,25.139999389648438,0.0,0.0
feature.QMD.unmanaged.CWHvm_HW_CW_L,6,60,10,0.0,10000.0,1.0,1.0,24.93400001525879,0.0,0.0
feature.QMD.unmanaged.CWHvm_HW_CW_L,7,70,10,0.0,10000.0,1.0,1.0,24.895999908447266,0.0,0.0
feature.QMD.unmanaged.CWHvm_HW_CW_L,8,80,10,0.0,10000.0,1.0,1.0,24.895999908447266,0.0,0.0
feature.QMD.unmanaged.CWHvm_HW_CW_L,9,90,10,0.0,10000.0,1.0,1.0,24.895999908447266,0.0,0.0
feature.QMD.unmanaged.CWHvm_HW_CW_L,10,100,10,0.0,10000.0,1.0,1.0,24.895999908447266,0.0,0.0
feature.QMD.unmanaged.CWHvm_HW_CW_L,11,110,10,0.0,10000.0,1.0,1.0,24.895999908447266,0.0,0.0
feature.QMD.unmanaged.CWHvm_HW_CW_L,12,120,10,0.0,10000.0,1.0,1.0,24.895999908447266,0.0,0.0
feature.QMD.unmanaged.CWHvm_HW_CW_L,13,130,10,0.0,10000.0,1.0,1.0,24.895999908447266,0.0,0.0
feature.QMD.unmanaged.CWHvm_HW_CW_L,14,140,10,0.0,10000.0,1.0,1.0,24.895999908447266,0.0,0.0
feature.QMD.unmanaged.CWHvm_HW_CW_L,15,150,10,0.0,10000.0,1.0,1.0,24.895999908447266,0.0,0.0
feature.QMD.unmanaged.CWHvm_HW_CW_L,16,160,10,0.0,10000.0,1.0,1.0,24.895999908447266,0.0,0.0
feature.QMD.unmanaged.CWHvm_HW_CW_L,17,170,10,0.0,10000.0,1.0,1.0,24.895999908447266,0.0,0.0
feature.QMD.unmanaged.CWHvm_HW_CW_L,18,180,10,0.0,10000.0,1.0,1.0,24.895999908447266,0.0,0.0
feature.QMD.unmanaged.CWHvm_HW_CW_L,19,190,10,0.0,10000.0,1.0,1.0,24.895999908447266,0.0,0.0
feature.QMD.unmanaged.CWHvm_HW_CW_L,20,200,10,0.0,10000.0,1.0,1.0,24.895999908447266,0.0,0.0
feature.QMD.unmanaged.CWHvm_HW_CW_L,21,210,10,0.0,10000.0,1.0,1.0,24.895999908447266,0.0,0.0
feature.QMD.unmanaged.CWHvm_HW_CW_L,22,220,10,0.0,10000.0,1.0,1.0,24.895999908447266,0.0,0.0
feature.QMD.unmanaged.CWHvm_HW_CW_L,23,230,10,0.0,10000.0,1.0,1.0,24.895999908447266,0.0,0.0
feature.QMD.unmanaged.CWHvm_HW_CW_L,24,240,10,0.0,10000.0,1.0,1.0,24.895999908447266,0.0,0.0
feature.QMD.unmanaged.CWHvm_HW_CW_L,25,250,10,0.0,10000.0,1.0,1.0,24.895999908447266,0.0,0.0
feature.QMD.unmanaged.CWHvm_HW_CW_L,26,260,10,0.0,10000.0,1.0,1.0,24.895999908447266,0.0,0.0
feature.QMD.unmanaged.CWHvm_HW_CW_L,27,270,10,0.0,10000.0,1.0,1.0,24.895999908447266,0.0,0.0
feature.QMD.unmanaged.CWHvm_HW_CW_L,28,280,10,0.0,10000.0,1.0,1.0,24.895999908447266,0.0,0.0
feature.QMD.unmanaged.CWHvm_HW_CW_L,29,290,10,0.0,10000.0,1.0,1.0,24.895999908447266,0.0,0.0
feature.QMD.unmanaged.CWHvm_HW_CW_L,30,300,10,0.0,10000.0,1.0,1.0,24.895999908447266,0.0,0.0
feature.QMD.unmanaged.CWHvm_HW_CW_M,0,0,10,0.0,10000.0,1.0,1.0,28.687999725341797,0.0,0.0
feature.QMD.unmanaged.CWHvm_HW_CW_M,1,10,10,0.0,10000.0,1.0,1.0,29.87700080871582,0.0,0.0
feature.QMD.unmanaged.CWHvm_HW_CW_M,2,20,10,0.0,10000.0,1.0,1.0,30.67799949645996,0.0,0.0
feature.QMD.unmanaged.CWHvm_HW_CW_M,3,30,10,0.0,10000.0,1.0,1.0,31.107999801635742,0.0,0.0
feature.QMD.unmanaged.CWHvm_HW_CW_M,4,40,10,0.0,10000.0,1.0,1.0,31.266000747680664,0.0,0.0
feature.QMD.unmanaged.CWHvm_HW_CW_M,5,50,10,0.0,10000.0,1.0,1.0,31.211000442504883,0.0,0.0
feature.QMD.unmanaged.CWHvm_HW_CW_M,6,60,10,0.0,10000.0,1.0,1.0,30.99799919128418,0.0,0.0
feature.QMD.unmanaged.CWHvm_HW_CW_M,7,70,10,0.0,10000.0,1.0,1.0,30.655000686645508,0.0,0.0
feature.QMD.unmanaged.CWHvm_HW_CW_M,8,80,10,0.0,10000.0,1.0,1.0,30.195999145507812,0.0,0.0
feature.QMD.unmanaged.CWHvm_HW_CW_M,9,90,10,0.0,10000.0,1.0,1.0,29.68600082397461,0.0,0.0
feature.QMD.unmanaged.CWHvm_HW_CW_M,10,100,10,0.0,10000.0,1.0,1.0,29.172000885009766,0.0,0.0
feature.QMD.unmanaged.CWHvm_HW_CW_M,11,110,10,0.0,10000.0,1.0,1.0,28.60099983215332,0.0,0.0
feature.QMD.unmanaged.CWHvm_HW_CW_M,12,120,10,0.0,10000.0,1.0,1.0,28.014999389648438,0.0,0.0
feature.QMD.unmanaged.CWHvm_HW_CW_M,13,130,10,0.0,10000.0,1.0,1.0,27.493000030517578,0.0,0.0
feature.QMD.unmanaged.CWHvm_HW_CW_M,14,140,10,0.0,10000.0,1.0,1.0,26.993000030517578,0.0,0.0
feature.QMD.unmanaged.CWHvm_HW_CW_M,15,150,10,0.0,10000.0,1.0,1.0,26.493000030517578,0.0,0.0
feature.QMD.unmanaged.CWHvm_HW_CW_M,16,160,10,0.0,10000.0,1.0,1.0,25.988000869750977,0.0,0.0
feature.QMD.unmanaged.CWHvm_HW_CW_M,17,170,10,0.0,10000.0,1.0,1.0,25.534000396728516,0.0,0.0
feature.QMD.unmanaged.CWHvm_HW_CW_M,18,180,10,0.0,10000.0,1.0,1.0,25.238000869750977,0.0,0.0
feature.QMD.unmanaged.CWHvm_HW_CW_M,19,190,10,0.0,10000.0,1.0,1.0,25.0049991607666,0.0,0.0
feature.QMD.unmanaged.CWHvm_HW_CW_M,20,200,10,0.0,10000.0,1.0,1.0,24.77899932861328,0.0,0.0
feature.QMD.unmanaged.CWHvm_HW_CW_M,21,210,10,0.0,10000.0,1.0,1.0,24.576000213623047,0.0,0.0
feature.QMD.unmanaged.CWHvm_HW_CW_M,22,220,10,0.0,10000.0,1.0,1.0,24.382999420166016,0.0,0.0
feature.QMD.unmanaged.CWHvm_HW_CW_M,23,230,10,0.0,10000.0,1.0,1.0,24.197999954223633,0.0,0.0
feature.QMD.unmanaged.CWHvm_HW_CW_M,24,240,10,0.0,10000.0,1.0,1.0,24.024999618530273,0.0,0.0
feature.QMD.unmanaged.CWHvm_HW_CW_M,25,250,10,0.0,10000.0,1.0,1.0,23.95199966430664,0.0,0.0
feature.QMD.unmanaged.CWHvm_HW_CW_M,26,260,10,0.0,10000.0,1.0,1.0,23.906999588012695,0.0,0.0
feature.QMD.unmanaged.CWHvm_HW_CW_M,27,270,10,0.0,10000.0,1.0,1.0,23.898000717163086,0.0,0.0
feature.QMD.unmanaged.CWHvm_HW_CW_M,28,280,10,0.0,10000.0,1.0,1.0,23.898000717163086,0.0,0.0
feature.QMD.unmanaged.CWHvm_HW_CW_M,29,290,10,0.0,10000.0,1.0,1.0,23.898000717163086,0.0,0.0
feature.QMD.unmanaged.CWHvm_HW_CW_M,30,300,10,0.0,10000.0,1.0,1.0,23.898000717163086,0.0,0.0
feature.QMD.unmanaged.CWHvm_HW_FDC_H,0,0,10,0.0,10000.0,1.0,1.0,31.02400016784668,0.0,0.0
feature.QMD.unmanaged.CWHvm_HW_FDC_H,1,10,10,0.0,10000.0,1.0,1.0,31.900999069213867,0.0,0.0
feature.QMD.unmanaged.CWHvm_HW_FDC_H,2,20,10,0.0,10000.0,1.0,1.0,32.39699935913086,0.0,0.0
feature.QMD.unmanaged.CWHvm_HW_FDC_H,3,30,10,0.0,10000.0,1.0,1.0,32.60100173950195,0.0,0.0
feature.QMD.unmanaged.CWHvm_HW_FDC_H,4,40,10,0.0,10000.0,1.0,1.0,32.56399917602539,0.0,0.0
feature.QMD.unmanaged.CWHvm_HW_FDC_H,5,50,10,0.0,10000.0,1.0,1.0,32.35100173950195,0.0,0.0
feature.QMD.unmanaged.CWHvm_HW_FDC_H,6,60,10,0.0,10000.0,1.0,1.0,32.00600051879883,0.0,0.0
feature.QMD.unmanaged.CWHvm_HW_FDC_H,7,70,10,0.0,10000.0,1.0,1.0,31.51300048828125,0.0,0.0
feature.QMD.unmanaged.CWHvm_HW_FDC_H,8,80,10,0.0,10000.0,1.0,1.0,30.94499969482422,0.0,0.0
feature.QMD.unmanaged.CWHvm_HW_FDC_H,9,90,10,0.0,10000.0,1.0,1.0,30.295000076293945,0.0,0.0
feature.QMD.unmanaged.CWHvm_HW_FDC_H,10,100,10,0.0,10000.0,1.0,1.0,29.59600067138672,0.0,0.0
feature.QMD.unmanaged.CWHvm_HW_FDC_H,11,110,10,0.0,10000.0,1.0,1.0,28.871000289916992,0.0,0.0
feature.QMD.unmanaged.CWHvm_HW_FDC_H,12,120,10,0.0,10000.0,1.0,1.0,28.1200008392334,0.0,0.0
feature.QMD.unmanaged.CWHvm_HW_FDC_H,13,130,10,0.0,10000.0,1.0,1.0,27.368999481201172,0.0,0.0
feature.QMD.unmanaged.CWHvm_HW_FDC_H,14,140,10,0.0,10000.0,1.0,1.0,26.601999282836914,0.0,0.0
feature.QMD.unmanaged.CWHvm_HW_FDC_H,15,150,10,0.0,10000.0,1.0,1.0,25.87299919128418,0.0,0.0
feature.QMD.unmanaged.CWHvm_HW_FDC_H,16,160,10,0.0,10000.0,1.0,1.0,25.218000411987305,0.0,0.0
feature.QMD.unmanaged.CWHvm_HW_FDC_H,17,170,10,0.0,10000.0,1.0,1.0,24.610000610351562,0.0,0.0
feature.QMD.unmanaged.CWHvm_HW_FDC_H,18,180,10,0.0,10000.0,1.0,1.0,24.069000244140625,0.0,0.0
feature.QMD.unmanaged.CWHvm_HW_FDC_H,19,190,10,0.0,10000.0,1.0,1.0,23.552000045776367,0.0,0.0
feature.QMD.unmanaged.CWHvm_HW_FDC_H,20,200,10,0.0,10000.0,1.0,1.0,23.115999221801758,0.0,0.0
feature.QMD.unmanaged.CWHvm_HW_FDC_H,21,210,10,0.0,10000.0,1.0,1.0,22.73200035095215,0.0,0.0
feature.QMD.unmanaged.CWHvm_HW_FDC_H,22,220,10,0.0,10000.0,1.0,1.0,22.35300064086914,0.0,0.0
feature.QMD.unmanaged.CWHvm_HW_FDC_H,23,230,10,0.0,10000.0,1.0,1.0,21.981000900268555,0.0,0.0
feature.QMD.unmanaged.CWHvm_HW_FDC_H,24,240,10,0.0,10000.0,1.0,1.0,21.658000946044922,0.0,0.0
feature.QMD.unmanaged.CWHvm_HW_FDC_H,25,250,10,0.0,10000.0,1.0,1.0,21.509000778198242,0.0,0.0
feature.QMD.unmanaged.CWHvm_HW_FDC_H,26,260,10,0.0,10000.0,1.0,1.0,21.48699951171875,0.0,0.0
feature.QMD.unmanaged.CWHvm_HW_FDC_H,27,270,10,0.0,10000.0,1.0,1.0,21.48699951171875,0.0,0.0
feature.QMD.unmanaged.CWHvm_HW_FDC_H,28,280,10,0.0,10000.0,1.0,1.0,21.48699951171875,0.0,0.0
feature.QMD.unmanaged.CWHvm_HW_FDC_H,29,290,10,0.0,10000.0,1.0,1.0,21.48699951171875,0.0,0.0
feature.QMD.unmanaged.CWHvm_HW_FDC_H,30,300,10,0.0,10000.0,1.0,1.0,21.48699951171875,0.0,0.0
feature.QMD.unmanaged.CWHvm_HW_FDC_L,0,0,10,0.0,10000.0,1.0,1.0,31.660999298095703,0.0,0.0
feature.QMD.unmanaged.CWHvm_HW_FDC_L,1,10,10,0.0,10000.0,1.0,1.0,32.402000427246094,0.0,0.0
feature.QMD.unmanaged.CWHvm_HW_FDC_L,2,20,10,0.0,10000.0,1.0,1.0,32.79100036621094,0.0,0.0
feature.QMD.unmanaged.CWHvm_HW_FDC_L,3,30,10,0.0,10000.0,1.0,1.0,32.93199920654297,0.0,0.0
feature.QMD.unmanaged.CWHvm_HW_FDC_L,4,40,10,0.0,10000.0,1.0,1.0,32.862998962402344,0.0,0.0
feature.QMD.unmanaged.CWHvm_HW_FDC_L,5,50,10,0.0,10000.0,1.0,1.0,32.62200164794922,0.0,0.0
feature.QMD.unmanaged.CWHvm_HW_FDC_L,6,60,10,0.0,10000.0,1.0,1.0,32.237998962402344,0.0,0.0
feature.QMD.unmanaged.CWHvm_HW_FDC_L,7,70,10,0.0,10000.0,1.0,1.0,31.716999053955078,0.0,0.0
feature.QMD.unmanaged.CWHvm_HW_FDC_L,8,80,10,0.0,10000.0,1.0,1.0,31.167999267578125,0.0,0.0
feature.QMD.unmanaged.CWHvm_HW_FDC_L,9,90,10,0.0,10000.0,1.0,1.0,30.55699920654297,0.0,0.0
feature.QMD.unmanaged.CWHvm_HW_FDC_L,10,100,10,0.0,10000.0,1.0,1.0,29.868999481201172,0.0,0.0
feature.QMD.unmanaged.CWHvm_HW_FDC_L,11,110,10,0.0,10000.0,1.0,1.0,29.173999786376953,0.0,0.0
feature.QMD.unmanaged.CWHvm_HW_FDC_L,12,120,10,0.0,10000.0,1.0,1.0,28.459999084472656,0.0,0.0
feature.QMD.unmanaged.CWHvm_HW_FDC_L,13,130,10,0.0,10000.0,1.0,1.0,27.743000030517578,0.0,0.0
feature.QMD.unmanaged.CWHvm_HW_FDC_L,14,140,10,0.0,10000.0,1.0,1.0,27.011999130249023,0.0,0.0
feature.QMD.unmanaged.CWHvm_HW_FDC_L,15,150,10,0.0,10000.0,1.0,1.0,26.29199981689453,0.0,0.0
feature.QMD.unmanaged.CWHvm_HW_FDC_L,16,160,10,0.0,10000.0,1.0,1.0,25.631999969482422,0.0,0.0
feature.QMD.unmanaged.CWHvm_HW_FDC_L,17,170,10,0.0,10000.0,1.0,1.0,25.006999969482422,0.0,0.0
feature.QMD.unmanaged.CWHvm_HW_FDC_L,18,180,10,0.0,10000.0,1.0,1.0,24.509000778198242,0.0,0.0
feature.QMD.unmanaged.CWHvm_HW_FDC_L,19,190,10,0.0,10000.0,1.0,1.0,24.066999435424805,0.0,0.0
feature.QMD.unmanaged.CWHvm_HW_FDC_L,20,200,10,0.0,10000.0,1.0,1.0,23.658000946044922,0.0,0.0
feature.QMD.unmanaged.CWHvm_HW_FDC_L,21,210,10,0.0,10000.0,1.0,1.0,23.2810001373291,0.0,0.0
feature.QMD.unmanaged.CWHvm_HW_FDC_L,22,220,10,0.0,10000.0,1.0,1.0,22.916000366210938,0.0,0.0
feature.QMD.unmanaged.CWHvm_HW_FDC_L,23,230,10,0.0,10000.0,1.0,1.0,22.59000015258789,0.0,0.0
feature.QMD.unmanaged.CWHvm_HW_FDC_L,24,240,10,0.0,10000.0,1.0,1.0,22.291000366210938,0.0,0.0
feature.QMD.unmanaged.CWHvm_HW_FDC_L,25,250,10,0.0,10000.0,1.0,1.0,22.121999740600586,0.0,0.0
feature.QMD.unmanaged.CWHvm_HW_FDC_L,26,260,10,0.0,10000.0,1.0,1.0,22.094999313354492,0.0,0.0
feature.QMD.unmanaged.CWHvm_HW_FDC_L,27,270,10,0.0,10000.0,1.0,1.0,22.094999313354492,0.0,0.0
feature.QMD.unmanaged.CWHvm_HW_FDC_L,28,280,10,0.0,10000.0,1.0,1.0,22.094999313354492,0.0,0.0
feature.QMD.unmanaged.CWHvm_HW_FDC_L,29,290,10,0.0,10000.0,1.0,1.0,22.094999313354492,0.0,0.0
feature.QMD.unmanaged.CWHvm_HW_FDC_L,30,300,10,0.0,10000.0,1.0,1.0,22.094999313354492,0.0,0.0
feature.QMD.unmanaged.CWHvm_HW_SS_M,0,0,10,0.0,10000.0,1.0,1.0,29.709999084472656,0.0,0.0
feature.QMD.unmanaged.CWHvm_HW_SS_M,1,10,10,0.0,10000.0,1.0,1.0,30.520999908447266,0.0,0.0
feature.QMD.unmanaged.CWHvm_HW_SS_M,2,20,10,0.0,10000.0,1.0,1.0,30.989999771118164,0.0,0.0
feature.QMD.unmanaged.CWHvm_HW_SS_M,3,30,10,0.0,10000.0,1.0,1.0,31.209999084472656,0.0,0.0
feature.QMD.unmanaged.CWHvm_HW_SS_M,4,40,10,0.0,10000.0,1.0,1.0,31.215999603271484,0.0,0.0
feature.QMD.unmanaged.CWHvm_HW_SS_M,5,50,10,0.0,10000.0,1.0,1.0,31.018999099731445,0.0,0.0
feature.QMD.unmanaged.CWHvm_HW_SS_M,6,60,10,0.0,10000.0,1.0,1.0,30.68400001525879,0.0,0.0
feature.QMD.unmanaged.CWHvm_HW_SS_M,7,70,10,0.0,10000.0,1.0,1.0,30.23900032043457,0.0,0.0
feature.QMD.unmanaged.CWHvm_HW_SS_M,8,80,10,0.0,10000.0,1.0,1.0,29.69099998474121,0.0,0.0
feature.QMD.unmanaged.CWHvm_HW_SS_M,9,90,10,0.0,10000.0,1.0,1.0,29.104000091552734,0.0,0.0
feature.QMD.unmanaged.CWHvm_HW_SS_M,10,100,10,0.0,10000.0,1.0,1.0,28.381999969482422,0.0,0.0
feature.QMD.unmanaged.CWHvm_HW_SS_M,11,110,10,0.0,10000.0,1.0,1.0,27.666000366210938,0.0,0.0
feature.QMD.unmanaged.CWHvm_HW_SS_M,12,120,10,0.0,10000.0,1.0,1.0,26.899999618530273,0.0,0.0
feature.QMD.unmanaged.CWHvm_HW_SS_M,13,130,10,0.0,10000.0,1.0,1.0,26.107999801635742,0.0,0.0
feature.QMD.unmanaged.CWHvm_HW_SS_M,14,140,10,0.0,10000.0,1.0,1.0,25.37299919128418,0.0,0.0
feature.QMD.unmanaged.CWHvm_HW_SS_M,15,150,10,0.0,10000.0,1.0,1.0,24.724000930786133,0.0,0.0
feature.QMD.unmanaged.CWHvm_HW_SS_M,16,160,10,0.0,10000.0,1.0,1.0,24.111000061035156,0.0,0.0
feature.QMD.unmanaged.CWHvm_HW_SS_M,17,170,10,0.0,10000.0,1.0,1.0,23.507999420166016,0.0,0.0
feature.QMD.unmanaged.CWHvm_HW_SS_M,18,180,10,0.0,10000.0,1.0,1.0,22.969999313354492,0.0,0.0
feature.QMD.unmanaged.CWHvm_HW_SS_M,19,190,10,0.0,10000.0,1.0,1.0,22.458999633789062,0.0,0.0
feature.QMD.unmanaged.CWHvm_HW_SS_M,20,200,10,0.0,10000.0,1.0,1.0,21.95599937438965,0.0,0.0
feature.QMD.unmanaged.CWHvm_HW_SS_M,21,210,10,0.0,10000.0,1.0,1.0,21.457000732421875,0.0,0.0
feature.QMD.unmanaged.CWHvm_HW_SS_M,22,220,10,0.0,10000.0,1.0,1.0,21.018999099731445,0.0,0.0
feature.QMD.unmanaged.CWHvm_HW_SS_M,23,230,10,0.0,10000.0,1.0,1.0,20.579999923706055,0.0,0.0
feature.QMD.unmanaged.CWHvm_HW_SS_M,24,240,10,0.0,10000.0,1.0,1.0,20.45400047302246,0.0,0.0
feature.QMD.unmanaged.CWHvm_HW_SS_M,25,250,10,0.0,10000.0,1.0,1.0,20.408000946044922,0.0,0.0
feature.QMD.unmanaged.CWHvm_HW_SS_M,26,260,10,0.0,10000.0,1.0,1.0,20.39900016784668,0.0,0.0
feature.QMD.unmanaged.CWHvm_HW_SS_M,27,270,10,0.0,10000.0,1.0,1.0,20.39900016784668,0.0,0.0
feature.QMD.unmanaged.CWHvm_HW_SS_M,28,280,10,0.0,10000.0,1.0,1.0,20.39900016784668,0.0,0.0
feature.QMD.unmanaged.CWHvm_HW_SS_M,29,290,10,0.0,10000.0,1.0,1.0,20.39900016784668,0.0,0.0
feature.QMD.unmanaged.CWHvm_HW_SS_M,30,300,10,0.0,10000.0,1.0,1.0,20.39900016784668,0.0,0.0
feature.Seral.CWHvm_CW_HW_M.immature,0,0,10,0.0,10000.0,1.0,1.0,102.33300018310547,0.0,0.0
feature.Seral.CWHvm_CW_HW_M.immature,1,10,10,0.0,10000.0,1.0,1.0,98.16300201416016,0.0,0.0
feature.Seral.CWHvm_CW_HW_M.immature,2,20,10,0.0,10000.0,1.0,1.0,98.16300201416016,0.0,0.0
feature.Seral.CWHvm_CW_HW_M.immature,3,30,10,0.0,10000.0,1.0,1.0,116.68000030517578,0.0,0.0
feature.Seral.CWHvm_CW_HW_M.immature,4,40,10,0.0,10000.0,1.0,1.0,119.61399841308594,0.0,0.0
feature.Seral.CWHvm_CW_HW_M.immature,5,50,10,0.0,10000.0,1.0,1.0,100.2030029296875,0.0,0.0
feature.Seral.CWHvm_CW_HW_M.immature,6,60,10,0.0,10000.0,1.0,1.0,102.3489990234375,0.0,0.0
feature.Seral.CWHvm_CW_HW_M.immature,7,70,10,0.0,10000.0,1.0,1.0,104.16000366210938,0.0,0.0
feature.Seral.CWHvm_CW_HW_M.immature,8,80,10,0.0,10000.0,1.0,1.0,113.76300048828125,0.0,0.0
feature.Seral.CWHvm_CW_HW_M.immature,9,90,10,0.0,10000.0,1.0,1.0,68.64199829101562,0.0,0.0
feature.Seral.CWHvm_CW_HW_M.immature,10,100,10,0.0,10000.0,1.0,1.0,43.007999420166016,0.0,0.0
feature.Seral.CWHvm_CW_HW_M.immature,11,110,10,0.0,10000.0,1.0,1.0,43.007999420166016,0.0,0.0
feature.Seral.CWHvm_CW_HW_M.immature,12,120,10,0.0,10000.0,1.0,1.0,51.0,0.0,0.0
feature.Seral.CWHvm_CW_HW_M.immature,13,130,10,0.0,10000.0,1.0,1.0,87.56500244140625,0.0,0.0
feature.Seral.CWHvm_CW_HW_M.immature,14,140,10,0.0,10000.0,1.0,1.0,94.26399993896484,0.0,0.0
feature.Seral.CWHvm_CW_HW_M.immature,15,150,10,0.0,10000.0,1.0,1.0,91.33000183105469,0.0,0.0
feature.Seral.CWHvm_CW_HW_M.immature,16,160,10,0.0,10000.0,1.0,1.0,103.90499877929688,0.0,0.0
feature.Seral.CWHvm_CW_HW_M.immature,17,170,10,0.0,10000.0,1.0,1.0,92.73300170898438,0.0,0.0
feature.Seral.CWHvm_CW_HW_M.immature,18,180,10,0.0,10000.0,1.0,1.0,96.61100006103516,0.0,0.0
feature.Seral.CWHvm_CW_HW_M.immature,19,190,10,0.0,10000.0,1.0,1.0,98.14700317382812,0.0,0.0
feature.Seral.CWHvm_CW_HW_M.immature,20,200,10,0.0,10000.0,1.0,1.0,119.7040023803711,0.0,0.0
feature.Seral.CWHvm_CW_HW_M.immature,21,210,10,0.0,10000.0,1.0,1.0,119.7040023803711,0.0,0.0
feature.Seral.CWHvm_CW_HW_M.immature,22,220,10,0.0,10000.0,1.0,1.0,119.7040023803711,0.0,0.0
feature.Seral.CWHvm_CW_HW_M.immature,23,230,10,0.0,10000.0,1.0,1.0,111.71199798583984,0.0,0.0
feature.Seral.CWHvm_CW_HW_M.immature,24,240,10,0.0,10000.0,1.0,1.0,75.14700317382812,0.0,0.0
feature.Seral.CWHvm_CW_HW_M.immature,25,250,10,0.0,10000.0,1.0,1.0,49.930999755859375,0.0,0.0
feature.Seral.CWHvm_CW_HW_M.immature,26,260,10,0.0,10000.0,1.0,1.0,43.42599868774414,0.0,0.0
feature.Seral.CWHvm_CW_HW_M.immature,27,270,10,0.0,10000.0,1.0,1.0,37.35599899291992,0.0,0.0
feature.Seral.CWHvm_CW_HW_M.immature,28,280,10,0.0,10000.0,1.0,1.0,50.483001708984375,0.0,0.0
feature.Seral.CWHvm_CW_HW_M.immature,29,290,10,0.0,10000.0,1.0,1.0,71.91899871826172,0.0,0.0
feature.Seral.CWHvm_CW_HW_M.immature,30,300,10,0.0,10000.0,1.0,1.0,75.42500305175781,0.0,0.0
feature.Seral.CWHvm_CW_HW_M.mature,0,0,10,0.0,10000.0,1.0,1.0,3.359999895095825,0.0,0.0
feature.Seral.CWHvm_CW_HW_M.mature,1,10,10,0.0,10000.0,1.0,1.0,6.709000110626221,0.0,0.0
feature.Seral.CWHvm_CW_HW_M.mature,2,20,10,0.0,10000.0,1.0,1.0,5.285999774932861,0.0,0.0
feature.Seral.CWHvm_CW_HW_M.mature,3,30,10,0.0,10000.0,1.0,1.0,1.9259999990463257,0.0,0.0
feature.Seral.CWHvm_CW_HW_M.mature,4,40,10,0.0,10000.0,1.0,1.0,1.9259999990463257,0.0,0.0
feature.Seral.CWHvm_CW_HW_M.mature,5,50,10,0.0,10000.0,1.0,1.0,1.9259999990463257,0.0,0.0
feature.Seral.CWHvm_CW_HW_M.mature,6,60,10,0.0,10000.0,1.0,1.0,1.9259999990463257,0.0,0.0
feature.Seral.CWHvm_CW_HW_M.mature,7,70,10,0.0,10000.0,1.0,1.0,1.930999994277954,0.0,0.0
feature.Seral.CWHvm_CW_HW_M.mature,8,80,10,0.0,10000.0,1.0,1.0,7.997000217437744,0.0,0.0
feature.Seral.CWHvm_CW_HW_M.mature,9,90,10,0.0,10000.0,1.0,1.0,53.11800003051758,0.0,0.0
feature.Seral.CWHvm_CW_HW_M.mature,10,100,10,0.0,10000.0,1.0,1.0,70.76000213623047,0.0,0.0
feature.Seral.CWHvm_CW_HW_M.mature,11,110,10,0.0,10000.0,1.0,1.0,8.979000091552734,0.0,0.0
feature.Seral.CWHvm_CW_HW_M.mature,12,120,10,0.0,10000.0,1.0,1.0,8.979000091552734,0.0,0.0
feature.Seral.CWHvm_CW_HW_M.mature,13,130,10,0.0,10000.0,1.0,1.0,2.055999994277954,0.0,0.0
feature.Seral.CWHvm_CW_HW_M.mature,14,140,10,0.0,10000.0,1.0,1.0,11.390000343322754,0.0,0.0
feature.Seral.CWHvm_CW_HW_M.mature,15,150,10,0.0,10000.0,1.0,1.0,4.014999866485596,0.0,0.0
feature.Seral.CWHvm_CW_HW_M.mature,16,160,10,0.0,10000.0,1.0,1.0,0.0,0.0,0.0
feature.Seral.CWHvm_CW_HW_M.mature,17,170,10,0.0,10000.0,1.0,1.0,0.0,0.0,0.0
feature.Seral.CWHvm_CW_HW_M.mature,18,180,10,0.0,10000.0,1.0,1.0,0.0,0.0,0.0
feature.Seral.CWHvm_CW_HW_M.mature,19,190,10,0.0,10000.0,1.0,1.0,0.0,0.0,0.0
feature.Seral.CWHvm_CW_HW_M.mature,20,200,10,0.0,10000.0,1.0,1.0,0.0,0.0,0.0
feature.Seral.CWHvm_CW_HW_M.mature,21,210,10,0.0,10000.0,1.0,1.0,0.0,0.0,0.0
feature.Seral.CWHvm_CW_HW_M.mature,22,220,10,0.0,10000.0,1.0,1.0,0.0,0.0,0.0
feature.Seral.CWHvm_CW_HW_M.mature,23,230,10,0.0,10000.0,1.0,1.0,7.992000102996826,0.0,0.0
feature.Seral.CWHvm_CW_HW_M.mature,24,240,10,0.0,10000.0,1.0,1.0,44.55699920654297,0.0,0.0
feature.Seral.CWHvm_CW_HW_M.mature,25,250,10,0.0,10000.0,1.0,1.0,25.215999603271484,0.0,0.0
feature.Seral.CWHvm_CW_HW_M.mature,26,260,10,0.0,10000.0,1.0,1.0,6.505000114440918,0.0,0.0
feature.Seral.CWHvm_CW_HW_M.mature,27,270,10,0.0,10000.0,1.0,1.0,6.922999858856201,0.0,0.0
feature.Seral.CWHvm_CW_HW_M.mature,28,280,10,0.0,10000.0,1.0,1.0,9.378000259399414,0.0,0.0
feature.Seral.CWHvm_CW_HW_M.mature,29,290,10,0.0,10000.0,1.0,1.0,8.458999633789062,0.0,0.0
feature.Seral.CWHvm_CW_HW_M.mature,30,300,10,0.0,10000.0,1.0,1.0,0.0,0.0,0.0
feature.Seral.CWHvm_CW_HW_M.overmature,0,0,10,0.0,10000.0,1.0,1.0,184.41700744628906,0.0,0.0
feature.Seral.CWHvm_CW_HW_M.overmature,1,10,10,0.0,10000.0,1.0,1.0,166.7209930419922,0.0,0.0
feature.Seral.CWHvm_CW_HW_M.overmature,2,20,10,0.0,10000.0,1.0,1.0,165.2100067138672,0.0,0.0
feature.Seral.CWHvm_CW_HW_M.overmature,3,30,10,0.0,10000.0,1.0,1.0,168.57000732421875,0.0,0.0
feature.Seral.CWHvm_CW_HW_M.overmature,4,40,10,0.0,10000.0,1.0,1.0,166.4239959716797,0.0,0.0
feature.Seral.CWHvm_CW_HW_M.overmature,5,50,10,0.0,10000.0,1.0,1.0,166.4239959716797,0.0,0.0
feature.Seral.CWHvm_CW_HW_M.overmature,6,60,10,0.0,10000.0,1.0,1.0,166.4239959716797,0.0,0.0
feature.Seral.CWHvm_CW_HW_M.overmature,7,70,10,0.0,10000.0,1.0,1.0,166.4239959716797,0.0,0.0
feature.Seral.CWHvm_CW_HW_M.overmature,8,80,10,0.0,10000.0,1.0,1.0,168.35000610351562,0.0,0.0
feature.Seral.CWHvm_CW_HW_M.overmature,9,90,10,0.0,10000.0,1.0,1.0,168.35000610351562,0.0,0.0
feature.Seral.CWHvm_CW_HW_M.overmature,10,100,10,0.0,10000.0,1.0,1.0,168.35000610351562,0.0,0.0
feature.Seral.CWHvm_CW_HW_M.overmature,11,110,10,0.0,10000.0,1.0,1.0,168.35000610351562,0.0,0.0
feature.Seral.CWHvm_CW_HW_M.overmature,12,120,10,0.0,10000.0,1.0,1.0,168.35000610351562,0.0,0.0
feature.Seral.CWHvm_CW_HW_M.overmature,13,130,10,0.0,10000.0,1.0,1.0,168.35000610351562,0.0,0.0
feature.Seral.CWHvm_CW_HW_M.overmature,14,140,10,0.0,10000.0,1.0,1.0,168.35499572753906,0.0,0.0
feature.Seral.CWHvm_CW_HW_M.overmature,15,150,10,0.0,10000.0,1.0,1.0,168.35499572753906,0.0,0.0
feature.Seral.CWHvm_CW_HW_M.overmature,16,160,10,0.0,10000.0,1.0,1.0,170.406005859375,0.0,0.0
feature.Seral.CWHvm_CW_HW_M.overmature,17,170,10,0.0,10000.0,1.0,1.0,170.406005859375,0.0,0.0
feature.Seral.CWHvm_CW_HW_M.overmature,18,180,10,0.0,10000.0,1.0,1.0,170.406005859375,0.0,0.0
feature.Seral.CWHvm_CW_HW_M.overmature,19,190,10,0.0,10000.0,1.0,1.0,170.406005859375,0.0,0.0
feature.Seral.CWHvm_CW_HW_M.overmature,20,200,10,0.0,10000.0,1.0,1.0,170.406005859375,0.0,0.0
feature.Seral.CWHvm_CW_HW_M.overmature,21,210,10,0.0,10000.0,1.0,1.0,170.406005859375,0.0,0.0
feature.Seral.CWHvm_CW_HW_M.overmature,22,220,10,0.0,10000.0,1.0,1.0,170.406005859375,0.0,0.0
feature.Seral.CWHvm_CW_HW_M.overmature,23,230,10,0.0,10000.0,1.0,1.0,170.406005859375,0.0,0.0
feature.Seral.CWHvm_CW_HW_M.overmature,24,240,10,0.0,10000.0,1.0,1.0,170.406005859375,0.0,0.0
feature.Seral.CWHvm_CW_HW_M.overmature,25,250,10,0.0,10000.0,1.0,1.0,170.406005859375,0.0,0.0
feature.Seral.CWHvm_CW_HW_M.overmature,26,260,10,0.0,10000.0,1.0,1.0,170.406005859375,0.0,0.0
feature.Seral.CWHvm_CW_HW_M.overmature,27,270,10,0.0,10000.0,1.0,1.0,170.406005859375,0.0,0.0
feature.Seral.CWHvm_CW_HW_M.overmature,28,280,10,0.0,10000.0,1.0,1.0,170.406005859375,0.0,0.0
feature.Seral.CWHvm_CW_HW_M.overmature,29,290,10,0.0,10000.0,1.0,1.0,170.406005859375,0.0,0.0
feature.Seral.CWHvm_CW_HW_M.overmature,30,300,10,0.0,10000.0,1.0,1.0,170.406005859375,0.0,0.0
feature.Seral.CWHvm_CW_HW_M.regenerating,0,0,10,0.0,10000.0,1.0,1.0,0.0,0.0,0.0
feature.Seral.CWHvm_CW_HW_M.regenerating,1,10,10,0.0,10000.0,1.0,1.0,0.0,0.0,0.0
feature.Seral.CWHvm_CW_HW_M.regenerating,2,20,10,0.0,10000.0,1.0,1.0,0.0,0.0,0.0
feature.Seral.CWHvm_CW_HW_M.regenerating,3,30,10,0.0,10000.0,1.0,1.0,0.0,0.0,0.0
feature.Seral.CWHvm_CW_HW_M.regenerating,4,40,10,0.0,10000.0,1.0,1.0,0.0,0.0,0.0
feature.Seral.CWHvm_CW_HW_M.regenerating,5,50,10,0.0,10000.0,1.0,1.0,17.594999313354492,0.0,0.0
feature.Seral.CWHvm_CW_HW_M.regenerating,6,60,10,0.0,10000.0,1.0,1.0,0.0,0.0,0.0
feature.Seral.CWHvm_CW_HW_M.regenerating,7,70,10,0.0,10000.0,1.0,1.0,0.0,0.0,0.0
feature.Seral.CWHvm_CW_HW_M.regenerating,8,80,10,0.0,10000.0,1.0,1.0,0.0,0.0,0.0
feature.Seral.CWHvm_CW_HW_M.regenerating,9,90,10,0.0,10000.0,1.0,1.0,0.0,0.0,0.0
feature.Seral.CWHvm_CW_HW_M.regenerating,10,100,10,0.0,10000.0,1.0,1.0,0.0,0.0,0.0
feature.Seral.CWHvm_CW_HW_M.regenerating,11,110,10,0.0,10000.0,1.0,1.0,25.215999603271484,0.0,0.0
feature.Seral.CWHvm_CW_HW_M.regenerating,12,120,10,0.0,10000.0,1.0,1.0,0.0,0.0,0.0
feature.Seral.CWHvm_CW_HW_M.regenerating,13,130,10,0.0,10000.0,1.0,1.0,6.922999858856201,0.0,0.0
feature.Seral.CWHvm_CW_HW_M.regenerating,14,140,10,0.0,10000.0,1.0,1.0,3.5260000228881836,0.0,0.0
feature.Seral.CWHvm_CW_HW_M.regenerating,15,150,10,0.0,10000.0,1.0,1.0,3.450000047683716,0.0,0.0
feature.Seral.CWHvm_CW_HW_M.regenerating,16,160,10,0.0,10000.0,1.0,1.0,1.5360000133514404,0.0,0.0
feature.Seral.CWHvm_CW_HW_M.regenerating,17,170,10,0.0,10000.0,1.0,1.0,21.55699920654297,0.0,0.0
feature.Seral.CWHvm_CW_HW_M.regenerating,18,180,10,0.0,10000.0,1.0,1.0,0.0,0.0,0.0
feature.Seral.CWHvm_CW_HW_M.regenerating,19,190,10,0.0,10000.0,1.0,1.0,0.0,0.0,0.0
feature.Seral.CWHvm_CW_HW_M.regenerating,20,200,10,0.0,10000.0,1.0,1.0,0.0,0.0,0.0
feature.Seral.CWHvm_CW_HW_M.regenerating,21,210,10,0.0,10000.0,1.0,1.0,0.0,0.0,0.0
feature.Seral.CWHvm_CW_HW_M.regenerating,22,220,10,0.0,10000.0,1.0,1.0,0.0,0.0,0.0
feature.Seral.CWHvm_CW_HW_M.regenerating,23,230,10,0.0,10000.0,1.0,1.0,0.0,0.0,0.0
feature.Seral.CWHvm_CW_HW_M.regenerating,24,240,10,0.0,10000.0,1.0,1.0,0.0,0.0,0.0
feature.Seral.CWHvm_CW_HW_M.regenerating,25,250,10,0.0,10000.0,1.0,1.0,44.55699920654297,0.0,0.0
feature.Seral.CWHvm_CW_HW_M.regenerating,26,260,10,0.0,10000.0,1.0,1.0,25.215999603271484,0.0,0.0
feature.Seral.CWHvm_CW_HW_M.regenerating,27,270,10,0.0,10000.0,1.0,1.0,5.6519999504089355,0.0,0.0
feature.Seral.CWHvm_CW_HW_M.regenerating,28,280,10,0.0,10000.0,1.0,1.0,28.975000381469727,0.0,0.0
feature.Seral.CWHvm_CW_HW_M.regenerating,29,290,10,0.0,10000.0,1.0,1.0,4.698999881744385,0.0,0.0
feature.Seral.CWHvm_CW_HW_M.regenerating,30,300,10,0.0,10000.0,1.0,1.0,10.604999542236328,0.0,0.0
feature.Seral.CWHvm_CW_HW_M.young,0,0,10,0.0,10000.0,1.0,1.0,0.0,0.0,0.0
feature.Seral.CWHvm_CW_HW_M.young,1,10,10,0.0,10000.0,1.0,1.0,18.517000198364258,0.0,0.0
feature.Seral.CWHvm_CW_HW_M.young,2,20,10,0.0,10000.0,1.0,1.0,21.451000213623047,0.0,0.0
feature.Seral.CWHvm_CW_HW_M.young,3,30,10,0.0,10000.0,1.0,1.0,2.934000015258789,0.0,0.0
feature.Seral.CWHvm_CW_HW_M.young,4,40,10,0.0,10000.0,1.0,1.0,2.1459999084472656,0.0,0.0
feature.Seral.CWHvm_CW_HW_M.young,5,50,10,0.0,10000.0,1.0,1.0,3.9619998931884766,0.0,0.0
feature.Seral.CWHvm_CW_HW_M.young,6,60,10,0.0,10000.0,1.0,1.0,19.410999298095703,0.0,0.0
feature.Seral.CWHvm_CW_HW_M.young,7,70,10,0.0,10000.0,1.0,1.0,17.594999313354492,0.0,0.0
feature.Seral.CWHvm_CW_HW_M.young,8,80,10,0.0,10000.0,1.0,1.0,0.0,0.0,0.0
feature.Seral.CWHvm_CW_HW_M.young,9,90,10,0.0,10000.0,1.0,1.0,0.0,0.0,0.0
feature.Seral.CWHvm_CW_HW_M.young,10,100,10,0.0,10000.0,1.0,1.0,7.992000102996826,0.0,0.0
feature.Seral.CWHvm_CW_HW_M.young,11,110,10,0.0,10000.0,1.0,1.0,44.55699920654297,0.0,0.0
feature.Seral.CWHvm_CW_HW_M.young,12,120,10,0.0,10000.0,1.0,1.0,61.78099822998047,0.0,0.0
feature.Seral.CWHvm_CW_HW_M.young,13,130,10,0.0,10000.0,1.0,1.0,25.215999603271484,0.0,0.0
feature.Seral.CWHvm_CW_HW_M.young,14,140,10,0.0,10000.0,1.0,1.0,12.574999809265137,0.0,0.0
feature.Seral.CWHvm_CW_HW_M.young,15,150,10,0.0,10000.0,1.0,1.0,22.959999084472656,0.0,0.0
feature.Seral.CWHvm_CW_HW_M.young,16,160,10,0.0,10000.0,1.0,1.0,14.262999534606934,0.0,0.0
feature.Seral.CWHvm_CW_HW_M.young,17,170,10,0.0,10000.0,1.0,1.0,5.414000034332275,0.0,0.0
feature.Seral.CWHvm_CW_HW_M.young,18,180,10,0.0,10000.0,1.0,1.0,23.093000411987305,0.0,0.0
feature.Seral.CWHvm_CW_HW_M.young,19,190,10,0.0,10000.0,1.0,1.0,21.55699920654297,0.0,0.0
feature.Seral.CWHvm_CW_HW_M.young,20,200,10,0.0,10000.0,1.0,1.0,0.0,0.0,0.0
feature.Seral.CWHvm_CW_HW_M.young,21,210,10,0.0,10000.0,1.0,1.0,0.0,0.0,0.0
feature.Seral.CWHvm_CW_HW_M.young,22,220,10,0.0,10000.0,1.0,1.0,0.0,0.0,0.0
feature.Seral.CWHvm_CW_HW_M.young,23,230,10,0.0,10000.0,1.0,1.0,0.0,0.0,0.0
feature.Seral.CWHvm_CW_HW_M.young,24,240,10,0.0,10000.0,1.0,1.0,0.0,0.0,0.0
feature.Seral.CWHvm_CW_HW_M.young,25,250,10,0.0,10000.0,1.0,1.0,0.0,0.0,0.0
feature.Seral.CWHvm_CW_HW_M.young,26,260,10,0.0,10000.0,1.0,1.0,44.55699920654297,0.0,0.0
feature.Seral.CWHvm_CW_HW_M.young,27,270,10,0.0,10000.0,1.0,1.0,69.77300262451172,0.0,0.0
feature.Seral.CWHvm_CW_HW_M.young,28,280,10,0.0,10000.0,1.0,1.0,30.868000030517578,0.0,0.0
feature.Seral.CWHvm_CW_HW_M.young,29,290,10,0.0,10000.0,1.0,1.0,34.62699890136719,0.0,0.0
feature.Seral.CWHvm_CW_HW_M.young,30,300,10,0.0,10000.0,1.0,1.0,33.67399978637695,0.0,0.0
feature.Seral.CWHvm_CW_PLC_M.immature,0,0,10,0.0,10000.0,1.0,1.0,0.0,0.0,0.0
feature.Seral.CWHvm_CW_PLC_M.immature,1,10,10,0.0,10000.0,1.0,1.0,0.0,0.0,0.0
feature.Seral.CWHvm_CW_PLC_M.immature,2,20,10,0.0,10000.0,1.0,1.0,0.0,0.0,0.0
feature.Seral.CWHvm_CW_PLC_M.immature,3,30,10,0.0,10000.0,1.0,1.0,0.0,0.0,0.0
feature.Seral.CWHvm_CW_PLC_M.immature,4,40,10,0.0,10000.0,1.0,1.0,0.0,0.0,0.0
feature.Seral.CWHvm_CW_PLC_M.immature,5,50,10,0.0,10000.0,1.0,1.0,0.0,0.0,0.0
feature.Seral.CWHvm_CW_PLC_M.immature,6,60,10,0.0,10000.0,1.0,1.0,0.0,0.0,0.0
feature.Seral.CWHvm_CW_PLC_M.immature,7,70,10,0.0,10000.0,1.0,1.0,0.0,0.0,0.0
feature.Seral.CWHvm_CW_PLC_M.immature,8,80,10,0.0,10000.0,1.0,1.0,0.0,0.0,0.0
feature.Seral.CWHvm_CW_PLC_M.immature,9,90,10,0.0,10000.0,1.0,1.0,0.0,0.0,0.0
feature.Seral.CWHvm_CW_PLC_M.immature,10,100,10,0.0,10000.0,1.0,1.0,0.0,0.0,0.0
feature.Seral.CWHvm_CW_PLC_M.immature,11,110,10,0.0,10000.0,1.0,1.0,0.0,0.0,0.0
feature.Seral.CWHvm_CW_PLC_M.immature,12,120,10,0.0,10000.0,1.0,1.0,0.0,0.0,0.0
feature.Seral.CWHvm_CW_PLC_M.immature,13,130,10,0.0,10000.0,1.0,1.0,0.0,0.0,0.0
feature.Seral.CWHvm_CW_PLC_M.immature,14,140,10,0.0,10000.0,1.0,1.0,0.0,0.0,0.0
feature.Seral.CWHvm_CW_PLC_M.immature,15,150,10,0.0,10000.0,1.0,1.0,0.0,0.0,0.0
feature.Seral.CWHvm_CW_PLC_M.immature,16,160,10,0.0,10000.0,1.0,1.0,0.0,0.0,0.0
feature.Seral.CWHvm_CW_PLC_M.immature,17,170,10,0.0,10000.0,1.0,1.0,0.0,0.0,0.0
feature.Seral.CWHvm_CW_PLC_M.immature,18,180,10,0.0,10000.0,1.0,1.0,0.0,0.0,0.0
feature.Seral.CWHvm_CW_PLC_M.immature,19,190,10,0.0,10000.0,1.0,1.0,0.0,0.0,0.0
feature.Seral.CWHvm_CW_PLC_M.immature,20,200,10,0.0,10000.0,1.0,1.0,0.0,0.0,0.0
feature.Seral.CWHvm_CW_PLC_M.immature,21,210,10,0.0,10000.0,1.0,1.0,0.0,0.0,0.0
feature.Seral.CWHvm_CW_PLC_M.immature,22,220,10,0.0,10000.0,1.0,1.0,0.0,0.0,0.0
feature.Seral.CWHvm_CW_PLC_M.immature,23,230,10,0.0,10000.0,1.0,1.0,0.0,0.0,0.0
feature.Seral.CWHvm_CW_PLC_M.immature,24,240,10,0.0,10000.0,1.0,1.0,0.0,0.0,0.0
feature.Seral.CWHvm_CW_PLC_M.immature,25,250,10,0.0,10000.0,1.0,1.0,0.0,0.0,0.0
feature.Seral.CWHvm_CW_PLC_M.immature,26,260,10,0.0,10000.0,1.0,1.0,0.0,0.0,0.0
feature.Seral.CWHvm_CW_PLC_M.immature,27,270,10,0.0,10000.0,1.0,1.0,0.0,0.0,0.0
feature.Seral.CWHvm_CW_PLC_M.immature,28,280,10,0.0,10000.0,1.0,1.0,0.0,0.0,0.0
feature.Seral.CWHvm_CW_PLC_M.immature,29,290,10,0.0,10000.0,1.0,1.0,0.0,0.0,0.0
feature.Seral.CWHvm_CW_PLC_M.immature,30,300,10,0.0,10000.0,1.0,1.0,0.0,0.0,0.0
feature.Seral.CWHvm_CW_PLC_M.mature,0,0,10,0.0,10000.0,1.0,1.0,0.0,0.0,0.0
feature.Seral.CWHvm_CW_PLC_M.mature,1,10,10,0.0,10000.0,1.0,1.0,0.0,0.0,0.0
feature.Seral.CWHvm_CW_PLC_M.mature,2,20,10,0.0,10000.0,1.0,1.0,0.0,0.0,0.0
feature.Seral.CWHvm_CW_PLC_M.mature,3,30,10,0.0,10000.0,1.0,1.0,0.0,0.0,0.0
feature.Seral.CWHvm_CW_PLC_M.mature,4,40,10,0.0,10000.0,1.0,1.0,0.0,0.0,0.0
feature.Seral.CWHvm_CW_PLC_M.mature,5,50,10,0.0,10000.0,1.0,1.0,0.0,0.0,0.0
feature.Seral.CWHvm_CW_PLC_M.mature,6,60,10,0.0,10000.0,1.0,1.0,0.0,0.0,0.0
feature.Seral.CWHvm_CW_PLC_M.mature,7,70,10,0.0,10000.0,1.0,1.0,0.0,0.0,0.0
feature.Seral.CWHvm_CW_PLC_M.mature,8,80,10,0.0,10000.0,1.0,1.0,0.0,0.0,0.0
feature.Seral.CWHvm_CW_PLC_M.mature,9,90,10,0.0,10000.0,1.0,1.0,0.0,0.0,0.0
feature.Seral.CWHvm_CW_PLC_M.mature,10,100,10,0.0,10000.0,1.0,1.0,0.0,0.0,0.0
feature.Seral.CWHvm_CW_PLC_M.mature,11,110,10,0.0,10000.0,1.0,1.0,0.0,0.0,0.0
feature.Seral.CWHvm_CW_PLC_M.mature,12,120,10,0.0,10000.0,1.0,1.0,0.0,0.0,0.0
feature.Seral.CWHvm_CW_PLC_M.mature,13,130,10,0.0,10000.0,1.0,1.0,0.0,0.0,0.0
feature.Seral.CWHvm_CW_PLC_M.mature,14,140,10,0.0,10000.0,1.0,1.0,0.0,0.0,0.0
feature.Seral.CWHvm_CW_PLC_M.mature,15,150,10,0.0,10000.0,1.0,1.0,0.0,0.0,0.0
feature.Seral.CWHvm_CW_PLC_M.mature,16,160,10,0.0,10000.0,1.0,1.0,0.0,0.0,0.0
feature.Seral.CWHvm_CW_PLC_M.mature,17,170,10,0.0,10000.0,1.0,1.0,0.0,0.0,0.0
feature.Seral.CWHvm_CW_PLC_M.mature,18,180,10,0.0,10000.0,1.0,1.0,0.0,0.0,0.0
feature.Seral.CWHvm_CW_PLC_M.mature,19,190,10,0.0,10000.0,1.0,1.0,0.0,0.0,0.0
feature.Seral.CWHvm_CW_PLC_M.mature,20,200,10,0.0,10000.0,1.0,1.0,0.0,0.0,0.0
feature.Seral.CWHvm_CW_PLC_M.mature,21,210,10,0.0,10000.0,1.0,1.0,0.0,0.0,0.0
feature.Seral.CWHvm_CW_PLC_M.mature,22,220,10,0.0,10000.0,1.0,1.0,0.0,0.0,0.0
feature.Seral.CWHvm_CW_PLC_M.mature,23,230,10,0.0,10000.0,1.0,1.0,0.0,0.0,0.0
feature.Seral.CWHvm_CW_PLC_M.mature,24,240,10,0.0,10000.0,1.0,1.0,0.0,0.0,0.0
feature.Seral.CWHvm_CW_PLC_M.mature,25,250,10,0.0,10000.0,1.0,1.0,0.0,0.0,0.0
feature.Seral.CWHvm_CW_PLC_M.mature,26,260,10,0.0,10000.0,1.0,1.0,0.0,0.0,0.0
feature.Seral.CWHvm_CW_PLC_M.mature,27,270,10,0.0,10000.0,1.0,1.0,0.0,0.0,0.0
feature.Seral.CWHvm_CW_PLC_M.mature,28,280,10,0.0,10000.0,1.0,1.0,0.0,0.0,0.0
feature.Seral.CWHvm_CW_PLC_M.mature,29,290,10,0.0,10000.0,1.0,1.0,0.0,0.0,0.0
feature.Seral.CWHvm_CW_PLC_M.mature,30,300,10,0.0,10000.0,1.0,1.0,0.0,0.0,0.0
feature.Seral.CWHvm_CW_PLC_M.overmature,0,0,10,0.0,10000.0,1.0,1.0,32.47200012207031,0.0,0.0
feature.Seral.CWHvm_CW_PLC_M.overmature,1,10,10,0.0,10000.0,1.0,1.0,32.47200012207031,0.0,0.0
feature.Seral.CWHvm_CW_PLC_M.overmature,2,20,10,0.0,10000.0,1.0,1.0,32.47200012207031,0.0,0.0
feature.Seral.CWHvm_CW_PLC_M.overmature,3,30,10,0.0,10000.0,1.0,1.0,32.47200012207031,0.0,0.0
feature.Seral.CWHvm_CW_PLC_M.overmature,4,40,10,0.0,10000.0,1.0,1.0,32.47200012207031,0.0,0.0
feature.Seral.CWHvm_CW_PLC_M.overmature,5,50,10,0.0,10000.0,1.0,1.0,32.47200012207031,0.0,0.0
feature.Seral.CWHvm_CW_PLC_M.overmature,6,60,10,0.0,10000.0,1.0,1.0,32.47200012207031,0.0,0.0
feature.Seral.CWHvm_CW_PLC_M.overmature,7,70,10,0.0,10000.0,1.0,1.0,32.47200012207031,0.0,0.0
feature.Seral.CWHvm_CW_PLC_M.overmature,8,80,10,0.0,10000.0,1.0,1.0,32.47200012207031,0.0,0.0
feature.Seral.CWHvm_CW_PLC_M.overmature,9,90,10,0.0,10000.0,1.0,1.0,32.47200012207031,0.0,0.0
feature.Seral.CWHvm_CW_PLC_M.overmature,10,100,10,0.0,10000.0,1.0,1.0,32.47200012207031,0.0,0.0
feature.Seral.CWHvm_CW_PLC_M.overmature,11,110,10,0.0,10000.0,1.0,1.0,32.47200012207031,0.0,0.0
feature.Seral.CWHvm_CW_PLC_M.overmature,12,120,10,0.0,10000.0,1.0,1.0,32.47200012207031,0.0,0.0
feature.Seral.CWHvm_CW_PLC_M.overmature,13,130,10,0.0,10000.0,1.0,1.0,32.47200012207031,0.0,0.0
feature.Seral.CWHvm_CW_PLC_M.overmature,14,140,10,0.0,10000.0,1.0,1.0,32.47200012207031,0.0,0.0
feature.Seral.CWHvm_CW_PLC_M.overmature,15,150,10,0.0,10000.0,1.0,1.0,32.47200012207031,0.0,0.0
feature.Seral.CWHvm_CW_PLC_M.overmature,16,160,10,0.0,10000.0,1.0,1.0,32.47200012207031,0.0,0.0
feature.Seral.CWHvm_CW_PLC_M.overmature,17,170,10,0.0,10000.0,1.0,1.0,32.47200012207031,0.0,0.0
feature.Seral.CWHvm_CW_PLC_M.overmature,18,180,10,0.0,10000.0,1.0,1.0,32.47200012207031,0.0,0.0
feature.Seral.CWHvm_CW_PLC_M.overmature,19,190,10,0.0,10000.0,1.0,1.0,32.47200012207031,0.0,0.0
feature.Seral.CWHvm_CW_PLC_M.overmature,20,200,10,0.0,10000.0,1.0,1.0,32.47200012207031,0.0,0.0
feature.Seral.CWHvm_CW_PLC_M.overmature,21,210,10,0.0,10000.0,1.0,1.0,32.47200012207031,0.0,0.0
feature.Seral.CWHvm_CW_PLC_M.overmature,22,220,10,0.0,10000.0,1.0,1.0,32.47200012207031,0.0,0.0
feature.Seral.CWHvm_CW_PLC_M.overmature,23,230,10,0.0,10000.0,1.0,1.0,32.47200012207031,0.0,0.0
feature.Seral.CWHvm_CW_PLC_M.overmature,24,240,10,0.0,10000.0,1.0,1.0,32.47200012207031,0.0,0.0
feature.Seral.CWHvm_CW_PLC_M.overmature,25,250,10,0.0,10000.0,1.0,1.0,32.47200012207031,0.0,0.0
feature.Seral.CWHvm_CW_PLC_M.overmature,26,260,10,0.0,10000.0,1.0,1.0,32.47200012207031,0.0,0.0
feature.Seral.CWHvm_CW_PLC_M.overmature,27,270,10,0.0,10000.0,1.0,1.0,32.47200012207031,0.0,0.0
feature.Seral.CWHvm_CW_PLC_M.overmature,28,280,10,0.0,10000.0,1.0,1.0,32.47200012207031,0.0,0.0
feature.Seral.CWHvm_CW_PLC_M.overmature,29,290,10,0.0,10000.0,1.0,1.0,32.47200012207031,0.0,0.0
feature.Seral.CWHvm_CW_PLC_M.overmature,30,300,10,0.0,10000.0,1.0,1.0,32.47200012207031,0.0,0.0
feature.Seral.CWHvm_CW_PLC_M.regenerating,0,0,10,0.0,10000.0,1.0,1.0,0.0,0.0,0.0
feature.Seral.CWHvm_CW_PLC_M.regenerating,1,10,10,0.0,10000.0,1.0,1.0,0.0,0.0,0.0
feature.Seral.CWHvm_CW_PLC_M.regenerating,2,20,10,0.0,10000.0,1.0,1.0,0.0,0.0,0.0
feature.Seral.CWHvm_CW_PLC_M.regenerating,3,30,10,0.0,10000.0,1.0,1.0,0.0,0.0,0.0
feature.Seral.CWHvm_CW_PLC_M.regenerating,4,40,10,0.0,10000.0,1.0,1.0,0.0,0.0,0.0
feature.Seral.CWHvm_CW_PLC_M.regenerating,5,50,10,0.0,10000.0,1.0,1.0,0.0,0.0,0.0
feature.Seral.CWHvm_CW_PLC_M.regenerating,6,60,10,0.0,10000.0,1.0,1.0,0.0,0.0,0.0
feature.Seral.CWHvm_CW_PLC_M.regenerating,7,70,10,0.0,10000.0,1.0,1.0,0.0,0.0,0.0
feature.Seral.CWHvm_CW_PLC_M.regenerating,8,80,10,0.0,10000.0,1.0,1.0,0.0,0.0,0.0
feature.Seral.CWHvm_CW_PLC_M.regenerating,9,90,10,0.0,10000.0,1.0,1.0,0.0,0.0,0.0
feature.Seral.CWHvm_CW_PLC_M.regenerating,10,100,10,0.0,10000.0,1.0,1.0,0.0,0.0,0.0
feature.Seral.CWHvm_CW_PLC_M.regenerating,11,110,10,0.0,10000.0,1.0,1.0,0.0,0.0,0.0
feature.Seral.CWHvm_CW_PLC_M.regenerating,12,120,10,0.0,10000.0,1.0,1.0,0.0,0.0,0.0
feature.Seral.CWHvm_CW_PLC_M.regenerating,13,130,10,0.0,10000.0,1.0,1.0,0.0,0.0,0.0
feature.Seral.CWHvm_CW_PLC_M.regenerating,14,140,10,0.0,10000.0,1.0,1.0,0.0,0.0,0.0
feature.Seral.CWHvm_CW_PLC_M.regenerating,15,150,10,0.0,10000.0,1.0,1.0,0.0,0.0,0.0
feature.Seral.CWHvm_CW_PLC_M.regenerating,16,160,10,0.0,10000.0,1.0,1.0,0.0,0.0,0.0
feature.Seral.CWHvm_CW_PLC_M.regenerating,17,170,10,0.0,10000.0,1.0,1.0,0.0,0.0,0.0
feature.Seral.CWHvm_CW_PLC_M.regenerating,18,180,10,0.0,10000.0,1.0,1.0,0.0,0.0,0.0
feature.Seral.CWHvm_CW_PLC_M.regenerating,19,190,10,0.0,10000.0,1.0,1.0,0.0,0.0,0.0
feature.Seral.CWHvm_CW_PLC_M.regenerating,20,200,10,0.0,10000.0,1.0,1.0,0.0,0.0,0.0
feature.Seral.CWHvm_CW_PLC_M.regenerating,21,210,10,0.0,10000.0,1.0,1.0,0.0,0.0,0.0
feature.Seral.CWHvm_CW_PLC_M.regenerating,22,220,10,0.0,10000.0,1.0,1.0,0.0,0.0,0.0
feature.Seral.CWHvm_CW_PLC_M.regenerating,23,230,10,0.0,10000.0,1.0,1.0,0.0,0.0,0.0
feature.Seral.CWHvm_CW_PLC_M.regenerating,24,240,10,0.0,10000.0,1.0,1.0,0.0,0.0,0.0
feature.Seral.CWHvm_CW_PLC_M.regenerating,25,250,10,0.0,10000.0,1.0,1.0,0.0,0.0,0.0
feature.Seral.CWHvm_CW_PLC_M.regenerating,26,260,10,0.0,10000.0,1.0,1.0,0.0,0.0,0.0
feature.Seral.CWHvm_CW_PLC_M.regenerating,27,270,10,0.0,10000.0,1.0,1.0,0.0,0.0,0.0
feature.Seral.CWHvm_CW_PLC_M.regenerating,28,280,10,0.0,10000.0,1.0,1.0,0.0,0.0,0.0
feature.Seral.CWHvm_CW_PLC_M.regenerating,29,290,10,0.0,10000.0,1.0,1.0,0.0,0.0,0.0
feature.Seral.CWHvm_CW_PLC_M.regenerating,30,300,10,0.0,10000.0,1.0,1.0,0.0,0.0,0.0
feature.Seral.CWHvm_CW_PLC_M.young,0,0,10,0.0,10000.0,1.0,1.0,0.0,0.0,0.0
feature.Seral.CWHvm_CW_PLC_M.young,1,10,10,0.0,10000.0,1.0,1.0,0.0,0.0,0.0
feature.Seral.CWHvm_CW_PLC_M.young,2,20,10,0.0,10000.0,1.0,1.0,0.0,0.0,0.0
feature.Seral.CWHvm_CW_PLC_M.young,3,30,10,0.0,10000.0,1.0,1.0,0.0,0.0,0.0
feature.Seral.CWHvm_CW_PLC_M.young,4,40,10,0.0,10000.0,1.0,1.0,0.0,0.0,0.0
feature.Seral.CWHvm_CW_PLC_M.young,5,50,10,0.0,10000.0,1.0,1.0,0.0,0.0,0.0
feature.Seral.CWHvm_CW_PLC_M.young,6,60,10,0.0,10000.0,1.0,1.0,0.0,0.0,0.0
feature.Seral.CWHvm_CW_PLC_M.young,7,70,10,0.0,10000.0,1.0,1.0,0.0,0.0,0.0
feature.Seral.CWHvm_CW_PLC_M.young,8,80,10,0.0,10000.0,1.0,1.0,0.0,0.0,0.0
feature.Seral.CWHvm_CW_PLC_M.young,9,90,10,0.0,10000.0,1.0,1.0,0.0,0.0,0.0
feature.Seral.CWHvm_CW_PLC_M.young,10,100,10,0.0,10000.0,1.0,1.0,0.0,0.0,0.0
feature.Seral.CWHvm_CW_PLC_M.young,11,110,10,0.0,10000.0,1.0,1.0,0.0,0.0,0.0
feature.Seral.CWHvm_CW_PLC_M.young,12,120,10,0.0,10000.0,1.0,1.0,0.0,0.0,0.0
feature.Seral.CWHvm_CW_PLC_M.young,13,130,10,0.0,10000.0,1.0,1.0,0.0,0.0,0.0
feature.Seral.CWHvm_CW_PLC_M.young,14,140,10,0.0,10000.0,1.0,1.0,0.0,0.0,0.0
feature.Seral.CWHvm_CW_PLC_M.young,15,150,10,0.0,10000.0,1.0,1.0,0.0,0.0,0.0
feature.Seral.CWHvm_CW_PLC_M.young,16,160,10,0.0,10000.0,1.0,1.0,0.0,0.0,0.0
feature.Seral.CWHvm_CW_PLC_M.young,17,170,10,0.0,10000.0,1.0,1.0,0.0,0.0,0.0
feature.Seral.CWHvm_CW_PLC_M.young,18,180,10,0.0,10000.0,1.0,1.0,0.0,0.0,0.0
feature.Seral.CWHvm_CW_PLC_M.young,19,190,10,0.0,10000.0,1.0,1.0,0.0,0.0,0.0
feature.Seral.CWHvm_CW_PLC_M.young,20,200,10,0.0,10000.0,1.0,1.0,0.0,0.0,0.0
feature.Seral.CWHvm_CW_PLC_M.young,21,210,10,0.0,10000.0,1.0,1.0,0.0,0.0,0.0
feature.Seral.CWHvm_CW_PLC_M.young,22,220,10,0.0,10000.0,1.0,1.0,0.0,0.0,0.0
feature.Seral.CWHvm_CW_PLC_M.young,23,230,10,0.0,10000.0,1.0,1.0,0.0,0.0,0.0
feature.Seral.CWHvm_CW_PLC_M.young,24,240,10,0.0,10000.0,1.0,1.0,0.0,0.0,0.0
feature.Seral.CWHvm_CW_PLC_M.young,25,250,10,0.0,10000.0,1.0,1.0,0.0,0.0,0.0
feature.Seral.CWHvm_CW_PLC_M.young,26,260,10,0.0,10000.0,1.0,1.0,0.0,0.0,0.0
feature.Seral.CWHvm_CW_PLC_M.young,27,270,10,0.0,10000.0,1.0,1.0,0.0,0.0,0.0
feature.Seral.CWHvm_CW_PLC_M.young,28,280,10,0.0,10000.0,1.0,1.0,0.0,0.0,0.0
feature.Seral.CWHvm_CW_PLC_M.young,29,290,10,0.0,10000.0,1.0,1.0,0.0,0.0,0.0
feature.Seral.CWHvm_CW_PLC_M.young,30,300,10,0.0,10000.0,1.0,1.0,0.0,0.0,0.0
feature.Seral.CWHvm_CW_YC_M.immature,0,0,10,0.0,10000.0,1.0,1.0,0.0,0.0,0.0
feature.Seral.CWHvm_CW_YC_M.immature,1,10,10,0.0,10000.0,1.0,1.0,0.0,0.0,0.0
feature.Seral.CWHvm_CW_YC_M.immature,2,20,10,0.0,10000.0,1.0,1.0,0.0,0.0,0.0
feature.Seral.CWHvm_CW_YC_M.immature,3,30,10,0.0,10000.0,1.0,1.0,0.0,0.0,0.0
feature.Seral.CWHvm_CW_YC_M.immature,4,40,10,0.0,10000.0,1.0,1.0,0.0,0.0,0.0
feature.Seral.CWHvm_CW_YC_M.immature,5,50,10,0.0,10000.0,1.0,1.0,0.0,0.0,0.0
feature.Seral.CWHvm_CW_YC_M.immature,6,60,10,0.0,10000.0,1.0,1.0,0.0,0.0,0.0
feature.Seral.CWHvm_CW_YC_M.immature,7,70,10,0.0,10000.0,1.0,1.0,0.0,0.0,0.0
feature.Seral.CWHvm_CW_YC_M.immature,8,80,10,0.0,10000.0,1.0,1.0,0.0,0.0,0.0
feature.Seral.CWHvm_CW_YC_M.immature,9,90,10,0.0,10000.0,1.0,1.0,0.0,0.0,0.0
feature.Seral.CWHvm_CW_YC_M.immature,10,100,10,0.0,10000.0,1.0,1.0,0.0,0.0,0.0
feature.Seral.CWHvm_CW_YC_M.immature,11,110,10,0.0,10000.0,1.0,1.0,0.0,0.0,0.0
feature.Seral.CWHvm_CW_YC_M.immature,12,120,10,0.0,10000.0,1.0,1.0,0.0,0.0,0.0
feature.Seral.CWHvm_CW_YC_M.immature,13,130,10,0.0,10000.0,1.0,1.0,0.0,0.0,0.0
feature.Seral.CWHvm_CW_YC_M.immature,14,140,10,0.0,10000.0,1.0,1.0,0.0,0.0,0.0
feature.Seral.CWHvm_CW_YC_M.immature,15,150,10,0.0,10000.0,1.0,1.0,0.0,0.0,0.0
feature.Seral.CWHvm_CW_YC_M.immature,16,160,10,0.0,10000.0,1.0,1.0,0.0,0.0,0.0
feature.Seral.CWHvm_CW_YC_M.immature,17,170,10,0.0,10000.0,1.0,1.0,0.0,0.0,0.0
feature.Seral.CWHvm_CW_YC_M.immature,18,180,10,0.0,10000.0,1.0,1.0,0.0,0.0,0.0
feature.Seral.CWHvm_CW_YC_M.immature,19,190,10,0.0,10000.0,1.0,1.0,0.0,0.0,0.0
feature.Seral.CWHvm_CW_YC_M.immature,20,200,10,0.0,10000.0,1.0,1.0,0.0,0.0,0.0
feature.Seral.CWHvm_CW_YC_M.immature,21,210,10,0.0,10000.0,1.0,1.0,0.0,0.0,0.0
feature.Seral.CWHvm_CW_YC_M.immature,22,220,10,0.0,10000.0,1.0,1.0,0.0,0.0,0.0
feature.Seral.CWHvm_CW_YC_M.immature,23,230,10,0.0,10000.0,1.0,1.0,0.0,0.0,0.0
feature.Seral.CWHvm_CW_YC_M.immature,24,240,10,0.0,10000.0,1.0,1.0,0.0,0.0,0.0
feature.Seral.CWHvm_CW_YC_M.immature,25,250,10,0.0,10000.0,1.0,1.0,0.0,0.0,0.0
feature.Seral.CWHvm_CW_YC_M.immature,26,260,10,0.0,10000.0,1.0,1.0,0.0,0.0,0.0
feature.Seral.CWHvm_CW_YC_M.immature,27,270,10,0.0,10000.0,1.0,1.0,0.0,0.0,0.0
feature.Seral.CWHvm_CW_YC_M.immature,28,280,10,0.0,10000.0,1.0,1.0,0.0,0.0,0.0
feature.Seral.CWHvm_CW_YC_M.immature,29,290,10,0.0,10000.0,1.0,1.0,0.0,0.0,0.0
feature.Seral.CWHvm_CW_YC_M.immature,30,300,10,0.0,10000.0,1.0,1.0,0.0,0.0,0.0
feature.Seral.CWHvm_CW_YC_M.mature,0,0,10,0.0,10000.0,1.0,1.0,0.0,0.0,0.0
feature.Seral.CWHvm_CW_YC_M.mature,1,10,10,0.0,10000.0,1.0,1.0,0.0,0.0,0.0
feature.Seral.CWHvm_CW_YC_M.mature,2,20,10,0.0,10000.0,1.0,1.0,0.0,0.0,0.0
feature.Seral.CWHvm_CW_YC_M.mature,3,30,10,0.0,10000.0,1.0,1.0,0.0,0.0,0.0
feature.Seral.CWHvm_CW_YC_M.mature,4,40,10,0.0,10000.0,1.0,1.0,0.0,0.0,0.0
feature.Seral.CWHvm_CW_YC_M.mature,5,50,10,0.0,10000.0,1.0,1.0,0.0,0.0,0.0
feature.Seral.CWHvm_CW_YC_M.mature,6,60,10,0.0,10000.0,1.0,1.0,0.0,0.0,0.0
feature.Seral.CWHvm_CW_YC_M.mature,7,70,10,0.0,10000.0,1.0,1.0,0.0,0.0,0.0
feature.Seral.CWHvm_CW_YC_M.mature,8,80,10,0.0,10000.0,1.0,1.0,0.0,0.0,0.0
feature.Seral.CWHvm_CW_YC_M.mature,9,90,10,0.0,10000.0,1.0,1.0,0.0,0.0,0.0
feature.Seral.CWHvm_CW_YC_M.mature,10,100,10,0.0,10000.0,1.0,1.0,0.0,0.0,0.0
feature.Seral.CWHvm_CW_YC_M.mature,11,110,10,0.0,10000.0,1.0,1.0,0.0,0.0,0.0
feature.Seral.CWHvm_CW_YC_M.mature,12,120,10,0.0,10000.0,1.0,1.0,0.0,0.0,0.0
feature.Seral.CWHvm_CW_YC_M.mature,13,130,10,0.0,10000.0,1.0,1.0,0.0,0.0,0.0
feature.Seral.CWHvm_CW_YC_M.mature,14,140,10,0.0,10000.0,1.0,1.0,0.0,0.0,0.0
feature.Seral.CWHvm_CW_YC_M.mature,15,150,10,0.0,10000.0,1.0,1.0,0.0,0.0,0.0
feature.Seral.CWHvm_CW_YC_M.mature,16,160,10,0.0,10000.0,1.0,1.0,0.0,0.0,0.0
feature.Seral.CWHvm_CW_YC_M.mature,17,170,10,0.0,10000.0,1.0,1.0,0.0,0.0,0.0
feature.Seral.CWHvm_CW_YC_M.mature,18,180,10,0.0,10000.0,1.0,1.0,0.0,0.0,0.0
feature.Seral.CWHvm_CW_YC_M.mature,19,190,10,0.0,10000.0,1.0,1.0,0.0,0.0,0.0
feature.Seral.CWHvm_CW_YC_M.mature,20,200,10,0.0,10000.0,1.0,1.0,0.0,0.0,0.0
feature.Seral.CWHvm_CW_YC_M.mature,21,210,10,0.0,10000.0,1.0,1.0,0.0,0.0,0.0
feature.Seral.CWHvm_CW_YC_M.mature,22,220,10,0.0,10000.0,1.0,1.0,0.0,0.0,0.0
feature.Seral.CWHvm_CW_YC_M.mature,23,230,10,0.0,10000.0,1.0,1.0,0.0,0.0,0.0
feature.Seral.CWHvm_CW_YC_M.mature,24,240,10,0.0,10000.0,1.0,1.0,0.0,0.0,0.0
feature.Seral.CWHvm_CW_YC_M.mature,25,250,10,0.0,10000.0,1.0,1.0,0.0,0.0,0.0
feature.Seral.CWHvm_CW_YC_M.mature,26,260,10,0.0,10000.0,1.0,1.0,0.0,0.0,0.0
feature.Seral.CWHvm_CW_YC_M.mature,27,270,10,0.0,10000.0,1.0,1.0,0.0,0.0,0.0
feature.Seral.CWHvm_CW_YC_M.mature,28,280,10,0.0,10000.0,1.0,1.0,0.0,0.0,0.0
feature.Seral.CWHvm_CW_YC_M.mature,29,290,10,0.0,10000.0,1.0,1.0,0.0,0.0,0.0
feature.Seral.CWHvm_CW_YC_M.mature,30,300,10,0.0,10000.0,1.0,1.0,0.0,0.0,0.0
feature.Seral.CWHvm_CW_YC_M.overmature,0,0,10,0.0,10000.0,1.0,1.0,41.14799880981445,0.0,0.0
feature.Seral.CWHvm_CW_YC_M.overmature,1,10,10,0.0,10000.0,1.0,1.0,41.14799880981445,0.0,0.0
feature.Seral.CWHvm_CW_YC_M.overmature,2,20,10,0.0,10000.0,1.0,1.0,41.14799880981445,0.0,0.0
feature.Seral.CWHvm_CW_YC_M.overmature,3,30,10,0.0,10000.0,1.0,1.0,41.14799880981445,0.0,0.0
feature.Seral.CWHvm_CW_YC_M.overmature,4,40,10,0.0,10000.0,1.0,1.0,41.14799880981445,0.0,0.0
feature.Seral.CWHvm_CW_YC_M.overmature,5,50,10,0.0,10000.0,1.0,1.0,41.14799880981445,0.0,0.0
feature.Seral.CWHvm_CW_YC_M.overmature,6,60,10,0.0,10000.0,1.0,1.0,41.14799880981445,0.0,0.0
feature.Seral.CWHvm_CW_YC_M.overmature,7,70,10,0.0,10000.0,1.0,1.0,41.14799880981445,0.0,0.0
feature.Seral.CWHvm_CW_YC_M.overmature,8,80,10,0.0,10000.0,1.0,1.0,41.14799880981445,0.0,0.0
feature.Seral.CWHvm_CW_YC_M.overmature,9,90,10,0.0,10000.0,1.0,1.0,41.14799880981445,0.0,0.0
feature.Seral.CWHvm_CW_YC_M.overmature,10,100,10,0.0,10000.0,1.0,1.0,41.14799880981445,0.0,0.0
feature.Seral.CWHvm_CW_YC_M.overmature,11,110,10,0.0,10000.0,1.0,1.0,41.14799880981445,0.0,0.0
feature.Seral.CWHvm_CW_YC_M.overmature,12,120,10,0.0,10000.0,1.0,1.0,41.14799880981445,0.0,0.0
feature.Seral.CWHvm_CW_YC_M.overmature,13,130,10,0.0,10000.0,1.0,1.0,41.14799880981445,0.0,0.0
feature.Seral.CWHvm_CW_YC_M.overmature,14,140,10,0.0,10000.0,1.0,1.0,41.14799880981445,0.0,0.0
feature.Seral.CWHvm_CW_YC_M.overmature,15,150,10,0.0,10000.0,1.0,1.0,41.14799880981445,0.0,0.0
feature.Seral.CWHvm_CW_YC_M.overmature,16,160,10,0.0,10000.0,1.0,1.0,41.14799880981445,0.0,0.0
feature.Seral.CWHvm_CW_YC_M.overmature,17,170,10,0.0,10000.0,1.0,1.0,41.14799880981445,0.0,0.0
feature.Seral.CWHvm_CW_YC_M.overmature,18,180,10,0.0,10000.0,1.0,1.0,41.14799880981445,0.0,0.0
feature.Seral.CWHvm_CW_YC_M.overmature,19,190,10,0.0,10000.0,1.0,1.0,41.14799880981445,0.0,0.0
feature.Seral.CWHvm_CW_YC_M.overmature,20,200,10,0.0,10000.0,1.0,1.0,41.14799880981445,0.0,0.0
feature.Seral.CWHvm_CW_YC_M.overmature,21,210,10,0.0,10000.0,1.0,1.0,41.14799880981445,0.0,0.0
feature.Seral.CWHvm_CW_YC_M.overmature,22,220,10,0.0,10000.0,1.0,1.0,41.14799880981445,0.0,0.0
feature.Seral.CWHvm_CW_YC_M.overmature,23,230,10,0.0,10000.0,1.0,1.0,41.14799880981445,0.0,0.0
feature.Seral.CWHvm_CW_YC_M.overmature,24,240,10,0.0,10000.0,1.0,1.0,41.14799880981445,0.0,0.0
feature.Seral.CWHvm_CW_YC_M.overmature,25,250,10,0.0,10000.0,1.0,1.0,41.14799880981445,0.0,0.0
feature.Seral.CWHvm_CW_YC_M.overmature,26,260,10,0.0,10000.0,1.0,1.0,41.14799880981445,0.0,0.0
feature.Seral.CWHvm_CW_YC_M.overmature,27,270,10,0.0,10000.0,1.0,1.0,41.14799880981445,0.0,0.0
feature.Seral.CWHvm_CW_YC_M.overmature,28,280,10,0.0,10000.0,1.0,1.0,41.14799880981445,0.0,0.0
feature.Seral.CWHvm_CW_YC_M.overmature,29,290,10,0.0,10000.0,1.0,1.0,41.14799880981445,0.0,0.0
feature.Seral.CWHvm_CW_YC_M.overmature,30,300,10,0.0,10000.0,1.0,1.0,41.14799880981445,0.0,0.0
feature.Seral.CWHvm_CW_YC_M.regenerating,0,0,10,0.0,10000.0,1.0,1.0,0.0,0.0,0.0
feature.Seral.CWHvm_CW_YC_M.regenerating,1,10,10,0.0,10000.0,1.0,1.0,0.0,0.0,0.0
feature.Seral.CWHvm_CW_YC_M.regenerating,2,20,10,0.0,10000.0,1.0,1.0,0.0,0.0,0.0
feature.Seral.CWHvm_CW_YC_M.regenerating,3,30,10,0.0,10000.0,1.0,1.0,0.0,0.0,0.0
feature.Seral.CWHvm_CW_YC_M.regenerating,4,40,10,0.0,10000.0,1.0,1.0,0.0,0.0,0.0
feature.Seral.CWHvm_CW_YC_M.regenerating,5,50,10,0.0,10000.0,1.0,1.0,0.0,0.0,0.0
feature.Seral.CWHvm_CW_YC_M.regenerating,6,60,10,0.0,10000.0,1.0,1.0,0.0,0.0,0.0
feature.Seral.CWHvm_CW_YC_M.regenerating,7,70,10,0.0,10000.0,1.0,1.0,0.0,0.0,0.0
feature.Seral.CWHvm_CW_YC_M.regenerating,8,80,10,0.0,10000.0,1.0,1.0,0.0,0.0,0.0
feature.Seral.CWHvm_CW_YC_M.regenerating,9,90,10,0.0,10000.0,1.0,1.0,0.0,0.0,0.0
feature.Seral.CWHvm_CW_YC_M.regenerating,10,100,10,0.0,10000.0,1.0,1.0,0.0,0.0,0.0
feature.Seral.CWHvm_CW_YC_M.regenerating,11,110,10,0.0,10000.0,1.0,1.0,0.0,0.0,0.0
feature.Seral.CWHvm_CW_YC_M.regenerating,12,120,10,0.0,10000.0,1.0,1.0,0.0,0.0,0.0
feature.Seral.CWHvm_CW_YC_M.regenerating,13,130,10,0.0,10000.0,1.0,1.0,0.0,0.0,0.0
feature.Seral.CWHvm_CW_YC_M.regenerating,14,140,10,0.0,10000.0,1.0,1.0,0.0,0.0,0.0
feature.Seral.CWHvm_CW_YC_M.regenerating,15,150,10,0.0,10000.0,1.0,1.0,0.0,0.0,0.0
feature.Seral.CWHvm_CW_YC_M.regenerating,16,160,10,0.0,10000.0,1.0,1.0,0.0,0.0,0.0
feature.Seral.CWHvm_CW_YC_M.regenerating,17,170,10,0.0,10000.0,1.0,1.0,0.0,0.0,0.0
feature.Seral.CWHvm_CW_YC_M.regenerating,18,180,10,0.0,10000.0,1.0,1.0,0.0,0.0,0.0
feature.Seral.CWHvm_CW_YC_M.regenerating,19,190,10,0.0,10000.0,1.0,1.0,0.0,0.0,0.0
feature.Seral.CWHvm_CW_YC_M.regenerating,20,200,10,0.0,10000.0,1.0,1.0,0.0,0.0,0.0
feature.Seral.CWHvm_CW_YC_M.regenerating,21,210,10,0.0,10000.0,1.0,1.0,0.0,0.0,0.0
feature.Seral.CWHvm_CW_YC_M.regenerating,22,220,10,0.0,10000.0,1.0,1.0,0.0,0.0,0.0
feature.Seral.CWHvm_CW_YC_M.regenerating,23,230,10,0.0,10000.0,1.0,1.0,0.0,0.0,0.0
feature.Seral.CWHvm_CW_YC_M.regenerating,24,240,10,0.0,10000.0,1.0,1.0,0.0,0.0,0.0
feature.Seral.CWHvm_CW_YC_M.regenerating,25,250,10,0.0,10000.0,1.0,1.0,0.0,0.0,0.0
feature.Seral.CWHvm_CW_YC_M.regenerating,26,260,10,0.0,10000.0,1.0,1.0,0.0,0.0,0.0
feature.Seral.CWHvm_CW_YC_M.regenerating,27,270,10,0.0,10000.0,1.0,1.0,0.0,0.0,0.0
feature.Seral.CWHvm_CW_YC_M.regenerating,28,280,10,0.0,10000.0,1.0,1.0,0.0,0.0,0.0
feature.Seral.CWHvm_CW_YC_M.regenerating,29,290,10,0.0,10000.0,1.0,1.0,0.0,0.0,0.0
feature.Seral.CWHvm_CW_YC_M.regenerating,30,300,10,0.0,10000.0,1.0,1.0,0.0,0.0,0.0
feature.Seral.CWHvm_CW_YC_M.young,0,0,10,0.0,10000.0,1.0,1.0,0.0,0.0,0.0
feature.Seral.CWHvm_CW_YC_M.young,1,10,10,0.0,10000.0,1.0,1.0,0.0,0.0,0.0
feature.Seral.CWHvm_CW_YC_M.young,2,20,10,0.0,10000.0,1.0,1.0,0.0,0.0,0.0
feature.Seral.CWHvm_CW_YC_M.young,3,30,10,0.0,10000.0,1.0,1.0,0.0,0.0,0.0
feature.Seral.CWHvm_CW_YC_M.young,4,40,10,0.0,10000.0,1.0,1.0,0.0,0.0,0.0
feature.Seral.CWHvm_CW_YC_M.young,5,50,10,0.0,10000.0,1.0,1.0,0.0,0.0,0.0
feature.Seral.CWHvm_CW_YC_M.young,6,60,10,0.0,10000.0,1.0,1.0,0.0,0.0,0.0
feature.Seral.CWHvm_CW_YC_M.young,7,70,10,0.0,10000.0,1.0,1.0,0.0,0.0,0.0
feature.Seral.CWHvm_CW_YC_M.young,8,80,10,0.0,10000.0,1.0,1.0,0.0,0.0,0.0
feature.Seral.CWHvm_CW_YC_M.young,9,90,10,0.0,10000.0,1.0,1.0,0.0,0.0,0.0
feature.Seral.CWHvm_CW_YC_M.young,10,100,10,0.0,10000.0,1.0,1.0,0.0,0.0,0.0
feature.Seral.CWHvm_CW_YC_M.young,11,110,10,0.0,10000.0,1.0,1.0,0.0,0.0,0.0
feature.Seral.CWHvm_CW_YC_M.young,12,120,10,0.0,10000.0,1.0,1.0,0.0,0.0,0.0
feature.Seral.CWHvm_CW_YC_M.young,13,130,10,0.0,10000.0,1.0,1.0,0.0,0.0,0.0
feature.Seral.CWHvm_CW_YC_M.young,14,140,10,0.0,10000.0,1.0,1.0,0.0,0.0,0.0
feature.Seral.CWHvm_CW_YC_M.young,15,150,10,0.0,10000.0,1.0,1.0,0.0,0.0,0.0
feature.Seral.CWHvm_CW_YC_M.young,16,160,10,0.0,10000.0,1.0,1.0,0.0,0.0,0.0
feature.Seral.CWHvm_CW_YC_M.young,17,170,10,0.0,10000.0,1.0,1.0,0.0,0.0,0.0
feature.Seral.CWHvm_CW_YC_M.young,18,180,10,0.0,10000.0,1.0,1.0,0.0,0.0,0.0
feature.Seral.CWHvm_CW_YC_M.young,19,190,10,0.0,10000.0,1.0,1.0,0.0,0.0,0.0
feature.Seral.CWHvm_CW_YC_M.young,20,200,10,0.0,10000.0,1.0,1.0,0.0,0.0,0.0
feature.Seral.CWHvm_CW_YC_M.young,21,210,10,0.0,10000.0,1.0,1.0,0.0,0.0,0.0
feature.Seral.CWHvm_CW_YC_M.young,22,220,10,0.0,10000.0,1.0,1.0,0.0,0.0,0.0
feature.Seral.CWHvm_CW_YC_M.young,23,230,10,0.0,10000.0,1.0,1.0,0.0,0.0,0.0
feature.Seral.CWHvm_CW_YC_M.young,24,240,10,0.0,10000.0,1.0,1.0,0.0,0.0,0.0
feature.Seral.CWHvm_CW_YC_M.young,25,250,10,0.0,10000.0,1.0,1.0,0.0,0.0,0.0
feature.Seral.CWHvm_CW_YC_M.young,26,260,10,0.0,10000.0,1.0,1.0,0.0,0.0,0.0
feature.Seral.CWHvm_CW_YC_M.young,27,270,10,0.0,10000.0,1.0,1.0,0.0,0.0,0.0
feature.Seral.CWHvm_CW_YC_M.young,28,280,10,0.0,10000.0,1.0,1.0,0.0,0.0,0.0
feature.Seral.CWHvm_CW_YC_M.young,29,290,10,0.0,10000.0,1.0,1.0,0.0,0.0,0.0
feature.Seral.CWHvm_CW_YC_M.young,30,300,10,0.0,10000.0,1.0,1.0,0.0,0.0,0.0
feature.Seral.CWHvm_DR_HW_M.immature,0,0,10,0.0,10000.0,1.0,1.0,66.09200286865234,0.0,0.0
feature.Seral.CWHvm_DR_HW_M.immature,1,10,10,0.0,10000.0,1.0,1.0,66.09200286865234,0.0,0.0
feature.Seral.CWHvm_DR_HW_M.immature,2,20,10,0.0,10000.0,1.0,1.0,62.422000885009766,0.0,0.0
feature.Seral.CWHvm_DR_HW_M.immature,3,30,10,0.0,10000.0,1.0,1.0,62.422000885009766,0.0,0.0
feature.Seral.CWHvm_DR_HW_M.immature,4,40,10,0.0,10000.0,1.0,1.0,39.972999572753906,0.0,0.0
feature.Seral.CWHvm_DR_HW_M.immature,5,50,10,0.0,10000.0,1.0,1.0,3.6700000762939453,0.0,0.0
feature.Seral.CWHvm_DR_HW_M.immature,6,60,10,0.0,10000.0,1.0,1.0,5.456999778747559,0.0,0.0
feature.Seral.CWHvm_DR_HW_M.immature,7,70,10,0.0,10000.0,1.0,1.0,14.534000396728516,0.0,0.0
feature.Seral.CWHvm_DR_HW_M.immature,8,80,10,0.0,10000.0,1.0,1.0,27.351999282836914,0.0,0.0
feature.Seral.CWHvm_DR_HW_M.immature,9,90,10,0.0,10000.0,1.0,1.0,28.44499969482422,0.0,0.0
feature.Seral.CWHvm_DR_HW_M.immature,10,100,10,0.0,10000.0,1.0,1.0,41.82699966430664,0.0,0.0
feature.Seral.CWHvm_DR_HW_M.immature,11,110,10,0.0,10000.0,1.0,1.0,41.82699966430664,0.0,0.0
feature.Seral.CWHvm_DR_HW_M.immature,12,120,10,0.0,10000.0,1.0,1.0,36.369998931884766,0.0,0.0
feature.Seral.CWHvm_DR_HW_M.immature,13,130,10,0.0,10000.0,1.0,1.0,29.716999053955078,0.0,0.0
feature.Seral.CWHvm_DR_HW_M.immature,14,140,10,0.0,10000.0,1.0,1.0,20.475000381469727,0.0,0.0
feature.Seral.CWHvm_DR_HW_M.immature,15,150,10,0.0,10000.0,1.0,1.0,18.839000701904297,0.0,0.0
feature.Seral.CWHvm_DR_HW_M.immature,16,160,10,0.0,10000.0,1.0,1.0,25.492000579833984,0.0,0.0
feature.Seral.CWHvm_DR_HW_M.immature,17,170,10,0.0,10000.0,1.0,1.0,12.109999656677246,0.0,0.0
feature.Seral.CWHvm_DR_HW_M.immature,18,180,10,0.0,10000.0,1.0,1.0,14.534000396728516,0.0,0.0
feature.Seral.CWHvm_DR_HW_M.immature,19,190,10,0.0,10000.0,1.0,1.0,27.351999282836914,0.0,0.0
feature.Seral.CWHvm_DR_HW_M.immature,20,200,10,0.0,10000.0,1.0,1.0,26.658000946044922,0.0,0.0
feature.Seral.CWHvm_DR_HW_M.immature,21,210,10,0.0,10000.0,1.0,1.0,22.988000869750977,0.0,0.0
feature.Seral.CWHvm_DR_HW_M.immature,22,220,10,0.0,10000.0,1.0,1.0,29.716999053955078,0.0,0.0
feature.Seral.CWHvm_DR_HW_M.immature,23,230,10,0.0,10000.0,1.0,1.0,31.503999710083008,0.0,0.0
feature.Seral.CWHvm_DR_HW_M.immature,24,240,10,0.0,10000.0,1.0,1.0,36.97200012207031,0.0,0.0
feature.Seral.CWHvm_DR_HW_M.immature,25,250,10,0.0,10000.0,1.0,1.0,26.584999084472656,0.0,0.0
feature.Seral.CWHvm_DR_HW_M.immature,26,260,10,0.0,10000.0,1.0,1.0,25.492000579833984,0.0,0.0
feature.Seral.CWHvm_DR_HW_M.immature,27,270,10,0.0,10000.0,1.0,1.0,12.109999656677246,0.0,0.0
feature.Seral.CWHvm_DR_HW_M.immature,28,280,10,0.0,10000.0,1.0,1.0,12.746999740600586,0.0,0.0
feature.Seral.CWHvm_DR_HW_M.immature,29,290,10,0.0,10000.0,1.0,1.0,18.746999740600586,0.0,0.0
feature.Seral.CWHvm_DR_HW_M.immature,30,300,10,0.0,10000.0,1.0,1.0,29.716999053955078,0.0,0.0
feature.Seral.CWHvm_DR_HW_M.mature,0,0,10,0.0,10000.0,1.0,1.0,0.0,0.0,0.0
feature.Seral.CWHvm_DR_HW_M.mature,1,10,10,0.0,10000.0,1.0,1.0,0.0,0.0,0.0
feature.Seral.CWHvm_DR_HW_M.mature,2,20,10,0.0,10000.0,1.0,1.0,0.0,0.0,0.0
feature.Seral.CWHvm_DR_HW_M.mature,3,30,10,0.0,10000.0,1.0,1.0,0.0,0.0,0.0
feature.Seral.CWHvm_DR_HW_M.mature,4,40,10,0.0,10000.0,1.0,1.0,18.86400032043457,0.0,0.0
feature.Seral.CWHvm_DR_HW_M.mature,5,50,10,0.0,10000.0,1.0,1.0,44.7400016784668,0.0,0.0
feature.Seral.CWHvm_DR_HW_M.mature,6,60,10,0.0,10000.0,1.0,1.0,37.64699935913086,0.0,0.0
feature.Seral.CWHvm_DR_HW_M.mature,7,70,10,0.0,10000.0,1.0,1.0,37.64699935913086,0.0,0.0
feature.Seral.CWHvm_DR_HW_M.mature,8,80,10,0.0,10000.0,1.0,1.0,24.264999389648438,0.0,0.0
feature.Seral.CWHvm_DR_HW_M.mature,9,90,10,0.0,10000.0,1.0,1.0,24.264999389648438,0.0,0.0
feature.Seral.CWHvm_DR_HW_M.mature,10,100,10,0.0,10000.0,1.0,1.0,24.264999389648438,0.0,0.0
feature.Seral.CWHvm_DR_HW_M.mature,11,110,10,0.0,10000.0,1.0,1.0,24.264999389648438,0.0,0.0
feature.Seral.CWHvm_DR_HW_M.mature,12,120,10,0.0,10000.0,1.0,1.0,24.264999389648438,0.0,0.0
feature.Seral.CWHvm_DR_HW_M.mature,13,130,10,0.0,10000.0,1.0,1.0,24.264999389648438,0.0,0.0
feature.Seral.CWHvm_DR_HW_M.mature,14,140,10,0.0,10000.0,1.0,1.0,33.50699996948242,0.0,0.0
feature.Seral.CWHvm_DR_HW_M.mature,15,150,10,0.0,10000.0,1.0,1.0,32.07099914550781,0.0,0.0
feature.Seral.CWHvm_DR_HW_M.mature,16,160,10,0.0,10000.0,1.0,1.0,1.093000054359436,0.0,0.0
feature.Seral.CWHvm_DR_HW_M.mature,17,170,10,0.0,10000.0,1.0,1.0,13.381999969482422,0.0,0.0
feature.Seral.CWHvm_DR_HW_M.mature,18,180,10,0.0,10000.0,1.0,1.0,13.381999969482422,0.0,0.0
feature.Seral.CWHvm_DR_HW_M.mature,19,190,10,0.0,10000.0,1.0,1.0,13.381999969482422,0.0,0.0
feature.Seral.CWHvm_DR_HW_M.mature,20,200,10,0.0,10000.0,1.0,1.0,0.0,0.0,0.0
feature.Seral.CWHvm_DR_HW_M.mature,21,210,10,0.0,10000.0,1.0,1.0,0.0,0.0,0.0
feature.Seral.CWHvm_DR_HW_M.mature,22,220,10,0.0,10000.0,1.0,1.0,0.0,0.0,0.0
feature.Seral.CWHvm_DR_HW_M.mature,23,230,10,0.0,10000.0,1.0,1.0,0.0,0.0,0.0
feature.Seral.CWHvm_DR_HW_M.mature,24,240,10,0.0,10000.0,1.0,1.0,0.0,0.0,0.0
feature.Seral.CWHvm_DR_HW_M.mature,25,250,10,0.0,10000.0,1.0,1.0,12.817999839782715,0.0,0.0
feature.Seral.CWHvm_DR_HW_M.mature,26,260,10,0.0,10000.0,1.0,1.0,7.910999774932861,0.0,0.0
feature.Seral.CWHvm_DR_HW_M.mature,27,270,10,0.0,10000.0,1.0,1.0,0.0,0.0,0.0
feature.Seral.CWHvm_DR_HW_M.mature,28,280,10,0.0,10000.0,1.0,1.0,0.0,0.0,0.0
feature.Seral.CWHvm_DR_HW_M.mature,29,290,10,0.0,10000.0,1.0,1.0,0.0,0.0,0.0
feature.Seral.CWHvm_DR_HW_M.mature,30,300,10,0.0,10000.0,1.0,1.0,0.0,0.0,0.0
feature.Seral.CWHvm_DR_HW_M.overmature,0,0,10,0.0,10000.0,1.0,1.0,0.0,0.0,0.0
feature.Seral.CWHvm_DR_HW_M.overmature,1,10,10,0.0,10000.0,1.0,1.0,0.0,0.0,0.0
feature.Seral.CWHvm_DR_HW_M.overmature,2,20,10,0.0,10000.0,1.0,1.0,0.0,0.0,0.0
feature.Seral.CWHvm_DR_HW_M.overmature,3,30,10,0.0,10000.0,1.0,1.0,0.0,0.0,0.0
feature.Seral.CWHvm_DR_HW_M.overmature,4,40,10,0.0,10000.0,1.0,1.0,0.0,0.0,0.0
feature.Seral.CWHvm_DR_HW_M.overmature,5,50,10,0.0,10000.0,1.0,1.0,0.0,0.0,0.0
feature.Seral.CWHvm_DR_HW_M.overmature,6,60,10,0.0,10000.0,1.0,1.0,0.0,0.0,0.0
feature.Seral.CWHvm_DR_HW_M.overmature,7,70,10,0.0,10000.0,1.0,1.0,0.0,0.0,0.0
feature.Seral.CWHvm_DR_HW_M.overmature,8,80,10,0.0,10000.0,1.0,1.0,0.0,0.0,0.0
feature.Seral.CWHvm_DR_HW_M.overmature,9,90,10,0.0,10000.0,1.0,1.0,0.0,0.0,0.0
feature.Seral.CWHvm_DR_HW_M.overmature,10,100,10,0.0,10000.0,1.0,1.0,0.0,0.0,0.0
feature.Seral.CWHvm_DR_HW_M.overmature,11,110,10,0.0,10000.0,1.0,1.0,0.0,0.0,0.0
feature.Seral.CWHvm_DR_HW_M.overmature,12,120,10,0.0,10000.0,1.0,1.0,0.0,0.0,0.0
feature.Seral.CWHvm_DR_HW_M.overmature,13,130,10,0.0,10000.0,1.0,1.0,0.0,0.0,0.0
feature.Seral.CWHvm_DR_HW_M.overmature,14,140,10,0.0,10000.0,1.0,1.0,0.0,0.0,0.0
feature.Seral.CWHvm_DR_HW_M.overmature,15,150,10,0.0,10000.0,1.0,1.0,8.529000282287598,0.0,0.0
feature.Seral.CWHvm_DR_HW_M.overmature,16,160,10,0.0,10000.0,1.0,1.0,24.264999389648438,0.0,0.0
feature.Seral.CWHvm_DR_HW_M.overmature,17,170,10,0.0,10000.0,1.0,1.0,24.264999389648438,0.0,0.0
feature.Seral.CWHvm_DR_HW_M.overmature,18,180,10,0.0,10000.0,1.0,1.0,24.264999389648438,0.0,0.0
feature.Seral.CWHvm_DR_HW_M.overmature,19,190,10,0.0,10000.0,1.0,1.0,24.264999389648438,0.0,0.0
feature.Seral.CWHvm_DR_HW_M.overmature,20,200,10,0.0,10000.0,1.0,1.0,24.264999389648438,0.0,0.0
feature.Seral.CWHvm_DR_HW_M.overmature,21,210,10,0.0,10000.0,1.0,1.0,24.264999389648438,0.0,0.0
feature.Seral.CWHvm_DR_HW_M.overmature,22,220,10,0.0,10000.0,1.0,1.0,24.264999389648438,0.0,0.0
feature.Seral.CWHvm_DR_HW_M.overmature,23,230,10,0.0,10000.0,1.0,1.0,24.264999389648438,0.0,0.0
feature.Seral.CWHvm_DR_HW_M.overmature,24,240,10,0.0,10000.0,1.0,1.0,24.264999389648438,0.0,0.0
feature.Seral.CWHvm_DR_HW_M.overmature,25,250,10,0.0,10000.0,1.0,1.0,24.264999389648438,0.0,0.0
feature.Seral.CWHvm_DR_HW_M.overmature,26,260,10,0.0,10000.0,1.0,1.0,24.264999389648438,0.0,0.0
feature.Seral.CWHvm_DR_HW_M.overmature,27,270,10,0.0,10000.0,1.0,1.0,24.264999389648438,0.0,0.0
feature.Seral.CWHvm_DR_HW_M.overmature,28,280,10,0.0,10000.0,1.0,1.0,24.264999389648438,0.0,0.0
feature.Seral.CWHvm_DR_HW_M.overmature,29,290,10,0.0,10000.0,1.0,1.0,24.264999389648438,0.0,0.0
feature.Seral.CWHvm_DR_HW_M.overmature,30,300,10,0.0,10000.0,1.0,1.0,24.264999389648438,0.0,0.0
feature.Seral.CWHvm_DR_HW_M.regenerating,0,0,10,0.0,10000.0,1.0,1.0,0.0,0.0,0.0
feature.Seral.CWHvm_DR_HW_M.regenerating,1,10,10,0.0,10000.0,1.0,1.0,0.0,0.0,0.0
feature.Seral.CWHvm_DR_HW_M.regenerating,2,20,10,0.0,10000.0,1.0,1.0,3.6700000762939453,0.0,0.0
feature.Seral.CWHvm_DR_HW_M.regenerating,3,30,10,0.0,10000.0,1.0,1.0,0.0,0.0,0.0
feature.Seral.CWHvm_DR_HW_M.regenerating,4,40,10,0.0,10000.0,1.0,1.0,1.7979999780654907,0.0,0.0
feature.Seral.CWHvm_DR_HW_M.regenerating,5,50,10,0.0,10000.0,1.0,1.0,6.817999839782715,0.0,0.0
feature.Seral.CWHvm_DR_HW_M.regenerating,6,60,10,0.0,10000.0,1.0,1.0,1.093000054359436,0.0,0.0
feature.Seral.CWHvm_DR_HW_M.regenerating,7,70,10,0.0,10000.0,1.0,1.0,0.0,0.0,0.0
feature.Seral.CWHvm_DR_HW_M.regenerating,8,80,10,0.0,10000.0,1.0,1.0,0.0,0.0,0.0
feature.Seral.CWHvm_DR_HW_M.regenerating,9,90,10,0.0,10000.0,1.0,1.0,0.0,0.0,0.0
feature.Seral.CWHvm_DR_HW_M.regenerating,10,100,10,0.0,10000.0,1.0,1.0,0.0,0.0,0.0
feature.Seral.CWHvm_DR_HW_M.regenerating,11,110,10,0.0,10000.0,1.0,1.0,0.0,0.0,0.0
feature.Seral.CWHvm_DR_HW_M.regenerating,12,120,10,0.0,10000.0,1.0,1.0,5.456999778747559,0.0,0.0
feature.Seral.CWHvm_DR_HW_M.regenerating,13,130,10,0.0,10000.0,1.0,1.0,6.6529998779296875,0.0,0.0
feature.Seral.CWHvm_DR_HW_M.regenerating,14,140,10,0.0,10000.0,1.0,1.0,0.0,0.0,0.0
feature.Seral.CWHvm_DR_HW_M.regenerating,15,150,10,0.0,10000.0,1.0,1.0,0.0,0.0,0.0
feature.Seral.CWHvm_DR_HW_M.regenerating,16,160,10,0.0,10000.0,1.0,1.0,12.817999839782715,0.0,0.0
feature.Seral.CWHvm_DR_HW_M.regenerating,17,170,10,0.0,10000.0,1.0,1.0,1.093000054359436,0.0,0.0
feature.Seral.CWHvm_DR_HW_M.regenerating,18,180,10,0.0,10000.0,1.0,1.0,0.0,0.0,0.0
feature.Seral.CWHvm_DR_HW_M.regenerating,19,190,10,0.0,10000.0,1.0,1.0,0.0,0.0,0.0
feature.Seral.CWHvm_DR_HW_M.regenerating,20,200,10,0.0,10000.0,1.0,1.0,1.7869999408721924,0.0,0.0
feature.Seral.CWHvm_DR_HW_M.regenerating,21,210,10,0.0,10000.0,1.0,1.0,3.6700000762939453,0.0,0.0
feature.Seral.CWHvm_DR_HW_M.regenerating,22,220,10,0.0,10000.0,1.0,1.0,4.855000019073486,0.0,0.0
feature.Seral.CWHvm_DR_HW_M.regenerating,23,230,10,0.0,10000.0,1.0,1.0,0.0,0.0,0.0
feature.Seral.CWHvm_DR_HW_M.regenerating,24,240,10,0.0,10000.0,1.0,1.0,0.0,0.0,0.0
feature.Seral.CWHvm_DR_HW_M.regenerating,25,250,10,0.0,10000.0,1.0,1.0,2.4240000247955322,0.0,0.0
feature.Seral.CWHvm_DR_HW_M.regenerating,26,260,10,0.0,10000.0,1.0,1.0,6.0,0.0,0.0
feature.Seral.CWHvm_DR_HW_M.regenerating,27,270,10,0.0,10000.0,1.0,1.0,21.292999267578125,0.0,0.0
feature.Seral.CWHvm_DR_HW_M.regenerating,28,280,10,0.0,10000.0,1.0,1.0,1.7869999408721924,0.0,0.0
feature.Seral.CWHvm_DR_HW_M.regenerating,29,290,10,0.0,10000.0,1.0,1.0,0.0,0.0,0.0
feature.Seral.CWHvm_DR_HW_M.regenerating,30,300,10,0.0,10000.0,1.0,1.0,10.322999954223633,0.0,0.0
feature.Seral.CWHvm_DR_HW_M.young,0,0,10,0.0,10000.0,1.0,1.0,0.0,0.0,0.0
feature.Seral.CWHvm_DR_HW_M.young,1,10,10,0.0,10000.0,1.0,1.0,0.0,0.0,0.0
feature.Seral.CWHvm_DR_HW_M.young,2,20,10,0.0,10000.0,1.0,1.0,0.0,0.0,0.0
feature.Seral.CWHvm_DR_HW_M.young,3,30,10,0.0,10000.0,1.0,1.0,3.6700000762939453,0.0,0.0
feature.Seral.CWHvm_DR_HW_M.young,4,40,10,0.0,10000.0,1.0,1.0,5.456999778747559,0.0,0.0
feature.Seral.CWHvm_DR_HW_M.young,5,50,10,0.0,10000.0,1.0,1.0,10.86400032043457,0.0,0.0
feature.Seral.CWHvm_DR_HW_M.young,6,60,10,0.0,10000.0,1.0,1.0,21.895000457763672,0.0,0.0
feature.Seral.CWHvm_DR_HW_M.young,7,70,10,0.0,10000.0,1.0,1.0,13.91100025177002,0.0,0.0
feature.Seral.CWHvm_DR_HW_M.young,8,80,10,0.0,10000.0,1.0,1.0,14.475000381469727,0.0,0.0
feature.Seral.CWHvm_DR_HW_M.young,9,90,10,0.0,10000.0,1.0,1.0,13.381999969482422,0.0,0.0
feature.Seral.CWHvm_DR_HW_M.young,10,100,10,0.0,10000.0,1.0,1.0,0.0,0.0,0.0
feature.Seral.CWHvm_DR_HW_M.young,11,110,10,0.0,10000.0,1.0,1.0,0.0,0.0,0.0
feature.Seral.CWHvm_DR_HW_M.young,12,120,10,0.0,10000.0,1.0,1.0,0.0,0.0,0.0
feature.Seral.CWHvm_DR_HW_M.young,13,130,10,0.0,10000.0,1.0,1.0,5.456999778747559,0.0,0.0
feature.Seral.CWHvm_DR_HW_M.young,14,140,10,0.0,10000.0,1.0,1.0,12.109999656677246,0.0,0.0
feature.Seral.CWHvm_DR_HW_M.young,15,150,10,0.0,10000.0,1.0,1.0,6.6529998779296875,0.0,0.0
feature.Seral.CWHvm_DR_HW_M.young,16,160,10,0.0,10000.0,1.0,1.0,2.4240000247955322,0.0,0.0
feature.Seral.CWHvm_DR_HW_M.young,17,170,10,0.0,10000.0,1.0,1.0,15.241999626159668,0.0,0.0
feature.Seral.CWHvm_DR_HW_M.young,18,180,10,0.0,10000.0,1.0,1.0,13.91100025177002,0.0,0.0
feature.Seral.CWHvm_DR_HW_M.young,19,190,10,0.0,10000.0,1.0,1.0,1.093000054359436,0.0,0.0
feature.Seral.CWHvm_DR_HW_M.young,20,200,10,0.0,10000.0,1.0,1.0,13.381999969482422,0.0,0.0
feature.Seral.CWHvm_DR_HW_M.young,21,210,10,0.0,10000.0,1.0,1.0,15.168999671936035,0.0,0.0
feature.Seral.CWHvm_DR_HW_M.young,22,220,10,0.0,10000.0,1.0,1.0,7.255000114440918,0.0,0.0
feature.Seral.CWHvm_DR_HW_M.young,23,230,10,0.0,10000.0,1.0,1.0,10.322999954223633,0.0,0.0
feature.Seral.CWHvm_DR_HW_M.young,24,240,10,0.0,10000.0,1.0,1.0,4.855000019073486,0.0,0.0
feature.Seral.CWHvm_DR_HW_M.young,25,250,10,0.0,10000.0,1.0,1.0,0.0,0.0,0.0
feature.Seral.CWHvm_DR_HW_M.young,26,260,10,0.0,10000.0,1.0,1.0,2.4240000247955322,0.0,0.0
feature.Seral.CWHvm_DR_HW_M.young,27,270,10,0.0,10000.0,1.0,1.0,8.423999786376953,0.0,0.0
feature.Seral.CWHvm_DR_HW_M.young,28,280,10,0.0,10000.0,1.0,1.0,27.292999267578125,0.0,0.0
feature.Seral.CWHvm_DR_HW_M.young,29,290,10,0.0,10000.0,1.0,1.0,23.079999923706055,0.0,0.0
feature.Seral.CWHvm_DR_HW_M.young,30,300,10,0.0,10000.0,1.0,1.0,1.7869999408721924,0.0,0.0
feature.Seral.CWHvm_FDC_HW_H.immature,0,0,10,0.0,10000.0,1.0,1.0,182.99099731445312,0.0,0.0
feature.Seral.CWHvm_FDC_HW_H.immature,1,10,10,0.0,10000.0,1.0,1.0,158.177001953125,0.0,0.0
feature.Seral.CWHvm_FDC_HW_H.immature,2,20,10,0.0,10000.0,1.0,1.0,93.58200073242188,0.0,0.0
feature.Seral.CWHvm_FDC_HW_H.immature,3,30,10,0.0,10000.0,1.0,1.0,0.0,0.0,0.0
feature.Seral.CWHvm_FDC_HW_H.immature,4,40,10,0.0,10000.0,1.0,1.0,34.13600158691406,0.0,0.0
feature.Seral.CWHvm_FDC_HW_H.immature,5,50,10,0.0,10000.0,1.0,1.0,67.78099822998047,0.0,0.0
feature.Seral.CWHvm_FDC_HW_H.immature,6,60,10,0.0,10000.0,1.0,1.0,84.875,0.0,0.0
feature.Seral.CWHvm_FDC_HW_H.immature,7,70,10,0.0,10000.0,1.0,1.0,84.875,0.0,0.0
feature.Seral.CWHvm_FDC_HW_H.immature,8,80,10,0.0,10000.0,1.0,1.0,57.29600143432617,0.0,0.0
feature.Seral.CWHvm_FDC_HW_H.immature,9,90,10,0.0,10000.0,1.0,1.0,73.31800079345703,0.0,0.0
feature.Seral.CWHvm_FDC_HW_H.immature,10,100,10,0.0,10000.0,1.0,1.0,62.880001068115234,0.0,0.0
feature.Seral.CWHvm_FDC_HW_H.immature,11,110,10,0.0,10000.0,1.0,1.0,67.47000122070312,0.0,0.0
feature.Seral.CWHvm_FDC_HW_H.immature,12,120,10,0.0,10000.0,1.0,1.0,93.77799987792969,0.0,0.0
feature.Seral.CWHvm_FDC_HW_H.immature,13,130,10,0.0,10000.0,1.0,1.0,93.85600280761719,0.0,0.0
feature.Seral.CWHvm_FDC_HW_H.immature,14,140,10,0.0,10000.0,1.0,1.0,67.78099822998047,0.0,0.0
feature.Seral.CWHvm_FDC_HW_H.immature,15,150,10,0.0,10000.0,1.0,1.0,61.83300018310547,0.0,0.0
feature.Seral.CWHvm_FDC_HW_H.immature,16,160,10,0.0,10000.0,1.0,1.0,35.525001525878906,0.0,0.0
feature.Seral.CWHvm_FDC_HW_H.immature,17,170,10,0.0,10000.0,1.0,1.0,88.53800201416016,0.0,0.0
feature.Seral.CWHvm_FDC_HW_H.immature,18,180,10,0.0,10000.0,1.0,1.0,84.56400299072266,0.0,0.0
feature.Seral.CWHvm_FDC_HW_H.immature,19,190,10,0.0,10000.0,1.0,1.0,110.87200164794922,0.0,0.0
feature.Seral.CWHvm_FDC_HW_H.immature,20,200,10,0.0,10000.0,1.0,1.0,93.77799987792969,0.0,0.0
feature.Seral.CWHvm_FDC_HW_H.immature,21,210,10,0.0,10000.0,1.0,1.0,78.72899627685547,0.0,0.0
feature.Seral.CWHvm_FDC_HW_H.immature,22,220,10,0.0,10000.0,1.0,1.0,44.73899841308594,0.0,0.0
feature.Seral.CWHvm_FDC_HW_H.immature,23,230,10,0.0,10000.0,1.0,1.0,58.60100173950195,0.0,0.0
feature.Seral.CWHvm_FDC_HW_H.immature,24,240,10,0.0,10000.0,1.0,1.0,58.56700134277344,0.0,0.0
feature.Seral.CWHvm_FDC_HW_H.immature,25,250,10,0.0,10000.0,1.0,1.0,96.43800354003906,0.0,0.0
feature.Seral.CWHvm_FDC_HW_H.immature,26,260,10,0.0,10000.0,1.0,1.0,90.4530029296875,0.0,0.0
feature.Seral.CWHvm_FDC_HW_H.immature,27,270,10,0.0,10000.0,1.0,1.0,89.18800354003906,0.0,0.0
feature.Seral.CWHvm_FDC_HW_H.immature,28,280,10,0.0,10000.0,1.0,1.0,70.73600006103516,0.0,0.0
feature.Seral.CWHvm_FDC_HW_H.immature,29,290,10,0.0,10000.0,1.0,1.0,84.5979995727539,0.0,0.0
feature.Seral.CWHvm_FDC_HW_H.immature,30,300,10,0.0,10000.0,1.0,1.0,46.672000885009766,0.0,0.0
feature.Seral.CWHvm_FDC_HW_H.mature,0,0,10,0.0,10000.0,1.0,1.0,0.0,0.0,0.0
feature.Seral.CWHvm_FDC_HW_H.mature,1,10,10,0.0,10000.0,1.0,1.0,5.8979997634887695,0.0,0.0
feature.Seral.CWHvm_FDC_HW_H.mature,2,20,10,0.0,10000.0,1.0,1.0,48.63800048828125,0.0,0.0
feature.Seral.CWHvm_FDC_HW_H.mature,3,30,10,0.0,10000.0,1.0,1.0,115.20999908447266,0.0,0.0
feature.Seral.CWHvm_FDC_HW_H.mature,4,40,10,0.0,10000.0,1.0,1.0,98.11599731445312,0.0,0.0
feature.Seral.CWHvm_FDC_HW_H.mature,5,50,10,0.0,10000.0,1.0,1.0,98.11599731445312,0.0,0.0
feature.Seral.CWHvm_FDC_HW_H.mature,6,60,10,0.0,10000.0,1.0,1.0,91.55899810791016,0.0,0.0
feature.Seral.CWHvm_FDC_HW_H.mature,7,70,10,0.0,10000.0,1.0,1.0,53.6879997253418,0.0,0.0
feature.Seral.CWHvm_FDC_HW_H.mature,8,80,10,0.0,10000.0,1.0,1.0,72.60399627685547,0.0,0.0
feature.Seral.CWHvm_FDC_HW_H.mature,9,90,10,0.0,10000.0,1.0,1.0,60.323001861572266,0.0,0.0
feature.Seral.CWHvm_FDC_HW_H.mature,10,100,10,0.0,10000.0,1.0,1.0,65.48400115966797,0.0,0.0
feature.Seral.CWHvm_FDC_HW_H.mature,11,110,10,0.0,10000.0,1.0,1.0,70.78199768066406,0.0,0.0
feature.Seral.CWHvm_FDC_HW_H.mature,12,120,10,0.0,10000.0,1.0,1.0,53.6879997253418,0.0,0.0
feature.Seral.CWHvm_FDC_HW_H.mature,13,130,10,0.0,10000.0,1.0,1.0,60.244998931884766,0.0,0.0
feature.Seral.CWHvm_FDC_HW_H.mature,14,140,10,0.0,10000.0,1.0,1.0,55.71099853515625,0.0,0.0
feature.Seral.CWHvm_FDC_HW_H.mature,15,150,10,0.0,10000.0,1.0,1.0,0.0,0.0,0.0
feature.Seral.CWHvm_FDC_HW_H.mature,16,160,10,0.0,10000.0,1.0,1.0,18.916000366210938,0.0,0.0
feature.Seral.CWHvm_FDC_HW_H.mature,17,170,10,0.0,10000.0,1.0,1.0,6.635000228881836,0.0,0.0
feature.Seral.CWHvm_FDC_HW_H.mature,18,180,10,0.0,10000.0,1.0,1.0,11.795999526977539,0.0,0.0
feature.Seral.CWHvm_FDC_HW_H.mature,19,190,10,0.0,10000.0,1.0,1.0,0.0,0.0,0.0
feature.Seral.CWHvm_FDC_HW_H.mature,20,200,10,0.0,10000.0,1.0,1.0,17.0939998626709,0.0,0.0
feature.Seral.CWHvm_FDC_HW_H.mature,21,210,10,0.0,10000.0,1.0,1.0,0.0,0.0,0.0
feature.Seral.CWHvm_FDC_HW_H.mature,22,220,10,0.0,10000.0,1.0,1.0,6.557000160217285,0.0,0.0
feature.Seral.CWHvm_FDC_HW_H.mature,23,230,10,0.0,10000.0,1.0,1.0,6.557000160217285,0.0,0.0
feature.Seral.CWHvm_FDC_HW_H.mature,24,240,10,0.0,10000.0,1.0,1.0,0.0,0.0,0.0
feature.Seral.CWHvm_FDC_HW_H.mature,25,250,10,0.0,10000.0,1.0,1.0,0.0,0.0,0.0
feature.Seral.CWHvm_FDC_HW_H.mature,26,260,10,0.0,10000.0,1.0,1.0,18.430999755859375,0.0,0.0
feature.Seral.CWHvm_FDC_HW_H.mature,27,270,10,0.0,10000.0,1.0,1.0,0.0,0.0,0.0
feature.Seral.CWHvm_FDC_HW_H.mature,28,280,10,0.0,10000.0,1.0,1.0,17.0939998626709,0.0,0.0
feature.Seral.CWHvm_FDC_HW_H.mature,29,290,10,0.0,10000.0,1.0,1.0,0.0,0.0,0.0
feature.Seral.CWHvm_FDC_HW_H.mature,30,300,10,0.0,10000.0,1.0,1.0,37.87099838256836,0.0,0.0
feature.Seral.CWHvm_FDC_HW_H.overmature,0,0,10,0.0,10000.0,1.0,1.0,0.0,0.0,0.0
feature.Seral.CWHvm_FDC_HW_H.overmature,1,10,10,0.0,10000.0,1.0,1.0,0.0,0.0,0.0
feature.Seral.CWHvm_FDC_HW_H.overmature,2,20,10,0.0,10000.0,1.0,1.0,0.0,0.0,0.0
feature.Seral.CWHvm_FDC_HW_H.overmature,3,30,10,0.0,10000.0,1.0,1.0,0.0,0.0,0.0
feature.Seral.CWHvm_FDC_HW_H.overmature,4,40,10,0.0,10000.0,1.0,1.0,0.0,0.0,0.0
feature.Seral.CWHvm_FDC_HW_H.overmature,5,50,10,0.0,10000.0,1.0,1.0,0.0,0.0,0.0
feature.Seral.CWHvm_FDC_HW_H.overmature,6,60,10,0.0,10000.0,1.0,1.0,0.0,0.0,0.0
feature.Seral.CWHvm_FDC_HW_H.overmature,7,70,10,0.0,10000.0,1.0,1.0,0.0,0.0,0.0
feature.Seral.CWHvm_FDC_HW_H.overmature,8,80,10,0.0,10000.0,1.0,1.0,0.0,0.0,0.0
feature.Seral.CWHvm_FDC_HW_H.overmature,9,90,10,0.0,10000.0,1.0,1.0,0.0,0.0,0.0
feature.Seral.CWHvm_FDC_HW_H.overmature,10,100,10,0.0,10000.0,1.0,1.0,0.0,0.0,0.0
feature.Seral.CWHvm_FDC_HW_H.overmature,11,110,10,0.0,10000.0,1.0,1.0,0.0,0.0,0.0
feature.Seral.CWHvm_FDC_HW_H.overmature,12,120,10,0.0,10000.0,1.0,1.0,0.0,0.0,0.0
feature.Seral.CWHvm_FDC_HW_H.overmature,13,130,10,0.0,10000.0,1.0,1.0,0.0,0.0,0.0
feature.Seral.CWHvm_FDC_HW_H.overmature,14,140,10,0.0,10000.0,1.0,1.0,4.533999919891357,0.0,0.0
feature.Seral.CWHvm_FDC_HW_H.overmature,15,150,10,0.0,10000.0,1.0,1.0,53.6879997253418,0.0,0.0
feature.Seral.CWHvm_FDC_HW_H.overmature,16,160,10,0.0,10000.0,1.0,1.0,53.6879997253418,0.0,0.0
feature.Seral.CWHvm_FDC_HW_H.overmature,17,170,10,0.0,10000.0,1.0,1.0,53.6879997253418,0.0,0.0
feature.Seral.CWHvm_FDC_HW_H.overmature,18,180,10,0.0,10000.0,1.0,1.0,53.6879997253418,0.0,0.0
feature.Seral.CWHvm_FDC_HW_H.overmature,19,190,10,0.0,10000.0,1.0,1.0,53.6879997253418,0.0,0.0
feature.Seral.CWHvm_FDC_HW_H.overmature,20,200,10,0.0,10000.0,1.0,1.0,53.6879997253418,0.0,0.0
feature.Seral.CWHvm_FDC_HW_H.overmature,21,210,10,0.0,10000.0,1.0,1.0,53.6879997253418,0.0,0.0
feature.Seral.CWHvm_FDC_HW_H.overmature,22,220,10,0.0,10000.0,1.0,1.0,53.6879997253418,0.0,0.0
feature.Seral.CWHvm_FDC_HW_H.overmature,23,230,10,0.0,10000.0,1.0,1.0,53.6879997253418,0.0,0.0
feature.Seral.CWHvm_FDC_HW_H.overmature,24,240,10,0.0,10000.0,1.0,1.0,53.6879997253418,0.0,0.0
feature.Seral.CWHvm_FDC_HW_H.overmature,25,250,10,0.0,10000.0,1.0,1.0,53.6879997253418,0.0,0.0
feature.Seral.CWHvm_FDC_HW_H.overmature,26,260,10,0.0,10000.0,1.0,1.0,53.6879997253418,0.0,0.0
feature.Seral.CWHvm_FDC_HW_H.overmature,27,270,10,0.0,10000.0,1.0,1.0,53.6879997253418,0.0,0.0
feature.Seral.CWHvm_FDC_HW_H.overmature,28,280,10,0.0,10000.0,1.0,1.0,53.6879997253418,0.0,0.0
feature.Seral.CWHvm_FDC_HW_H.overmature,29,290,10,0.0,10000.0,1.0,1.0,53.6879997253418,0.0,0.0
feature.Seral.CWHvm_FDC_HW_H.overmature,30,300,10,0.0,10000.0,1.0,1.0,53.6879997253418,0.0,0.0
feature.Seral.CWHvm_FDC_HW_H.regenerating,0,0,10,0.0,10000.0,1.0,1.0,0.0,0.0,0.0
feature.Seral.CWHvm_FDC_HW_H.regenerating,1,10,10,0.0,10000.0,1.0,1.0,18.916000366210938,0.0,0.0
feature.Seral.CWHvm_FDC_HW_H.regenerating,2,20,10,0.0,10000.0,1.0,1.0,6.635000228881836,0.0,0.0
feature.Seral.CWHvm_FDC_HW_H.regenerating,3,30,10,0.0,10000.0,1.0,1.0,0.0,0.0,0.0
feature.Seral.CWHvm_FDC_HW_H.regenerating,4,40,10,0.0,10000.0,1.0,1.0,0.0,0.0,0.0
feature.Seral.CWHvm_FDC_HW_H.regenerating,5,50,10,0.0,10000.0,1.0,1.0,0.0,0.0,0.0
feature.Seral.CWHvm_FDC_HW_H.regenerating,6,60,10,0.0,10000.0,1.0,1.0,0.0,0.0,0.0
feature.Seral.CWHvm_FDC_HW_H.regenerating,7,70,10,0.0,10000.0,1.0,1.0,0.0,0.0,0.0
feature.Seral.CWHvm_FDC_HW_H.regenerating,8,80,10,0.0,10000.0,1.0,1.0,13.862000465393066,0.0,0.0
feature.Seral.CWHvm_FDC_HW_H.regenerating,9,90,10,0.0,10000.0,1.0,1.0,26.308000564575195,0.0,0.0
feature.Seral.CWHvm_FDC_HW_H.regenerating,10,100,10,0.0,10000.0,1.0,1.0,6.635000228881836,0.0,0.0
feature.Seral.CWHvm_FDC_HW_H.regenerating,11,110,10,0.0,10000.0,1.0,1.0,11.795999526977539,0.0,0.0
feature.Seral.CWHvm_FDC_HW_H.regenerating,12,120,10,0.0,10000.0,1.0,1.0,17.0939998626709,0.0,0.0
feature.Seral.CWHvm_FDC_HW_H.regenerating,13,130,10,0.0,10000.0,1.0,1.0,0.0,0.0,0.0
feature.Seral.CWHvm_FDC_HW_H.regenerating,14,140,10,0.0,10000.0,1.0,1.0,37.87099838256836,0.0,0.0
feature.Seral.CWHvm_FDC_HW_H.regenerating,15,150,10,0.0,10000.0,1.0,1.0,7.822000026702881,0.0,0.0
feature.Seral.CWHvm_FDC_HW_H.regenerating,16,160,10,0.0,10000.0,1.0,1.0,7.392000198364258,0.0,0.0
feature.Seral.CWHvm_FDC_HW_H.regenerating,17,170,10,0.0,10000.0,1.0,1.0,0.0,0.0,0.0
feature.Seral.CWHvm_FDC_HW_H.regenerating,18,180,10,0.0,10000.0,1.0,1.0,6.635000228881836,0.0,0.0
feature.Seral.CWHvm_FDC_HW_H.regenerating,19,190,10,0.0,10000.0,1.0,1.0,11.795999526977539,0.0,0.0
feature.Seral.CWHvm_FDC_HW_H.regenerating,20,200,10,0.0,10000.0,1.0,1.0,0.0,0.0,0.0
feature.Seral.CWHvm_FDC_HW_H.regenerating,21,210,10,0.0,10000.0,1.0,1.0,24.916000366210938,0.0,0.0
feature.Seral.CWHvm_FDC_HW_H.regenerating,22,220,10,0.0,10000.0,1.0,1.0,37.87099838256836,0.0,0.0
feature.Seral.CWHvm_FDC_HW_H.regenerating,23,230,10,0.0,10000.0,1.0,1.0,0.0,0.0,0.0
feature.Seral.CWHvm_FDC_HW_H.regenerating,24,240,10,0.0,10000.0,1.0,1.0,6.557000160217285,0.0,0.0
feature.Seral.CWHvm_FDC_HW_H.regenerating,25,250,10,0.0,10000.0,1.0,1.0,0.0,0.0,0.0
feature.Seral.CWHvm_FDC_HW_H.regenerating,26,260,10,0.0,10000.0,1.0,1.0,13.862000465393066,0.0,0.0
feature.Seral.CWHvm_FDC_HW_H.regenerating,27,270,10,0.0,10000.0,1.0,1.0,26.253000259399414,0.0,0.0
feature.Seral.CWHvm_FDC_HW_H.regenerating,28,280,10,0.0,10000.0,1.0,1.0,1.3580000400543213,0.0,0.0
feature.Seral.CWHvm_FDC_HW_H.regenerating,29,290,10,0.0,10000.0,1.0,1.0,17.0939998626709,0.0,0.0
feature.Seral.CWHvm_FDC_HW_H.regenerating,30,300,10,0.0,10000.0,1.0,1.0,7.392000198364258,0.0,0.0
feature.Seral.CWHvm_FDC_HW_H.young,0,0,10,0.0,10000.0,1.0,1.0,0.0,0.0,0.0
feature.Seral.CWHvm_FDC_HW_H.young,1,10,10,0.0,10000.0,1.0,1.0,0.0,0.0,0.0
feature.Seral.CWHvm_FDC_HW_H.young,2,20,10,0.0,10000.0,1.0,1.0,34.13600158691406,0.0,0.0
feature.Seral.CWHvm_FDC_HW_H.young,3,30,10,0.0,10000.0,1.0,1.0,67.78099822998047,0.0,0.0
feature.Seral.CWHvm_FDC_HW_H.young,4,40,10,0.0,10000.0,1.0,1.0,50.73899841308594,0.0,0.0
feature.Seral.CWHvm_FDC_HW_H.young,5,50,10,0.0,10000.0,1.0,1.0,17.0939998626709,0.0,0.0
feature.Seral.CWHvm_FDC_HW_H.young,6,60,10,0.0,10000.0,1.0,1.0,6.557000160217285,0.0,0.0
feature.Seral.CWHvm_FDC_HW_H.young,7,70,10,0.0,10000.0,1.0,1.0,44.428001403808594,0.0,0.0
feature.Seral.CWHvm_FDC_HW_H.young,8,80,10,0.0,10000.0,1.0,1.0,39.229000091552734,0.0,0.0
feature.Seral.CWHvm_FDC_HW_H.young,9,90,10,0.0,10000.0,1.0,1.0,23.04199981689453,0.0,0.0
feature.Seral.CWHvm_FDC_HW_H.young,10,100,10,0.0,10000.0,1.0,1.0,47.992000579833984,0.0,0.0
feature.Seral.CWHvm_FDC_HW_H.young,11,110,10,0.0,10000.0,1.0,1.0,32.94300079345703,0.0,0.0
feature.Seral.CWHvm_FDC_HW_H.young,12,120,10,0.0,10000.0,1.0,1.0,18.430999755859375,0.0,0.0
feature.Seral.CWHvm_FDC_HW_H.young,13,130,10,0.0,10000.0,1.0,1.0,28.889999389648438,0.0,0.0
feature.Seral.CWHvm_FDC_HW_H.young,14,140,10,0.0,10000.0,1.0,1.0,17.0939998626709,0.0,0.0
feature.Seral.CWHvm_FDC_HW_H.young,15,150,10,0.0,10000.0,1.0,1.0,59.64799880981445,0.0,0.0
feature.Seral.CWHvm_FDC_HW_H.young,16,160,10,0.0,10000.0,1.0,1.0,67.47000122070312,0.0,0.0
feature.Seral.CWHvm_FDC_HW_H.young,17,170,10,0.0,10000.0,1.0,1.0,34.130001068115234,0.0,0.0
feature.Seral.CWHvm_FDC_HW_H.young,18,180,10,0.0,10000.0,1.0,1.0,26.308000564575195,0.0,0.0
feature.Seral.CWHvm_FDC_HW_H.young,19,190,10,0.0,10000.0,1.0,1.0,6.635000228881836,0.0,0.0
feature.Seral.CWHvm_FDC_HW_H.young,20,200,10,0.0,10000.0,1.0,1.0,18.430999755859375,0.0,0.0
feature.Seral.CWHvm_FDC_HW_H.young,21,210,10,0.0,10000.0,1.0,1.0,25.658000946044922,0.0,0.0
feature.Seral.CWHvm_FDC_HW_H.young,22,220,10,0.0,10000.0,1.0,1.0,40.13600158691406,0.0,0.0
feature.Seral.CWHvm_FDC_HW_H.young,23,230,10,0.0,10000.0,1.0,1.0,64.1449966430664,0.0,0.0
feature.Seral.CWHvm_FDC_HW_H.young,24,240,10,0.0,10000.0,1.0,1.0,64.17900085449219,0.0,0.0
feature.Seral.CWHvm_FDC_HW_H.young,25,250,10,0.0,10000.0,1.0,1.0,32.8650016784668,0.0,0.0
feature.Seral.CWHvm_FDC_HW_H.young,26,260,10,0.0,10000.0,1.0,1.0,6.557000160217285,0.0,0.0
feature.Seral.CWHvm_FDC_HW_H.young,27,270,10,0.0,10000.0,1.0,1.0,13.862000465393066,0.0,0.0
feature.Seral.CWHvm_FDC_HW_H.young,28,280,10,0.0,10000.0,1.0,1.0,40.1150016784668,0.0,0.0
feature.Seral.CWHvm_FDC_HW_H.young,29,290,10,0.0,10000.0,1.0,1.0,27.611000061035156,0.0,0.0
feature.Seral.CWHvm_FDC_HW_H.young,30,300,10,0.0,10000.0,1.0,1.0,37.36800003051758,0.0,0.0
feature.Seral.CWHvm_FDC_HW_L.immature,0,0,10,0.0,10000.0,1.0,1.0,118.77899932861328,0.0,0.0
feature.Seral.CWHvm_FDC_HW_L.immature,1,10,10,0.0,10000.0,1.0,1.0,118.77899932861328,0.0,0.0
feature.Seral.CWHvm_FDC_HW_L.immature,2,20,10,0.0,10000.0,1.0,1.0,118.77899932861328,0.0,0.0
feature.Seral.CWHvm_FDC_HW_L.immature,3,30,10,0.0,10000.0,1.0,1.0,131.2790069580078,0.0,0.0
feature.Seral.CWHvm_FDC_HW_L.immature,4,40,10,0.0,10000.0,1.0,1.0,127.68399810791016,0.0,0.0
feature.Seral.CWHvm_FDC_HW_L.immature,5,50,10,0.0,10000.0,1.0,1.0,40.297000885009766,0.0,0.0
feature.Seral.CWHvm_FDC_HW_L.immature,6,60,10,0.0,10000.0,1.0,1.0,12.5,0.0,0.0
feature.Seral.CWHvm_FDC_HW_L.immature,7,70,10,0.0,10000.0,1.0,1.0,16.094999313354492,0.0,0.0
feature.Seral.CWHvm_FDC_HW_L.immature,8,80,10,0.0,10000.0,1.0,1.0,16.094999313354492,0.0,0.0
feature.Seral.CWHvm_FDC_HW_L.immature,9,90,10,0.0,10000.0,1.0,1.0,16.094999313354492,0.0,0.0
feature.Seral.CWHvm_FDC_HW_L.immature,10,100,10,0.0,10000.0,1.0,1.0,3.5950000286102295,0.0,0.0
feature.Seral.CWHvm_FDC_HW_L.immature,11,110,10,0.0,10000.0,1.0,1.0,3.5950000286102295,0.0,0.0
feature.Seral.CWHvm_FDC_HW_L.immature,12,120,10,0.0,10000.0,1.0,1.0,16.094999313354492,0.0,0.0
feature.Seral.CWHvm_FDC_HW_L.immature,13,130,10,0.0,10000.0,1.0,1.0,12.5,0.0,0.0
feature.Seral.CWHvm_FDC_HW_L.immature,14,140,10,0.0,10000.0,1.0,1.0,12.5,0.0,0.0
feature.Seral.CWHvm_FDC_HW_L.immature,15,150,10,0.0,10000.0,1.0,1.0,16.094999313354492,0.0,0.0
feature.Seral.CWHvm_FDC_HW_L.immature,16,160,10,0.0,10000.0,1.0,1.0,16.094999313354492,0.0,0.0
feature.Seral.CWHvm_FDC_HW_L.immature,17,170,10,0.0,10000.0,1.0,1.0,16.094999313354492,0.0,0.0
feature.Seral.CWHvm_FDC_HW_L.immature,18,180,10,0.0,10000.0,1.0,1.0,16.094999313354492,0.0,0.0
feature.Seral.CWHvm_FDC_HW_L.immature,19,190,10,0.0,10000.0,1.0,1.0,3.5950000286102295,0.0,0.0
feature.Seral.CWHvm_FDC_HW_L.immature,20,200,10,0.0,10000.0,1.0,1.0,3.5950000286102295,0.0,0.0
feature.Seral.CWHvm_FDC_HW_L.immature,21,210,10,0.0,10000.0,1.0,1.0,3.5950000286102295,0.0,0.0
feature.Seral.CWHvm_FDC_HW_L.immature,22,220,10,0.0,10000.0,1.0,1.0,12.5,0.0,0.0
feature.Seral.CWHvm_FDC_HW_L.immature,23,230,10,0.0,10000.0,1.0,1.0,12.5,0.0,0.0
feature.Seral.CWHvm_FDC_HW_L.immature,24,240,10,0.0,10000.0,1.0,1.0,16.094999313354492,0.0,0.0
feature.Seral.CWHvm_FDC_HW_L.immature,25,250,10,0.0,10000.0,1.0,1.0,16.094999313354492,0.0,0.0
feature.Seral.CWHvm_FDC_HW_L.immature,26,260,10,0.0,10000.0,1.0,1.0,16.094999313354492,0.0,0.0
feature.Seral.CWHvm_FDC_HW_L.immature,27,270,10,0.0,10000.0,1.0,1.0,16.094999313354492,0.0,0.0
feature.Seral.CWHvm_FDC_HW_L.immature,28,280,10,0.0,10000.0,1.0,1.0,3.5950000286102295,0.0,0.0
feature.Seral.CWHvm_FDC_HW_L.immature,29,290,10,0.0,10000.0,1.0,1.0,3.5950000286102295,0.0,0.0
feature.Seral.CWHvm_FDC_HW_L.immature,30,300,10,0.0,10000.0,1.0,1.0,0.0,0.0,0.0
feature.Seral.CWHvm_FDC_HW_L.mature,0,0,10,0.0,10000.0,1.0,1.0,32.840999603271484,0.0,0.0
feature.Seral.CWHvm_FDC_HW_L.mature,1,10,10,0.0,10000.0,1.0,1.0,10.809000015258789,0.0,0.0
feature.Seral.CWHvm_FDC_HW_L.mature,2,20,10,0.0,10000.0,1.0,1.0,10.809000015258789,0.0,0.0
feature.Seral.CWHvm_FDC_HW_L.mature,3,30,10,0.0,10000.0,1.0,1.0,10.809000015258789,0.0,0.0
feature.Seral.CWHvm_FDC_HW_L.mature,4,40,10,0.0,10000.0,1.0,1.0,10.809000015258789,0.0,0.0
feature.Seral.CWHvm_FDC_HW_L.mature,5,50,10,0.0,10000.0,1.0,1.0,98.19599914550781,0.0,0.0
feature.Seral.CWHvm_FDC_HW_L.mature,6,60,10,0.0,10000.0,1.0,1.0,125.99299621582031,0.0,0.0
feature.Seral.CWHvm_FDC_HW_L.mature,7,70,10,0.0,10000.0,1.0,1.0,125.99299621582031,0.0,0.0
feature.Seral.CWHvm_FDC_HW_L.mature,8,80,10,0.0,10000.0,1.0,1.0,115.18399810791016,0.0,0.0
feature.Seral.CWHvm_FDC_HW_L.mature,9,90,10,0.0,10000.0,1.0,1.0,115.18399810791016,0.0,0.0
feature.Seral.CWHvm_FDC_HW_L.mature,10,100,10,0.0,10000.0,1.0,1.0,115.18399810791016,0.0,0.0
feature.Seral.CWHvm_FDC_HW_L.mature,11,110,10,0.0,10000.0,1.0,1.0,115.18399810791016,0.0,0.0
feature.Seral.CWHvm_FDC_HW_L.mature,12,120,10,0.0,10000.0,1.0,1.0,115.18399810791016,0.0,0.0
feature.Seral.CWHvm_FDC_HW_L.mature,13,130,10,0.0,10000.0,1.0,1.0,115.18399810791016,0.0,0.0
feature.Seral.CWHvm_FDC_HW_L.mature,14,140,10,0.0,10000.0,1.0,1.0,115.18399810791016,0.0,0.0
feature.Seral.CWHvm_FDC_HW_L.mature,15,150,10,0.0,10000.0,1.0,1.0,27.797000885009766,0.0,0.0
feature.Seral.CWHvm_FDC_HW_L.mature,16,160,10,0.0,10000.0,1.0,1.0,0.0,0.0,0.0
feature.Seral.CWHvm_FDC_HW_L.mature,17,170,10,0.0,10000.0,1.0,1.0,0.0,0.0,0.0
feature.Seral.CWHvm_FDC_HW_L.mature,18,180,10,0.0,10000.0,1.0,1.0,0.0,0.0,0.0
feature.Seral.CWHvm_FDC_HW_L.mature,19,190,10,0.0,10000.0,1.0,1.0,0.0,0.0,0.0
feature.Seral.CWHvm_FDC_HW_L.mature,20,200,10,0.0,10000.0,1.0,1.0,0.0,0.0,0.0
feature.Seral.CWHvm_FDC_HW_L.mature,21,210,10,0.0,10000.0,1.0,1.0,0.0,0.0,0.0
feature.Seral.CWHvm_FDC_HW_L.mature,22,220,10,0.0,10000.0,1.0,1.0,0.0,0.0,0.0
feature.Seral.CWHvm_FDC_HW_L.mature,23,230,10,0.0,10000.0,1.0,1.0,0.0,0.0,0.0
feature.Seral.CWHvm_FDC_HW_L.mature,24,240,10,0.0,10000.0,1.0,1.0,0.0,0.0,0.0
feature.Seral.CWHvm_FDC_HW_L.mature,25,250,10,0.0,10000.0,1.0,1.0,0.0,0.0,0.0
feature.Seral.CWHvm_FDC_HW_L.mature,26,260,10,0.0,10000.0,1.0,1.0,0.0,0.0,0.0
feature.Seral.CWHvm_FDC_HW_L.mature,27,270,10,0.0,10000.0,1.0,1.0,0.0,0.0,0.0
feature.Seral.CWHvm_FDC_HW_L.mature,28,280,10,0.0,10000.0,1.0,1.0,0.0,0.0,0.0
feature.Seral.CWHvm_FDC_HW_L.mature,29,290,10,0.0,10000.0,1.0,1.0,0.0,0.0,0.0
feature.Seral.CWHvm_FDC_HW_L.mature,30,300,10,0.0,10000.0,1.0,1.0,0.0,0.0,0.0
feature.Seral.CWHvm_FDC_HW_L.overmature,0,0,10,0.0,10000.0,1.0,1.0,1.1230000257492065,0.0,0.0
feature.Seral.CWHvm_FDC_HW_L.overmature,1,10,10,0.0,10000.0,1.0,1.0,10.654999732971191,0.0,0.0
feature.Seral.CWHvm_FDC_HW_L.overmature,2,20,10,0.0,10000.0,1.0,1.0,10.654999732971191,0.0,0.0
feature.Seral.CWHvm_FDC_HW_L.overmature,3,30,10,0.0,10000.0,1.0,1.0,10.654999732971191,0.0,0.0
feature.Seral.CWHvm_FDC_HW_L.overmature,4,40,10,0.0,10000.0,1.0,1.0,10.654999732971191,0.0,0.0
feature.Seral.CWHvm_FDC_HW_L.overmature,5,50,10,0.0,10000.0,1.0,1.0,10.654999732971191,0.0,0.0
feature.Seral.CWHvm_FDC_HW_L.overmature,6,60,10,0.0,10000.0,1.0,1.0,10.654999732971191,0.0,0.0
feature.Seral.CWHvm_FDC_HW_L.overmature,7,70,10,0.0,10000.0,1.0,1.0,10.654999732971191,0.0,0.0
feature.Seral.CWHvm_FDC_HW_L.overmature,8,80,10,0.0,10000.0,1.0,1.0,21.464000701904297,0.0,0.0
feature.Seral.CWHvm_FDC_HW_L.overmature,9,90,10,0.0,10000.0,1.0,1.0,21.464000701904297,0.0,0.0
feature.Seral.CWHvm_FDC_HW_L.overmature,10,100,10,0.0,10000.0,1.0,1.0,21.464000701904297,0.0,0.0
feature.Seral.CWHvm_FDC_HW_L.overmature,11,110,10,0.0,10000.0,1.0,1.0,21.464000701904297,0.0,0.0
feature.Seral.CWHvm_FDC_HW_L.overmature,12,120,10,0.0,10000.0,1.0,1.0,21.464000701904297,0.0,0.0
feature.Seral.CWHvm_FDC_HW_L.overmature,13,130,10,0.0,10000.0,1.0,1.0,21.464000701904297,0.0,0.0
feature.Seral.CWHvm_FDC_HW_L.overmature,14,140,10,0.0,10000.0,1.0,1.0,21.464000701904297,0.0,0.0
feature.Seral.CWHvm_FDC_HW_L.overmature,15,150,10,0.0,10000.0,1.0,1.0,108.85099792480469,0.0,0.0
feature.Seral.CWHvm_FDC_HW_L.overmature,16,160,10,0.0,10000.0,1.0,1.0,136.6479949951172,0.0,0.0
feature.Seral.CWHvm_FDC_HW_L.overmature,17,170,10,0.0,10000.0,1.0,1.0,136.6479949951172,0.0,0.0
feature.Seral.CWHvm_FDC_HW_L.overmature,18,180,10,0.0,10000.0,1.0,1.0,136.6479949951172,0.0,0.0
feature.Seral.CWHvm_FDC_HW_L.overmature,19,190,10,0.0,10000.0,1.0,1.0,136.6479949951172,0.0,0.0
feature.Seral.CWHvm_FDC_HW_L.overmature,20,200,10,0.0,10000.0,1.0,1.0,136.6479949951172,0.0,0.0
feature.Seral.CWHvm_FDC_HW_L.overmature,21,210,10,0.0,10000.0,1.0,1.0,136.6479949951172,0.0,0.0
feature.Seral.CWHvm_FDC_HW_L.overmature,22,220,10,0.0,10000.0,1.0,1.0,136.6479949951172,0.0,0.0
feature.Seral.CWHvm_FDC_HW_L.overmature,23,230,10,0.0,10000.0,1.0,1.0,136.6479949951172,0.0,0.0
feature.Seral.CWHvm_FDC_HW_L.overmature,24,240,10,0.0,10000.0,1.0,1.0,136.6479949951172,0.0,0.0
feature.Seral.CWHvm_FDC_HW_L.overmature,25,250,10,0.0,10000.0,1.0,1.0,136.6479949951172,0.0,0.0
feature.Seral.CWHvm_FDC_HW_L.overmature,26,260,10,0.0,10000.0,1.0,1.0,136.6479949951172,0.0,0.0
feature.Seral.CWHvm_FDC_HW_L.overmature,27,270,10,0.0,10000.0,1.0,1.0,136.6479949951172,0.0,0.0
feature.Seral.CWHvm_FDC_HW_L.overmature,28,280,10,0.0,10000.0,1.0,1.0,136.6479949951172,0.0,0.0
feature.Seral.CWHvm_FDC_HW_L.overmature,29,290,10,0.0,10000.0,1.0,1.0,136.6479949951172,0.0,0.0
feature.Seral.CWHvm_FDC_HW_L.overmature,30,300,10,0.0,10000.0,1.0,1.0,136.6479949951172,0.0,0.0
feature.Seral.CWHvm_FDC_HW_L.regenerating,0,0,10,0.0,10000.0,1.0,1.0,0.0,0.0,0.0
feature.Seral.CWHvm_FDC_HW_L.regenerating,1,10,10,0.0,10000.0,1.0,1.0,0.0,0.0,0.0
feature.Seral.CWHvm_FDC_HW_L.regenerating,2,20,10,0.0,10000.0,1.0,1.0,0.0,0.0,0.0
feature.Seral.CWHvm_FDC_HW_L.regenerating,3,30,10,0.0,10000.0,1.0,1.0,0.0,0.0,0.0
feature.Seral.CWHvm_FDC_HW_L.regenerating,4,40,10,0.0,10000.0,1.0,1.0,3.5950000286102295,0.0,0.0
feature.Seral.CWHvm_FDC_HW_L.regenerating,5,50,10,0.0,10000.0,1.0,1.0,0.0,0.0,0.0
feature.Seral.CWHvm_FDC_HW_L.regenerating,6,60,10,0.0,10000.0,1.0,1.0,0.0,0.0,0.0
feature.Seral.CWHvm_FDC_HW_L.regenerating,7,70,10,0.0,10000.0,1.0,1.0,0.0,0.0,0.0
feature.Seral.CWHvm_FDC_HW_L.regenerating,8,80,10,0.0,10000.0,1.0,1.0,0.0,0.0,0.0
feature.Seral.CWHvm_FDC_HW_L.regenerating,9,90,10,0.0,10000.0,1.0,1.0,0.0,0.0,0.0
feature.Seral.CWHvm_FDC_HW_L.regenerating,10,100,10,0.0,10000.0,1.0,1.0,0.0,0.0,0.0
feature.Seral.CWHvm_FDC_HW_L.regenerating,11,110,10,0.0,10000.0,1.0,1.0,0.0,0.0,0.0
feature.Seral.CWHvm_FDC_HW_L.regenerating,12,120,10,0.0,10000.0,1.0,1.0,0.0,0.0,0.0
feature.Seral.CWHvm_FDC_HW_L.regenerating,13,130,10,0.0,10000.0,1.0,1.0,0.0,0.0,0.0
feature.Seral.CWHvm_FDC_HW_L.regenerating,14,140,10,0.0,10000.0,1.0,1.0,0.0,0.0,0.0
feature.Seral.CWHvm_FDC_HW_L.regenerating,15,150,10,0.0,10000.0,1.0,1.0,0.0,0.0,0.0
feature.Seral.CWHvm_FDC_HW_L.regenerating,16,160,10,0.0,10000.0,1.0,1.0,0.0,0.0,0.0
feature.Seral.CWHvm_FDC_HW_L.regenerating,17,170,10,0.0,10000.0,1.0,1.0,0.0,0.0,0.0
feature.Seral.CWHvm_FDC_HW_L.regenerating,18,180,10,0.0,10000.0,1.0,1.0,0.0,0.0,0.0
feature.Seral.CWHvm_FDC_HW_L.regenerating,19,190,10,0.0,10000.0,1.0,1.0,12.5,0.0,0.0
feature.Seral.CWHvm_FDC_HW_L.regenerating,20,200,10,0.0,10000.0,1.0,1.0,0.0,0.0,0.0
feature.Seral.CWHvm_FDC_HW_L.regenerating,21,210,10,0.0,10000.0,1.0,1.0,0.0,0.0,0.0
feature.Seral.CWHvm_FDC_HW_L.regenerating,22,220,10,0.0,10000.0,1.0,1.0,0.0,0.0,0.0
feature.Seral.CWHvm_FDC_HW_L.regenerating,23,230,10,0.0,10000.0,1.0,1.0,0.0,0.0,0.0
feature.Seral.CWHvm_FDC_HW_L.regenerating,24,240,10,0.0,10000.0,1.0,1.0,0.0,0.0,0.0
feature.Seral.CWHvm_FDC_HW_L.regenerating,25,250,10,0.0,10000.0,1.0,1.0,0.0,0.0,0.0
feature.Seral.CWHvm_FDC_HW_L.regenerating,26,260,10,0.0,10000.0,1.0,1.0,0.0,0.0,0.0
feature.Seral.CWHvm_FDC_HW_L.regenerating,27,270,10,0.0,10000.0,1.0,1.0,0.0,0.0,0.0
feature.Seral.CWHvm_FDC_HW_L.regenerating,28,280,10,0.0,10000.0,1.0,1.0,12.5,0.0,0.0
feature.Seral.CWHvm_FDC_HW_L.regenerating,29,290,10,0.0,10000.0,1.0,1.0,0.0,0.0,0.0
feature.Seral.CWHvm_FDC_HW_L.regenerating,30,300,10,0.0,10000.0,1.0,1.0,3.5950000286102295,0.0,0.0
feature.Seral.CWHvm_FDC_HW_L.young,0,0,10,0.0,10000.0,1.0,1.0,0.0,0.0,0.0
feature.Seral.CWHvm_FDC_HW_L.young,1,10,10,0.0,10000.0,1.0,1.0,12.5,0.0,0.0
feature.Seral.CWHvm_FDC_HW_L.young,2,20,10,0.0,10000.0,1.0,1.0,12.5,0.0,0.0
feature.Seral.CWHvm_FDC_HW_L.young,3,30,10,0.0,10000.0,1.0,1.0,0.0,0.0,0.0
feature.Seral.CWHvm_FDC_HW_L.young,4,40,10,0.0,10000.0,1.0,1.0,0.0,0.0,0.0
feature.Seral.CWHvm_FDC_HW_L.young,5,50,10,0.0,10000.0,1.0,1.0,3.5950000286102295,0.0,0.0
feature.Seral.CWHvm_FDC_HW_L.young,6,60,10,0.0,10000.0,1.0,1.0,3.5950000286102295,0.0,0.0
feature.Seral.CWHvm_FDC_HW_L.young,7,70,10,0.0,10000.0,1.0,1.0,0.0,0.0,0.0
feature.Seral.CWHvm_FDC_HW_L.young,8,80,10,0.0,10000.0,1.0,1.0,0.0,0.0,0.0
feature.Seral.CWHvm_FDC_HW_L.young,9,90,10,0.0,10000.0,1.0,1.0,0.0,0.0,0.0
feature.Seral.CWHvm_FDC_HW_L.young,10,100,10,0.0,10000.0,1.0,1.0,12.5,0.0,0.0
feature.Seral.CWHvm_FDC_HW_L.young,11,110,10,0.0,10000.0,1.0,1.0,12.5,0.0,0.0
feature.Seral.CWHvm_FDC_HW_L.young,12,120,10,0.0,10000.0,1.0,1.0,0.0,0.0,0.0
feature.Seral.CWHvm_FDC_HW_L.young,13,130,10,0.0,10000.0,1.0,1.0,3.5950000286102295,0.0,0.0
feature.Seral.CWHvm_FDC_HW_L.young,14,140,10,0.0,10000.0,1.0,1.0,3.5950000286102295,0.0,0.0
feature.Seral.CWHvm_FDC_HW_L.young,15,150,10,0.0,10000.0,1.0,1.0,0.0,0.0,0.0
feature.Seral.CWHvm_FDC_HW_L.young,16,160,10,0.0,10000.0,1.0,1.0,0.0,0.0,0.0
feature.Seral.CWHvm_FDC_HW_L.young,17,170,10,0.0,10000.0,1.0,1.0,0.0,0.0,0.0
feature.Seral.CWHvm_FDC_HW_L.young,18,180,10,0.0,10000.0,1.0,1.0,0.0,0.0,0.0
feature.Seral.CWHvm_FDC_HW_L.young,19,190,10,0.0,10000.0,1.0,1.0,0.0,0.0,0.0
feature.Seral.CWHvm_FDC_HW_L.young,20,200,10,0.0,10000.0,1.0,1.0,12.5,0.0,0.0
feature.Seral.CWHvm_FDC_HW_L.young,21,210,10,0.0,10000.0,1.0,1.0,12.5,0.0,0.0
feature.Seral.CWHvm_FDC_HW_L.young,22,220,10,0.0,10000.0,1.0,1.0,3.5950000286102295,0.0,0.0
feature.Seral.CWHvm_FDC_HW_L.young,23,230,10,0.0,10000.0,1.0,1.0,3.5950000286102295,0.0,0.0
feature.Seral.CWHvm_FDC_HW_L.young,24,240,10,0.0,10000.0,1.0,1.0,0.0,0.0,0.0
feature.Seral.CWHvm_FDC_HW_L.young,25,250,10,0.0,10000.0,1.0,1.0,0.0,0.0,0.0
feature.Seral.CWHvm_FDC_HW_L.young,26,260,10,0.0,10000.0,1.0,1.0,0.0,0.0,0.0
feature.Seral.CWHvm_FDC_HW_L.young,27,270,10,0.0,10000.0,1.0,1.0,0.0,0.0,0.0
feature.Seral.CWHvm_FDC_HW_L.young,28,280,10,0.0,10000.0,1.0,1.0,0.0,0.0,0.0
feature.Seral.CWHvm_FDC_HW_L.young,29,290,10,0.0,10000.0,1.0,1.0,12.5,0.0,0.0
feature.Seral.CWHvm_FDC_HW_L.young,30,300,10,0.0,10000.0,1.0,1.0,12.5,0.0,0.0
feature.Seral.CWHvm_FDC_HW_M.immature,0,0,10,0.0,10000.0,1.0,1.0,178.66900634765625,0.0,0.0
feature.Seral.CWHvm_FDC_HW_M.immature,1,10,10,0.0,10000.0,1.0,1.0,166.68099975585938,0.0,0.0
feature.Seral.CWHvm_FDC_HW_M.immature,2,20,10,0.0,10000.0,1.0,1.0,155.20399475097656,0.0,0.0
feature.Seral.CWHvm_FDC_HW_M.immature,3,30,10,0.0,10000.0,1.0,1.0,92.7239990234375,0.0,0.0
feature.Seral.CWHvm_FDC_HW_M.immature,4,40,10,0.0,10000.0,1.0,1.0,11.47700023651123,0.0,0.0
feature.Seral.CWHvm_FDC_HW_M.immature,5,50,10,0.0,10000.0,1.0,1.0,20.26099967956543,0.0,0.0
feature.Seral.CWHvm_FDC_HW_M.immature,6,60,10,0.0,10000.0,1.0,1.0,29.218000411987305,0.0,0.0
feature.Seral.CWHvm_FDC_HW_M.immature,7,70,10,0.0,10000.0,1.0,1.0,32.500999450683594,0.0,0.0
feature.Seral.CWHvm_FDC_HW_M.immature,8,80,10,0.0,10000.0,1.0,1.0,32.500999450683594,0.0,0.0
feature.Seral.CWHvm_FDC_HW_M.immature,9,90,10,0.0,10000.0,1.0,1.0,21.02400016784668,0.0,0.0
feature.Seral.CWHvm_FDC_HW_M.immature,10,100,10,0.0,10000.0,1.0,1.0,12.239999771118164,0.0,0.0
feature.Seral.CWHvm_FDC_HW_M.immature,11,110,10,0.0,10000.0,1.0,1.0,14.760000228881836,0.0,0.0
feature.Seral.CWHvm_FDC_HW_M.immature,12,120,10,0.0,10000.0,1.0,1.0,11.47700023651123,0.0,0.0
feature.Seral.CWHvm_FDC_HW_M.immature,13,130,10,0.0,10000.0,1.0,1.0,20.26099967956543,0.0,0.0
feature.Seral.CWHvm_FDC_HW_M.immature,14,140,10,0.0,10000.0,1.0,1.0,29.218000411987305,0.0,0.0
feature.Seral.CWHvm_FDC_HW_M.immature,15,150,10,0.0,10000.0,1.0,1.0,32.500999450683594,0.0,0.0
feature.Seral.CWHvm_FDC_HW_M.immature,16,160,10,0.0,10000.0,1.0,1.0,21.02400016784668,0.0,0.0
feature.Seral.CWHvm_FDC_HW_M.immature,17,170,10,0.0,10000.0,1.0,1.0,21.02400016784668,0.0,0.0
feature.Seral.CWHvm_FDC_HW_M.immature,18,180,10,0.0,10000.0,1.0,1.0,23.716999053955078,0.0,0.0
feature.Seral.CWHvm_FDC_HW_M.immature,19,190,10,0.0,10000.0,1.0,1.0,14.760000228881836,0.0,0.0
feature.Seral.CWHvm_FDC_HW_M.immature,20,200,10,0.0,10000.0,1.0,1.0,11.47700023651123,0.0,0.0
feature.Seral.CWHvm_FDC_HW_M.immature,21,210,10,0.0,10000.0,1.0,1.0,20.26099967956543,0.0,0.0
feature.Seral.CWHvm_FDC_HW_M.immature,22,220,10,0.0,10000.0,1.0,1.0,29.218000411987305,0.0,0.0
feature.Seral.CWHvm_FDC_HW_M.immature,23,230,10,0.0,10000.0,1.0,1.0,21.02400016784668,0.0,0.0
feature.Seral.CWHvm_FDC_HW_M.immature,24,240,10,0.0,10000.0,1.0,1.0,21.02400016784668,0.0,0.0
feature.Seral.CWHvm_FDC_HW_M.immature,25,250,10,0.0,10000.0,1.0,1.0,21.02400016784668,0.0,0.0
feature.Seral.CWHvm_FDC_HW_M.immature,26,260,10,0.0,10000.0,1.0,1.0,23.54400062561035,0.0,0.0
feature.Seral.CWHvm_FDC_HW_M.immature,27,270,10,0.0,10000.0,1.0,1.0,14.760000228881836,0.0,0.0
feature.Seral.CWHvm_FDC_HW_M.immature,28,280,10,0.0,10000.0,1.0,1.0,11.47700023651123,0.0,0.0
feature.Seral.CWHvm_FDC_HW_M.immature,29,290,10,0.0,10000.0,1.0,1.0,8.956999778747559,0.0,0.0
feature.Seral.CWHvm_FDC_HW_M.immature,30,300,10,0.0,10000.0,1.0,1.0,17.740999221801758,0.0,0.0
feature.Seral.CWHvm_FDC_HW_M.mature,0,0,10,0.0,10000.0,1.0,1.0,10.95300006866455,0.0,0.0
feature.Seral.CWHvm_FDC_HW_M.mature,1,10,10,0.0,10000.0,1.0,1.0,22.94099998474121,0.0,0.0
feature.Seral.CWHvm_FDC_HW_M.mature,2,20,10,0.0,10000.0,1.0,1.0,22.94099998474121,0.0,0.0
feature.Seral.CWHvm_FDC_HW_M.mature,3,30,10,0.0,10000.0,1.0,1.0,67.68000030517578,0.0,0.0
feature.Seral.CWHvm_FDC_HW_M.mature,4,40,10,0.0,10000.0,1.0,1.0,157.12100219726562,0.0,0.0
feature.Seral.CWHvm_FDC_HW_M.mature,5,50,10,0.0,10000.0,1.0,1.0,157.12100219726562,0.0,0.0
feature.Seral.CWHvm_FDC_HW_M.mature,6,60,10,0.0,10000.0,1.0,1.0,157.12100219726562,0.0,0.0
feature.Seral.CWHvm_FDC_HW_M.mature,7,70,10,0.0,10000.0,1.0,1.0,157.12100219726562,0.0,0.0
feature.Seral.CWHvm_FDC_HW_M.mature,8,80,10,0.0,10000.0,1.0,1.0,157.12100219726562,0.0,0.0
feature.Seral.CWHvm_FDC_HW_M.mature,9,90,10,0.0,10000.0,1.0,1.0,157.12100219726562,0.0,0.0
feature.Seral.CWHvm_FDC_HW_M.mature,10,100,10,0.0,10000.0,1.0,1.0,154.95199584960938,0.0,0.0
feature.Seral.CWHvm_FDC_HW_M.mature,11,110,10,0.0,10000.0,1.0,1.0,154.95199584960938,0.0,0.0
feature.Seral.CWHvm_FDC_HW_M.mature,12,120,10,0.0,10000.0,1.0,1.0,154.95199584960938,0.0,0.0
feature.Seral.CWHvm_FDC_HW_M.mature,13,130,10,0.0,10000.0,1.0,1.0,142.96400451660156,0.0,0.0
feature.Seral.CWHvm_FDC_HW_M.mature,14,140,10,0.0,10000.0,1.0,1.0,142.96400451660156,0.0,0.0
feature.Seral.CWHvm_FDC_HW_M.mature,15,150,10,0.0,10000.0,1.0,1.0,92.7239990234375,0.0,0.0
feature.Seral.CWHvm_FDC_HW_M.mature,16,160,10,0.0,10000.0,1.0,1.0,0.0,0.0,0.0
feature.Seral.CWHvm_FDC_HW_M.mature,17,170,10,0.0,10000.0,1.0,1.0,0.0,0.0,0.0
feature.Seral.CWHvm_FDC_HW_M.mature,18,180,10,0.0,10000.0,1.0,1.0,0.0,0.0,0.0
feature.Seral.CWHvm_FDC_HW_M.mature,19,190,10,0.0,10000.0,1.0,1.0,0.0,0.0,0.0
feature.Seral.CWHvm_FDC_HW_M.mature,20,200,10,0.0,10000.0,1.0,1.0,0.0,0.0,0.0
feature.Seral.CWHvm_FDC_HW_M.mature,21,210,10,0.0,10000.0,1.0,1.0,0.0,0.0,0.0
feature.Seral.CWHvm_FDC_HW_M.mature,22,220,10,0.0,10000.0,1.0,1.0,0.0,0.0,0.0
feature.Seral.CWHvm_FDC_HW_M.mature,23,230,10,0.0,10000.0,1.0,1.0,0.0,0.0,0.0
feature.Seral.CWHvm_FDC_HW_M.mature,24,240,10,0.0,10000.0,1.0,1.0,0.0,0.0,0.0
feature.Seral.CWHvm_FDC_HW_M.mature,25,250,10,0.0,10000.0,1.0,1.0,0.0,0.0,0.0
feature.Seral.CWHvm_FDC_HW_M.mature,26,260,10,0.0,10000.0,1.0,1.0,0.0,0.0,0.0
feature.Seral.CWHvm_FDC_HW_M.mature,27,270,10,0.0,10000.0,1.0,1.0,0.0,0.0,0.0
feature.Seral.CWHvm_FDC_HW_M.mature,28,280,10,0.0,10000.0,1.0,1.0,0.0,0.0,0.0
feature.Seral.CWHvm_FDC_HW_M.mature,29,290,10,0.0,10000.0,1.0,1.0,0.0,0.0,0.0
feature.Seral.CWHvm_FDC_HW_M.mature,30,300,10,0.0,10000.0,1.0,1.0,0.0,0.0,0.0
feature.Seral.CWHvm_FDC_HW_M.overmature,0,0,10,0.0,10000.0,1.0,1.0,0.0,0.0,0.0
feature.Seral.CWHvm_FDC_HW_M.overmature,1,10,10,0.0,10000.0,1.0,1.0,0.0,0.0,0.0
feature.Seral.CWHvm_FDC_HW_M.overmature,2,20,10,0.0,10000.0,1.0,1.0,0.0,0.0,0.0
feature.Seral.CWHvm_FDC_HW_M.overmature,3,30,10,0.0,10000.0,1.0,1.0,0.0,0.0,0.0
feature.Seral.CWHvm_FDC_HW_M.overmature,4,40,10,0.0,10000.0,1.0,1.0,0.0,0.0,0.0
feature.Seral.CWHvm_FDC_HW_M.overmature,5,50,10,0.0,10000.0,1.0,1.0,0.0,0.0,0.0
feature.Seral.CWHvm_FDC_HW_M.overmature,6,60,10,0.0,10000.0,1.0,1.0,0.0,0.0,0.0
feature.Seral.CWHvm_FDC_HW_M.overmature,7,70,10,0.0,10000.0,1.0,1.0,0.0,0.0,0.0
feature.Seral.CWHvm_FDC_HW_M.overmature,8,80,10,0.0,10000.0,1.0,1.0,0.0,0.0,0.0
feature.Seral.CWHvm_FDC_HW_M.overmature,9,90,10,0.0,10000.0,1.0,1.0,0.0,0.0,0.0
feature.Seral.CWHvm_FDC_HW_M.overmature,10,100,10,0.0,10000.0,1.0,1.0,2.1689999103546143,0.0,0.0
feature.Seral.CWHvm_FDC_HW_M.overmature,11,110,10,0.0,10000.0,1.0,1.0,2.1689999103546143,0.0,0.0
feature.Seral.CWHvm_FDC_HW_M.overmature,12,120,10,0.0,10000.0,1.0,1.0,2.1689999103546143,0.0,0.0
feature.Seral.CWHvm_FDC_HW_M.overmature,13,130,10,0.0,10000.0,1.0,1.0,14.156999588012695,0.0,0.0
feature.Seral.CWHvm_FDC_HW_M.overmature,14,140,10,0.0,10000.0,1.0,1.0,14.156999588012695,0.0,0.0
feature.Seral.CWHvm_FDC_HW_M.overmature,15,150,10,0.0,10000.0,1.0,1.0,64.39700317382812,0.0,0.0
feature.Seral.CWHvm_FDC_HW_M.overmature,16,160,10,0.0,10000.0,1.0,1.0,157.12100219726562,0.0,0.0
feature.Seral.CWHvm_FDC_HW_M.overmature,17,170,10,0.0,10000.0,1.0,1.0,157.12100219726562,0.0,0.0
feature.Seral.CWHvm_FDC_HW_M.overmature,18,180,10,0.0,10000.0,1.0,1.0,157.12100219726562,0.0,0.0
feature.Seral.CWHvm_FDC_HW_M.overmature,19,190,10,0.0,10000.0,1.0,1.0,157.12100219726562,0.0,0.0
feature.Seral.CWHvm_FDC_HW_M.overmature,20,200,10,0.0,10000.0,1.0,1.0,157.12100219726562,0.0,0.0
feature.Seral.CWHvm_FDC_HW_M.overmature,21,210,10,0.0,10000.0,1.0,1.0,157.12100219726562,0.0,0.0
feature.Seral.CWHvm_FDC_HW_M.overmature,22,220,10,0.0,10000.0,1.0,1.0,157.12100219726562,0.0,0.0
feature.Seral.CWHvm_FDC_HW_M.overmature,23,230,10,0.0,10000.0,1.0,1.0,157.12100219726562,0.0,0.0
feature.Seral.CWHvm_FDC_HW_M.overmature,24,240,10,0.0,10000.0,1.0,1.0,157.12100219726562,0.0,0.0
feature.Seral.CWHvm_FDC_HW_M.overmature,25,250,10,0.0,10000.0,1.0,1.0,157.12100219726562,0.0,0.0
feature.Seral.CWHvm_FDC_HW_M.overmature,26,260,10,0.0,10000.0,1.0,1.0,157.12100219726562,0.0,0.0
feature.Seral.CWHvm_FDC_HW_M.overmature,27,270,10,0.0,10000.0,1.0,1.0,157.12100219726562,0.0,0.0
feature.Seral.CWHvm_FDC_HW_M.overmature,28,280,10,0.0,10000.0,1.0,1.0,157.12100219726562,0.0,0.0
feature.Seral.CWHvm_FDC_HW_M.overmature,29,290,10,0.0,10000.0,1.0,1.0,157.12100219726562,0.0,0.0
feature.Seral.CWHvm_FDC_HW_M.overmature,30,300,10,0.0,10000.0,1.0,1.0,157.12100219726562,0.0,0.0
feature.Seral.CWHvm_FDC_HW_M.regenerating,0,0,10,0.0,10000.0,1.0,1.0,0.0,0.0,0.0
feature.Seral.CWHvm_FDC_HW_M.regenerating,1,10,10,0.0,10000.0,1.0,1.0,0.0,0.0,0.0
feature.Seral.CWHvm_FDC_HW_M.regenerating,2,20,10,0.0,10000.0,1.0,1.0,0.0,0.0,0.0
feature.Seral.CWHvm_FDC_HW_M.regenerating,3,30,10,0.0,10000.0,1.0,1.0,8.956999778747559,0.0,0.0
feature.Seral.CWHvm_FDC_HW_M.regenerating,4,40,10,0.0,10000.0,1.0,1.0,3.2829999923706055,0.0,0.0
feature.Seral.CWHvm_FDC_HW_M.regenerating,5,50,10,0.0,10000.0,1.0,1.0,0.0,0.0,0.0
feature.Seral.CWHvm_FDC_HW_M.regenerating,6,60,10,0.0,10000.0,1.0,1.0,0.0,0.0,0.0
feature.Seral.CWHvm_FDC_HW_M.regenerating,7,70,10,0.0,10000.0,1.0,1.0,0.0,0.0,0.0
feature.Seral.CWHvm_FDC_HW_M.regenerating,8,80,10,0.0,10000.0,1.0,1.0,0.0,0.0,0.0
feature.Seral.CWHvm_FDC_HW_M.regenerating,9,90,10,0.0,10000.0,1.0,1.0,0.0,0.0,0.0
feature.Seral.CWHvm_FDC_HW_M.regenerating,10,100,10,0.0,10000.0,1.0,1.0,8.784000396728516,0.0,0.0
feature.Seral.CWHvm_FDC_HW_M.regenerating,11,110,10,0.0,10000.0,1.0,1.0,8.956999778747559,0.0,0.0
feature.Seral.CWHvm_FDC_HW_M.regenerating,12,120,10,0.0,10000.0,1.0,1.0,3.2829999923706055,0.0,0.0
feature.Seral.CWHvm_FDC_HW_M.regenerating,13,130,10,0.0,10000.0,1.0,1.0,0.0,0.0,0.0
feature.Seral.CWHvm_FDC_HW_M.regenerating,14,140,10,0.0,10000.0,1.0,1.0,0.0,0.0,0.0
feature.Seral.CWHvm_FDC_HW_M.regenerating,15,150,10,0.0,10000.0,1.0,1.0,0.0,0.0,0.0
feature.Seral.CWHvm_FDC_HW_M.regenerating,16,160,10,0.0,10000.0,1.0,1.0,0.0,0.0,0.0
feature.Seral.CWHvm_FDC_HW_M.regenerating,17,170,10,0.0,10000.0,1.0,1.0,0.0,0.0,0.0
feature.Seral.CWHvm_FDC_HW_M.regenerating,18,180,10,0.0,10000.0,1.0,1.0,8.784000396728516,0.0,0.0
feature.Seral.CWHvm_FDC_HW_M.regenerating,19,190,10,0.0,10000.0,1.0,1.0,8.956999778747559,0.0,0.0
feature.Seral.CWHvm_FDC_HW_M.regenerating,20,200,10,0.0,10000.0,1.0,1.0,3.2829999923706055,0.0,0.0
feature.Seral.CWHvm_FDC_HW_M.regenerating,21,210,10,0.0,10000.0,1.0,1.0,0.0,0.0,0.0
feature.Seral.CWHvm_FDC_HW_M.regenerating,22,220,10,0.0,10000.0,1.0,1.0,0.0,0.0,0.0
feature.Seral.CWHvm_FDC_HW_M.regenerating,23,230,10,0.0,10000.0,1.0,1.0,11.47700023651123,0.0,0.0
feature.Seral.CWHvm_FDC_HW_M.regenerating,24,240,10,0.0,10000.0,1.0,1.0,0.0,0.0,0.0
feature.Seral.CWHvm_FDC_HW_M.regenerating,25,250,10,0.0,10000.0,1.0,1.0,0.0,0.0,0.0
feature.Seral.CWHvm_FDC_HW_M.regenerating,26,260,10,0.0,10000.0,1.0,1.0,8.956999778747559,0.0,0.0
feature.Seral.CWHvm_FDC_HW_M.regenerating,27,270,10,0.0,10000.0,1.0,1.0,8.784000396728516,0.0,0.0
feature.Seral.CWHvm_FDC_HW_M.regenerating,28,280,10,0.0,10000.0,1.0,1.0,3.2829999923706055,0.0,0.0
feature.Seral.CWHvm_FDC_HW_M.regenerating,29,290,10,0.0,10000.0,1.0,1.0,11.47700023651123,0.0,0.0
feature.Seral.CWHvm_FDC_HW_M.regenerating,30,300,10,0.0,10000.0,1.0,1.0,0.0,0.0,0.0
feature.Seral.CWHvm_FDC_HW_M.young,0,0,10,0.0,10000.0,1.0,1.0,0.0,0.0,0.0
feature.Seral.CWHvm_FDC_HW_M.young,1,10,10,0.0,10000.0,1.0,1.0,0.0,0.0,0.0
feature.Seral.CWHvm_FDC_HW_M.young,2,20,10,0.0,10000.0,1.0,1.0,11.47700023651123,0.0,0.0
feature.Seral.CWHvm_FDC_HW_M.young,3,30,10,0.0,10000.0,1.0,1.0,20.26099967956543,0.0,0.0
feature.Seral.CWHvm_FDC_HW_M.young,4,40,10,0.0,10000.0,1.0,1.0,17.740999221801758,0.0,0.0
feature.Seral.CWHvm_FDC_HW_M.young,5,50,10,0.0,10000.0,1.0,1.0,12.239999771118164,0.0,0.0
feature.Seral.CWHvm_FDC_HW_M.young,6,60,10,0.0,10000.0,1.0,1.0,3.2829999923706055,0.0,0.0
feature.Seral.CWHvm_FDC_HW_M.young,7,70,10,0.0,10000.0,1.0,1.0,0.0,0.0,0.0
feature.Seral.CWHvm_FDC_HW_M.young,8,80,10,0.0,10000.0,1.0,1.0,0.0,0.0,0.0
feature.Seral.CWHvm_FDC_HW_M.young,9,90,10,0.0,10000.0,1.0,1.0,11.47700023651123,0.0,0.0
feature.Seral.CWHvm_FDC_HW_M.young,10,100,10,0.0,10000.0,1.0,1.0,11.47700023651123,0.0,0.0
feature.Seral.CWHvm_FDC_HW_M.young,11,110,10,0.0,10000.0,1.0,1.0,8.784000396728516,0.0,0.0
feature.Seral.CWHvm_FDC_HW_M.young,12,120,10,0.0,10000.0,1.0,1.0,17.740999221801758,0.0,0.0
feature.Seral.CWHvm_FDC_HW_M.young,13,130,10,0.0,10000.0,1.0,1.0,12.239999771118164,0.0,0.0
feature.Seral.CWHvm_FDC_HW_M.young,14,140,10,0.0,10000.0,1.0,1.0,3.2829999923706055,0.0,0.0
feature.Seral.CWHvm_FDC_HW_M.young,15,150,10,0.0,10000.0,1.0,1.0,0.0,0.0,0.0
feature.Seral.CWHvm_FDC_HW_M.young,16,160,10,0.0,10000.0,1.0,1.0,11.47700023651123,0.0,0.0
feature.Seral.CWHvm_FDC_HW_M.young,17,170,10,0.0,10000.0,1.0,1.0,11.47700023651123,0.0,0.0
feature.Seral.CWHvm_FDC_HW_M.young,18,180,10,0.0,10000.0,1.0,1.0,0.0,0.0,0.0
feature.Seral.CWHvm_FDC_HW_M.young,19,190,10,0.0,10000.0,1.0,1.0,8.784000396728516,0.0,0.0
feature.Seral.CWHvm_FDC_HW_M.young,20,200,10,0.0,10000.0,1.0,1.0,17.740999221801758,0.0,0.0
feature.Seral.CWHvm_FDC_HW_M.young,21,210,10,0.0,10000.0,1.0,1.0,12.239999771118164,0.0,0.0
feature.Seral.CWHvm_FDC_HW_M.young,22,220,10,0.0,10000.0,1.0,1.0,3.2829999923706055,0.0,0.0
feature.Seral.CWHvm_FDC_HW_M.young,23,230,10,0.0,10000.0,1.0,1.0,0.0,0.0,0.0
feature.Seral.CWHvm_FDC_HW_M.young,24,240,10,0.0,10000.0,1.0,1.0,11.47700023651123,0.0,0.0
feature.Seral.CWHvm_FDC_HW_M.young,25,250,10,0.0,10000.0,1.0,1.0,11.47700023651123,0.0,0.0
feature.Seral.CWHvm_FDC_HW_M.young,26,260,10,0.0,10000.0,1.0,1.0,0.0,0.0,0.0
feature.Seral.CWHvm_FDC_HW_M.young,27,270,10,0.0,10000.0,1.0,1.0,8.956999778747559,0.0,0.0
feature.Seral.CWHvm_FDC_HW_M.young,28,280,10,0.0,10000.0,1.0,1.0,17.740999221801758,0.0,0.0
feature.Seral.CWHvm_FDC_HW_M.young,29,290,10,0.0,10000.0,1.0,1.0,12.067000389099121,0.0,0.0
feature.Seral.CWHvm_FDC_HW_M.young,30,300,10,0.0,10000.0,1.0,1.0,14.760000228881836,0.0,0.0
feature.Seral.CWHvm_HW_BA_M.immature,0,0,10,0.0,10000.0,1.0,1.0,0.0,0.0,0.0
feature.Seral.CWHvm_HW_BA_M.immature,1,10,10,0.0,10000.0,1.0,1.0,0.0,0.0,0.0
feature.Seral.CWHvm_HW_BA_M.immature,2,20,10,0.0,10000.0,1.0,1.0,0.0,0.0,0.0
feature.Seral.CWHvm_HW_BA_M.immature,3,30,10,0.0,10000.0,1.0,1.0,9.447999954223633,0.0,0.0
feature.Seral.CWHvm_HW_BA_M.immature,4,40,10,0.0,10000.0,1.0,1.0,9.447999954223633,0.0,0.0
feature.Seral.CWHvm_HW_BA_M.immature,5,50,10,0.0,10000.0,1.0,1.0,9.447999954223633,0.0,0.0
feature.Seral.CWHvm_HW_BA_M.immature,6,60,10,0.0,10000.0,1.0,1.0,9.447999954223633,0.0,0.0
feature.Seral.CWHvm_HW_BA_M.immature,7,70,10,0.0,10000.0,1.0,1.0,9.447999954223633,0.0,0.0
feature.Seral.CWHvm_HW_BA_M.immature,8,80,10,0.0,10000.0,1.0,1.0,9.447999954223633,0.0,0.0
feature.Seral.CWHvm_HW_BA_M.immature,9,90,10,0.0,10000.0,1.0,1.0,9.447999954223633,0.0,0.0
feature.Seral.CWHvm_HW_BA_M.immature,10,100,10,0.0,10000.0,1.0,1.0,4.1539998054504395,0.0,0.0
feature.Seral.CWHvm_HW_BA_M.immature,11,110,10,0.0,10000.0,1.0,1.0,0.0,0.0,0.0
feature.Seral.CWHvm_HW_BA_M.immature,12,120,10,0.0,10000.0,1.0,1.0,2.2660000324249268,0.0,0.0
feature.Seral.CWHvm_HW_BA_M.immature,13,130,10,0.0,10000.0,1.0,1.0,9.447999954223633,0.0,0.0
feature.Seral.CWHvm_HW_BA_M.immature,14,140,10,0.0,10000.0,1.0,1.0,9.447999954223633,0.0,0.0
feature.Seral.CWHvm_HW_BA_M.immature,15,150,10,0.0,10000.0,1.0,1.0,9.447999954223633,0.0,0.0
feature.Seral.CWHvm_HW_BA_M.immature,16,160,10,0.0,10000.0,1.0,1.0,9.447999954223633,0.0,0.0
feature.Seral.CWHvm_HW_BA_M.immature,17,170,10,0.0,10000.0,1.0,1.0,9.447999954223633,0.0,0.0
feature.Seral.CWHvm_HW_BA_M.immature,18,180,10,0.0,10000.0,1.0,1.0,7.182000160217285,0.0,0.0
feature.Seral.CWHvm_HW_BA_M.immature,19,190,10,0.0,10000.0,1.0,1.0,7.182000160217285,0.0,0.0
feature.Seral.CWHvm_HW_BA_M.immature,20,200,10,0.0,10000.0,1.0,1.0,4.1539998054504395,0.0,0.0
feature.Seral.CWHvm_HW_BA_M.immature,21,210,10,0.0,10000.0,1.0,1.0,2.2660000324249268,0.0,0.0
feature.Seral.CWHvm_HW_BA_M.immature,22,220,10,0.0,10000.0,1.0,1.0,2.2660000324249268,0.0,0.0
feature.Seral.CWHvm_HW_BA_M.immature,23,230,10,0.0,10000.0,1.0,1.0,9.447999954223633,0.0,0.0
feature.Seral.CWHvm_HW_BA_M.immature,24,240,10,0.0,10000.0,1.0,1.0,9.447999954223633,0.0,0.0
feature.Seral.CWHvm_HW_BA_M.immature,25,250,10,0.0,10000.0,1.0,1.0,9.447999954223633,0.0,0.0
feature.Seral.CWHvm_HW_BA_M.immature,26,260,10,0.0,10000.0,1.0,1.0,9.447999954223633,0.0,0.0
feature.Seral.CWHvm_HW_BA_M.immature,27,270,10,0.0,10000.0,1.0,1.0,7.182000160217285,0.0,0.0
feature.Seral.CWHvm_HW_BA_M.immature,28,280,10,0.0,10000.0,1.0,1.0,7.182000160217285,0.0,0.0
feature.Seral.CWHvm_HW_BA_M.immature,29,290,10,0.0,10000.0,1.0,1.0,4.1539998054504395,0.0,0.0
feature.Seral.CWHvm_HW_BA_M.immature,30,300,10,0.0,10000.0,1.0,1.0,2.2660000324249268,0.0,0.0
feature.Seral.CWHvm_HW_BA_M.mature,0,0,10,0.0,10000.0,1.0,1.0,22.624000549316406,0.0,0.0
feature.Seral.CWHvm_HW_BA_M.mature,1,10,10,0.0,10000.0,1.0,1.0,18.469999313354492,0.0,0.0
feature.Seral.CWHvm_HW_BA_M.mature,2,20,10,0.0,10000.0,1.0,1.0,18.469999313354492,0.0,0.0
feature.Seral.CWHvm_HW_BA_M.mature,3,30,10,0.0,10000.0,1.0,1.0,18.469999313354492,0.0,0.0
feature.Seral.CWHvm_HW_BA_M.mature,4,40,10,0.0,10000.0,1.0,1.0,18.469999313354492,0.0,0.0
feature.Seral.CWHvm_HW_BA_M.mature,5,50,10,0.0,10000.0,1.0,1.0,18.469999313354492,0.0,0.0
feature.Seral.CWHvm_HW_BA_M.mature,6,60,10,0.0,10000.0,1.0,1.0,18.469999313354492,0.0,0.0
feature.Seral.CWHvm_HW_BA_M.mature,7,70,10,0.0,10000.0,1.0,1.0,18.469999313354492,0.0,0.0
feature.Seral.CWHvm_HW_BA_M.mature,8,80,10,0.0,10000.0,1.0,1.0,18.173999786376953,0.0,0.0
feature.Seral.CWHvm_HW_BA_M.mature,9,90,10,0.0,10000.0,1.0,1.0,18.173999786376953,0.0,0.0
feature.Seral.CWHvm_HW_BA_M.mature,10,100,10,0.0,10000.0,1.0,1.0,0.0,0.0,0.0
feature.Seral.CWHvm_HW_BA_M.mature,11,110,10,0.0,10000.0,1.0,1.0,0.0,0.0,0.0
feature.Seral.CWHvm_HW_BA_M.mature,12,120,10,0.0,10000.0,1.0,1.0,0.0,0.0,0.0
feature.Seral.CWHvm_HW_BA_M.mature,13,130,10,0.0,10000.0,1.0,1.0,0.0,0.0,0.0
feature.Seral.CWHvm_HW_BA_M.mature,14,140,10,0.0,10000.0,1.0,1.0,0.0,0.0,0.0
feature.Seral.CWHvm_HW_BA_M.mature,15,150,10,0.0,10000.0,1.0,1.0,0.0,0.0,0.0
feature.Seral.CWHvm_HW_BA_M.mature,16,160,10,0.0,10000.0,1.0,1.0,0.0,0.0,0.0
feature.Seral.CWHvm_HW_BA_M.mature,17,170,10,0.0,10000.0,1.0,1.0,0.0,0.0,0.0
feature.Seral.CWHvm_HW_BA_M.mature,18,180,10,0.0,10000.0,1.0,1.0,0.0,0.0,0.0
feature.Seral.CWHvm_HW_BA_M.mature,19,190,10,0.0,10000.0,1.0,1.0,0.0,0.0,0.0
feature.Seral.CWHvm_HW_BA_M.mature,20,200,10,0.0,10000.0,1.0,1.0,0.0,0.0,0.0
feature.Seral.CWHvm_HW_BA_M.mature,21,210,10,0.0,10000.0,1.0,1.0,0.0,0.0,0.0
feature.Seral.CWHvm_HW_BA_M.mature,22,220,10,0.0,10000.0,1.0,1.0,0.0,0.0,0.0
feature.Seral.CWHvm_HW_BA_M.mature,23,230,10,0.0,10000.0,1.0,1.0,0.0,0.0,0.0
feature.Seral.CWHvm_HW_BA_M.mature,24,240,10,0.0,10000.0,1.0,1.0,0.0,0.0,0.0
feature.Seral.CWHvm_HW_BA_M.mature,25,250,10,0.0,10000.0,1.0,1.0,0.0,0.0,0.0
feature.Seral.CWHvm_HW_BA_M.mature,26,260,10,0.0,10000.0,1.0,1.0,0.0,0.0,0.0
feature.Seral.CWHvm_HW_BA_M.mature,27,270,10,0.0,10000.0,1.0,1.0,0.0,0.0,0.0
feature.Seral.CWHvm_HW_BA_M.mature,28,280,10,0.0,10000.0,1.0,1.0,0.0,0.0,0.0
feature.Seral.CWHvm_HW_BA_M.mature,29,290,10,0.0,10000.0,1.0,1.0,0.0,0.0,0.0
feature.Seral.CWHvm_HW_BA_M.mature,30,300,10,0.0,10000.0,1.0,1.0,0.0,0.0,0.0
feature.Seral.CWHvm_HW_BA_M.overmature,0,0,10,0.0,10000.0,1.0,1.0,5.691999912261963,0.0,0.0
feature.Seral.CWHvm_HW_BA_M.overmature,1,10,10,0.0,10000.0,1.0,1.0,0.39800000190734863,0.0,0.0
feature.Seral.CWHvm_HW_BA_M.overmature,2,20,10,0.0,10000.0,1.0,1.0,0.39800000190734863,0.0,0.0
feature.Seral.CWHvm_HW_BA_M.overmature,3,30,10,0.0,10000.0,1.0,1.0,0.39800000190734863,0.0,0.0
feature.Seral.CWHvm_HW_BA_M.overmature,4,40,10,0.0,10000.0,1.0,1.0,0.39800000190734863,0.0,0.0
feature.Seral.CWHvm_HW_BA_M.overmature,5,50,10,0.0,10000.0,1.0,1.0,0.39800000190734863,0.0,0.0
feature.Seral.CWHvm_HW_BA_M.overmature,6,60,10,0.0,10000.0,1.0,1.0,0.39800000190734863,0.0,0.0
feature.Seral.CWHvm_HW_BA_M.overmature,7,70,10,0.0,10000.0,1.0,1.0,0.39800000190734863,0.0,0.0
feature.Seral.CWHvm_HW_BA_M.overmature,8,80,10,0.0,10000.0,1.0,1.0,0.6940000057220459,0.0,0.0
feature.Seral.CWHvm_HW_BA_M.overmature,9,90,10,0.0,10000.0,1.0,1.0,0.6940000057220459,0.0,0.0
feature.Seral.CWHvm_HW_BA_M.overmature,10,100,10,0.0,10000.0,1.0,1.0,18.868000030517578,0.0,0.0
feature.Seral.CWHvm_HW_BA_M.overmature,11,110,10,0.0,10000.0,1.0,1.0,18.868000030517578,0.0,0.0
feature.Seral.CWHvm_HW_BA_M.overmature,12,120,10,0.0,10000.0,1.0,1.0,18.868000030517578,0.0,0.0
feature.Seral.CWHvm_HW_BA_M.overmature,13,130,10,0.0,10000.0,1.0,1.0,18.868000030517578,0.0,0.0
feature.Seral.CWHvm_HW_BA_M.overmature,14,140,10,0.0,10000.0,1.0,1.0,18.868000030517578,0.0,0.0
feature.Seral.CWHvm_HW_BA_M.overmature,15,150,10,0.0,10000.0,1.0,1.0,18.868000030517578,0.0,0.0
feature.Seral.CWHvm_HW_BA_M.overmature,16,160,10,0.0,10000.0,1.0,1.0,18.868000030517578,0.0,0.0
feature.Seral.CWHvm_HW_BA_M.overmature,17,170,10,0.0,10000.0,1.0,1.0,18.868000030517578,0.0,0.0
feature.Seral.CWHvm_HW_BA_M.overmature,18,180,10,0.0,10000.0,1.0,1.0,18.868000030517578,0.0,0.0
feature.Seral.CWHvm_HW_BA_M.overmature,19,190,10,0.0,10000.0,1.0,1.0,18.868000030517578,0.0,0.0
feature.Seral.CWHvm_HW_BA_M.overmature,20,200,10,0.0,10000.0,1.0,1.0,18.868000030517578,0.0,0.0
feature.Seral.CWHvm_HW_BA_M.overmature,21,210,10,0.0,10000.0,1.0,1.0,18.868000030517578,0.0,0.0
feature.Seral.CWHvm_HW_BA_M.overmature,22,220,10,0.0,10000.0,1.0,1.0,18.868000030517578,0.0,0.0
feature.Seral.CWHvm_HW_BA_M.overmature,23,230,10,0.0,10000.0,1.0,1.0,18.868000030517578,0.0,0.0
feature.Seral.CWHvm_HW_BA_M.overmature,24,240,10,0.0,10000.0,1.0,1.0,18.868000030517578,0.0,0.0
feature.Seral.CWHvm_HW_BA_M.overmature,25,250,10,0.0,10000.0,1.0,1.0,18.868000030517578,0.0,0.0
feature.Seral.CWHvm_HW_BA_M.overmature,26,260,10,0.0,10000.0,1.0,1.0,18.868000030517578,0.0,0.0
feature.Seral.CWHvm_HW_BA_M.overmature,27,270,10,0.0,10000.0,1.0,1.0,18.868000030517578,0.0,0.0
feature.Seral.CWHvm_HW_BA_M.overmature,28,280,10,0.0,10000.0,1.0,1.0,18.868000030517578,0.0,0.0
feature.Seral.CWHvm_HW_BA_M.overmature,29,290,10,0.0,10000.0,1.0,1.0,18.868000030517578,0.0,0.0
feature.Seral.CWHvm_HW_BA_M.overmature,30,300,10,0.0,10000.0,1.0,1.0,18.868000030517578,0.0,0.0
feature.Seral.CWHvm_HW_BA_M.regenerating,0,0,10,0.0,10000.0,1.0,1.0,0.0,0.0,0.0
feature.Seral.CWHvm_HW_BA_M.regenerating,1,10,10,0.0,10000.0,1.0,1.0,0.0,0.0,0.0
feature.Seral.CWHvm_HW_BA_M.regenerating,2,20,10,0.0,10000.0,1.0,1.0,0.0,0.0,0.0
feature.Seral.CWHvm_HW_BA_M.regenerating,3,30,10,0.0,10000.0,1.0,1.0,0.0,0.0,0.0
feature.Seral.CWHvm_HW_BA_M.regenerating,4,40,10,0.0,10000.0,1.0,1.0,0.0,0.0,0.0
feature.Seral.CWHvm_HW_BA_M.regenerating,5,50,10,0.0,10000.0,1.0,1.0,0.0,0.0,0.0
feature.Seral.CWHvm_HW_BA_M.regenerating,6,60,10,0.0,10000.0,1.0,1.0,0.0,0.0,0.0
feature.Seral.CWHvm_HW_BA_M.regenerating,7,70,10,0.0,10000.0,1.0,1.0,0.0,0.0,0.0
feature.Seral.CWHvm_HW_BA_M.regenerating,8,80,10,0.0,10000.0,1.0,1.0,0.0,0.0,0.0
feature.Seral.CWHvm_HW_BA_M.regenerating,9,90,10,0.0,10000.0,1.0,1.0,0.0,0.0,0.0
feature.Seral.CWHvm_HW_BA_M.regenerating,10,100,10,0.0,10000.0,1.0,1.0,3.0280001163482666,0.0,0.0
feature.Seral.CWHvm_HW_BA_M.regenerating,11,110,10,0.0,10000.0,1.0,1.0,0.0,0.0,0.0
feature.Seral.CWHvm_HW_BA_M.regenerating,12,120,10,0.0,10000.0,1.0,1.0,0.0,0.0,0.0
feature.Seral.CWHvm_HW_BA_M.regenerating,13,130,10,0.0,10000.0,1.0,1.0,0.0,0.0,0.0
feature.Seral.CWHvm_HW_BA_M.regenerating,14,140,10,0.0,10000.0,1.0,1.0,0.0,0.0,0.0
feature.Seral.CWHvm_HW_BA_M.regenerating,15,150,10,0.0,10000.0,1.0,1.0,0.0,0.0,0.0
feature.Seral.CWHvm_HW_BA_M.regenerating,16,160,10,0.0,10000.0,1.0,1.0,0.0,0.0,0.0
feature.Seral.CWHvm_HW_BA_M.regenerating,17,170,10,0.0,10000.0,1.0,1.0,0.0,0.0,0.0
feature.Seral.CWHvm_HW_BA_M.regenerating,18,180,10,0.0,10000.0,1.0,1.0,2.2660000324249268,0.0,0.0
feature.Seral.CWHvm_HW_BA_M.regenerating,19,190,10,0.0,10000.0,1.0,1.0,0.0,0.0,0.0
feature.Seral.CWHvm_HW_BA_M.regenerating,20,200,10,0.0,10000.0,1.0,1.0,3.0280001163482666,0.0,0.0
feature.Seral.CWHvm_HW_BA_M.regenerating,21,210,10,0.0,10000.0,1.0,1.0,0.0,0.0,0.0
feature.Seral.CWHvm_HW_BA_M.regenerating,22,220,10,0.0,10000.0,1.0,1.0,0.0,0.0,0.0
feature.Seral.CWHvm_HW_BA_M.regenerating,23,230,10,0.0,10000.0,1.0,1.0,0.0,0.0,0.0
feature.Seral.CWHvm_HW_BA_M.regenerating,24,240,10,0.0,10000.0,1.0,1.0,0.0,0.0,0.0
feature.Seral.CWHvm_HW_BA_M.regenerating,25,250,10,0.0,10000.0,1.0,1.0,0.0,0.0,0.0
feature.Seral.CWHvm_HW_BA_M.regenerating,26,260,10,0.0,10000.0,1.0,1.0,0.0,0.0,0.0
feature.Seral.CWHvm_HW_BA_M.regenerating,27,270,10,0.0,10000.0,1.0,1.0,2.2660000324249268,0.0,0.0
feature.Seral.CWHvm_HW_BA_M.regenerating,28,280,10,0.0,10000.0,1.0,1.0,0.0,0.0,0.0
feature.Seral.CWHvm_HW_BA_M.regenerating,29,290,10,0.0,10000.0,1.0,1.0,3.0280001163482666,0.0,0.0
feature.Seral.CWHvm_HW_BA_M.regenerating,30,300,10,0.0,10000.0,1.0,1.0,4.1539998054504395,0.0,0.0
feature.Seral.CWHvm_HW_BA_M.young,0,0,10,0.0,10000.0,1.0,1.0,0.0,0.0,0.0
feature.Seral.CWHvm_HW_BA_M.young,1,10,10,0.0,10000.0,1.0,1.0,9.447999954223633,0.0,0.0
feature.Seral.CWHvm_HW_BA_M.young,2,20,10,0.0,10000.0,1.0,1.0,9.447999954223633,0.0,0.0
feature.Seral.CWHvm_HW_BA_M.young,3,30,10,0.0,10000.0,1.0,1.0,0.0,0.0,0.0
feature.Seral.CWHvm_HW_BA_M.young,4,40,10,0.0,10000.0,1.0,1.0,0.0,0.0,0.0
feature.Seral.CWHvm_HW_BA_M.young,5,50,10,0.0,10000.0,1.0,1.0,0.0,0.0,0.0
feature.Seral.CWHvm_HW_BA_M.young,6,60,10,0.0,10000.0,1.0,1.0,0.0,0.0,0.0
feature.Seral.CWHvm_HW_BA_M.young,7,70,10,0.0,10000.0,1.0,1.0,0.0,0.0,0.0
feature.Seral.CWHvm_HW_BA_M.young,8,80,10,0.0,10000.0,1.0,1.0,0.0,0.0,0.0
feature.Seral.CWHvm_HW_BA_M.young,9,90,10,0.0,10000.0,1.0,1.0,0.0,0.0,0.0
feature.Seral.CWHvm_HW_BA_M.young,10,100,10,0.0,10000.0,1.0,1.0,2.2660000324249268,0.0,0.0
feature.Seral.CWHvm_HW_BA_M.young,11,110,10,0.0,10000.0,1.0,1.0,9.447999954223633,0.0,0.0
feature.Seral.CWHvm_HW_BA_M.young,12,120,10,0.0,10000.0,1.0,1.0,7.182000160217285,0.0,0.0
feature.Seral.CWHvm_HW_BA_M.young,13,130,10,0.0,10000.0,1.0,1.0,0.0,0.0,0.0
feature.Seral.CWHvm_HW_BA_M.young,14,140,10,0.0,10000.0,1.0,1.0,0.0,0.0,0.0
feature.Seral.CWHvm_HW_BA_M.young,15,150,10,0.0,10000.0,1.0,1.0,0.0,0.0,0.0
feature.Seral.CWHvm_HW_BA_M.young,16,160,10,0.0,10000.0,1.0,1.0,0.0,0.0,0.0
feature.Seral.CWHvm_HW_BA_M.young,17,170,10,0.0,10000.0,1.0,1.0,0.0,0.0,0.0
feature.Seral.CWHvm_HW_BA_M.young,18,180,10,0.0,10000.0,1.0,1.0,0.0,0.0,0.0
feature.Seral.CWHvm_HW_BA_M.young,19,190,10,0.0,10000.0,1.0,1.0,2.2660000324249268,0.0,0.0
feature.Seral.CWHvm_HW_BA_M.young,20,200,10,0.0,10000.0,1.0,1.0,2.2660000324249268,0.0,0.0
feature.Seral.CWHvm_HW_BA_M.young,21,210,10,0.0,10000.0,1.0,1.0,7.182000160217285,0.0,0.0
feature.Seral.CWHvm_HW_BA_M.young,22,220,10,0.0,10000.0,1.0,1.0,7.182000160217285,0.0,0.0
feature.Seral.CWHvm_HW_BA_M.young,23,230,10,0.0,10000.0,1.0,1.0,0.0,0.0,0.0
feature.Seral.CWHvm_HW_BA_M.young,24,240,10,0.0,10000.0,1.0,1.0,0.0,0.0,0.0
feature.Seral.CWHvm_HW_BA_M.young,25,250,10,0.0,10000.0,1.0,1.0,0.0,0.0,0.0
feature.Seral.CWHvm_HW_BA_M.young,26,260,10,0.0,10000.0,1.0,1.0,0.0,0.0,0.0
feature.Seral.CWHvm_HW_BA_M.young,27,270,10,0.0,10000.0,1.0,1.0,0.0,0.0,0.0
feature.Seral.CWHvm_HW_BA_M.young,28,280,10,0.0,10000.0,1.0,1.0,2.2660000324249268,0.0,0.0
feature.Seral.CWHvm_HW_BA_M.young,29,290,10,0.0,10000.0,1.0,1.0,2.2660000324249268,0.0,0.0
feature.Seral.CWHvm_HW_BA_M.young,30,300,10,0.0,10000.0,1.0,1.0,3.0280001163482666,0.0,0.0
feature.Seral.CWHvm_HW_CW_H.immature,0,0,10,0.0,10000.0,1.0,1.0,35.50899887084961,0.0,0.0
feature.Seral.CWHvm_HW_CW_H.immature,1,10,10,0.0,10000.0,1.0,1.0,35.50899887084961,0.0,0.0
feature.Seral.CWHvm_HW_CW_H.immature,2,20,10,0.0,10000.0,1.0,1.0,35.50899887084961,0.0,0.0
feature.Seral.CWHvm_HW_CW_H.immature,3,30,10,0.0,10000.0,1.0,1.0,47.231998443603516,0.0,0.0
feature.Seral.CWHvm_HW_CW_H.immature,4,40,10,0.0,10000.0,1.0,1.0,49.98400115966797,0.0,0.0
feature.Seral.CWHvm_HW_CW_H.immature,5,50,10,0.0,10000.0,1.0,1.0,18.218000411987305,0.0,0.0
feature.Seral.CWHvm_HW_CW_H.immature,6,60,10,0.0,10000.0,1.0,1.0,20.73900032043457,0.0,0.0
feature.Seral.CWHvm_HW_CW_H.immature,7,70,10,0.0,10000.0,1.0,1.0,20.73900032043457,0.0,0.0
feature.Seral.CWHvm_HW_CW_H.immature,8,80,10,0.0,10000.0,1.0,1.0,35.59299850463867,0.0,0.0
feature.Seral.CWHvm_HW_CW_H.immature,9,90,10,0.0,10000.0,1.0,1.0,66.6729965209961,0.0,0.0
feature.Seral.CWHvm_HW_CW_H.immature,10,100,10,0.0,10000.0,1.0,1.0,60.70199966430664,0.0,0.0
feature.Seral.CWHvm_HW_CW_H.immature,11,110,10,0.0,10000.0,1.0,1.0,55.941001892089844,0.0,0.0
feature.Seral.CWHvm_HW_CW_H.immature,12,120,10,0.0,10000.0,1.0,1.0,58.5620002746582,0.0,0.0
feature.Seral.CWHvm_HW_CW_H.immature,13,130,10,0.0,10000.0,1.0,1.0,67.66400146484375,0.0,0.0
feature.Seral.CWHvm_HW_CW_H.immature,14,140,10,0.0,10000.0,1.0,1.0,64.1520004272461,0.0,0.0
feature.Seral.CWHvm_HW_CW_H.immature,15,150,10,0.0,10000.0,1.0,1.0,64.1520004272461,0.0,0.0
feature.Seral.CWHvm_HW_CW_H.immature,16,160,10,0.0,10000.0,1.0,1.0,49.29800033569336,0.0,0.0
feature.Seral.CWHvm_HW_CW_H.immature,17,170,10,0.0,10000.0,1.0,1.0,18.218000411987305,0.0,0.0
feature.Seral.CWHvm_HW_CW_H.immature,18,180,10,0.0,10000.0,1.0,1.0,14.475000381469727,0.0,0.0
feature.Seral.CWHvm_HW_CW_H.immature,19,190,10,0.0,10000.0,1.0,1.0,29.621999740600586,0.0,0.0
feature.Seral.CWHvm_HW_CW_H.immature,20,200,10,0.0,10000.0,1.0,1.0,29.621999740600586,0.0,0.0
feature.Seral.CWHvm_HW_CW_H.immature,21,210,10,0.0,10000.0,1.0,1.0,52.198001861572266,0.0,0.0
feature.Seral.CWHvm_HW_CW_H.immature,22,220,10,0.0,10000.0,1.0,1.0,58.16899871826172,0.0,0.0
feature.Seral.CWHvm_HW_CW_H.immature,23,230,10,0.0,10000.0,1.0,1.0,70.41600036621094,0.0,0.0
feature.Seral.CWHvm_HW_CW_H.immature,24,240,10,0.0,10000.0,1.0,1.0,70.41600036621094,0.0,0.0
feature.Seral.CWHvm_HW_CW_H.immature,25,250,10,0.0,10000.0,1.0,1.0,70.41600036621094,0.0,0.0
feature.Seral.CWHvm_HW_CW_H.immature,26,260,10,0.0,10000.0,1.0,1.0,49.29800033569336,0.0,0.0
feature.Seral.CWHvm_HW_CW_H.immature,27,270,10,0.0,10000.0,1.0,1.0,49.29800033569336,0.0,0.0
feature.Seral.CWHvm_HW_CW_H.immature,28,280,10,0.0,10000.0,1.0,1.0,43.32699966430664,0.0,0.0
feature.Seral.CWHvm_HW_CW_H.immature,29,290,10,0.0,10000.0,1.0,1.0,24.349000930786133,0.0,0.0
feature.Seral.CWHvm_HW_CW_H.immature,30,300,10,0.0,10000.0,1.0,1.0,14.854000091552734,0.0,0.0
feature.Seral.CWHvm_HW_CW_H.mature,0,0,10,0.0,10000.0,1.0,1.0,72.34400177001953,0.0,0.0
feature.Seral.CWHvm_HW_CW_H.mature,1,10,10,0.0,10000.0,1.0,1.0,60.62099838256836,0.0,0.0
feature.Seral.CWHvm_HW_CW_H.mature,2,20,10,0.0,10000.0,1.0,1.0,57.86899948120117,0.0,0.0
feature.Seral.CWHvm_HW_CW_H.mature,3,30,10,0.0,10000.0,1.0,1.0,53.59700012207031,0.0,0.0
feature.Seral.CWHvm_HW_CW_H.mature,4,40,10,0.0,10000.0,1.0,1.0,47.33300018310547,0.0,0.0
feature.Seral.CWHvm_HW_CW_H.mature,5,50,10,0.0,10000.0,1.0,1.0,79.0989990234375,0.0,0.0
feature.Seral.CWHvm_HW_CW_H.mature,6,60,10,0.0,10000.0,1.0,1.0,67.98799896240234,0.0,0.0
feature.Seral.CWHvm_HW_CW_H.mature,7,70,10,0.0,10000.0,1.0,1.0,36.90800094604492,0.0,0.0
feature.Seral.CWHvm_HW_CW_H.mature,8,80,10,0.0,10000.0,1.0,1.0,1.7910000085830688,0.0,0.0
feature.Seral.CWHvm_HW_CW_H.mature,9,90,10,0.0,10000.0,1.0,1.0,1.7910000085830688,0.0,0.0
feature.Seral.CWHvm_HW_CW_H.mature,10,100,10,0.0,10000.0,1.0,1.0,0.6859999895095825,0.0,0.0
feature.Seral.CWHvm_HW_CW_H.mature,11,110,10,0.0,10000.0,1.0,1.0,0.6859999895095825,0.0,0.0
feature.Seral.CWHvm_HW_CW_H.mature,12,120,10,0.0,10000.0,1.0,1.0,0.6859999895095825,0.0,0.0
feature.Seral.CWHvm_HW_CW_H.mature,13,130,10,0.0,10000.0,1.0,1.0,0.6859999895095825,0.0,0.0
feature.Seral.CWHvm_HW_CW_H.mature,14,140,10,0.0,10000.0,1.0,1.0,6.949999809265137,0.0,0.0
feature.Seral.CWHvm_HW_CW_H.mature,15,150,10,0.0,10000.0,1.0,1.0,6.263999938964844,0.0,0.0
feature.Seral.CWHvm_HW_CW_H.mature,16,160,10,0.0,10000.0,1.0,1.0,0.0,0.0,0.0
feature.Seral.CWHvm_HW_CW_H.mature,17,170,10,0.0,10000.0,1.0,1.0,31.079999923706055,0.0,0.0
feature.Seral.CWHvm_HW_CW_H.mature,18,180,10,0.0,10000.0,1.0,1.0,34.823001861572266,0.0,0.0
feature.Seral.CWHvm_HW_CW_H.mature,19,190,10,0.0,10000.0,1.0,1.0,3.743000030517578,0.0,0.0
feature.Seral.CWHvm_HW_CW_H.mature,20,200,10,0.0,10000.0,1.0,1.0,0.0,0.0,0.0
feature.Seral.CWHvm_HW_CW_H.mature,21,210,10,0.0,10000.0,1.0,1.0,0.0,0.0,0.0
feature.Seral.CWHvm_HW_CW_H.mature,22,220,10,0.0,10000.0,1.0,1.0,0.0,0.0,0.0
feature.Seral.CWHvm_HW_CW_H.mature,23,230,10,0.0,10000.0,1.0,1.0,0.0,0.0,0.0
feature.Seral.CWHvm_HW_CW_H.mature,24,240,10,0.0,10000.0,1.0,1.0,0.0,0.0,0.0
feature.Seral.CWHvm_HW_CW_H.mature,25,250,10,0.0,10000.0,1.0,1.0,0.0,0.0,0.0
feature.Seral.CWHvm_HW_CW_H.mature,26,260,10,0.0,10000.0,1.0,1.0,6.263999938964844,0.0,0.0
feature.Seral.CWHvm_HW_CW_H.mature,27,270,10,0.0,10000.0,1.0,1.0,6.263999938964844,0.0,0.0
feature.Seral.CWHvm_HW_CW_H.mature,28,280,10,0.0,10000.0,1.0,1.0,0.0,0.0,0.0
feature.Seral.CWHvm_HW_CW_H.mature,29,290,10,0.0,10000.0,1.0,1.0,0.0,0.0,0.0
feature.Seral.CWHvm_HW_CW_H.mature,30,300,10,0.0,10000.0,1.0,1.0,0.0,0.0,0.0
feature.Seral.CWHvm_HW_CW_H.overmature,0,0,10,0.0,10000.0,1.0,1.0,0.0,0.0,0.0
feature.Seral.CWHvm_HW_CW_H.overmature,1,10,10,0.0,10000.0,1.0,1.0,0.0,0.0,0.0
feature.Seral.CWHvm_HW_CW_H.overmature,2,20,10,0.0,10000.0,1.0,1.0,0.0,0.0,0.0
feature.Seral.CWHvm_HW_CW_H.overmature,3,30,10,0.0,10000.0,1.0,1.0,4.271999835968018,0.0,0.0
feature.Seral.CWHvm_HW_CW_H.overmature,4,40,10,0.0,10000.0,1.0,1.0,4.271999835968018,0.0,0.0
feature.Seral.CWHvm_HW_CW_H.overmature,5,50,10,0.0,10000.0,1.0,1.0,4.271999835968018,0.0,0.0
feature.Seral.CWHvm_HW_CW_H.overmature,6,60,10,0.0,10000.0,1.0,1.0,4.271999835968018,0.0,0.0
feature.Seral.CWHvm_HW_CW_H.overmature,7,70,10,0.0,10000.0,1.0,1.0,4.271999835968018,0.0,0.0
feature.Seral.CWHvm_HW_CW_H.overmature,8,80,10,0.0,10000.0,1.0,1.0,35.645999908447266,0.0,0.0
feature.Seral.CWHvm_HW_CW_H.overmature,9,90,10,0.0,10000.0,1.0,1.0,35.645999908447266,0.0,0.0
feature.Seral.CWHvm_HW_CW_H.overmature,10,100,10,0.0,10000.0,1.0,1.0,36.750999450683594,0.0,0.0
feature.Seral.CWHvm_HW_CW_H.overmature,11,110,10,0.0,10000.0,1.0,1.0,36.750999450683594,0.0,0.0
feature.Seral.CWHvm_HW_CW_H.overmature,12,120,10,0.0,10000.0,1.0,1.0,36.750999450683594,0.0,0.0
feature.Seral.CWHvm_HW_CW_H.overmature,13,130,10,0.0,10000.0,1.0,1.0,36.750999450683594,0.0,0.0
feature.Seral.CWHvm_HW_CW_H.overmature,14,140,10,0.0,10000.0,1.0,1.0,36.750999450683594,0.0,0.0
feature.Seral.CWHvm_HW_CW_H.overmature,15,150,10,0.0,10000.0,1.0,1.0,37.4370002746582,0.0,0.0
feature.Seral.CWHvm_HW_CW_H.overmature,16,160,10,0.0,10000.0,1.0,1.0,37.4370002746582,0.0,0.0
feature.Seral.CWHvm_HW_CW_H.overmature,17,170,10,0.0,10000.0,1.0,1.0,37.4370002746582,0.0,0.0
feature.Seral.CWHvm_HW_CW_H.overmature,18,180,10,0.0,10000.0,1.0,1.0,37.4370002746582,0.0,0.0
feature.Seral.CWHvm_HW_CW_H.overmature,19,190,10,0.0,10000.0,1.0,1.0,37.4370002746582,0.0,0.0
feature.Seral.CWHvm_HW_CW_H.overmature,20,200,10,0.0,10000.0,1.0,1.0,37.4370002746582,0.0,0.0
feature.Seral.CWHvm_HW_CW_H.overmature,21,210,10,0.0,10000.0,1.0,1.0,37.4370002746582,0.0,0.0
feature.Seral.CWHvm_HW_CW_H.overmature,22,220,10,0.0,10000.0,1.0,1.0,37.4370002746582,0.0,0.0
feature.Seral.CWHvm_HW_CW_H.overmature,23,230,10,0.0,10000.0,1.0,1.0,37.4370002746582,0.0,0.0
feature.Seral.CWHvm_HW_CW_H.overmature,24,240,10,0.0,10000.0,1.0,1.0,37.4370002746582,0.0,0.0
feature.Seral.CWHvm_HW_CW_H.overmature,25,250,10,0.0,10000.0,1.0,1.0,37.4370002746582,0.0,0.0
feature.Seral.CWHvm_HW_CW_H.overmature,26,260,10,0.0,10000.0,1.0,1.0,37.4370002746582,0.0,0.0
feature.Seral.CWHvm_HW_CW_H.overmature,27,270,10,0.0,10000.0,1.0,1.0,37.4370002746582,0.0,0.0
feature.Seral.CWHvm_HW_CW_H.overmature,28,280,10,0.0,10000.0,1.0,1.0,37.4370002746582,0.0,0.0
feature.Seral.CWHvm_HW_CW_H.overmature,29,290,10,0.0,10000.0,1.0,1.0,37.4370002746582,0.0,0.0
feature.Seral.CWHvm_HW_CW_H.overmature,30,300,10,0.0,10000.0,1.0,1.0,37.4370002746582,0.0,0.0
feature.Seral.CWHvm_HW_CW_H.regenerating,0,0,10,0.0,10000.0,1.0,1.0,0.0,0.0,0.0
feature.Seral.CWHvm_HW_CW_H.regenerating,1,10,10,0.0,10000.0,1.0,1.0,0.0,0.0,0.0
feature.Seral.CWHvm_HW_CW_H.regenerating,2,20,10,0.0,10000.0,1.0,1.0,0.0,0.0,0.0
feature.Seral.CWHvm_HW_CW_H.regenerating,3,30,10,0.0,10000.0,1.0,1.0,0.0,0.0,0.0
feature.Seral.CWHvm_HW_CW_H.regenerating,4,40,10,0.0,10000.0,1.0,1.0,0.0,0.0,0.0
feature.Seral.CWHvm_HW_CW_H.regenerating,5,50,10,0.0,10000.0,1.0,1.0,0.0,0.0,0.0
feature.Seral.CWHvm_HW_CW_H.regenerating,6,60,10,0.0,10000.0,1.0,1.0,0.0,0.0,0.0
feature.Seral.CWHvm_HW_CW_H.regenerating,7,70,10,0.0,10000.0,1.0,1.0,0.0,0.0,0.0
feature.Seral.CWHvm_HW_CW_H.regenerating,8,80,10,0.0,10000.0,1.0,1.0,3.743000030517578,0.0,0.0
feature.Seral.CWHvm_HW_CW_H.regenerating,9,90,10,0.0,10000.0,1.0,1.0,0.0,0.0,0.0
feature.Seral.CWHvm_HW_CW_H.regenerating,10,100,10,0.0,10000.0,1.0,1.0,3.3499999046325684,0.0,0.0
feature.Seral.CWHvm_HW_CW_H.regenerating,11,110,10,0.0,10000.0,1.0,1.0,2.752000093460083,0.0,0.0
feature.Seral.CWHvm_HW_CW_H.regenerating,12,120,10,0.0,10000.0,1.0,1.0,0.0,0.0,0.0
feature.Seral.CWHvm_HW_CW_H.regenerating,13,130,10,0.0,10000.0,1.0,1.0,0.0,0.0,0.0
feature.Seral.CWHvm_HW_CW_H.regenerating,14,140,10,0.0,10000.0,1.0,1.0,0.0,0.0,0.0
feature.Seral.CWHvm_HW_CW_H.regenerating,15,150,10,0.0,10000.0,1.0,1.0,0.0,0.0,0.0
feature.Seral.CWHvm_HW_CW_H.regenerating,16,160,10,0.0,10000.0,1.0,1.0,21.118000030517578,0.0,0.0
feature.Seral.CWHvm_HW_CW_H.regenerating,17,170,10,0.0,10000.0,1.0,1.0,0.0,0.0,0.0
feature.Seral.CWHvm_HW_CW_H.regenerating,18,180,10,0.0,10000.0,1.0,1.0,0.0,0.0,0.0
feature.Seral.CWHvm_HW_CW_H.regenerating,19,190,10,0.0,10000.0,1.0,1.0,5.9710001945495605,0.0,0.0
feature.Seral.CWHvm_HW_CW_H.regenerating,20,200,10,0.0,10000.0,1.0,1.0,3.743000030517578,0.0,0.0
feature.Seral.CWHvm_HW_CW_H.regenerating,21,210,10,0.0,10000.0,1.0,1.0,0.0,0.0,0.0
feature.Seral.CWHvm_HW_CW_H.regenerating,22,220,10,0.0,10000.0,1.0,1.0,0.0,0.0,0.0
feature.Seral.CWHvm_HW_CW_H.regenerating,23,230,10,0.0,10000.0,1.0,1.0,0.0,0.0,0.0
feature.Seral.CWHvm_HW_CW_H.regenerating,24,240,10,0.0,10000.0,1.0,1.0,0.0,0.0,0.0
feature.Seral.CWHvm_HW_CW_H.regenerating,25,250,10,0.0,10000.0,1.0,1.0,0.0,0.0,0.0
feature.Seral.CWHvm_HW_CW_H.regenerating,26,260,10,0.0,10000.0,1.0,1.0,14.854000091552734,0.0,0.0
feature.Seral.CWHvm_HW_CW_H.regenerating,27,270,10,0.0,10000.0,1.0,1.0,0.0,0.0,0.0
feature.Seral.CWHvm_HW_CW_H.regenerating,28,280,10,0.0,10000.0,1.0,1.0,12.234999656677246,0.0,0.0
feature.Seral.CWHvm_HW_CW_H.regenerating,29,290,10,0.0,10000.0,1.0,1.0,33.832000732421875,0.0,0.0
feature.Seral.CWHvm_HW_CW_H.regenerating,30,300,10,0.0,10000.0,1.0,1.0,9.494999885559082,0.0,0.0
feature.Seral.CWHvm_HW_CW_H.young,0,0,10,0.0,10000.0,1.0,1.0,0.0,0.0,0.0
feature.Seral.CWHvm_HW_CW_H.young,1,10,10,0.0,10000.0,1.0,1.0,11.722999572753906,0.0,0.0
feature.Seral.CWHvm_HW_CW_H.young,2,20,10,0.0,10000.0,1.0,1.0,14.475000381469727,0.0,0.0
feature.Seral.CWHvm_HW_CW_H.young,3,30,10,0.0,10000.0,1.0,1.0,2.752000093460083,0.0,0.0
feature.Seral.CWHvm_HW_CW_H.young,4,40,10,0.0,10000.0,1.0,1.0,6.263999938964844,0.0,0.0
feature.Seral.CWHvm_HW_CW_H.young,5,50,10,0.0,10000.0,1.0,1.0,6.263999938964844,0.0,0.0
feature.Seral.CWHvm_HW_CW_H.young,6,60,10,0.0,10000.0,1.0,1.0,14.854000091552734,0.0,0.0
feature.Seral.CWHvm_HW_CW_H.young,7,70,10,0.0,10000.0,1.0,1.0,45.933998107910156,0.0,0.0
feature.Seral.CWHvm_HW_CW_H.young,8,80,10,0.0,10000.0,1.0,1.0,31.079999923706055,0.0,0.0
feature.Seral.CWHvm_HW_CW_H.young,9,90,10,0.0,10000.0,1.0,1.0,3.743000030517578,0.0,0.0
feature.Seral.CWHvm_HW_CW_H.young,10,100,10,0.0,10000.0,1.0,1.0,6.363999843597412,0.0,0.0
feature.Seral.CWHvm_HW_CW_H.young,11,110,10,0.0,10000.0,1.0,1.0,11.722999572753906,0.0,0.0
feature.Seral.CWHvm_HW_CW_H.young,12,120,10,0.0,10000.0,1.0,1.0,11.854000091552734,0.0,0.0
feature.Seral.CWHvm_HW_CW_H.young,13,130,10,0.0,10000.0,1.0,1.0,2.752000093460083,0.0,0.0
feature.Seral.CWHvm_HW_CW_H.young,14,140,10,0.0,10000.0,1.0,1.0,0.0,0.0,0.0
feature.Seral.CWHvm_HW_CW_H.young,15,150,10,0.0,10000.0,1.0,1.0,0.0,0.0,0.0
feature.Seral.CWHvm_HW_CW_H.young,16,160,10,0.0,10000.0,1.0,1.0,0.0,0.0,0.0
feature.Seral.CWHvm_HW_CW_H.young,17,170,10,0.0,10000.0,1.0,1.0,21.118000030517578,0.0,0.0
feature.Seral.CWHvm_HW_CW_H.young,18,180,10,0.0,10000.0,1.0,1.0,21.118000030517578,0.0,0.0
feature.Seral.CWHvm_HW_CW_H.young,19,190,10,0.0,10000.0,1.0,1.0,31.079999923706055,0.0,0.0
feature.Seral.CWHvm_HW_CW_H.young,20,200,10,0.0,10000.0,1.0,1.0,37.05099868774414,0.0,0.0
feature.Seral.CWHvm_HW_CW_H.young,21,210,10,0.0,10000.0,1.0,1.0,18.218000411987305,0.0,0.0
feature.Seral.CWHvm_HW_CW_H.young,22,220,10,0.0,10000.0,1.0,1.0,12.246999740600586,0.0,0.0
feature.Seral.CWHvm_HW_CW_H.young,23,230,10,0.0,10000.0,1.0,1.0,0.0,0.0,0.0
feature.Seral.CWHvm_HW_CW_H.young,24,240,10,0.0,10000.0,1.0,1.0,0.0,0.0,0.0
feature.Seral.CWHvm_HW_CW_H.young,25,250,10,0.0,10000.0,1.0,1.0,0.0,0.0,0.0
feature.Seral.CWHvm_HW_CW_H.young,26,260,10,0.0,10000.0,1.0,1.0,0.0,0.0,0.0
feature.Seral.CWHvm_HW_CW_H.young,27,270,10,0.0,10000.0,1.0,1.0,14.854000091552734,0.0,0.0
feature.Seral.CWHvm_HW_CW_H.young,28,280,10,0.0,10000.0,1.0,1.0,14.854000091552734,0.0,0.0
feature.Seral.CWHvm_HW_CW_H.young,29,290,10,0.0,10000.0,1.0,1.0,12.234999656677246,0.0,0.0
feature.Seral.CWHvm_HW_CW_H.young,30,300,10,0.0,10000.0,1.0,1.0,46.06700134277344,0.0,0.0
feature.Seral.CWHvm_HW_CW_L.immature,0,0,10,0.0,10000.0,1.0,1.0,5.120999813079834,0.0,0.0
feature.Seral.CWHvm_HW_CW_L.immature,1,10,10,0.0,10000.0,1.0,1.0,5.120999813079834,0.0,0.0
feature.Seral.CWHvm_HW_CW_L.immature,2,20,10,0.0,10000.0,1.0,1.0,5.120999813079834,0.0,0.0
feature.Seral.CWHvm_HW_CW_L.immature,3,30,10,0.0,10000.0,1.0,1.0,9.727999687194824,0.0,0.0
feature.Seral.CWHvm_HW_CW_L.immature,4,40,10,0.0,10000.0,1.0,1.0,7.664000034332275,0.0,0.0
feature.Seral.CWHvm_HW_CW_L.immature,5,50,10,0.0,10000.0,1.0,1.0,4.60699987411499,0.0,0.0
feature.Seral.CWHvm_HW_CW_L.immature,6,60,10,0.0,10000.0,1.0,1.0,6.671000003814697,0.0,0.0
feature.Seral.CWHvm_HW_CW_L.immature,7,70,10,0.0,10000.0,1.0,1.0,6.671000003814697,0.0,0.0
feature.Seral.CWHvm_HW_CW_L.immature,8,80,10,0.0,10000.0,1.0,1.0,6.671000003814697,0.0,0.0
feature.Seral.CWHvm_HW_CW_L.immature,9,90,10,0.0,10000.0,1.0,1.0,6.671000003814697,0.0,0.0
feature.Seral.CWHvm_HW_CW_L.immature,10,100,10,0.0,10000.0,1.0,1.0,6.671000003814697,0.0,0.0
feature.Seral.CWHvm_HW_CW_L.immature,11,110,10,0.0,10000.0,1.0,1.0,6.671000003814697,0.0,0.0
feature.Seral.CWHvm_HW_CW_L.immature,12,120,10,0.0,10000.0,1.0,1.0,6.671000003814697,0.0,0.0
feature.Seral.CWHvm_HW_CW_L.immature,13,130,10,0.0,10000.0,1.0,1.0,6.671000003814697,0.0,0.0
feature.Seral.CWHvm_HW_CW_L.immature,14,140,10,0.0,10000.0,1.0,1.0,2.063999891281128,0.0,0.0
feature.Seral.CWHvm_HW_CW_L.immature,15,150,10,0.0,10000.0,1.0,1.0,2.063999891281128,0.0,0.0
feature.Seral.CWHvm_HW_CW_L.immature,16,160,10,0.0,10000.0,1.0,1.0,5.947000026702881,0.0,0.0
feature.Seral.CWHvm_HW_CW_L.immature,17,170,10,0.0,10000.0,1.0,1.0,3.882999897003174,0.0,0.0
feature.Seral.CWHvm_HW_CW_L.immature,18,180,10,0.0,10000.0,1.0,1.0,4.60699987411499,0.0,0.0
feature.Seral.CWHvm_HW_CW_L.immature,19,190,10,0.0,10000.0,1.0,1.0,6.671000003814697,0.0,0.0
feature.Seral.CWHvm_HW_CW_L.immature,20,200,10,0.0,10000.0,1.0,1.0,6.671000003814697,0.0,0.0
feature.Seral.CWHvm_HW_CW_L.immature,21,210,10,0.0,10000.0,1.0,1.0,6.671000003814697,0.0,0.0
feature.Seral.CWHvm_HW_CW_L.immature,22,220,10,0.0,10000.0,1.0,1.0,6.671000003814697,0.0,0.0
feature.Seral.CWHvm_HW_CW_L.immature,23,230,10,0.0,10000.0,1.0,1.0,6.671000003814697,0.0,0.0
feature.Seral.CWHvm_HW_CW_L.immature,24,240,10,0.0,10000.0,1.0,1.0,6.671000003814697,0.0,0.0
feature.Seral.CWHvm_HW_CW_L.immature,25,250,10,0.0,10000.0,1.0,1.0,6.671000003814697,0.0,0.0
feature.Seral.CWHvm_HW_CW_L.immature,26,260,10,0.0,10000.0,1.0,1.0,6.671000003814697,0.0,0.0
feature.Seral.CWHvm_HW_CW_L.immature,27,270,10,0.0,10000.0,1.0,1.0,2.7880001068115234,0.0,0.0
feature.Seral.CWHvm_HW_CW_L.immature,28,280,10,0.0,10000.0,1.0,1.0,2.7880001068115234,0.0,0.0
feature.Seral.CWHvm_HW_CW_L.immature,29,290,10,0.0,10000.0,1.0,1.0,0.0,0.0,0.0
feature.Seral.CWHvm_HW_CW_L.immature,30,300,10,0.0,10000.0,1.0,1.0,0.0,0.0,0.0
feature.Seral.CWHvm_HW_CW_L.mature,0,0,10,0.0,10000.0,1.0,1.0,0.0,0.0,0.0
feature.Seral.CWHvm_HW_CW_L.mature,1,10,10,0.0,10000.0,1.0,1.0,0.0,0.0,0.0
feature.Seral.CWHvm_HW_CW_L.mature,2,20,10,0.0,10000.0,1.0,1.0,0.0,0.0,0.0
feature.Seral.CWHvm_HW_CW_L.mature,3,30,10,0.0,10000.0,1.0,1.0,0.0,0.0,0.0
feature.Seral.CWHvm_HW_CW_L.mature,4,40,10,0.0,10000.0,1.0,1.0,0.0,0.0,0.0
feature.Seral.CWHvm_HW_CW_L.mature,5,50,10,0.0,10000.0,1.0,1.0,3.056999921798706,0.0,0.0
feature.Seral.CWHvm_HW_CW_L.mature,6,60,10,0.0,10000.0,1.0,1.0,3.056999921798706,0.0,0.0
feature.Seral.CWHvm_HW_CW_L.mature,7,70,10,0.0,10000.0,1.0,1.0,3.056999921798706,0.0,0.0
feature.Seral.CWHvm_HW_CW_L.mature,8,80,10,0.0,10000.0,1.0,1.0,3.056999921798706,0.0,0.0
feature.Seral.CWHvm_HW_CW_L.mature,9,90,10,0.0,10000.0,1.0,1.0,3.056999921798706,0.0,0.0
feature.Seral.CWHvm_HW_CW_L.mature,10,100,10,0.0,10000.0,1.0,1.0,3.056999921798706,0.0,0.0
feature.Seral.CWHvm_HW_CW_L.mature,11,110,10,0.0,10000.0,1.0,1.0,3.056999921798706,0.0,0.0
feature.Seral.CWHvm_HW_CW_L.mature,12,120,10,0.0,10000.0,1.0,1.0,0.0,0.0,0.0
feature.Seral.CWHvm_HW_CW_L.mature,13,130,10,0.0,10000.0,1.0,1.0,0.0,0.0,0.0
feature.Seral.CWHvm_HW_CW_L.mature,14,140,10,0.0,10000.0,1.0,1.0,0.7239999771118164,0.0,0.0
feature.Seral.CWHvm_HW_CW_L.mature,15,150,10,0.0,10000.0,1.0,1.0,0.7239999771118164,0.0,0.0
feature.Seral.CWHvm_HW_CW_L.mature,16,160,10,0.0,10000.0,1.0,1.0,0.0,0.0,0.0
feature.Seral.CWHvm_HW_CW_L.mature,17,170,10,0.0,10000.0,1.0,1.0,0.0,0.0,0.0
feature.Seral.CWHvm_HW_CW_L.mature,18,180,10,0.0,10000.0,1.0,1.0,0.0,0.0,0.0
feature.Seral.CWHvm_HW_CW_L.mature,19,190,10,0.0,10000.0,1.0,1.0,0.0,0.0,0.0
feature.Seral.CWHvm_HW_CW_L.mature,20,200,10,0.0,10000.0,1.0,1.0,0.0,0.0,0.0
feature.Seral.CWHvm_HW_CW_L.mature,21,210,10,0.0,10000.0,1.0,1.0,0.0,0.0,0.0
feature.Seral.CWHvm_HW_CW_L.mature,22,220,10,0.0,10000.0,1.0,1.0,0.0,0.0,0.0
feature.Seral.CWHvm_HW_CW_L.mature,23,230,10,0.0,10000.0,1.0,1.0,0.0,0.0,0.0
feature.Seral.CWHvm_HW_CW_L.mature,24,240,10,0.0,10000.0,1.0,1.0,0.0,0.0,0.0
feature.Seral.CWHvm_HW_CW_L.mature,25,250,10,0.0,10000.0,1.0,1.0,0.0,0.0,0.0
feature.Seral.CWHvm_HW_CW_L.mature,26,260,10,0.0,10000.0,1.0,1.0,0.0,0.0,0.0
feature.Seral.CWHvm_HW_CW_L.mature,27,270,10,0.0,10000.0,1.0,1.0,3.882999897003174,0.0,0.0
feature.Seral.CWHvm_HW_CW_L.mature,28,280,10,0.0,10000.0,1.0,1.0,0.0,0.0,0.0
feature.Seral.CWHvm_HW_CW_L.mature,29,290,10,0.0,10000.0,1.0,1.0,0.7239999771118164,0.0,0.0
feature.Seral.CWHvm_HW_CW_L.mature,30,300,10,0.0,10000.0,1.0,1.0,0.0,0.0,0.0
feature.Seral.CWHvm_HW_CW_L.overmature,0,0,10,0.0,10000.0,1.0,1.0,42.92399978637695,0.0,0.0
feature.Seral.CWHvm_HW_CW_L.overmature,1,10,10,0.0,10000.0,1.0,1.0,38.31700134277344,0.0,0.0
feature.Seral.CWHvm_HW_CW_L.overmature,2,20,10,0.0,10000.0,1.0,1.0,38.31700134277344,0.0,0.0
feature.Seral.CWHvm_HW_CW_L.overmature,3,30,10,0.0,10000.0,1.0,1.0,38.31700134277344,0.0,0.0
feature.Seral.CWHvm_HW_CW_L.overmature,4,40,10,0.0,10000.0,1.0,1.0,38.31700134277344,0.0,0.0
feature.Seral.CWHvm_HW_CW_L.overmature,5,50,10,0.0,10000.0,1.0,1.0,38.31700134277344,0.0,0.0
feature.Seral.CWHvm_HW_CW_L.overmature,6,60,10,0.0,10000.0,1.0,1.0,38.31700134277344,0.0,0.0
feature.Seral.CWHvm_HW_CW_L.overmature,7,70,10,0.0,10000.0,1.0,1.0,38.31700134277344,0.0,0.0
feature.Seral.CWHvm_HW_CW_L.overmature,8,80,10,0.0,10000.0,1.0,1.0,38.31700134277344,0.0,0.0
feature.Seral.CWHvm_HW_CW_L.overmature,9,90,10,0.0,10000.0,1.0,1.0,38.31700134277344,0.0,0.0
feature.Seral.CWHvm_HW_CW_L.overmature,10,100,10,0.0,10000.0,1.0,1.0,38.31700134277344,0.0,0.0
feature.Seral.CWHvm_HW_CW_L.overmature,11,110,10,0.0,10000.0,1.0,1.0,38.31700134277344,0.0,0.0
feature.Seral.CWHvm_HW_CW_L.overmature,12,120,10,0.0,10000.0,1.0,1.0,41.374000549316406,0.0,0.0
feature.Seral.CWHvm_HW_CW_L.overmature,13,130,10,0.0,10000.0,1.0,1.0,41.374000549316406,0.0,0.0
feature.Seral.CWHvm_HW_CW_L.overmature,14,140,10,0.0,10000.0,1.0,1.0,41.374000549316406,0.0,0.0
feature.Seral.CWHvm_HW_CW_L.overmature,15,150,10,0.0,10000.0,1.0,1.0,41.374000549316406,0.0,0.0
feature.Seral.CWHvm_HW_CW_L.overmature,16,160,10,0.0,10000.0,1.0,1.0,41.374000549316406,0.0,0.0
feature.Seral.CWHvm_HW_CW_L.overmature,17,170,10,0.0,10000.0,1.0,1.0,41.374000549316406,0.0,0.0
feature.Seral.CWHvm_HW_CW_L.overmature,18,180,10,0.0,10000.0,1.0,1.0,41.374000549316406,0.0,0.0
feature.Seral.CWHvm_HW_CW_L.overmature,19,190,10,0.0,10000.0,1.0,1.0,41.374000549316406,0.0,0.0
feature.Seral.CWHvm_HW_CW_L.overmature,20,200,10,0.0,10000.0,1.0,1.0,41.374000549316406,0.0,0.0
feature.Seral.CWHvm_HW_CW_L.overmature,21,210,10,0.0,10000.0,1.0,1.0,41.374000549316406,0.0,0.0
feature.Seral.CWHvm_HW_CW_L.overmature,22,220,10,0.0,10000.0,1.0,1.0,41.374000549316406,0.0,0.0
feature.Seral.CWHvm_HW_CW_L.overmature,23,230,10,0.0,10000.0,1.0,1.0,41.374000549316406,0.0,0.0
feature.Seral.CWHvm_HW_CW_L.overmature,24,240,10,0.0,10000.0,1.0,1.0,41.374000549316406,0.0,0.0
feature.Seral.CWHvm_HW_CW_L.overmature,25,250,10,0.0,10000.0,1.0,1.0,41.374000549316406,0.0,0.0
feature.Seral.CWHvm_HW_CW_L.overmature,26,260,10,0.0,10000.0,1.0,1.0,41.374000549316406,0.0,0.0
feature.Seral.CWHvm_HW_CW_L.overmature,27,270,10,0.0,10000.0,1.0,1.0,41.374000549316406,0.0,0.0
feature.Seral.CWHvm_HW_CW_L.overmature,28,280,10,0.0,10000.0,1.0,1.0,41.374000549316406,0.0,0.0
feature.Seral.CWHvm_HW_CW_L.overmature,29,290,10,0.0,10000.0,1.0,1.0,41.374000549316406,0.0,0.0
feature.Seral.CWHvm_HW_CW_L.overmature,30,300,10,0.0,10000.0,1.0,1.0,41.374000549316406,0.0,0.0
feature.Seral.CWHvm_HW_CW_L.regenerating,0,0,10,0.0,10000.0,1.0,1.0,0.0,0.0,0.0
feature.Seral.CWHvm_HW_CW_L.regenerating,1,10,10,0.0,10000.0,1.0,1.0,0.0,0.0,0.0
feature.Seral.CWHvm_HW_CW_L.regenerating,2,20,10,0.0,10000.0,1.0,1.0,0.0,0.0,0.0
feature.Seral.CWHvm_HW_CW_L.regenerating,3,30,10,0.0,10000.0,1.0,1.0,0.0,0.0,0.0
feature.Seral.CWHvm_HW_CW_L.regenerating,4,40,10,0.0,10000.0,1.0,1.0,0.0,0.0,0.0
feature.Seral.CWHvm_HW_CW_L.regenerating,5,50,10,0.0,10000.0,1.0,1.0,0.0,0.0,0.0
feature.Seral.CWHvm_HW_CW_L.regenerating,6,60,10,0.0,10000.0,1.0,1.0,0.0,0.0,0.0
feature.Seral.CWHvm_HW_CW_L.regenerating,7,70,10,0.0,10000.0,1.0,1.0,0.0,0.0,0.0
feature.Seral.CWHvm_HW_CW_L.regenerating,8,80,10,0.0,10000.0,1.0,1.0,0.0,0.0,0.0
feature.Seral.CWHvm_HW_CW_L.regenerating,9,90,10,0.0,10000.0,1.0,1.0,0.0,0.0,0.0
feature.Seral.CWHvm_HW_CW_L.regenerating,10,100,10,0.0,10000.0,1.0,1.0,0.0,0.0,0.0
feature.Seral.CWHvm_HW_CW_L.regenerating,11,110,10,0.0,10000.0,1.0,1.0,0.0,0.0,0.0
feature.Seral.CWHvm_HW_CW_L.regenerating,12,120,10,0.0,10000.0,1.0,1.0,0.0,0.0,0.0
feature.Seral.CWHvm_HW_CW_L.regenerating,13,130,10,0.0,10000.0,1.0,1.0,0.0,0.0,0.0
feature.Seral.CWHvm_HW_CW_L.regenerating,14,140,10,0.0,10000.0,1.0,1.0,0.0,0.0,0.0
feature.Seral.CWHvm_HW_CW_L.regenerating,15,150,10,0.0,10000.0,1.0,1.0,0.0,0.0,0.0
feature.Seral.CWHvm_HW_CW_L.regenerating,16,160,10,0.0,10000.0,1.0,1.0,0.0,0.0,0.0
feature.Seral.CWHvm_HW_CW_L.regenerating,17,170,10,0.0,10000.0,1.0,1.0,0.0,0.0,0.0
feature.Seral.CWHvm_HW_CW_L.regenerating,18,180,10,0.0,10000.0,1.0,1.0,0.0,0.0,0.0
feature.Seral.CWHvm_HW_CW_L.regenerating,19,190,10,0.0,10000.0,1.0,1.0,0.0,0.0,0.0
feature.Seral.CWHvm_HW_CW_L.regenerating,20,200,10,0.0,10000.0,1.0,1.0,0.0,0.0,0.0
feature.Seral.CWHvm_HW_CW_L.regenerating,21,210,10,0.0,10000.0,1.0,1.0,0.0,0.0,0.0
feature.Seral.CWHvm_HW_CW_L.regenerating,22,220,10,0.0,10000.0,1.0,1.0,0.0,0.0,0.0
feature.Seral.CWHvm_HW_CW_L.regenerating,23,230,10,0.0,10000.0,1.0,1.0,0.0,0.0,0.0
feature.Seral.CWHvm_HW_CW_L.regenerating,24,240,10,0.0,10000.0,1.0,1.0,0.0,0.0,0.0
feature.Seral.CWHvm_HW_CW_L.regenerating,25,250,10,0.0,10000.0,1.0,1.0,0.0,0.0,0.0
feature.Seral.CWHvm_HW_CW_L.regenerating,26,260,10,0.0,10000.0,1.0,1.0,0.0,0.0,0.0
feature.Seral.CWHvm_HW_CW_L.regenerating,27,270,10,0.0,10000.0,1.0,1.0,0.0,0.0,0.0
feature.Seral.CWHvm_HW_CW_L.regenerating,28,280,10,0.0,10000.0,1.0,1.0,3.882999897003174,0.0,0.0
feature.Seral.CWHvm_HW_CW_L.regenerating,29,290,10,0.0,10000.0,1.0,1.0,2.063999891281128,0.0,0.0
feature.Seral.CWHvm_HW_CW_L.regenerating,30,300,10,0.0,10000.0,1.0,1.0,0.7239999771118164,0.0,0.0
feature.Seral.CWHvm_HW_CW_L.young,0,0,10,0.0,10000.0,1.0,1.0,0.0,0.0,0.0
feature.Seral.CWHvm_HW_CW_L.young,1,10,10,0.0,10000.0,1.0,1.0,4.60699987411499,0.0,0.0
feature.Seral.CWHvm_HW_CW_L.young,2,20,10,0.0,10000.0,1.0,1.0,4.60699987411499,0.0,0.0
feature.Seral.CWHvm_HW_CW_L.young,3,30,10,0.0,10000.0,1.0,1.0,0.0,0.0,0.0
feature.Seral.CWHvm_HW_CW_L.young,4,40,10,0.0,10000.0,1.0,1.0,2.063999891281128,0.0,0.0
feature.Seral.CWHvm_HW_CW_L.young,5,50,10,0.0,10000.0,1.0,1.0,2.063999891281128,0.0,0.0
feature.Seral.CWHvm_HW_CW_L.young,6,60,10,0.0,10000.0,1.0,1.0,0.0,0.0,0.0
feature.Seral.CWHvm_HW_CW_L.young,7,70,10,0.0,10000.0,1.0,1.0,0.0,0.0,0.0
feature.Seral.CWHvm_HW_CW_L.young,8,80,10,0.0,10000.0,1.0,1.0,0.0,0.0,0.0
feature.Seral.CWHvm_HW_CW_L.young,9,90,10,0.0,10000.0,1.0,1.0,0.0,0.0,0.0
feature.Seral.CWHvm_HW_CW_L.young,10,100,10,0.0,10000.0,1.0,1.0,0.0,0.0,0.0
feature.Seral.CWHvm_HW_CW_L.young,11,110,10,0.0,10000.0,1.0,1.0,0.0,0.0,0.0
feature.Seral.CWHvm_HW_CW_L.young,12,120,10,0.0,10000.0,1.0,1.0,0.0,0.0,0.0
feature.Seral.CWHvm_HW_CW_L.young,13,130,10,0.0,10000.0,1.0,1.0,0.0,0.0,0.0
feature.Seral.CWHvm_HW_CW_L.young,14,140,10,0.0,10000.0,1.0,1.0,3.882999897003174,0.0,0.0
feature.Seral.CWHvm_HW_CW_L.young,15,150,10,0.0,10000.0,1.0,1.0,3.882999897003174,0.0,0.0
feature.Seral.CWHvm_HW_CW_L.young,16,160,10,0.0,10000.0,1.0,1.0,0.7239999771118164,0.0,0.0
feature.Seral.CWHvm_HW_CW_L.young,17,170,10,0.0,10000.0,1.0,1.0,2.7880001068115234,0.0,0.0
feature.Seral.CWHvm_HW_CW_L.young,18,180,10,0.0,10000.0,1.0,1.0,2.063999891281128,0.0,0.0
feature.Seral.CWHvm_HW_CW_L.young,19,190,10,0.0,10000.0,1.0,1.0,0.0,0.0,0.0
feature.Seral.CWHvm_HW_CW_L.young,20,200,10,0.0,10000.0,1.0,1.0,0.0,0.0,0.0
feature.Seral.CWHvm_HW_CW_L.young,21,210,10,0.0,10000.0,1.0,1.0,0.0,0.0,0.0
feature.Seral.CWHvm_HW_CW_L.young,22,220,10,0.0,10000.0,1.0,1.0,0.0,0.0,0.0
feature.Seral.CWHvm_HW_CW_L.young,23,230,10,0.0,10000.0,1.0,1.0,0.0,0.0,0.0
feature.Seral.CWHvm_HW_CW_L.young,24,240,10,0.0,10000.0,1.0,1.0,0.0,0.0,0.0
feature.Seral.CWHvm_HW_CW_L.young,25,250,10,0.0,10000.0,1.0,1.0,0.0,0.0,0.0
feature.Seral.CWHvm_HW_CW_L.young,26,260,10,0.0,10000.0,1.0,1.0,0.0,0.0,0.0
feature.Seral.CWHvm_HW_CW_L.young,27,270,10,0.0,10000.0,1.0,1.0,0.0,0.0,0.0
feature.Seral.CWHvm_HW_CW_L.young,28,280,10,0.0,10000.0,1.0,1.0,0.0,0.0,0.0
feature.Seral.CWHvm_HW_CW_L.young,29,290,10,0.0,10000.0,1.0,1.0,3.882999897003174,0.0,0.0
feature.Seral.CWHvm_HW_CW_L.young,30,300,10,0.0,10000.0,1.0,1.0,5.947000026702881,0.0,0.0
feature.Seral.CWHvm_HW_CW_M.immature,0,0,10,0.0,10000.0,1.0,1.0,18.32699966430664,0.0,0.0
feature.Seral.CWHvm_HW_CW_M.immature,1,10,10,0.0,10000.0,1.0,1.0,16.652999877929688,0.0,0.0
feature.Seral.CWHvm_HW_CW_M.immature,2,20,10,0.0,10000.0,1.0,1.0,5.9029998779296875,0.0,0.0
feature.Seral.CWHvm_HW_CW_M.immature,3,30,10,0.0,10000.0,1.0,1.0,10.269000053405762,0.0,0.0
feature.Seral.CWHvm_HW_CW_M.immature,4,40,10,0.0,10000.0,1.0,1.0,12.781000137329102,0.0,0.0
feature.Seral.CWHvm_HW_CW_M.immature,5,50,10,0.0,10000.0,1.0,1.0,16.121000289916992,0.0,0.0
feature.Seral.CWHvm_HW_CW_M.immature,6,60,10,0.0,10000.0,1.0,1.0,28.020999908447266,0.0,0.0
feature.Seral.CWHvm_HW_CW_M.immature,7,70,10,0.0,10000.0,1.0,1.0,26.009000778198242,0.0,0.0
feature.Seral.CWHvm_HW_CW_M.immature,8,80,10,0.0,10000.0,1.0,1.0,26.009000778198242,0.0,0.0
feature.Seral.CWHvm_HW_CW_M.immature,9,90,10,0.0,10000.0,1.0,1.0,24.051000595092773,0.0,0.0
feature.Seral.CWHvm_HW_CW_M.immature,10,100,10,0.0,10000.0,1.0,1.0,24.051000595092773,0.0,0.0
feature.Seral.CWHvm_HW_CW_M.immature,11,110,10,0.0,10000.0,1.0,1.0,24.051000595092773,0.0,0.0
feature.Seral.CWHvm_HW_CW_M.immature,12,120,10,0.0,10000.0,1.0,1.0,24.051000595092773,0.0,0.0
feature.Seral.CWHvm_HW_CW_M.immature,13,130,10,0.0,10000.0,1.0,1.0,18.01099967956543,0.0,0.0
feature.Seral.CWHvm_HW_CW_M.immature,14,140,10,0.0,10000.0,1.0,1.0,17.17300033569336,0.0,0.0
feature.Seral.CWHvm_HW_CW_M.immature,15,150,10,0.0,10000.0,1.0,1.0,1.065999984741211,0.0,0.0
feature.Seral.CWHvm_HW_CW_M.immature,16,160,10,0.0,10000.0,1.0,1.0,1.6740000247955322,0.0,0.0
feature.Seral.CWHvm_HW_CW_M.immature,17,170,10,0.0,10000.0,1.0,1.0,16.874000549316406,0.0,0.0
feature.Seral.CWHvm_HW_CW_M.immature,18,180,10,0.0,10000.0,1.0,1.0,17.711999893188477,0.0,0.0
feature.Seral.CWHvm_HW_CW_M.immature,19,190,10,0.0,10000.0,1.0,1.0,24.051000595092773,0.0,0.0
feature.Seral.CWHvm_HW_CW_M.immature,20,200,10,0.0,10000.0,1.0,1.0,24.051000595092773,0.0,0.0
feature.Seral.CWHvm_HW_CW_M.immature,21,210,10,0.0,10000.0,1.0,1.0,24.051000595092773,0.0,0.0
feature.Seral.CWHvm_HW_CW_M.immature,22,220,10,0.0,10000.0,1.0,1.0,24.051000595092773,0.0,0.0
feature.Seral.CWHvm_HW_CW_M.immature,23,230,10,0.0,10000.0,1.0,1.0,24.051000595092773,0.0,0.0
feature.Seral.CWHvm_HW_CW_M.immature,24,240,10,0.0,10000.0,1.0,1.0,24.051000595092773,0.0,0.0
feature.Seral.CWHvm_HW_CW_M.immature,25,250,10,0.0,10000.0,1.0,1.0,22.37700080871582,0.0,0.0
feature.Seral.CWHvm_HW_CW_M.immature,26,260,10,0.0,10000.0,1.0,1.0,11.543000221252441,0.0,0.0
feature.Seral.CWHvm_HW_CW_M.immature,27,270,10,0.0,10000.0,1.0,1.0,7.177000045776367,0.0,0.0
feature.Seral.CWHvm_HW_CW_M.immature,28,280,10,0.0,10000.0,1.0,1.0,8.012999534606934,0.0,0.0
feature.Seral.CWHvm_HW_CW_M.immature,29,290,10,0.0,10000.0,1.0,1.0,12.508000373840332,0.0,0.0
feature.Seral.CWHvm_HW_CW_M.immature,30,300,10,0.0,10000.0,1.0,1.0,12.508000373840332,0.0,0.0
feature.Seral.CWHvm_HW_CW_M.mature,0,0,10,0.0,10000.0,1.0,1.0,26.018999099731445,0.0,0.0
feature.Seral.CWHvm_HW_CW_M.mature,1,10,10,0.0,10000.0,1.0,1.0,25.180999755859375,0.0,0.0
feature.Seral.CWHvm_HW_CW_M.mature,2,20,10,0.0,10000.0,1.0,1.0,35.930999755859375,0.0,0.0
feature.Seral.CWHvm_HW_CW_M.mature,3,30,10,0.0,10000.0,1.0,1.0,18.72800064086914,0.0,0.0
feature.Seral.CWHvm_HW_CW_M.mature,4,40,10,0.0,10000.0,1.0,1.0,17.66200065612793,0.0,0.0
feature.Seral.CWHvm_HW_CW_M.mature,5,50,10,0.0,10000.0,1.0,1.0,19.594999313354492,0.0,0.0
feature.Seral.CWHvm_HW_CW_M.mature,6,60,10,0.0,10000.0,1.0,1.0,19.594999313354492,0.0,0.0
feature.Seral.CWHvm_HW_CW_M.mature,7,70,10,0.0,10000.0,1.0,1.0,21.60700035095215,0.0,0.0
feature.Seral.CWHvm_HW_CW_M.mature,8,80,10,0.0,10000.0,1.0,1.0,8.355999946594238,0.0,0.0
feature.Seral.CWHvm_HW_CW_M.mature,9,90,10,0.0,10000.0,1.0,1.0,10.314000129699707,0.0,0.0
feature.Seral.CWHvm_HW_CW_M.mature,10,100,10,0.0,10000.0,1.0,1.0,5.9029998779296875,0.0,0.0
feature.Seral.CWHvm_HW_CW_M.mature,11,110,10,0.0,10000.0,1.0,1.0,5.9029998779296875,0.0,0.0
feature.Seral.CWHvm_HW_CW_M.mature,12,120,10,0.0,10000.0,1.0,1.0,5.9029998779296875,0.0,0.0
feature.Seral.CWHvm_HW_CW_M.mature,13,130,10,0.0,10000.0,1.0,1.0,8.336000442504883,0.0,0.0
feature.Seral.CWHvm_HW_CW_M.mature,14,140,10,0.0,10000.0,1.0,1.0,9.173999786376953,0.0,0.0
feature.Seral.CWHvm_HW_CW_M.mature,15,150,10,0.0,10000.0,1.0,1.0,8.069000244140625,0.0,0.0
feature.Seral.CWHvm_HW_CW_M.mature,16,160,10,0.0,10000.0,1.0,1.0,3.0239999294281006,0.0,0.0
feature.Seral.CWHvm_HW_CW_M.mature,17,170,10,0.0,10000.0,1.0,1.0,0.0,0.0,0.0
feature.Seral.CWHvm_HW_CW_M.mature,18,180,10,0.0,10000.0,1.0,1.0,0.0,0.0,0.0
feature.Seral.CWHvm_HW_CW_M.mature,19,190,10,0.0,10000.0,1.0,1.0,0.0,0.0,0.0
feature.Seral.CWHvm_HW_CW_M.mature,20,200,10,0.0,10000.0,1.0,1.0,0.0,0.0,0.0
feature.Seral.CWHvm_HW_CW_M.mature,21,210,10,0.0,10000.0,1.0,1.0,0.0,0.0,0.0
feature.Seral.CWHvm_HW_CW_M.mature,22,220,10,0.0,10000.0,1.0,1.0,0.0,0.0,0.0
feature.Seral.CWHvm_HW_CW_M.mature,23,230,10,0.0,10000.0,1.0,1.0,0.0,0.0,0.0
feature.Seral.CWHvm_HW_CW_M.mature,24,240,10,0.0,10000.0,1.0,1.0,0.0,0.0,0.0
feature.Seral.CWHvm_HW_CW_M.mature,25,250,10,0.0,10000.0,1.0,1.0,0.0,0.0,0.0
feature.Seral.CWHvm_HW_CW_M.mature,26,260,10,0.0,10000.0,1.0,1.0,0.0,0.0,0.0
feature.Seral.CWHvm_HW_CW_M.mature,27,270,10,0.0,10000.0,1.0,1.0,4.366000175476074,0.0,0.0
feature.Seral.CWHvm_HW_CW_M.mature,28,280,10,0.0,10000.0,1.0,1.0,0.8379999995231628,0.0,0.0
feature.Seral.CWHvm_HW_CW_M.mature,29,290,10,0.0,10000.0,1.0,1.0,1.9040000438690186,0.0,0.0
feature.Seral.CWHvm_HW_CW_M.mature,30,300,10,0.0,10000.0,1.0,1.0,0.0,0.0,0.0
feature.Seral.CWHvm_HW_CW_M.overmature,0,0,10,0.0,10000.0,1.0,1.0,6.043000221252441,0.0,0.0
feature.Seral.CWHvm_HW_CW_M.overmature,1,10,10,0.0,10000.0,1.0,1.0,1.6770000457763672,0.0,0.0
feature.Seral.CWHvm_HW_CW_M.overmature,2,20,10,0.0,10000.0,1.0,1.0,1.6770000457763672,0.0,0.0
feature.Seral.CWHvm_HW_CW_M.overmature,3,30,10,0.0,10000.0,1.0,1.0,13.607000350952148,0.0,0.0
feature.Seral.CWHvm_HW_CW_M.overmature,4,40,10,0.0,10000.0,1.0,1.0,2.7730000019073486,0.0,0.0
feature.Seral.CWHvm_HW_CW_M.overmature,5,50,10,0.0,10000.0,1.0,1.0,2.7730000019073486,0.0,0.0
feature.Seral.CWHvm_HW_CW_M.overmature,6,60,10,0.0,10000.0,1.0,1.0,2.7730000019073486,0.0,0.0
feature.Seral.CWHvm_HW_CW_M.overmature,7,70,10,0.0,10000.0,1.0,1.0,2.7730000019073486,0.0,0.0
feature.Seral.CWHvm_HW_CW_M.overmature,8,80,10,0.0,10000.0,1.0,1.0,16.02400016784668,0.0,0.0
feature.Seral.CWHvm_HW_CW_M.overmature,9,90,10,0.0,10000.0,1.0,1.0,16.02400016784668,0.0,0.0
feature.Seral.CWHvm_HW_CW_M.overmature,10,100,10,0.0,10000.0,1.0,1.0,20.434999465942383,0.0,0.0
feature.Seral.CWHvm_HW_CW_M.overmature,11,110,10,0.0,10000.0,1.0,1.0,20.434999465942383,0.0,0.0
feature.Seral.CWHvm_HW_CW_M.overmature,12,120,10,0.0,10000.0,1.0,1.0,20.434999465942383,0.0,0.0
feature.Seral.CWHvm_HW_CW_M.overmature,13,130,10,0.0,10000.0,1.0,1.0,22.368000030517578,0.0,0.0
feature.Seral.CWHvm_HW_CW_M.overmature,14,140,10,0.0,10000.0,1.0,1.0,22.368000030517578,0.0,0.0
feature.Seral.CWHvm_HW_CW_M.overmature,15,150,10,0.0,10000.0,1.0,1.0,24.3799991607666,0.0,0.0
feature.Seral.CWHvm_HW_CW_M.overmature,16,160,10,0.0,10000.0,1.0,1.0,24.3799991607666,0.0,0.0
feature.Seral.CWHvm_HW_CW_M.overmature,17,170,10,0.0,10000.0,1.0,1.0,26.33799934387207,0.0,0.0
feature.Seral.CWHvm_HW_CW_M.overmature,18,180,10,0.0,10000.0,1.0,1.0,26.33799934387207,0.0,0.0
feature.Seral.CWHvm_HW_CW_M.overmature,19,190,10,0.0,10000.0,1.0,1.0,26.33799934387207,0.0,0.0
feature.Seral.CWHvm_HW_CW_M.overmature,20,200,10,0.0,10000.0,1.0,1.0,26.33799934387207,0.0,0.0
feature.Seral.CWHvm_HW_CW_M.overmature,21,210,10,0.0,10000.0,1.0,1.0,26.33799934387207,0.0,0.0
feature.Seral.CWHvm_HW_CW_M.overmature,22,220,10,0.0,10000.0,1.0,1.0,26.33799934387207,0.0,0.0
feature.Seral.CWHvm_HW_CW_M.overmature,23,230,10,0.0,10000.0,1.0,1.0,26.33799934387207,0.0,0.0
feature.Seral.CWHvm_HW_CW_M.overmature,24,240,10,0.0,10000.0,1.0,1.0,26.33799934387207,0.0,0.0
feature.Seral.CWHvm_HW_CW_M.overmature,25,250,10,0.0,10000.0,1.0,1.0,26.33799934387207,0.0,0.0
feature.Seral.CWHvm_HW_CW_M.overmature,26,260,10,0.0,10000.0,1.0,1.0,26.33799934387207,0.0,0.0
feature.Seral.CWHvm_HW_CW_M.overmature,27,270,10,0.0,10000.0,1.0,1.0,26.33799934387207,0.0,0.0
feature.Seral.CWHvm_HW_CW_M.overmature,28,280,10,0.0,10000.0,1.0,1.0,26.33799934387207,0.0,0.0
feature.Seral.CWHvm_HW_CW_M.overmature,29,290,10,0.0,10000.0,1.0,1.0,26.33799934387207,0.0,0.0
feature.Seral.CWHvm_HW_CW_M.overmature,30,300,10,0.0,10000.0,1.0,1.0,26.33799934387207,0.0,0.0
feature.Seral.CWHvm_HW_CW_M.regenerating,0,0,10,0.0,10000.0,1.0,1.0,0.0,0.0,0.0
feature.Seral.CWHvm_HW_CW_M.regenerating,1,10,10,0.0,10000.0,1.0,1.0,2.51200008392334,0.0,0.0
feature.Seral.CWHvm_HW_CW_M.regenerating,2,20,10,0.0,10000.0,1.0,1.0,0.0,0.0,0.0
feature.Seral.CWHvm_HW_CW_M.regenerating,3,30,10,0.0,10000.0,1.0,1.0,0.0,0.0,0.0
feature.Seral.CWHvm_HW_CW_M.regenerating,4,40,10,0.0,10000.0,1.0,1.0,0.0,0.0,0.0
feature.Seral.CWHvm_HW_CW_M.regenerating,5,50,10,0.0,10000.0,1.0,1.0,0.0,0.0,0.0
feature.Seral.CWHvm_HW_CW_M.regenerating,6,60,10,0.0,10000.0,1.0,1.0,0.0,0.0,0.0
feature.Seral.CWHvm_HW_CW_M.regenerating,7,70,10,0.0,10000.0,1.0,1.0,0.0,0.0,0.0
feature.Seral.CWHvm_HW_CW_M.regenerating,8,80,10,0.0,10000.0,1.0,1.0,0.0,0.0,0.0
feature.Seral.CWHvm_HW_CW_M.regenerating,9,90,10,0.0,10000.0,1.0,1.0,0.0,0.0,0.0
feature.Seral.CWHvm_HW_CW_M.regenerating,10,100,10,0.0,10000.0,1.0,1.0,0.0,0.0,0.0
feature.Seral.CWHvm_HW_CW_M.regenerating,11,110,10,0.0,10000.0,1.0,1.0,0.0,0.0,0.0
feature.Seral.CWHvm_HW_CW_M.regenerating,12,120,10,0.0,10000.0,1.0,1.0,0.0,0.0,0.0
feature.Seral.CWHvm_HW_CW_M.regenerating,13,130,10,0.0,10000.0,1.0,1.0,1.6740000247955322,0.0,0.0
feature.Seral.CWHvm_HW_CW_M.regenerating,14,140,10,0.0,10000.0,1.0,1.0,0.0,0.0,0.0
feature.Seral.CWHvm_HW_CW_M.regenerating,15,150,10,0.0,10000.0,1.0,1.0,0.0,0.0,0.0
feature.Seral.CWHvm_HW_CW_M.regenerating,16,160,10,0.0,10000.0,1.0,1.0,5.2729997634887695,0.0,0.0
feature.Seral.CWHvm_HW_CW_M.regenerating,17,170,10,0.0,10000.0,1.0,1.0,0.0,0.0,0.0
feature.Seral.CWHvm_HW_CW_M.regenerating,18,180,10,0.0,10000.0,1.0,1.0,0.0,0.0,0.0
feature.Seral.CWHvm_HW_CW_M.regenerating,19,190,10,0.0,10000.0,1.0,1.0,0.0,0.0,0.0
feature.Seral.CWHvm_HW_CW_M.regenerating,20,200,10,0.0,10000.0,1.0,1.0,0.0,0.0,0.0
feature.Seral.CWHvm_HW_CW_M.regenerating,21,210,10,0.0,10000.0,1.0,1.0,0.0,0.0,0.0
feature.Seral.CWHvm_HW_CW_M.regenerating,22,220,10,0.0,10000.0,1.0,1.0,0.0,0.0,0.0
feature.Seral.CWHvm_HW_CW_M.regenerating,23,230,10,0.0,10000.0,1.0,1.0,0.0,0.0,0.0
feature.Seral.CWHvm_HW_CW_M.regenerating,24,240,10,0.0,10000.0,1.0,1.0,0.0,0.0,0.0
feature.Seral.CWHvm_HW_CW_M.regenerating,25,250,10,0.0,10000.0,1.0,1.0,1.6740000247955322,0.0,0.0
feature.Seral.CWHvm_HW_CW_M.regenerating,26,260,10,0.0,10000.0,1.0,1.0,10.833999633789062,0.0,0.0
feature.Seral.CWHvm_HW_CW_M.regenerating,27,270,10,0.0,10000.0,1.0,1.0,0.0,0.0,0.0
feature.Seral.CWHvm_HW_CW_M.regenerating,28,280,10,0.0,10000.0,1.0,1.0,4.366000175476074,0.0,0.0
feature.Seral.CWHvm_HW_CW_M.regenerating,29,290,10,0.0,10000.0,1.0,1.0,5.2729997634887695,0.0,0.0
feature.Seral.CWHvm_HW_CW_M.regenerating,30,300,10,0.0,10000.0,1.0,1.0,1.9040000438690186,0.0,0.0
feature.Seral.CWHvm_HW_CW_M.young,0,0,10,0.0,10000.0,1.0,1.0,0.0,0.0,0.0
feature.Seral.CWHvm_HW_CW_M.young,1,10,10,0.0,10000.0,1.0,1.0,4.366000175476074,0.0,0.0
feature.Seral.CWHvm_HW_CW_M.young,2,20,10,0.0,10000.0,1.0,1.0,6.877999782562256,0.0,0.0
feature.Seral.CWHvm_HW_CW_M.young,3,30,10,0.0,10000.0,1.0,1.0,7.784999847412109,0.0,0.0
feature.Seral.CWHvm_HW_CW_M.young,4,40,10,0.0,10000.0,1.0,1.0,17.17300033569336,0.0,0.0
feature.Seral.CWHvm_HW_CW_M.young,5,50,10,0.0,10000.0,1.0,1.0,11.899999618530273,0.0,0.0
feature.Seral.CWHvm_HW_CW_M.young,6,60,10,0.0,10000.0,1.0,1.0,0.0,0.0,0.0
feature.Seral.CWHvm_HW_CW_M.young,7,70,10,0.0,10000.0,1.0,1.0,0.0,0.0,0.0
feature.Seral.CWHvm_HW_CW_M.young,8,80,10,0.0,10000.0,1.0,1.0,0.0,0.0,0.0
feature.Seral.CWHvm_HW_CW_M.young,9,90,10,0.0,10000.0,1.0,1.0,0.0,0.0,0.0
feature.Seral.CWHvm_HW_CW_M.young,10,100,10,0.0,10000.0,1.0,1.0,0.0,0.0,0.0
feature.Seral.CWHvm_HW_CW_M.young,11,110,10,0.0,10000.0,1.0,1.0,0.0,0.0,0.0
feature.Seral.CWHvm_HW_CW_M.young,12,120,10,0.0,10000.0,1.0,1.0,0.0,0.0,0.0
feature.Seral.CWHvm_HW_CW_M.young,13,130,10,0.0,10000.0,1.0,1.0,0.0,0.0,0.0
feature.Seral.CWHvm_HW_CW_M.young,14,140,10,0.0,10000.0,1.0,1.0,1.6740000247955322,0.0,0.0
feature.Seral.CWHvm_HW_CW_M.young,15,150,10,0.0,10000.0,1.0,1.0,16.874000549316406,0.0,0.0
feature.Seral.CWHvm_HW_CW_M.young,16,160,10,0.0,10000.0,1.0,1.0,16.038000106811523,0.0,0.0
feature.Seral.CWHvm_HW_CW_M.young,17,170,10,0.0,10000.0,1.0,1.0,7.177000045776367,0.0,0.0
feature.Seral.CWHvm_HW_CW_M.young,18,180,10,0.0,10000.0,1.0,1.0,6.339000225067139,0.0,0.0
feature.Seral.CWHvm_HW_CW_M.young,19,190,10,0.0,10000.0,1.0,1.0,0.0,0.0,0.0
feature.Seral.CWHvm_HW_CW_M.young,20,200,10,0.0,10000.0,1.0,1.0,0.0,0.0,0.0
feature.Seral.CWHvm_HW_CW_M.young,21,210,10,0.0,10000.0,1.0,1.0,0.0,0.0,0.0
feature.Seral.CWHvm_HW_CW_M.young,22,220,10,0.0,10000.0,1.0,1.0,0.0,0.0,0.0
feature.Seral.CWHvm_HW_CW_M.young,23,230,10,0.0,10000.0,1.0,1.0,0.0,0.0,0.0
feature.Seral.CWHvm_HW_CW_M.young,24,240,10,0.0,10000.0,1.0,1.0,0.0,0.0,0.0
feature.Seral.CWHvm_HW_CW_M.young,25,250,10,0.0,10000.0,1.0,1.0,0.0,0.0,0.0
feature.Seral.CWHvm_HW_CW_M.young,26,260,10,0.0,10000.0,1.0,1.0,1.6740000247955322,0.0,0.0
feature.Seral.CWHvm_HW_CW_M.young,27,270,10,0.0,10000.0,1.0,1.0,12.508000373840332,0.0,0.0
feature.Seral.CWHvm_HW_CW_M.young,28,280,10,0.0,10000.0,1.0,1.0,10.833999633789062,0.0,0.0
feature.Seral.CWHvm_HW_CW_M.young,29,290,10,0.0,10000.0,1.0,1.0,4.366000175476074,0.0,0.0
feature.Seral.CWHvm_HW_CW_M.young,30,300,10,0.0,10000.0,1.0,1.0,9.638999938964844,0.0,0.0
feature.Seral.CWHvm_HW_FDC_H.immature,0,0,10,0.0,10000.0,1.0,1.0,329.4540100097656,0.0,0.0
feature.Seral.CWHvm_HW_FDC_H.immature,1,10,10,0.0,10000.0,1.0,1.0,329.4540100097656,0.0,0.0
feature.Seral.CWHvm_HW_FDC_H.immature,2,20,10,0.0,10000.0,1.0,1.0,316.5379943847656,0.0,0.0
feature.Seral.CWHvm_HW_FDC_H.immature,3,30,10,0.0,10000.0,1.0,1.0,283.4530029296875,0.0,0.0
feature.Seral.CWHvm_HW_FDC_H.immature,4,40,10,0.0,10000.0,1.0,1.0,145.9600067138672,0.0,0.0
feature.Seral.CWHvm_HW_FDC_H.immature,5,50,10,0.0,10000.0,1.0,1.0,65.14199829101562,0.0,0.0
feature.Seral.CWHvm_HW_FDC_H.immature,6,60,10,0.0,10000.0,1.0,1.0,89.78299713134766,0.0,0.0
feature.Seral.CWHvm_HW_FDC_H.immature,7,70,10,0.0,10000.0,1.0,1.0,147.13400268554688,0.0,0.0
feature.Seral.CWHvm_HW_FDC_H.immature,8,80,10,0.0,10000.0,1.0,1.0,180.50100708007812,0.0,0.0
feature.Seral.CWHvm_HW_FDC_H.immature,9,90,10,0.0,10000.0,1.0,1.0,178.51600646972656,0.0,0.0
feature.Seral.CWHvm_HW_FDC_H.immature,10,100,10,0.0,10000.0,1.0,1.0,144.18299865722656,0.0,0.0
feature.Seral.CWHvm_HW_FDC_H.immature,11,110,10,0.0,10000.0,1.0,1.0,164.88999938964844,0.0,0.0
feature.Seral.CWHvm_HW_FDC_H.immature,12,120,10,0.0,10000.0,1.0,1.0,138.16799926757812,0.0,0.0
feature.Seral.CWHvm_HW_FDC_H.immature,13,130,10,0.0,10000.0,1.0,1.0,152.031005859375,0.0,0.0
feature.Seral.CWHvm_HW_FDC_H.immature,14,140,10,0.0,10000.0,1.0,1.0,136.1739959716797,0.0,0.0
feature.Seral.CWHvm_HW_FDC_H.immature,15,150,10,0.0,10000.0,1.0,1.0,167.46800231933594,0.0,0.0
feature.Seral.CWHvm_HW_FDC_H.immature,16,160,10,0.0,10000.0,1.0,1.0,188.58900451660156,0.0,0.0
feature.Seral.CWHvm_HW_FDC_H.immature,17,170,10,0.0,10000.0,1.0,1.0,177.97500610351562,0.0,0.0
feature.Seral.CWHvm_HW_FDC_H.immature,18,180,10,0.0,10000.0,1.0,1.0,159.66400146484375,0.0,0.0
feature.Seral.CWHvm_HW_FDC_H.immature,19,190,10,0.0,10000.0,1.0,1.0,157.7259979248047,0.0,0.0
feature.Seral.CWHvm_HW_FDC_H.immature,20,200,10,0.0,10000.0,1.0,1.0,179.42599487304688,0.0,0.0
feature.Seral.CWHvm_HW_FDC_H.immature,21,210,10,0.0,10000.0,1.0,1.0,181.9149932861328,0.0,0.0
feature.Seral.CWHvm_HW_FDC_H.immature,22,220,10,0.0,10000.0,1.0,1.0,156.2429962158203,0.0,0.0
feature.Seral.CWHvm_HW_FDC_H.immature,23,230,10,0.0,10000.0,1.0,1.0,151.968994140625,0.0,0.0
feature.Seral.CWHvm_HW_FDC_H.immature,24,240,10,0.0,10000.0,1.0,1.0,149.08999633789062,0.0,0.0
feature.Seral.CWHvm_HW_FDC_H.immature,25,250,10,0.0,10000.0,1.0,1.0,108.2030029296875,0.0,0.0
feature.Seral.CWHvm_HW_FDC_H.immature,26,260,10,0.0,10000.0,1.0,1.0,131.80299377441406,0.0,0.0
feature.Seral.CWHvm_HW_FDC_H.immature,27,270,10,0.0,10000.0,1.0,1.0,141.1020050048828,0.0,0.0
feature.Seral.CWHvm_HW_FDC_H.immature,28,280,10,0.0,10000.0,1.0,1.0,166.87399291992188,0.0,0.0
feature.Seral.CWHvm_HW_FDC_H.immature,29,290,10,0.0,10000.0,1.0,1.0,156.10000610351562,0.0,0.0
feature.Seral.CWHvm_HW_FDC_H.immature,30,300,10,0.0,10000.0,1.0,1.0,169.78599548339844,0.0,0.0
feature.Seral.CWHvm_HW_FDC_H.mature,0,0,10,0.0,10000.0,1.0,1.0,79.08300018310547,0.0,0.0
feature.Seral.CWHvm_HW_FDC_H.mature,1,10,10,0.0,10000.0,1.0,1.0,65.34500122070312,0.0,0.0
feature.Seral.CWHvm_HW_FDC_H.mature,2,20,10,0.0,10000.0,1.0,1.0,43.345001220703125,0.0,0.0
feature.Seral.CWHvm_HW_FDC_H.mature,3,30,10,0.0,10000.0,1.0,1.0,61.11199951171875,0.0,0.0
feature.Seral.CWHvm_HW_FDC_H.mature,4,40,10,0.0,10000.0,1.0,1.0,187.22799682617188,0.0,0.0
feature.Seral.CWHvm_HW_FDC_H.mature,5,50,10,0.0,10000.0,1.0,1.0,249.1009979248047,0.0,0.0
feature.Seral.CWHvm_HW_FDC_H.mature,6,60,10,0.0,10000.0,1.0,1.0,219.0959930419922,0.0,0.0
feature.Seral.CWHvm_HW_FDC_H.mature,7,70,10,0.0,10000.0,1.0,1.0,219.0959930419922,0.0,0.0
feature.Seral.CWHvm_HW_FDC_H.mature,8,80,10,0.0,10000.0,1.0,1.0,197.50799560546875,0.0,0.0
feature.Seral.CWHvm_HW_FDC_H.mature,9,90,10,0.0,10000.0,1.0,1.0,181.87899780273438,0.0,0.0
feature.Seral.CWHvm_HW_FDC_H.mature,10,100,10,0.0,10000.0,1.0,1.0,163.156005859375,0.0,0.0
feature.Seral.CWHvm_HW_FDC_H.mature,11,110,10,0.0,10000.0,1.0,1.0,163.156005859375,0.0,0.0
feature.Seral.CWHvm_HW_FDC_H.mature,12,120,10,0.0,10000.0,1.0,1.0,163.156005859375,0.0,0.0
feature.Seral.CWHvm_HW_FDC_H.mature,13,130,10,0.0,10000.0,1.0,1.0,129.84500122070312,0.0,0.0
feature.Seral.CWHvm_HW_FDC_H.mature,14,140,10,0.0,10000.0,1.0,1.0,140.7760009765625,0.0,0.0
feature.Seral.CWHvm_HW_FDC_H.mature,15,150,10,0.0,10000.0,1.0,1.0,106.2300033569336,0.0,0.0
feature.Seral.CWHvm_HW_FDC_H.mature,16,160,10,0.0,10000.0,1.0,1.0,18.94700050354004,0.0,0.0
feature.Seral.CWHvm_HW_FDC_H.mature,17,170,10,0.0,10000.0,1.0,1.0,6.394999980926514,0.0,0.0
feature.Seral.CWHvm_HW_FDC_H.mature,18,180,10,0.0,10000.0,1.0,1.0,6.394999980926514,0.0,0.0
feature.Seral.CWHvm_HW_FDC_H.mature,19,190,10,0.0,10000.0,1.0,1.0,0.0,0.0,0.0
feature.Seral.CWHvm_HW_FDC_H.mature,20,200,10,0.0,10000.0,1.0,1.0,0.0,0.0,0.0
feature.Seral.CWHvm_HW_FDC_H.mature,21,210,10,0.0,10000.0,1.0,1.0,0.0,0.0,0.0
feature.Seral.CWHvm_HW_FDC_H.mature,22,220,10,0.0,10000.0,1.0,1.0,33.31100082397461,0.0,0.0
feature.Seral.CWHvm_HW_FDC_H.mature,23,230,10,0.0,10000.0,1.0,1.0,33.31100082397461,0.0,0.0
feature.Seral.CWHvm_HW_FDC_H.mature,24,240,10,0.0,10000.0,1.0,1.0,13.232999801635742,0.0,0.0
feature.Seral.CWHvm_HW_FDC_H.mature,25,250,10,0.0,10000.0,1.0,1.0,0.0,0.0,0.0
feature.Seral.CWHvm_HW_FDC_H.mature,26,260,10,0.0,10000.0,1.0,1.0,14.932999610900879,0.0,0.0
feature.Seral.CWHvm_HW_FDC_H.mature,27,270,10,0.0,10000.0,1.0,1.0,13.373000144958496,0.0,0.0
feature.Seral.CWHvm_HW_FDC_H.mature,28,280,10,0.0,10000.0,1.0,1.0,0.0,0.0,0.0
feature.Seral.CWHvm_HW_FDC_H.mature,29,290,10,0.0,10000.0,1.0,1.0,6.394999980926514,0.0,0.0
feature.Seral.CWHvm_HW_FDC_H.mature,30,300,10,0.0,10000.0,1.0,1.0,0.0,0.0,0.0
feature.Seral.CWHvm_HW_FDC_H.overmature,0,0,10,0.0,10000.0,1.0,1.0,0.0,0.0,0.0
feature.Seral.CWHvm_HW_FDC_H.overmature,1,10,10,0.0,10000.0,1.0,1.0,0.0,0.0,0.0
feature.Seral.CWHvm_HW_FDC_H.overmature,2,20,10,0.0,10000.0,1.0,1.0,0.0,0.0,0.0
feature.Seral.CWHvm_HW_FDC_H.overmature,3,30,10,0.0,10000.0,1.0,1.0,0.0,0.0,0.0
feature.Seral.CWHvm_HW_FDC_H.overmature,4,40,10,0.0,10000.0,1.0,1.0,0.0,0.0,0.0
feature.Seral.CWHvm_HW_FDC_H.overmature,5,50,10,0.0,10000.0,1.0,1.0,0.0,0.0,0.0
feature.Seral.CWHvm_HW_FDC_H.overmature,6,60,10,0.0,10000.0,1.0,1.0,0.0,0.0,0.0
feature.Seral.CWHvm_HW_FDC_H.overmature,7,70,10,0.0,10000.0,1.0,1.0,0.0,0.0,0.0
feature.Seral.CWHvm_HW_FDC_H.overmature,8,80,10,0.0,10000.0,1.0,1.0,15.192999839782715,0.0,0.0
feature.Seral.CWHvm_HW_FDC_H.overmature,9,90,10,0.0,10000.0,1.0,1.0,15.192999839782715,0.0,0.0
feature.Seral.CWHvm_HW_FDC_H.overmature,10,100,10,0.0,10000.0,1.0,1.0,33.91600036621094,0.0,0.0
feature.Seral.CWHvm_HW_FDC_H.overmature,11,110,10,0.0,10000.0,1.0,1.0,33.91600036621094,0.0,0.0
feature.Seral.CWHvm_HW_FDC_H.overmature,12,120,10,0.0,10000.0,1.0,1.0,33.91600036621094,0.0,0.0
feature.Seral.CWHvm_HW_FDC_H.overmature,13,130,10,0.0,10000.0,1.0,1.0,33.91600036621094,0.0,0.0
feature.Seral.CWHvm_HW_FDC_H.overmature,14,140,10,0.0,10000.0,1.0,1.0,36.21799850463867,0.0,0.0
feature.Seral.CWHvm_HW_FDC_H.overmature,15,150,10,0.0,10000.0,1.0,1.0,72.46399688720703,0.0,0.0
feature.Seral.CWHvm_HW_FDC_H.overmature,16,160,10,0.0,10000.0,1.0,1.0,163.76100158691406,0.0,0.0
feature.Seral.CWHvm_HW_FDC_H.overmature,17,170,10,0.0,10000.0,1.0,1.0,163.76100158691406,0.0,0.0
feature.Seral.CWHvm_HW_FDC_H.overmature,18,180,10,0.0,10000.0,1.0,1.0,163.76100158691406,0.0,0.0
feature.Seral.CWHvm_HW_FDC_H.overmature,19,190,10,0.0,10000.0,1.0,1.0,163.76100158691406,0.0,0.0
feature.Seral.CWHvm_HW_FDC_H.overmature,20,200,10,0.0,10000.0,1.0,1.0,163.76100158691406,0.0,0.0
feature.Seral.CWHvm_HW_FDC_H.overmature,21,210,10,0.0,10000.0,1.0,1.0,163.76100158691406,0.0,0.0
feature.Seral.CWHvm_HW_FDC_H.overmature,22,220,10,0.0,10000.0,1.0,1.0,163.76100158691406,0.0,0.0
feature.Seral.CWHvm_HW_FDC_H.overmature,23,230,10,0.0,10000.0,1.0,1.0,163.76100158691406,0.0,0.0
feature.Seral.CWHvm_HW_FDC_H.overmature,24,240,10,0.0,10000.0,1.0,1.0,163.76100158691406,0.0,0.0
feature.Seral.CWHvm_HW_FDC_H.overmature,25,250,10,0.0,10000.0,1.0,1.0,163.76100158691406,0.0,0.0
feature.Seral.CWHvm_HW_FDC_H.overmature,26,260,10,0.0,10000.0,1.0,1.0,163.76100158691406,0.0,0.0
feature.Seral.CWHvm_HW_FDC_H.overmature,27,270,10,0.0,10000.0,1.0,1.0,163.76100158691406,0.0,0.0
feature.Seral.CWHvm_HW_FDC_H.overmature,28,280,10,0.0,10000.0,1.0,1.0,163.76100158691406,0.0,0.0
feature.Seral.CWHvm_HW_FDC_H.overmature,29,290,10,0.0,10000.0,1.0,1.0,163.76100158691406,0.0,0.0
feature.Seral.CWHvm_HW_FDC_H.overmature,30,300,10,0.0,10000.0,1.0,1.0,163.76100158691406,0.0,0.0
feature.Seral.CWHvm_HW_FDC_H.regenerating,0,0,10,0.0,10000.0,1.0,1.0,0.0,0.0,0.0
feature.Seral.CWHvm_HW_FDC_H.regenerating,1,10,10,0.0,10000.0,1.0,1.0,0.0,0.0,0.0
feature.Seral.CWHvm_HW_FDC_H.regenerating,2,20,10,0.0,10000.0,1.0,1.0,12.916000366210938,0.0,0.0
feature.Seral.CWHvm_HW_FDC_H.regenerating,3,30,10,0.0,10000.0,1.0,1.0,12.567999839782715,0.0,0.0
feature.Seral.CWHvm_HW_FDC_H.regenerating,4,40,10,0.0,10000.0,1.0,1.0,21.304000854492188,0.0,0.0
feature.Seral.CWHvm_HW_FDC_H.regenerating,5,50,10,0.0,10000.0,1.0,1.0,12.302000045776367,0.0,0.0
feature.Seral.CWHvm_HW_FDC_H.regenerating,6,60,10,0.0,10000.0,1.0,1.0,8.9399995803833,0.0,0.0
feature.Seral.CWHvm_HW_FDC_H.regenerating,7,70,10,0.0,10000.0,1.0,1.0,0.0,0.0,0.0
feature.Seral.CWHvm_HW_FDC_H.regenerating,8,80,10,0.0,10000.0,1.0,1.0,0.0,0.0,0.0
feature.Seral.CWHvm_HW_FDC_H.regenerating,9,90,10,0.0,10000.0,1.0,1.0,0.0,0.0,0.0
feature.Seral.CWHvm_HW_FDC_H.regenerating,10,100,10,0.0,10000.0,1.0,1.0,20.61400032043457,0.0,0.0
feature.Seral.CWHvm_HW_FDC_H.regenerating,11,110,10,0.0,10000.0,1.0,1.0,5.8470001220703125,0.0,0.0
feature.Seral.CWHvm_HW_FDC_H.regenerating,12,120,10,0.0,10000.0,1.0,1.0,30.197999954223633,0.0,0.0
feature.Seral.CWHvm_HW_FDC_H.regenerating,13,130,10,0.0,10000.0,1.0,1.0,2.9679999351501465,0.0,0.0
feature.Seral.CWHvm_HW_FDC_H.regenerating,14,140,10,0.0,10000.0,1.0,1.0,2.941999912261963,0.0,0.0
feature.Seral.CWHvm_HW_FDC_H.regenerating,15,150,10,0.0,10000.0,1.0,1.0,13.232999801635742,0.0,0.0
feature.Seral.CWHvm_HW_FDC_H.regenerating,16,160,10,0.0,10000.0,1.0,1.0,0.0,0.0,0.0
feature.Seral.CWHvm_HW_FDC_H.regenerating,17,170,10,0.0,10000.0,1.0,1.0,41.5989990234375,0.0,0.0
feature.Seral.CWHvm_HW_FDC_H.regenerating,18,180,10,0.0,10000.0,1.0,1.0,15.914999961853027,0.0,0.0
feature.Seral.CWHvm_HW_FDC_H.regenerating,19,190,10,0.0,10000.0,1.0,1.0,6.394999980926514,0.0,0.0
feature.Seral.CWHvm_HW_FDC_H.regenerating,20,200,10,0.0,10000.0,1.0,1.0,31.31599998474121,0.0,0.0
feature.Seral.CWHvm_HW_FDC_H.regenerating,21,210,10,0.0,10000.0,1.0,1.0,13.295999526977539,0.0,0.0
feature.Seral.CWHvm_HW_FDC_H.regenerating,22,220,10,0.0,10000.0,1.0,1.0,2.9679999351501465,0.0,0.0
feature.Seral.CWHvm_HW_FDC_H.regenerating,23,230,10,0.0,10000.0,1.0,1.0,43.231998443603516,0.0,0.0
feature.Seral.CWHvm_HW_FDC_H.regenerating,24,240,10,0.0,10000.0,1.0,1.0,36.25299835205078,0.0,0.0
feature.Seral.CWHvm_HW_FDC_H.regenerating,25,250,10,0.0,10000.0,1.0,1.0,57.0880012512207,0.0,0.0
feature.Seral.CWHvm_HW_FDC_H.regenerating,26,260,10,0.0,10000.0,1.0,1.0,4.698999881744385,0.0,0.0
feature.Seral.CWHvm_HW_FDC_H.regenerating,27,270,10,0.0,10000.0,1.0,1.0,28.513999938964844,0.0,0.0
feature.Seral.CWHvm_HW_FDC_H.regenerating,28,280,10,0.0,10000.0,1.0,1.0,44.68899917602539,0.0,0.0
feature.Seral.CWHvm_HW_FDC_H.regenerating,29,290,10,0.0,10000.0,1.0,1.0,9.07800006866455,0.0,0.0
feature.Seral.CWHvm_HW_FDC_H.regenerating,30,300,10,0.0,10000.0,1.0,1.0,21.222999572753906,0.0,0.0
feature.Seral.CWHvm_HW_FDC_H.young,0,0,10,0.0,10000.0,1.0,1.0,0.0,0.0,0.0
feature.Seral.CWHvm_HW_FDC_H.young,1,10,10,0.0,10000.0,1.0,1.0,13.73799991607666,0.0,0.0
feature.Seral.CWHvm_HW_FDC_H.young,2,20,10,0.0,10000.0,1.0,1.0,35.737998962402344,0.0,0.0
feature.Seral.CWHvm_HW_FDC_H.young,3,30,10,0.0,10000.0,1.0,1.0,51.40399932861328,0.0,0.0
feature.Seral.CWHvm_HW_FDC_H.young,4,40,10,0.0,10000.0,1.0,1.0,54.04499816894531,0.0,0.0
feature.Seral.CWHvm_HW_FDC_H.young,5,50,10,0.0,10000.0,1.0,1.0,81.99199676513672,0.0,0.0
feature.Seral.CWHvm_HW_FDC_H.young,6,60,10,0.0,10000.0,1.0,1.0,90.71800231933594,0.0,0.0
feature.Seral.CWHvm_HW_FDC_H.young,7,70,10,0.0,10000.0,1.0,1.0,42.30699920654297,0.0,0.0
feature.Seral.CWHvm_HW_FDC_H.young,8,80,10,0.0,10000.0,1.0,1.0,15.335000038146973,0.0,0.0
feature.Seral.CWHvm_HW_FDC_H.young,9,90,10,0.0,10000.0,1.0,1.0,32.94900131225586,0.0,0.0
feature.Seral.CWHvm_HW_FDC_H.young,10,100,10,0.0,10000.0,1.0,1.0,46.667999267578125,0.0,0.0
feature.Seral.CWHvm_HW_FDC_H.young,11,110,10,0.0,10000.0,1.0,1.0,40.72800064086914,0.0,0.0
feature.Seral.CWHvm_HW_FDC_H.young,12,120,10,0.0,10000.0,1.0,1.0,43.0989990234375,0.0,0.0
feature.Seral.CWHvm_HW_FDC_H.young,13,130,10,0.0,10000.0,1.0,1.0,89.7770004272461,0.0,0.0
feature.Seral.CWHvm_HW_FDC_H.young,14,140,10,0.0,10000.0,1.0,1.0,92.427001953125,0.0,0.0
feature.Seral.CWHvm_HW_FDC_H.young,15,150,10,0.0,10000.0,1.0,1.0,49.141998291015625,0.0,0.0
feature.Seral.CWHvm_HW_FDC_H.young,16,160,10,0.0,10000.0,1.0,1.0,37.2400016784668,0.0,0.0
feature.Seral.CWHvm_HW_FDC_H.young,17,170,10,0.0,10000.0,1.0,1.0,18.80699920654297,0.0,0.0
feature.Seral.CWHvm_HW_FDC_H.young,18,180,10,0.0,10000.0,1.0,1.0,62.801998138427734,0.0,0.0
feature.Seral.CWHvm_HW_FDC_H.young,19,190,10,0.0,10000.0,1.0,1.0,80.65499877929688,0.0,0.0
feature.Seral.CWHvm_HW_FDC_H.young,20,200,10,0.0,10000.0,1.0,1.0,34.034000396728516,0.0,0.0
feature.Seral.CWHvm_HW_FDC_H.young,21,210,10,0.0,10000.0,1.0,1.0,49.564998626708984,0.0,0.0
feature.Seral.CWHvm_HW_FDC_H.young,22,220,10,0.0,10000.0,1.0,1.0,52.25400161743164,0.0,0.0
feature.Seral.CWHvm_HW_FDC_H.young,23,230,10,0.0,10000.0,1.0,1.0,16.263999938964844,0.0,0.0
feature.Seral.CWHvm_HW_FDC_H.young,24,240,10,0.0,10000.0,1.0,1.0,46.20000076293945,0.0,0.0
feature.Seral.CWHvm_HW_FDC_H.young,25,250,10,0.0,10000.0,1.0,1.0,79.48500061035156,0.0,0.0
feature.Seral.CWHvm_HW_FDC_H.young,26,260,10,0.0,10000.0,1.0,1.0,93.34100341796875,0.0,0.0
feature.Seral.CWHvm_HW_FDC_H.young,27,270,10,0.0,10000.0,1.0,1.0,61.7869987487793,0.0,0.0
feature.Seral.CWHvm_HW_FDC_H.young,28,280,10,0.0,10000.0,1.0,1.0,33.2130012512207,0.0,0.0
feature.Seral.CWHvm_HW_FDC_H.young,29,290,10,0.0,10000.0,1.0,1.0,73.2030029296875,0.0,0.0
feature.Seral.CWHvm_HW_FDC_H.young,30,300,10,0.0,10000.0,1.0,1.0,53.766998291015625,0.0,0.0
feature.Seral.CWHvm_HW_FDC_L.immature,0,0,10,0.0,10000.0,1.0,1.0,96.09500122070312,0.0,0.0
feature.Seral.CWHvm_HW_FDC_L.immature,1,10,10,0.0,10000.0,1.0,1.0,90.5479965209961,0.0,0.0
feature.Seral.CWHvm_HW_FDC_L.immature,2,20,10,0.0,10000.0,1.0,1.0,84.11199951171875,0.0,0.0
feature.Seral.CWHvm_HW_FDC_L.immature,3,30,10,0.0,10000.0,1.0,1.0,87.74299621582031,0.0,0.0
feature.Seral.CWHvm_HW_FDC_L.immature,4,40,10,0.0,10000.0,1.0,1.0,90.50700378417969,0.0,0.0
feature.Seral.CWHvm_HW_FDC_L.immature,5,50,10,0.0,10000.0,1.0,1.0,30.079999923706055,0.0,0.0
feature.Seral.CWHvm_HW_FDC_L.immature,6,60,10,0.0,10000.0,1.0,1.0,17.66699981689453,0.0,0.0
feature.Seral.CWHvm_HW_FDC_L.immature,7,70,10,0.0,10000.0,1.0,1.0,21.9950008392334,0.0,0.0
feature.Seral.CWHvm_HW_FDC_L.immature,8,80,10,0.0,10000.0,1.0,1.0,46.17499923706055,0.0,0.0
feature.Seral.CWHvm_HW_FDC_L.immature,9,90,10,0.0,10000.0,1.0,1.0,47.23400115966797,0.0,0.0
feature.Seral.CWHvm_HW_FDC_L.immature,10,100,10,0.0,10000.0,1.0,1.0,54.75699996948242,0.0,0.0
feature.Seral.CWHvm_HW_FDC_L.immature,11,110,10,0.0,10000.0,1.0,1.0,45.74700164794922,0.0,0.0
feature.Seral.CWHvm_HW_FDC_L.immature,12,120,10,0.0,10000.0,1.0,1.0,49.19499969482422,0.0,0.0
feature.Seral.CWHvm_HW_FDC_L.immature,13,130,10,0.0,10000.0,1.0,1.0,50.20600128173828,0.0,0.0
feature.Seral.CWHvm_HW_FDC_L.immature,14,140,10,0.0,10000.0,1.0,1.0,59.215999603271484,0.0,0.0
feature.Seral.CWHvm_HW_FDC_L.immature,15,150,10,0.0,10000.0,1.0,1.0,56.98699951171875,0.0,0.0
feature.Seral.CWHvm_HW_FDC_L.immature,16,160,10,0.0,10000.0,1.0,1.0,32.80699920654297,0.0,0.0
feature.Seral.CWHvm_HW_FDC_L.immature,17,170,10,0.0,10000.0,1.0,1.0,22.479999542236328,0.0,0.0
feature.Seral.CWHvm_HW_FDC_L.immature,18,180,10,0.0,10000.0,1.0,1.0,16.447999954223633,0.0,0.0
feature.Seral.CWHvm_HW_FDC_L.immature,19,190,10,0.0,10000.0,1.0,1.0,31.27199935913086,0.0,0.0
feature.Seral.CWHvm_HW_FDC_L.immature,20,200,10,0.0,10000.0,1.0,1.0,23.825000762939453,0.0,0.0
feature.Seral.CWHvm_HW_FDC_L.immature,21,210,10,0.0,10000.0,1.0,1.0,40.862998962402344,0.0,0.0
feature.Seral.CWHvm_HW_FDC_L.immature,22,220,10,0.0,10000.0,1.0,1.0,44.38199996948242,0.0,0.0
feature.Seral.CWHvm_HW_FDC_L.immature,23,230,10,0.0,10000.0,1.0,1.0,56.641998291015625,0.0,0.0
feature.Seral.CWHvm_HW_FDC_L.immature,24,240,10,0.0,10000.0,1.0,1.0,61.314998626708984,0.0,0.0
feature.Seral.CWHvm_HW_FDC_L.immature,25,250,10,0.0,10000.0,1.0,1.0,56.98699951171875,0.0,0.0
feature.Seral.CWHvm_HW_FDC_L.immature,26,260,10,0.0,10000.0,1.0,1.0,36.61600112915039,0.0,0.0
feature.Seral.CWHvm_HW_FDC_L.immature,27,270,10,0.0,10000.0,1.0,1.0,36.61600112915039,0.0,0.0
feature.Seral.CWHvm_HW_FDC_L.immature,28,280,10,0.0,10000.0,1.0,1.0,37.856998443603516,0.0,0.0
feature.Seral.CWHvm_HW_FDC_L.immature,29,290,10,0.0,10000.0,1.0,1.0,32.762001037597656,0.0,0.0
feature.Seral.CWHvm_HW_FDC_L.immature,30,300,10,0.0,10000.0,1.0,1.0,24.698999404907227,0.0,0.0
feature.Seral.CWHvm_HW_FDC_L.mature,0,0,10,0.0,10000.0,1.0,1.0,53.327999114990234,0.0,0.0
feature.Seral.CWHvm_HW_FDC_L.mature,1,10,10,0.0,10000.0,1.0,1.0,52.31700134277344,0.0,0.0
feature.Seral.CWHvm_HW_FDC_L.mature,2,20,10,0.0,10000.0,1.0,1.0,49.74300003051758,0.0,0.0
feature.Seral.CWHvm_HW_FDC_L.mature,3,30,10,0.0,10000.0,1.0,1.0,50.57099914550781,0.0,0.0
feature.Seral.CWHvm_HW_FDC_L.mature,4,40,10,0.0,10000.0,1.0,1.0,53.770999908447266,0.0,0.0
feature.Seral.CWHvm_HW_FDC_L.mature,5,50,10,0.0,10000.0,1.0,1.0,103.2030029296875,0.0,0.0
feature.Seral.CWHvm_HW_FDC_L.mature,6,60,10,0.0,10000.0,1.0,1.0,96.84500122070312,0.0,0.0
feature.Seral.CWHvm_HW_FDC_L.mature,7,70,10,0.0,10000.0,1.0,1.0,86.51799774169922,0.0,0.0
feature.Seral.CWHvm_HW_FDC_L.mature,8,80,10,0.0,10000.0,1.0,1.0,44.768001556396484,0.0,0.0
feature.Seral.CWHvm_HW_FDC_L.mature,9,90,10,0.0,10000.0,1.0,1.0,44.768001556396484,0.0,0.0
feature.Seral.CWHvm_HW_FDC_L.mature,10,100,10,0.0,10000.0,1.0,1.0,38.3650016784668,0.0,0.0
feature.Seral.CWHvm_HW_FDC_L.mature,11,110,10,0.0,10000.0,1.0,1.0,38.3650016784668,0.0,0.0
feature.Seral.CWHvm_HW_FDC_L.mature,12,120,10,0.0,10000.0,1.0,1.0,38.3650016784668,0.0,0.0
feature.Seral.CWHvm_HW_FDC_L.mature,13,130,10,0.0,10000.0,1.0,1.0,37.5369987487793,0.0,0.0
feature.Seral.CWHvm_HW_FDC_L.mature,14,140,10,0.0,10000.0,1.0,1.0,37.42399978637695,0.0,0.0
feature.Seral.CWHvm_HW_FDC_L.mature,15,150,10,0.0,10000.0,1.0,1.0,2.4590001106262207,0.0,0.0
feature.Seral.CWHvm_HW_FDC_L.mature,16,160,10,0.0,10000.0,1.0,1.0,9.355999946594238,0.0,0.0
feature.Seral.CWHvm_HW_FDC_L.mature,17,170,10,0.0,10000.0,1.0,1.0,19.683000564575195,0.0,0.0
feature.Seral.CWHvm_HW_FDC_L.mature,18,180,10,0.0,10000.0,1.0,1.0,17.687999725341797,0.0,0.0
feature.Seral.CWHvm_HW_FDC_L.mature,19,190,10,0.0,10000.0,1.0,1.0,8.331999778747559,0.0,0.0
feature.Seral.CWHvm_HW_FDC_L.mature,20,200,10,0.0,10000.0,1.0,1.0,4.813000202178955,0.0,0.0
feature.Seral.CWHvm_HW_FDC_L.mature,21,210,10,0.0,10000.0,1.0,1.0,0.0,0.0,0.0
feature.Seral.CWHvm_HW_FDC_L.mature,22,220,10,0.0,10000.0,1.0,1.0,0.0,0.0,0.0
feature.Seral.CWHvm_HW_FDC_L.mature,23,230,10,0.0,10000.0,1.0,1.0,0.0,0.0,0.0
feature.Seral.CWHvm_HW_FDC_L.mature,24,240,10,0.0,10000.0,1.0,1.0,0.0,0.0,0.0
feature.Seral.CWHvm_HW_FDC_L.mature,25,250,10,0.0,10000.0,1.0,1.0,0.0,0.0,0.0
feature.Seral.CWHvm_HW_FDC_L.mature,26,260,10,0.0,10000.0,1.0,1.0,0.0,0.0,0.0
feature.Seral.CWHvm_HW_FDC_L.mature,27,270,10,0.0,10000.0,1.0,1.0,0.0,0.0,0.0
feature.Seral.CWHvm_HW_FDC_L.mature,28,280,10,0.0,10000.0,1.0,1.0,3.0869998931884766,0.0,0.0
feature.Seral.CWHvm_HW_FDC_L.mature,29,290,10,0.0,10000.0,1.0,1.0,9.355999946594238,0.0,0.0
feature.Seral.CWHvm_HW_FDC_L.mature,30,300,10,0.0,10000.0,1.0,1.0,0.0,0.0,0.0
feature.Seral.CWHvm_HW_FDC_L.overmature,0,0,10,0.0,10000.0,1.0,1.0,3.890000104904175,0.0,0.0
feature.Seral.CWHvm_HW_FDC_L.overmature,1,10,10,0.0,10000.0,1.0,1.0,3.890000104904175,0.0,0.0
feature.Seral.CWHvm_HW_FDC_L.overmature,2,20,10,0.0,10000.0,1.0,1.0,3.890000104904175,0.0,0.0
feature.Seral.CWHvm_HW_FDC_L.overmature,3,30,10,0.0,10000.0,1.0,1.0,3.890000104904175,0.0,0.0
feature.Seral.CWHvm_HW_FDC_L.overmature,4,40,10,0.0,10000.0,1.0,1.0,3.890000104904175,0.0,0.0
feature.Seral.CWHvm_HW_FDC_L.overmature,5,50,10,0.0,10000.0,1.0,1.0,10.293000221252441,0.0,0.0
feature.Seral.CWHvm_HW_FDC_L.overmature,6,60,10,0.0,10000.0,1.0,1.0,10.293000221252441,0.0,0.0
feature.Seral.CWHvm_HW_FDC_L.overmature,7,70,10,0.0,10000.0,1.0,1.0,10.293000221252441,0.0,0.0
feature.Seral.CWHvm_HW_FDC_L.overmature,8,80,10,0.0,10000.0,1.0,1.0,47.22999954223633,0.0,0.0
feature.Seral.CWHvm_HW_FDC_L.overmature,9,90,10,0.0,10000.0,1.0,1.0,47.22999954223633,0.0,0.0
feature.Seral.CWHvm_HW_FDC_L.overmature,10,100,10,0.0,10000.0,1.0,1.0,53.632999420166016,0.0,0.0
feature.Seral.CWHvm_HW_FDC_L.overmature,11,110,10,0.0,10000.0,1.0,1.0,53.632999420166016,0.0,0.0
feature.Seral.CWHvm_HW_FDC_L.overmature,12,120,10,0.0,10000.0,1.0,1.0,53.632999420166016,0.0,0.0
feature.Seral.CWHvm_HW_FDC_L.overmature,13,130,10,0.0,10000.0,1.0,1.0,54.46099853515625,0.0,0.0
feature.Seral.CWHvm_HW_FDC_L.overmature,14,140,10,0.0,10000.0,1.0,1.0,54.57400131225586,0.0,0.0
feature.Seral.CWHvm_HW_FDC_L.overmature,15,150,10,0.0,10000.0,1.0,1.0,89.53900146484375,0.0,0.0
feature.Seral.CWHvm_HW_FDC_L.overmature,16,160,10,0.0,10000.0,1.0,1.0,91.99800109863281,0.0,0.0
feature.Seral.CWHvm_HW_FDC_L.overmature,17,170,10,0.0,10000.0,1.0,1.0,91.99800109863281,0.0,0.0
feature.Seral.CWHvm_HW_FDC_L.overmature,18,180,10,0.0,10000.0,1.0,1.0,91.99800109863281,0.0,0.0
feature.Seral.CWHvm_HW_FDC_L.overmature,19,190,10,0.0,10000.0,1.0,1.0,91.99800109863281,0.0,0.0
feature.Seral.CWHvm_HW_FDC_L.overmature,20,200,10,0.0,10000.0,1.0,1.0,91.99800109863281,0.0,0.0
feature.Seral.CWHvm_HW_FDC_L.overmature,21,210,10,0.0,10000.0,1.0,1.0,91.99800109863281,0.0,0.0
feature.Seral.CWHvm_HW_FDC_L.overmature,22,220,10,0.0,10000.0,1.0,1.0,91.99800109863281,0.0,0.0
feature.Seral.CWHvm_HW_FDC_L.overmature,23,230,10,0.0,10000.0,1.0,1.0,91.99800109863281,0.0,0.0
feature.Seral.CWHvm_HW_FDC_L.overmature,24,240,10,0.0,10000.0,1.0,1.0,91.99800109863281,0.0,0.0
feature.Seral.CWHvm_HW_FDC_L.overmature,25,250,10,0.0,10000.0,1.0,1.0,91.99800109863281,0.0,0.0
feature.Seral.CWHvm_HW_FDC_L.overmature,26,260,10,0.0,10000.0,1.0,1.0,91.99800109863281,0.0,0.0
feature.Seral.CWHvm_HW_FDC_L.overmature,27,270,10,0.0,10000.0,1.0,1.0,91.99800109863281,0.0,0.0
feature.Seral.CWHvm_HW_FDC_L.overmature,28,280,10,0.0,10000.0,1.0,1.0,91.99800109863281,0.0,0.0
feature.Seral.CWHvm_HW_FDC_L.overmature,29,290,10,0.0,10000.0,1.0,1.0,91.99800109863281,0.0,0.0
feature.Seral.CWHvm_HW_FDC_L.overmature,30,300,10,0.0,10000.0,1.0,1.0,91.99800109863281,0.0,0.0
feature.Seral.CWHvm_HW_FDC_L.regenerating,0,0,10,0.0,10000.0,1.0,1.0,0.0,0.0,0.0
feature.Seral.CWHvm_HW_FDC_L.regenerating,1,10,10,0.0,10000.0,1.0,1.0,0.0,0.0,0.0
feature.Seral.CWHvm_HW_FDC_L.regenerating,2,20,10,0.0,10000.0,1.0,1.0,3.0460000038146973,0.0,0.0
feature.Seral.CWHvm_HW_FDC_L.regenerating,3,30,10,0.0,10000.0,1.0,1.0,2.0989999771118164,0.0,0.0
feature.Seral.CWHvm_HW_FDC_L.regenerating,4,40,10,0.0,10000.0,1.0,1.0,0.0,0.0,0.0
feature.Seral.CWHvm_HW_FDC_L.regenerating,5,50,10,0.0,10000.0,1.0,1.0,3.309999942779541,0.0,0.0
feature.Seral.CWHvm_HW_FDC_L.regenerating,6,60,10,0.0,10000.0,1.0,1.0,0.0,0.0,0.0
feature.Seral.CWHvm_HW_FDC_L.regenerating,7,70,10,0.0,10000.0,1.0,1.0,3.7209999561309814,0.0,0.0
feature.Seral.CWHvm_HW_FDC_L.regenerating,8,80,10,0.0,10000.0,1.0,1.0,0.0,0.0,0.0
feature.Seral.CWHvm_HW_FDC_L.regenerating,9,90,10,0.0,10000.0,1.0,1.0,5.546999931335449,0.0,0.0
feature.Seral.CWHvm_HW_FDC_L.regenerating,10,100,10,0.0,10000.0,1.0,1.0,1.0110000371932983,0.0,0.0
feature.Seral.CWHvm_HW_FDC_L.regenerating,11,110,10,0.0,10000.0,1.0,1.0,9.010000228881836,0.0,0.0
feature.Seral.CWHvm_HW_FDC_L.regenerating,12,120,10,0.0,10000.0,1.0,1.0,2.0989999771118164,0.0,0.0
feature.Seral.CWHvm_HW_FDC_L.regenerating,13,130,10,0.0,10000.0,1.0,1.0,0.0,0.0,0.0
feature.Seral.CWHvm_HW_FDC_L.regenerating,14,140,10,0.0,10000.0,1.0,1.0,0.0,0.0,0.0
feature.Seral.CWHvm_HW_FDC_L.regenerating,15,150,10,0.0,10000.0,1.0,1.0,4.328000068664551,0.0,0.0
feature.Seral.CWHvm_HW_FDC_L.regenerating,16,160,10,0.0,10000.0,1.0,1.0,14.824000358581543,0.0,0.0
feature.Seral.CWHvm_HW_FDC_L.regenerating,17,170,10,0.0,10000.0,1.0,1.0,0.0,0.0,0.0
feature.Seral.CWHvm_HW_FDC_L.regenerating,18,180,10,0.0,10000.0,1.0,1.0,12.354999542236328,0.0,0.0
feature.Seral.CWHvm_HW_FDC_L.regenerating,19,190,10,0.0,10000.0,1.0,1.0,0.0,0.0,0.0
feature.Seral.CWHvm_HW_FDC_L.regenerating,20,200,10,0.0,10000.0,1.0,1.0,7.447000026702881,0.0,0.0
feature.Seral.CWHvm_HW_FDC_L.regenerating,21,210,10,0.0,10000.0,1.0,1.0,4.672999858856201,0.0,0.0
feature.Seral.CWHvm_HW_FDC_L.regenerating,22,220,10,0.0,10000.0,1.0,1.0,0.0,0.0,0.0
feature.Seral.CWHvm_HW_FDC_L.regenerating,23,230,10,0.0,10000.0,1.0,1.0,0.0,0.0,0.0
feature.Seral.CWHvm_HW_FDC_L.regenerating,24,240,10,0.0,10000.0,1.0,1.0,0.0,0.0,0.0
feature.Seral.CWHvm_HW_FDC_L.regenerating,25,250,10,0.0,10000.0,1.0,1.0,4.328000068664551,0.0,0.0
feature.Seral.CWHvm_HW_FDC_L.regenerating,26,260,10,0.0,10000.0,1.0,1.0,20.371000289916992,0.0,0.0
feature.Seral.CWHvm_HW_FDC_L.regenerating,27,270,10,0.0,10000.0,1.0,1.0,0.0,0.0,0.0
feature.Seral.CWHvm_HW_FDC_L.regenerating,28,280,10,0.0,10000.0,1.0,1.0,0.0,0.0,0.0
feature.Seral.CWHvm_HW_FDC_L.regenerating,29,290,10,0.0,10000.0,1.0,1.0,19.19700050354004,0.0,0.0
feature.Seral.CWHvm_HW_FDC_L.regenerating,30,300,10,0.0,10000.0,1.0,1.0,17.41900062561035,0.0,0.0
feature.Seral.CWHvm_HW_FDC_L.young,0,0,10,0.0,10000.0,1.0,1.0,0.0,0.0,0.0
feature.Seral.CWHvm_HW_FDC_L.young,1,10,10,0.0,10000.0,1.0,1.0,6.558000087738037,0.0,0.0
feature.Seral.CWHvm_HW_FDC_L.young,2,20,10,0.0,10000.0,1.0,1.0,12.522000312805176,0.0,0.0
feature.Seral.CWHvm_HW_FDC_L.young,3,30,10,0.0,10000.0,1.0,1.0,9.010000228881836,0.0,0.0
feature.Seral.CWHvm_HW_FDC_L.young,4,40,10,0.0,10000.0,1.0,1.0,5.144999980926514,0.0,0.0
feature.Seral.CWHvm_HW_FDC_L.young,5,50,10,0.0,10000.0,1.0,1.0,6.427000045776367,0.0,0.0
feature.Seral.CWHvm_HW_FDC_L.young,6,60,10,0.0,10000.0,1.0,1.0,28.507999420166016,0.0,0.0
feature.Seral.CWHvm_HW_FDC_L.young,7,70,10,0.0,10000.0,1.0,1.0,30.785999298095703,0.0,0.0
feature.Seral.CWHvm_HW_FDC_L.young,8,80,10,0.0,10000.0,1.0,1.0,15.140000343322754,0.0,0.0
feature.Seral.CWHvm_HW_FDC_L.young,9,90,10,0.0,10000.0,1.0,1.0,8.534000396728516,0.0,0.0
feature.Seral.CWHvm_HW_FDC_L.young,10,100,10,0.0,10000.0,1.0,1.0,5.546999931335449,0.0,0.0
feature.Seral.CWHvm_HW_FDC_L.young,11,110,10,0.0,10000.0,1.0,1.0,6.558000087738037,0.0,0.0
feature.Seral.CWHvm_HW_FDC_L.young,12,120,10,0.0,10000.0,1.0,1.0,10.020999908447266,0.0,0.0
feature.Seral.CWHvm_HW_FDC_L.young,13,130,10,0.0,10000.0,1.0,1.0,11.109000205993652,0.0,0.0
feature.Seral.CWHvm_HW_FDC_L.young,14,140,10,0.0,10000.0,1.0,1.0,2.0989999771118164,0.0,0.0
feature.Seral.CWHvm_HW_FDC_L.young,15,150,10,0.0,10000.0,1.0,1.0,0.0,0.0,0.0
feature.Seral.CWHvm_HW_FDC_L.young,16,160,10,0.0,10000.0,1.0,1.0,4.328000068664551,0.0,0.0
feature.Seral.CWHvm_HW_FDC_L.young,17,170,10,0.0,10000.0,1.0,1.0,19.152000427246094,0.0,0.0
feature.Seral.CWHvm_HW_FDC_L.young,18,180,10,0.0,10000.0,1.0,1.0,14.824000358581543,0.0,0.0
feature.Seral.CWHvm_HW_FDC_L.young,19,190,10,0.0,10000.0,1.0,1.0,21.711000442504883,0.0,0.0
feature.Seral.CWHvm_HW_FDC_L.young,20,200,10,0.0,10000.0,1.0,1.0,25.229999542236328,0.0,0.0
feature.Seral.CWHvm_HW_FDC_L.young,21,210,10,0.0,10000.0,1.0,1.0,15.779000282287598,0.0,0.0
feature.Seral.CWHvm_HW_FDC_L.young,22,220,10,0.0,10000.0,1.0,1.0,16.933000564575195,0.0,0.0
feature.Seral.CWHvm_HW_FDC_L.young,23,230,10,0.0,10000.0,1.0,1.0,4.672999858856201,0.0,0.0
feature.Seral.CWHvm_HW_FDC_L.young,24,240,10,0.0,10000.0,1.0,1.0,0.0,0.0,0.0
feature.Seral.CWHvm_HW_FDC_L.young,25,250,10,0.0,10000.0,1.0,1.0,0.0,0.0,0.0
feature.Seral.CWHvm_HW_FDC_L.young,26,260,10,0.0,10000.0,1.0,1.0,4.328000068664551,0.0,0.0
feature.Seral.CWHvm_HW_FDC_L.young,27,270,10,0.0,10000.0,1.0,1.0,24.698999404907227,0.0,0.0
feature.Seral.CWHvm_HW_FDC_L.young,28,280,10,0.0,10000.0,1.0,1.0,20.371000289916992,0.0,0.0
feature.Seral.CWHvm_HW_FDC_L.young,29,290,10,0.0,10000.0,1.0,1.0,0.0,0.0,0.0
feature.Seral.CWHvm_HW_FDC_L.young,30,300,10,0.0,10000.0,1.0,1.0,19.19700050354004,0.0,0.0
feature.Seral.CWHvm_HW_SS_M.immature,0,0,10,0.0,10000.0,1.0,1.0,29.687999725341797,0.0,0.0
feature.Seral.CWHvm_HW_SS_M.immature,1,10,10,0.0,10000.0,1.0,1.0,29.687999725341797,0.0,0.0
feature.Seral.CWHvm_HW_SS_M.immature,2,20,10,0.0,10000.0,1.0,1.0,29.687999725341797,0.0,0.0
feature.Seral.CWHvm_HW_SS_M.immature,3,30,10,0.0,10000.0,1.0,1.0,5.185999870300293,0.0,0.0
feature.Seral.CWHvm_HW_SS_M.immature,4,40,10,0.0,10000.0,1.0,1.0,1.6080000400543213,0.0,0.0
feature.Seral.CWHvm_HW_SS_M.immature,5,50,10,0.0,10000.0,1.0,1.0,0.0,0.0,0.0
feature.Seral.CWHvm_HW_SS_M.immature,6,60,10,0.0,10000.0,1.0,1.0,3.578000068664551,0.0,0.0
feature.Seral.CWHvm_HW_SS_M.immature,7,70,10,0.0,10000.0,1.0,1.0,4.585999965667725,0.0,0.0
feature.Seral.CWHvm_HW_SS_M.immature,8,80,10,0.0,10000.0,1.0,1.0,4.585999965667725,0.0,0.0
feature.Seral.CWHvm_HW_SS_M.immature,9,90,10,0.0,10000.0,1.0,1.0,4.585999965667725,0.0,0.0
feature.Seral.CWHvm_HW_SS_M.immature,10,100,10,0.0,10000.0,1.0,1.0,24.091999053955078,0.0,0.0
feature.Seral.CWHvm_HW_SS_M.immature,11,110,10,0.0,10000.0,1.0,1.0,24.091999053955078,0.0,0.0
feature.Seral.CWHvm_HW_SS_M.immature,12,120,10,0.0,10000.0,1.0,1.0,20.513999938964844,0.0,0.0
feature.Seral.CWHvm_HW_SS_M.immature,13,130,10,0.0,10000.0,1.0,1.0,19.506000518798828,0.0,0.0
feature.Seral.CWHvm_HW_SS_M.immature,14,140,10,0.0,10000.0,1.0,1.0,19.506000518798828,0.0,0.0
feature.Seral.CWHvm_HW_SS_M.immature,15,150,10,0.0,10000.0,1.0,1.0,23.083999633789062,0.0,0.0
feature.Seral.CWHvm_HW_SS_M.immature,16,160,10,0.0,10000.0,1.0,1.0,24.091999053955078,0.0,0.0
feature.Seral.CWHvm_HW_SS_M.immature,17,170,10,0.0,10000.0,1.0,1.0,4.585999965667725,0.0,0.0
feature.Seral.CWHvm_HW_SS_M.immature,18,180,10,0.0,10000.0,1.0,1.0,4.585999965667725,0.0,0.0
feature.Seral.CWHvm_HW_SS_M.immature,19,190,10,0.0,10000.0,1.0,1.0,4.585999965667725,0.0,0.0
feature.Seral.CWHvm_HW_SS_M.immature,20,200,10,0.0,10000.0,1.0,1.0,4.585999965667725,0.0,0.0
feature.Seral.CWHvm_HW_SS_M.immature,21,210,10,0.0,10000.0,1.0,1.0,20.513999938964844,0.0,0.0
feature.Seral.CWHvm_HW_SS_M.immature,22,220,10,0.0,10000.0,1.0,1.0,19.506000518798828,0.0,0.0
feature.Seral.CWHvm_HW_SS_M.immature,23,230,10,0.0,10000.0,1.0,1.0,19.506000518798828,0.0,0.0
feature.Seral.CWHvm_HW_SS_M.immature,24,240,10,0.0,10000.0,1.0,1.0,23.083999633789062,0.0,0.0
feature.Seral.CWHvm_HW_SS_M.immature,25,250,10,0.0,10000.0,1.0,1.0,24.091999053955078,0.0,0.0
feature.Seral.CWHvm_HW_SS_M.immature,26,260,10,0.0,10000.0,1.0,1.0,4.585999965667725,0.0,0.0
feature.Seral.CWHvm_HW_SS_M.immature,27,270,10,0.0,10000.0,1.0,1.0,4.585999965667725,0.0,0.0
feature.Seral.CWHvm_HW_SS_M.immature,28,280,10,0.0,10000.0,1.0,1.0,4.585999965667725,0.0,0.0
feature.Seral.CWHvm_HW_SS_M.immature,29,290,10,0.0,10000.0,1.0,1.0,20.513999938964844,0.0,0.0
feature.Seral.CWHvm_HW_SS_M.immature,30,300,10,0.0,10000.0,1.0,1.0,19.506000518798828,0.0,0.0
feature.Seral.CWHvm_HW_SS_M.mature,0,0,10,0.0,10000.0,1.0,1.0,0.0,0.0,0.0
feature.Seral.CWHvm_HW_SS_M.mature,1,10,10,0.0,10000.0,1.0,1.0,0.0,0.0,0.0
feature.Seral.CWHvm_HW_SS_M.mature,2,20,10,0.0,10000.0,1.0,1.0,0.0,0.0,0.0
feature.Seral.CWHvm_HW_SS_M.mature,3,30,10,0.0,10000.0,1.0,1.0,24.50200080871582,0.0,0.0
feature.Seral.CWHvm_HW_SS_M.mature,4,40,10,0.0,10000.0,1.0,1.0,24.50200080871582,0.0,0.0
feature.Seral.CWHvm_HW_SS_M.mature,5,50,10,0.0,10000.0,1.0,1.0,25.101999282836914,0.0,0.0
feature.Seral.CWHvm_HW_SS_M.mature,6,60,10,0.0,10000.0,1.0,1.0,25.101999282836914,0.0,0.0
feature.Seral.CWHvm_HW_SS_M.mature,7,70,10,0.0,10000.0,1.0,1.0,25.101999282836914,0.0,0.0
feature.Seral.CWHvm_HW_SS_M.mature,8,80,10,0.0,10000.0,1.0,1.0,5.5960001945495605,0.0,0.0
feature.Seral.CWHvm_HW_SS_M.mature,9,90,10,0.0,10000.0,1.0,1.0,5.5960001945495605,0.0,0.0
feature.Seral.CWHvm_HW_SS_M.mature,10,100,10,0.0,10000.0,1.0,1.0,5.5960001945495605,0.0,0.0
feature.Seral.CWHvm_HW_SS_M.mature,11,110,10,0.0,10000.0,1.0,1.0,5.5960001945495605,0.0,0.0
feature.Seral.CWHvm_HW_SS_M.mature,12,120,10,0.0,10000.0,1.0,1.0,5.5960001945495605,0.0,0.0
feature.Seral.CWHvm_HW_SS_M.mature,13,130,10,0.0,10000.0,1.0,1.0,5.5960001945495605,0.0,0.0
feature.Seral.CWHvm_HW_SS_M.mature,14,140,10,0.0,10000.0,1.0,1.0,0.6000000238418579,0.0,0.0
feature.Seral.CWHvm_HW_SS_M.mature,15,150,10,0.0,10000.0,1.0,1.0,0.6000000238418579,0.0,0.0
feature.Seral.CWHvm_HW_SS_M.mature,16,160,10,0.0,10000.0,1.0,1.0,0.0,0.0,0.0
feature.Seral.CWHvm_HW_SS_M.mature,17,170,10,0.0,10000.0,1.0,1.0,19.506000518798828,0.0,0.0
feature.Seral.CWHvm_HW_SS_M.mature,18,180,10,0.0,10000.0,1.0,1.0,0.0,0.0,0.0
feature.Seral.CWHvm_HW_SS_M.mature,19,190,10,0.0,10000.0,1.0,1.0,0.0,0.0,0.0
feature.Seral.CWHvm_HW_SS_M.mature,20,200,10,0.0,10000.0,1.0,1.0,0.0,0.0,0.0
feature.Seral.CWHvm_HW_SS_M.mature,21,210,10,0.0,10000.0,1.0,1.0,0.0,0.0,0.0
feature.Seral.CWHvm_HW_SS_M.mature,22,220,10,0.0,10000.0,1.0,1.0,0.0,0.0,0.0
feature.Seral.CWHvm_HW_SS_M.mature,23,230,10,0.0,10000.0,1.0,1.0,0.0,0.0,0.0
feature.Seral.CWHvm_HW_SS_M.mature,24,240,10,0.0,10000.0,1.0,1.0,0.0,0.0,0.0
feature.Seral.CWHvm_HW_SS_M.mature,25,250,10,0.0,10000.0,1.0,1.0,0.0,0.0,0.0
feature.Seral.CWHvm_HW_SS_M.mature,26,260,10,0.0,10000.0,1.0,1.0,0.0,0.0,0.0
feature.Seral.CWHvm_HW_SS_M.mature,27,270,10,0.0,10000.0,1.0,1.0,0.0,0.0,0.0
feature.Seral.CWHvm_HW_SS_M.mature,28,280,10,0.0,10000.0,1.0,1.0,0.0,0.0,0.0
feature.Seral.CWHvm_HW_SS_M.mature,29,290,10,0.0,10000.0,1.0,1.0,0.0,0.0,0.0
feature.Seral.CWHvm_HW_SS_M.mature,30,300,10,0.0,10000.0,1.0,1.0,0.0,0.0,0.0
feature.Seral.CWHvm_HW_SS_M.overmature,0,0,10,0.0,10000.0,1.0,1.0,0.0,0.0,0.0
feature.Seral.CWHvm_HW_SS_M.overmature,1,10,10,0.0,10000.0,1.0,1.0,0.0,0.0,0.0
feature.Seral.CWHvm_HW_SS_M.overmature,2,20,10,0.0,10000.0,1.0,1.0,0.0,0.0,0.0
feature.Seral.CWHvm_HW_SS_M.overmature,3,30,10,0.0,10000.0,1.0,1.0,0.0,0.0,0.0
feature.Seral.CWHvm_HW_SS_M.overmature,4,40,10,0.0,10000.0,1.0,1.0,0.0,0.0,0.0
feature.Seral.CWHvm_HW_SS_M.overmature,5,50,10,0.0,10000.0,1.0,1.0,0.0,0.0,0.0
feature.Seral.CWHvm_HW_SS_M.overmature,6,60,10,0.0,10000.0,1.0,1.0,0.0,0.0,0.0
feature.Seral.CWHvm_HW_SS_M.overmature,7,70,10,0.0,10000.0,1.0,1.0,0.0,0.0,0.0
feature.Seral.CWHvm_HW_SS_M.overmature,8,80,10,0.0,10000.0,1.0,1.0,0.0,0.0,0.0
feature.Seral.CWHvm_HW_SS_M.overmature,9,90,10,0.0,10000.0,1.0,1.0,0.0,0.0,0.0
feature.Seral.CWHvm_HW_SS_M.overmature,10,100,10,0.0,10000.0,1.0,1.0,0.0,0.0,0.0
feature.Seral.CWHvm_HW_SS_M.overmature,11,110,10,0.0,10000.0,1.0,1.0,0.0,0.0,0.0
feature.Seral.CWHvm_HW_SS_M.overmature,12,120,10,0.0,10000.0,1.0,1.0,0.0,0.0,0.0
feature.Seral.CWHvm_HW_SS_M.overmature,13,130,10,0.0,10000.0,1.0,1.0,0.0,0.0,0.0
feature.Seral.CWHvm_HW_SS_M.overmature,14,140,10,0.0,10000.0,1.0,1.0,4.995999813079834,0.0,0.0
feature.Seral.CWHvm_HW_SS_M.overmature,15,150,10,0.0,10000.0,1.0,1.0,4.995999813079834,0.0,0.0
feature.Seral.CWHvm_HW_SS_M.overmature,16,160,10,0.0,10000.0,1.0,1.0,5.5960001945495605,0.0,0.0
feature.Seral.CWHvm_HW_SS_M.overmature,17,170,10,0.0,10000.0,1.0,1.0,5.5960001945495605,0.0,0.0
feature.Seral.CWHvm_HW_SS_M.overmature,18,180,10,0.0,10000.0,1.0,1.0,5.5960001945495605,0.0,0.0
feature.Seral.CWHvm_HW_SS_M.overmature,19,190,10,0.0,10000.0,1.0,1.0,5.5960001945495605,0.0,0.0
feature.Seral.CWHvm_HW_SS_M.overmature,20,200,10,0.0,10000.0,1.0,1.0,5.5960001945495605,0.0,0.0
feature.Seral.CWHvm_HW_SS_M.overmature,21,210,10,0.0,10000.0,1.0,1.0,5.5960001945495605,0.0,0.0
feature.Seral.CWHvm_HW_SS_M.overmature,22,220,10,0.0,10000.0,1.0,1.0,5.5960001945495605,0.0,0.0
feature.Seral.CWHvm_HW_SS_M.overmature,23,230,10,0.0,10000.0,1.0,1.0,5.5960001945495605,0.0,0.0
feature.Seral.CWHvm_HW_SS_M.overmature,24,240,10,0.0,10000.0,1.0,1.0,5.5960001945495605,0.0,0.0
feature.Seral.CWHvm_HW_SS_M.overmature,25,250,10,0.0,10000.0,1.0,1.0,5.5960001945495605,0.0,0.0
feature.Seral.CWHvm_HW_SS_M.overmature,26,260,10,0.0,10000.0,1.0,1.0,5.5960001945495605,0.0,0.0
feature.Seral.CWHvm_HW_SS_M.overmature,27,270,10,0.0,10000.0,1.0,1.0,5.5960001945495605,0.0,0.0
feature.Seral.CWHvm_HW_SS_M.overmature,28,280,10,0.0,10000.0,1.0,1.0,5.5960001945495605,0.0,0.0
feature.Seral.CWHvm_HW_SS_M.overmature,29,290,10,0.0,10000.0,1.0,1.0,5.5960001945495605,0.0,0.0
feature.Seral.CWHvm_HW_SS_M.overmature,30,300,10,0.0,10000.0,1.0,1.0,5.5960001945495605,0.0,0.0
feature.Seral.CWHvm_HW_SS_M.regenerating,0,0,10,0.0,10000.0,1.0,1.0,0.0,0.0,0.0
feature.Seral.CWHvm_HW_SS_M.regenerating,1,10,10,0.0,10000.0,1.0,1.0,0.0,0.0,0.0
feature.Seral.CWHvm_HW_SS_M.regenerating,2,20,10,0.0,10000.0,1.0,1.0,0.0,0.0,0.0
feature.Seral.CWHvm_HW_SS_M.regenerating,3,30,10,0.0,10000.0,1.0,1.0,0.0,0.0,0.0
feature.Seral.CWHvm_HW_SS_M.regenerating,4,40,10,0.0,10000.0,1.0,1.0,0.0,0.0,0.0
feature.Seral.CWHvm_HW_SS_M.regenerating,5,50,10,0.0,10000.0,1.0,1.0,0.0,0.0,0.0
feature.Seral.CWHvm_HW_SS_M.regenerating,6,60,10,0.0,10000.0,1.0,1.0,0.0,0.0,0.0
feature.Seral.CWHvm_HW_SS_M.regenerating,7,70,10,0.0,10000.0,1.0,1.0,0.0,0.0,0.0
feature.Seral.CWHvm_HW_SS_M.regenerating,8,80,10,0.0,10000.0,1.0,1.0,0.0,0.0,0.0
feature.Seral.CWHvm_HW_SS_M.regenerating,9,90,10,0.0,10000.0,1.0,1.0,0.0,0.0,0.0
feature.Seral.CWHvm_HW_SS_M.regenerating,10,100,10,0.0,10000.0,1.0,1.0,0.0,0.0,0.0
feature.Seral.CWHvm_HW_SS_M.regenerating,11,110,10,0.0,10000.0,1.0,1.0,0.0,0.0,0.0
feature.Seral.CWHvm_HW_SS_M.regenerating,12,120,10,0.0,10000.0,1.0,1.0,3.578000068664551,0.0,0.0
feature.Seral.CWHvm_HW_SS_M.regenerating,13,130,10,0.0,10000.0,1.0,1.0,1.0080000162124634,0.0,0.0
feature.Seral.CWHvm_HW_SS_M.regenerating,14,140,10,0.0,10000.0,1.0,1.0,0.0,0.0,0.0
feature.Seral.CWHvm_HW_SS_M.regenerating,15,150,10,0.0,10000.0,1.0,1.0,0.0,0.0,0.0
feature.Seral.CWHvm_HW_SS_M.regenerating,16,160,10,0.0,10000.0,1.0,1.0,0.0,0.0,0.0
feature.Seral.CWHvm_HW_SS_M.regenerating,17,170,10,0.0,10000.0,1.0,1.0,0.0,0.0,0.0
feature.Seral.CWHvm_HW_SS_M.regenerating,18,180,10,0.0,10000.0,1.0,1.0,19.506000518798828,0.0,0.0
feature.Seral.CWHvm_HW_SS_M.regenerating,19,190,10,0.0,10000.0,1.0,1.0,0.0,0.0,0.0
feature.Seral.CWHvm_HW_SS_M.regenerating,20,200,10,0.0,10000.0,1.0,1.0,0.0,0.0,0.0
feature.Seral.CWHvm_HW_SS_M.regenerating,21,210,10,0.0,10000.0,1.0,1.0,3.578000068664551,0.0,0.0
feature.Seral.CWHvm_HW_SS_M.regenerating,22,220,10,0.0,10000.0,1.0,1.0,1.0080000162124634,0.0,0.0
feature.Seral.CWHvm_HW_SS_M.regenerating,23,230,10,0.0,10000.0,1.0,1.0,0.0,0.0,0.0
feature.Seral.CWHvm_HW_SS_M.regenerating,24,240,10,0.0,10000.0,1.0,1.0,0.0,0.0,0.0
feature.Seral.CWHvm_HW_SS_M.regenerating,25,250,10,0.0,10000.0,1.0,1.0,0.0,0.0,0.0
feature.Seral.CWHvm_HW_SS_M.regenerating,26,260,10,0.0,10000.0,1.0,1.0,19.506000518798828,0.0,0.0
feature.Seral.CWHvm_HW_SS_M.regenerating,27,270,10,0.0,10000.0,1.0,1.0,0.0,0.0,0.0
feature.Seral.CWHvm_HW_SS_M.regenerating,28,280,10,0.0,10000.0,1.0,1.0,0.0,0.0,0.0
feature.Seral.CWHvm_HW_SS_M.regenerating,29,290,10,0.0,10000.0,1.0,1.0,3.578000068664551,0.0,0.0
feature.Seral.CWHvm_HW_SS_M.regenerating,30,300,10,0.0,10000.0,1.0,1.0,1.0080000162124634,0.0,0.0
feature.Seral.CWHvm_HW_SS_M.young,0,0,10,0.0,10000.0,1.0,1.0,0.0,0.0,0.0
feature.Seral.CWHvm_HW_SS_M.young,1,10,10,0.0,10000.0,1.0,1.0,0.0,0.0,0.0
feature.Seral.CWHvm_HW_SS_M.young,2,20,10,0.0,10000.0,1.0,1.0,0.0,0.0,0.0
feature.Seral.CWHvm_HW_SS_M.young,3,30,10,0.0,10000.0,1.0,1.0,0.0,0.0,0.0
feature.Seral.CWHvm_HW_SS_M.young,4,40,10,0.0,10000.0,1.0,1.0,3.578000068664551,0.0,0.0
feature.Seral.CWHvm_HW_SS_M.young,5,50,10,0.0,10000.0,1.0,1.0,4.585999965667725,0.0,0.0
feature.Seral.CWHvm_HW_SS_M.young,6,60,10,0.0,10000.0,1.0,1.0,1.0080000162124634,0.0,0.0
feature.Seral.CWHvm_HW_SS_M.young,7,70,10,0.0,10000.0,1.0,1.0,0.0,0.0,0.0
feature.Seral.CWHvm_HW_SS_M.young,8,80,10,0.0,10000.0,1.0,1.0,19.506000518798828,0.0,0.0
feature.Seral.CWHvm_HW_SS_M.young,9,90,10,0.0,10000.0,1.0,1.0,19.506000518798828,0.0,0.0
feature.Seral.CWHvm_HW_SS_M.young,10,100,10,0.0,10000.0,1.0,1.0,0.0,0.0,0.0
feature.Seral.CWHvm_HW_SS_M.young,11,110,10,0.0,10000.0,1.0,1.0,0.0,0.0,0.0
feature.Seral.CWHvm_HW_SS_M.young,12,120,10,0.0,10000.0,1.0,1.0,0.0,0.0,0.0
feature.Seral.CWHvm_HW_SS_M.young,13,130,10,0.0,10000.0,1.0,1.0,3.578000068664551,0.0,0.0
feature.Seral.CWHvm_HW_SS_M.young,14,140,10,0.0,10000.0,1.0,1.0,4.585999965667725,0.0,0.0
feature.Seral.CWHvm_HW_SS_M.young,15,150,10,0.0,10000.0,1.0,1.0,1.0080000162124634,0.0,0.0
feature.Seral.CWHvm_HW_SS_M.young,16,160,10,0.0,10000.0,1.0,1.0,0.0,0.0,0.0
feature.Seral.CWHvm_HW_SS_M.young,17,170,10,0.0,10000.0,1.0,1.0,0.0,0.0,0.0
feature.Seral.CWHvm_HW_SS_M.young,18,180,10,0.0,10000.0,1.0,1.0,0.0,0.0,0.0
feature.Seral.CWHvm_HW_SS_M.young,19,190,10,0.0,10000.0,1.0,1.0,19.506000518798828,0.0,0.0
feature.Seral.CWHvm_HW_SS_M.young,20,200,10,0.0,10000.0,1.0,1.0,19.506000518798828,0.0,0.0
feature.Seral.CWHvm_HW_SS_M.young,21,210,10,0.0,10000.0,1.0,1.0,0.0,0.0,0.0
feature.Seral.CWHvm_HW_SS_M.young,22,220,10,0.0,10000.0,1.0,1.0,3.578000068664551,0.0,0.0
feature.Seral.CWHvm_HW_SS_M.young,23,230,10,0.0,10000.0,1.0,1.0,4.585999965667725,0.0,0.0
feature.Seral.CWHvm_HW_SS_M.young,24,240,10,0.0,10000.0,1.0,1.0,1.0080000162124634,0.0,0.0
feature.Seral.CWHvm_HW_SS_M.young,25,250,10,0.0,10000.0,1.0,1.0,0.0,0.0,0.0
feature.Seral.CWHvm_HW_SS_M.young,26,260,10,0.0,10000.0,1.0,1.0,0.0,0.0,0.0
feature.Seral.CWHvm_HW_SS_M.young,27,270,10,0.0,10000.0,1.0,1.0,19.506000518798828,0.0,0.0
feature.Seral.CWHvm_HW_SS_M.young,28,280,10,0.0,10000.0,1.0,1.0,19.506000518798828,0.0,0.0
feature.Seral.CWHvm_HW_SS_M.young,29,290,10,0.0,10000.0,1.0,1.0,0.0,0.0,0.0
feature.Seral.CWHvm_HW_SS_M.young,30,300,10,0.0,10000.0,1.0,1.0,3.578000068664551,0.0,0.0
feature.Seral.immature,0,0,10,0.0,10000.0,1.0,1.0,1163.0579833984375,0.0,0.0
feature.Seral.immature,1,10,10,0.0,10000.0,1.0,1.0,1114.864990234375,0.0,0.0
feature.Seral.immature,2,20,10,0.0,10000.0,1.0,1.0,1005.02099609375,0.0,0.0
feature.Seral.immature,3,30,10,0.0,10000.0,1.0,1.0,856.1640014648438,0.0,0.0
feature.Seral.immature,4,40,10,0.0,10000.0,1.0,1.0,650.8359985351562,0.0,0.0
feature.Seral.immature,5,50,10,0.0,10000.0,1.0,1.0,375.8280029296875,0.0,0.0
feature.Seral.immature,6,60,10,0.0,10000.0,1.0,1.0,410.3059997558594,0.0,0.0
feature.Seral.immature,7,70,10,0.0,10000.0,1.0,1.0,488.74700927734375,0.0,0.0
feature.Seral.immature,8,80,10,0.0,10000.0,1.0,1.0,555.989990234375,0.0,0.0
feature.Seral.immature,9,90,10,0.0,10000.0,1.0,1.0,544.7030029296875,0.0,0.0
feature.Seral.immature,10,100,10,0.0,10000.0,1.0,1.0,482.1600036621094,0.0,0.0
feature.Seral.immature,11,110,10,0.0,10000.0,1.0,1.0,492.052001953125,0.0,0.0
feature.Seral.immature,12,120,10,0.0,10000.0,1.0,1.0,508.1470031738281,0.0,0.0
feature.Seral.immature,13,130,10,0.0,10000.0,1.0,1.0,567.4359741210938,0.0,0.0
feature.Seral.immature,14,140,10,0.0,10000.0,1.0,1.0,531.9710083007812,0.0,0.0
feature.Seral.immature,15,150,10,0.0,10000.0,1.0,1.0,544.8670043945312,0.0,0.0
feature.Seral.immature,16,160,10,0.0,10000.0,1.0,1.0,513.89599609375,0.0,0.0
feature.Seral.immature,17,170,10,0.0,10000.0,1.0,1.0,483.9639892578125,0.0,0.0
feature.Seral.immature,18,180,10,0.0,10000.0,1.0,1.0,460.19500732421875,0.0,0.0
feature.Seral.immature,19,190,10,0.0,10000.0,1.0,1.0,515.8359985351562,0.0,0.0
feature.Seral.immature,20,200,10,0.0,10000.0,1.0,1.0,527.5469970703125,0.0,0.0
feature.Seral.immature,21,210,10,0.0,10000.0,1.0,1.0,573.7550048828125,0.0,0.0
feature.Seral.immature,22,220,10,0.0,10000.0,1.0,1.0,547.166015625,0.0,0.0
feature.Seral.immature,23,230,10,0.0,10000.0,1.0,1.0,574.0440063476562,0.0,0.0
feature.Seral.immature,24,240,10,0.0,10000.0,1.0,1.0,551.8800048828125,0.0,0.0
feature.Seral.immature,25,250,10,0.0,10000.0,1.0,1.0,508.2669982910156,0.0,0.0
feature.Seral.immature,26,260,10,0.0,10000.0,1.0,1.0,448.9750061035156,0.0,0.0
feature.Seral.immature,27,270,10,0.0,10000.0,1.0,1.0,418.25799560546875,0.0,0.0
feature.Seral.immature,28,280,10,0.0,10000.0,1.0,1.0,419.6650085449219,0.0,0.0
feature.Seral.immature,29,290,10,0.0,10000.0,1.0,1.0,438.2030029296875,0.0,0.0
feature.Seral.immature,30,300,10,0.0,10000.0,1.0,1.0,413.17401123046875,0.0,0.0
feature.Seral.mature,0,0,10,0.0,10000.0,1.0,1.0,300.552001953125,0.0,0.0
feature.Seral.mature,1,10,10,0.0,10000.0,1.0,1.0,268.2909851074219,0.0,0.0
feature.Seral.mature,2,20,10,0.0,10000.0,1.0,1.0,293.0320129394531,0.0,0.0
feature.Seral.mature,3,30,10,0.0,10000.0,1.0,1.0,422.6050109863281,0.0,0.0
feature.Seral.mature,4,40,10,0.0,10000.0,1.0,1.0,635.802001953125,0.0,0.0
feature.Seral.mature,5,50,10,0.0,10000.0,1.0,1.0,897.7260131835938,0.0,0.0
feature.Seral.mature,6,60,10,0.0,10000.0,1.0,1.0,864.3989868164062,0.0,0.0
feature.Seral.mature,7,70,10,0.0,10000.0,1.0,1.0,787.1380004882812,0.0,0.0
feature.Seral.mature,8,80,10,0.0,10000.0,1.0,1.0,656.4210205078125,0.0,0.0
feature.Seral.mature,9,90,10,0.0,10000.0,1.0,1.0,675.5900268554688,0.0,0.0
feature.Seral.mature,10,100,10,0.0,10000.0,1.0,1.0,647.4080200195312,0.0,0.0
feature.Seral.mature,11,110,10,0.0,10000.0,1.0,1.0,590.9249877929688,0.0,0.0
feature.Seral.mature,12,120,10,0.0,10000.0,1.0,1.0,570.7739868164062,0.0,0.0
feature.Seral.mature,13,130,10,0.0,10000.0,1.0,1.0,526.7139892578125,0.0,0.0
feature.Seral.mature,14,140,10,0.0,10000.0,1.0,1.0,554.4039916992188,0.0,0.0
feature.Seral.mature,15,150,10,0.0,10000.0,1.0,1.0,280.9530029296875,0.0,0.0
feature.Seral.mature,16,160,10,0.0,10000.0,1.0,1.0,51.33599853515625,0.0,0.0
feature.Seral.mature,17,170,10,0.0,10000.0,1.0,1.0,96.68099975585938,0.0,0.0
feature.Seral.mature,18,180,10,0.0,10000.0,1.0,1.0,84.08399963378906,0.0,0.0
feature.Seral.mature,19,190,10,0.0,10000.0,1.0,1.0,25.457000732421875,0.0,0.0
feature.Seral.mature,20,200,10,0.0,10000.0,1.0,1.0,21.906999588012695,0.0,0.0
feature.Seral.mature,21,210,10,0.0,10000.0,1.0,1.0,0.0,0.0,0.0
feature.Seral.mature,22,220,10,0.0,10000.0,1.0,1.0,39.86800003051758,0.0,0.0
feature.Seral.mature,23,230,10,0.0,10000.0,1.0,1.0,47.86000061035156,0.0,0.0
feature.Seral.mature,24,240,10,0.0,10000.0,1.0,1.0,57.790000915527344,0.0,0.0
feature.Seral.mature,25,250,10,0.0,10000.0,1.0,1.0,38.034000396728516,0.0,0.0
feature.Seral.mature,26,260,10,0.0,10000.0,1.0,1.0,54.04399871826172,0.0,0.0
feature.Seral.mature,27,270,10,0.0,10000.0,1.0,1.0,34.808998107910156,0.0,0.0
feature.Seral.mature,28,280,10,0.0,10000.0,1.0,1.0,30.39699935913086,0.0,0.0
feature.Seral.mature,29,290,10,0.0,10000.0,1.0,1.0,26.83799934387207,0.0,0.0
feature.Seral.mature,30,300,10,0.0,10000.0,1.0,1.0,37.87099838256836,0.0,0.0
feature.Seral.overmature,0,0,10,0.0,10000.0,1.0,1.0,317.7090148925781,0.0,0.0
feature.Seral.overmature,1,10,10,0.0,10000.0,1.0,1.0,295.27801513671875,0.0,0.0
feature.Seral.overmature,2,20,10,0.0,10000.0,1.0,1.0,293.7669982910156,0.0,0.0
feature.Seral.overmature,3,30,10,0.0,10000.0,1.0,1.0,313.3290100097656,0.0,0.0
feature.Seral.overmature,4,40,10,0.0,10000.0,1.0,1.0,300.3489990234375,0.0,0.0
feature.Seral.overmature,5,50,10,0.0,10000.0,1.0,1.0,306.75201416015625,0.0,0.0
feature.Seral.overmature,6,60,10,0.0,10000.0,1.0,1.0,306.75201416015625,0.0,0.0
feature.Seral.overmature,7,70,10,0.0,10000.0,1.0,1.0,306.75201416015625,0.0,0.0
feature.Seral.overmature,8,80,10,0.0,10000.0,1.0,1.0,416.5379943847656,0.0,0.0
feature.Seral.overmature,9,90,10,0.0,10000.0,1.0,1.0,416.5379943847656,0.0,0.0
feature.Seral.overmature,10,100,10,0.0,10000.0,1.0,1.0,467.52301025390625,0.0,0.0
feature.Seral.overmature,11,110,10,0.0,10000.0,1.0,1.0,467.52301025390625,0.0,0.0
feature.Seral.overmature,12,120,10,0.0,10000.0,1.0,1.0,470.5799865722656,0.0,0.0
feature.Seral.overmature,13,130,10,0.0,10000.0,1.0,1.0,485.3290100097656,0.0,0.0
feature.Seral.overmature,14,140,10,0.0,10000.0,1.0,1.0,497.27899169921875,0.0,0.0
feature.Seral.overmature,15,150,10,0.0,10000.0,1.0,1.0,766.4979858398438,0.0,0.0
feature.Seral.overmature,16,160,10,0.0,10000.0,1.0,1.0,999.1619873046875,0.0,0.0
feature.Seral.overmature,17,170,10,0.0,10000.0,1.0,1.0,1001.1199951171875,0.0,0.0
feature.Seral.overmature,18,180,10,0.0,10000.0,1.0,1.0,1001.1199951171875,0.0,0.0
feature.Seral.overmature,19,190,10,0.0,10000.0,1.0,1.0,1001.1199951171875,0.0,0.0
feature.Seral.overmature,20,200,10,0.0,10000.0,1.0,1.0,1001.1199951171875,0.0,0.0
feature.Seral.overmature,21,210,10,0.0,10000.0,1.0,1.0,1001.1199951171875,0.0,0.0
feature.Seral.overmature,22,220,10,0.0,10000.0,1.0,1.0,1001.1199951171875,0.0,0.0
feature.Seral.overmature,23,230,10,0.0,10000.0,1.0,1.0,1001.1199951171875,0.0,0.0
feature.Seral.overmature,24,240,10,0.0,10000.0,1.0,1.0,1001.1199951171875,0.0,0.0
feature.Seral.overmature,25,250,10,0.0,10000.0,1.0,1.0,1001.1199951171875,0.0,0.0
feature.Seral.overmature,26,260,10,0.0,10000.0,1.0,1.0,1001.1199951171875,0.0,0.0
feature.Seral.overmature,27,270,10,0.0,10000.0,1.0,1.0,1001.1199951171875,0.0,0.0
feature.Seral.overmature,28,280,10,0.0,10000.0,1.0,1.0,1001.1199951171875,0.0,0.0
feature.Seral.overmature,29,290,10,0.0,10000.0,1.0,1.0,1001.1199951171875,0.0,0.0
feature.Seral.overmature,30,300,10,0.0,10000.0,1.0,1.0,1001.1199951171875,0.0,0.0
feature.Seral.regenerating,0,0,10,0.0,10000.0,1.0,1.0,0.0,0.0,0.0
feature.Seral.regenerating,1,10,10,0.0,10000.0,1.0,1.0,21.42799949645996,0.0,0.0
feature.Seral.regenerating,2,20,10,0.0,10000.0,1.0,1.0,26.267000198364258,0.0,0.0
feature.Seral.regenerating,3,30,10,0.0,10000.0,1.0,1.0,23.624000549316406,0.0,0.0
feature.Seral.regenerating,4,40,10,0.0,10000.0,1.0,1.0,29.979999542236328,0.0,0.0
feature.Seral.regenerating,5,50,10,0.0,10000.0,1.0,1.0,40.025001525878906,0.0,0.0
feature.Seral.regenerating,6,60,10,0.0,10000.0,1.0,1.0,10.032999992370605,0.0,0.0
feature.Seral.regenerating,7,70,10,0.0,10000.0,1.0,1.0,3.7209999561309814,0.0,0.0
feature.Seral.regenerating,8,80,10,0.0,10000.0,1.0,1.0,17.604999542236328,0.0,0.0
feature.Seral.regenerating,9,90,10,0.0,10000.0,1.0,1.0,31.854999542236328,0.0,0.0
feature.Seral.regenerating,10,100,10,0.0,10000.0,1.0,1.0,43.422000885009766,0.0,0.0
feature.Seral.regenerating,11,110,10,0.0,10000.0,1.0,1.0,63.577999114990234,0.0,0.0
feature.Seral.regenerating,12,120,10,0.0,10000.0,1.0,1.0,61.70899963378906,0.0,0.0
feature.Seral.regenerating,13,130,10,0.0,10000.0,1.0,1.0,19.22599983215332,0.0,0.0
feature.Seral.regenerating,14,140,10,0.0,10000.0,1.0,1.0,44.3390007019043,0.0,0.0
feature.Seral.regenerating,15,150,10,0.0,10000.0,1.0,1.0,28.83300018310547,0.0,0.0
feature.Seral.regenerating,16,160,10,0.0,10000.0,1.0,1.0,62.96099853515625,0.0,0.0
feature.Seral.regenerating,17,170,10,0.0,10000.0,1.0,1.0,64.2490005493164,0.0,0.0
feature.Seral.regenerating,18,180,10,0.0,10000.0,1.0,1.0,65.46099853515625,0.0,0.0
feature.Seral.regenerating,19,190,10,0.0,10000.0,1.0,1.0,45.61899948120117,0.0,0.0
feature.Seral.regenerating,20,200,10,0.0,10000.0,1.0,1.0,50.604000091552734,0.0,0.0
feature.Seral.regenerating,21,210,10,0.0,10000.0,1.0,1.0,50.132999420166016,0.0,0.0
feature.Seral.regenerating,22,220,10,0.0,10000.0,1.0,1.0,46.70199966430664,0.0,0.0
feature.Seral.regenerating,23,230,10,0.0,10000.0,1.0,1.0,54.70899963378906,0.0,0.0
feature.Seral.regenerating,24,240,10,0.0,10000.0,1.0,1.0,42.810001373291016,0.0,0.0
feature.Seral.regenerating,25,250,10,0.0,10000.0,1.0,1.0,110.07099914550781,0.0,0.0
feature.Seral.regenerating,26,260,10,0.0,10000.0,1.0,1.0,124.29900360107422,0.0,0.0
feature.Seral.regenerating,27,270,10,0.0,10000.0,1.0,1.0,92.76200103759766,0.0,0.0
feature.Seral.regenerating,28,280,10,0.0,10000.0,1.0,1.0,113.07599639892578,0.0,0.0
feature.Seral.regenerating,29,290,10,0.0,10000.0,1.0,1.0,109.31999969482422,0.0,0.0
feature.Seral.regenerating,30,300,10,0.0,10000.0,1.0,1.0,87.84200286865234,0.0,0.0
feature.Seral.young,0,0,10,0.0,10000.0,1.0,1.0,0.0,0.0,0.0
feature.Seral.young,1,10,10,0.0,10000.0,1.0,1.0,81.45700073242188,0.0,0.0
feature.Seral.young,2,20,10,0.0,10000.0,1.0,1.0,163.23199462890625,0.0,0.0
feature.Seral.young,3,30,10,0.0,10000.0,1.0,1.0,165.5970001220703,0.0,0.0
feature.Seral.young,4,40,10,0.0,10000.0,1.0,1.0,164.3520050048828,0.0,0.0
feature.Seral.young,5,50,10,0.0,10000.0,1.0,1.0,160.98800659179688,0.0,0.0
feature.Seral.young,6,60,10,0.0,10000.0,1.0,1.0,189.82899475097656,0.0,0.0
feature.Seral.young,7,70,10,0.0,10000.0,1.0,1.0,194.96099853515625,0.0,0.0
feature.Seral.young,8,80,10,0.0,10000.0,1.0,1.0,134.76499938964844,0.0,0.0
feature.Seral.young,9,90,10,0.0,10000.0,1.0,1.0,112.63300323486328,0.0,0.0
feature.Seral.young,10,100,10,0.0,10000.0,1.0,1.0,140.80599975585938,0.0,0.0
feature.Seral.young,11,110,10,0.0,10000.0,1.0,1.0,167.24099731445312,0.0,0.0
feature.Seral.young,12,120,10,0.0,10000.0,1.0,1.0,170.10899353027344,0.0,0.0
feature.Seral.young,13,130,10,0.0,10000.0,1.0,1.0,182.61399841308594,0.0,0.0
feature.Seral.young,14,140,10,0.0,10000.0,1.0,1.0,153.3260040283203,0.0,0.0
feature.Seral.young,15,150,10,0.0,10000.0,1.0,1.0,160.16799926757812,0.0,0.0
feature.Seral.young,16,160,10,0.0,10000.0,1.0,1.0,153.96400451660156,0.0,0.0
feature.Seral.young,17,170,10,0.0,10000.0,1.0,1.0,135.30499267578125,0.0,0.0
feature.Seral.young,18,180,10,0.0,10000.0,1.0,1.0,170.45899963378906,0.0,0.0
feature.Seral.young,19,190,10,0.0,10000.0,1.0,1.0,193.28700256347656,0.0,0.0
feature.Seral.young,20,200,10,0.0,10000.0,1.0,1.0,180.14100646972656,0.0,0.0
feature.Seral.young,21,210,10,0.0,10000.0,1.0,1.0,156.31100463867188,0.0,0.0
feature.Seral.young,22,220,10,0.0,10000.0,1.0,1.0,146.46299743652344,0.0,0.0
feature.Seral.young,23,230,10,0.0,10000.0,1.0,1.0,103.58599853515625,0.0,0.0
feature.Seral.young,24,240,10,0.0,10000.0,1.0,1.0,127.71900177001953,0.0,0.0
feature.Seral.young,25,250,10,0.0,10000.0,1.0,1.0,123.8270034790039,0.0,0.0
feature.Seral.young,26,260,10,0.0,10000.0,1.0,1.0,152.88099670410156,0.0,0.0
feature.Seral.young,27,270,10,0.0,10000.0,1.0,1.0,234.3699951171875,0.0,0.0
feature.Seral.young,28,280,10,0.0,10000.0,1.0,1.0,217.06100463867188,0.0,0.0
feature.Seral.young,29,290,10,0.0,10000.0,1.0,1.0,205.83799743652344,0.0,0.0
feature.Seral.young,30,300,10,0.0,10000.0,1.0,1.0,241.31199645996094,0.0,0.0
feature.SpeciesProp.managed.CW,0,0,10,0.0,10000.0,1.0,1.0,166.03799438476562,0.0,0.0
feature.SpeciesProp.managed.CW,1,10,10,0.0,10000.0,1.0,1.0,182.20799255371094,0.0,0.0
feature.SpeciesProp.managed.CW,2,20,10,0.0,10000.0,1.0,1.0,189.5469970703125,0.0,0.0
feature.SpeciesProp.managed.CW,3,30,10,0.0,10000.0,1.0,1.0,193.9739990234375,0.0,0.0
feature.SpeciesProp.managed.CW,4,40,10,0.0,10000.0,1.0,1.0,198.44900512695312,0.0,0.0
feature.SpeciesProp.managed.CW,5,50,10,0.0,10000.0,1.0,1.0,204.1840057373047,0.0,0.0
feature.SpeciesProp.managed.CW,6,60,10,0.0,10000.0,1.0,1.0,207.15499877929688,0.0,0.0
feature.SpeciesProp.managed.CW,7,70,10,0.0,10000.0,1.0,1.0,207.77200317382812,0.0,0.0
feature.SpeciesProp.managed.CW,8,80,10,0.0,10000.0,1.0,1.0,211.67300415039062,0.0,0.0
feature.SpeciesProp.managed.CW,9,90,10,0.0,10000.0,1.0,1.0,214.7989959716797,0.0,0.0
feature.SpeciesProp.managed.CW,10,100,10,0.0,10000.0,1.0,1.0,214.7989959716797,0.0,0.0
feature.SpeciesProp.managed.CW,11,110,10,0.0,10000.0,1.0,1.0,214.7989959716797,0.0,0.0
feature.SpeciesProp.managed.CW,12,120,10,0.0,10000.0,1.0,1.0,214.7989959716797,0.0,0.0
feature.SpeciesProp.managed.CW,13,130,10,0.0,10000.0,1.0,1.0,214.7989959716797,0.0,0.0
feature.SpeciesProp.managed.CW,14,140,10,0.0,10000.0,1.0,1.0,214.7989959716797,0.0,0.0
feature.SpeciesProp.managed.CW,15,150,10,0.0,10000.0,1.0,1.0,214.7989959716797,0.0,0.0
feature.SpeciesProp.managed.CW,16,160,10,0.0,10000.0,1.0,1.0,214.7989959716797,0.0,0.0
feature.SpeciesProp.managed.CW,17,170,10,0.0,10000.0,1.0,1.0,214.7989959716797,0.0,0.0
feature.SpeciesProp.managed.CW,18,180,10,0.0,10000.0,1.0,1.0,214.7989959716797,0.0,0.0
feature.SpeciesProp.managed.CW,19,190,10,0.0,10000.0,1.0,1.0,214.7989959716797,0.0,0.0
feature.SpeciesProp.managed.CW,20,200,10,0.0,10000.0,1.0,1.0,214.7989959716797,0.0,0.0
feature.SpeciesProp.managed.CW,21,210,10,0.0,10000.0,1.0,1.0,214.7989959716797,0.0,0.0
feature.SpeciesProp.managed.CW,22,220,10,0.0,10000.0,1.0,1.0,214.7989959716797,0.0,0.0
feature.SpeciesProp.managed.CW,23,230,10,0.0,10000.0,1.0,1.0,214.7989959716797,0.0,0.0
feature.SpeciesProp.managed.CW,24,240,10,0.0,10000.0,1.0,1.0,214.7989959716797,0.0,0.0
feature.SpeciesProp.managed.CW,25,250,10,0.0,10000.0,1.0,1.0,214.7989959716797,0.0,0.0
feature.SpeciesProp.managed.CW,26,260,10,0.0,10000.0,1.0,1.0,214.7989959716797,0.0,0.0
feature.SpeciesProp.managed.CW,27,270,10,0.0,10000.0,1.0,1.0,214.7989959716797,0.0,0.0
feature.SpeciesProp.managed.CW,28,280,10,0.0,10000.0,1.0,1.0,214.7989959716797,0.0,0.0
feature.SpeciesProp.managed.CW,29,290,10,0.0,10000.0,1.0,1.0,214.7989959716797,0.0,0.0
feature.SpeciesProp.managed.CW,30,300,10,0.0,10000.0,1.0,1.0,214.7989959716797,0.0,0.0
feature.SpeciesProp.managed.FDC,0,0,10,0.0,10000.0,1.0,1.0,340.07501220703125,0.0,0.0
feature.SpeciesProp.managed.FDC,1,10,10,0.0,10000.0,1.0,1.0,354.7200012207031,0.0,0.0
feature.SpeciesProp.managed.FDC,2,20,10,0.0,10000.0,1.0,1.0,358.3890075683594,0.0,0.0
feature.SpeciesProp.managed.FDC,3,30,10,0.0,10000.0,1.0,1.0,368.3110046386719,0.0,0.0
feature.SpeciesProp.managed.FDC,4,40,10,0.0,10000.0,1.0,1.0,370.5480041503906,0.0,0.0
feature.SpeciesProp.managed.FDC,5,50,10,0.0,10000.0,1.0,1.0,373.4150085449219,0.0,0.0
feature.SpeciesProp.managed.FDC,6,60,10,0.0,10000.0,1.0,1.0,374.8999938964844,0.0,0.0
feature.SpeciesProp.managed.FDC,7,70,10,0.0,10000.0,1.0,1.0,375.2090148925781,0.0,0.0
feature.SpeciesProp.managed.FDC,8,80,10,0.0,10000.0,1.0,1.0,377.1600036621094,0.0,0.0
feature.SpeciesProp.managed.FDC,9,90,10,0.0,10000.0,1.0,1.0,378.7229919433594,0.0,0.0
feature.SpeciesProp.managed.FDC,10,100,10,0.0,10000.0,1.0,1.0,378.7229919433594,0.0,0.0
feature.SpeciesProp.managed.FDC,11,110,10,0.0,10000.0,1.0,1.0,378.7229919433594,0.0,0.0
feature.SpeciesProp.managed.FDC,12,120,10,0.0,10000.0,1.0,1.0,378.7229919433594,0.0,0.0
feature.SpeciesProp.managed.FDC,13,130,10,0.0,10000.0,1.0,1.0,378.7229919433594,0.0,0.0
feature.SpeciesProp.managed.FDC,14,140,10,0.0,10000.0,1.0,1.0,378.7229919433594,0.0,0.0
feature.SpeciesProp.managed.FDC,15,150,10,0.0,10000.0,1.0,1.0,378.7229919433594,0.0,0.0
feature.SpeciesProp.managed.FDC,16,160,10,0.0,10000.0,1.0,1.0,378.7229919433594,0.0,0.0
feature.SpeciesProp.managed.FDC,17,170,10,0.0,10000.0,1.0,1.0,378.7229919433594,0.0,0.0
feature.SpeciesProp.managed.FDC,18,180,10,0.0,10000.0,1.0,1.0,378.7229919433594,0.0,0.0
feature.SpeciesProp.managed.FDC,19,190,10,0.0,10000.0,1.0,1.0,378.7229919433594,0.0,0.0
feature.SpeciesProp.managed.FDC,20,200,10,0.0,10000.0,1.0,1.0,378.7229919433594,0.0,0.0
feature.SpeciesProp.managed.FDC,21,210,10,0.0,10000.0,1.0,1.0,378.7229919433594,0.0,0.0
feature.SpeciesProp.managed.FDC,22,220,10,0.0,10000.0,1.0,1.0,378.7229919433594,0.0,0.0
feature.SpeciesProp.managed.FDC,23,230,10,0.0,10000.0,1.0,1.0,378.7229919433594,0.0,0.0
feature.SpeciesProp.managed.FDC,24,240,10,0.0,10000.0,1.0,1.0,378.7229919433594,0.0,0.0
feature.SpeciesProp.managed.FDC,25,250,10,0.0,10000.0,1.0,1.0,378.7229919433594,0.0,0.0
feature.SpeciesProp.managed.FDC,26,260,10,0.0,10000.0,1.0,1.0,378.7229919433594,0.0,0.0
feature.SpeciesProp.managed.FDC,27,270,10,0.0,10000.0,1.0,1.0,378.7229919433594,0.0,0.0
feature.SpeciesProp.managed.FDC,28,280,10,0.0,10000.0,1.0,1.0,378.7229919433594,0.0,0.0
feature.SpeciesProp.managed.FDC,29,290,10,0.0,10000.0,1.0,1.0,378.7229919433594,0.0,0.0
feature.SpeciesProp.managed.FDC,30,300,10,0.0,10000.0,1.0,1.0,378.7229919433594,0.0,0.0
feature.SpeciesProp.managed.HW,0,0,10,0.0,10000.0,1.0,1.0,455.8680114746094,0.0,0.0
feature.SpeciesProp.managed.HW,1,10,10,0.0,10000.0,1.0,1.0,509.02099609375,0.0,0.0
feature.SpeciesProp.managed.HW,2,20,10,0.0,10000.0,1.0,1.0,534.7069702148438,0.0,0.0
feature.SpeciesProp.managed.HW,3,30,10,0.0,10000.0,1.0,1.0,546.1610107421875,0.0,0.0
feature.SpeciesProp.managed.HW,4,40,10,0.0,10000.0,1.0,1.0,561.822998046875,0.0,0.0
feature.SpeciesProp.managed.HW,5,50,10,0.0,10000.0,1.0,1.0,581.89501953125,0.0,0.0
feature.SpeciesProp.managed.HW,6,60,10,0.0,10000.0,1.0,1.0,592.2930297851562,0.0,0.0
feature.SpeciesProp.managed.HW,7,70,10,0.0,10000.0,1.0,1.0,594.4539794921875,0.0,0.0
feature.SpeciesProp.managed.HW,8,80,10,0.0,10000.0,1.0,1.0,608.1079711914062,0.0,0.0
feature.SpeciesProp.managed.HW,9,90,10,0.0,10000.0,1.0,1.0,619.0479736328125,0.0,0.0
feature.SpeciesProp.managed.HW,10,100,10,0.0,10000.0,1.0,1.0,619.0479736328125,0.0,0.0
feature.SpeciesProp.managed.HW,11,110,10,0.0,10000.0,1.0,1.0,619.0479736328125,0.0,0.0
feature.SpeciesProp.managed.HW,12,120,10,0.0,10000.0,1.0,1.0,619.0479736328125,0.0,0.0
feature.SpeciesProp.managed.HW,13,130,10,0.0,10000.0,1.0,1.0,619.0479736328125,0.0,0.0
feature.SpeciesProp.managed.HW,14,140,10,0.0,10000.0,1.0,1.0,619.0479736328125,0.0,0.0
feature.SpeciesProp.managed.HW,15,150,10,0.0,10000.0,1.0,1.0,619.0479736328125,0.0,0.0
feature.SpeciesProp.managed.HW,16,160,10,0.0,10000.0,1.0,1.0,619.0479736328125,0.0,0.0
feature.SpeciesProp.managed.HW,17,170,10,0.0,10000.0,1.0,1.0,619.0479736328125,0.0,0.0
feature.SpeciesProp.managed.HW,18,180,10,0.0,10000.0,1.0,1.0,619.0479736328125,0.0,0.0
feature.SpeciesProp.managed.HW,19,190,10,0.0,10000.0,1.0,1.0,619.0479736328125,0.0,0.0
feature.SpeciesProp.managed.HW,20,200,10,0.0,10000.0,1.0,1.0,619.0479736328125,0.0,0.0
feature.SpeciesProp.managed.HW,21,210,10,0.0,10000.0,1.0,1.0,619.0479736328125,0.0,0.0
feature.SpeciesProp.managed.HW,22,220,10,0.0,10000.0,1.0,1.0,619.0479736328125,0.0,0.0
feature.SpeciesProp.managed.HW,23,230,10,0.0,10000.0,1.0,1.0,619.0479736328125,0.0,0.0
feature.SpeciesProp.managed.HW,24,240,10,0.0,10000.0,1.0,1.0,619.0479736328125,0.0,0.0
feature.SpeciesProp.managed.HW,25,250,10,0.0,10000.0,1.0,1.0,619.0479736328125,0.0,0.0
feature.SpeciesProp.managed.HW,26,260,10,0.0,10000.0,1.0,1.0,619.0479736328125,0.0,0.0
feature.SpeciesProp.managed.HW,27,270,10,0.0,10000.0,1.0,1.0,619.0479736328125,0.0,0.0
feature.SpeciesProp.managed.HW,28,280,10,0.0,10000.0,1.0,1.0,619.0479736328125,0.0,0.0
feature.SpeciesProp.managed.HW,29,290,10,0.0,10000.0,1.0,1.0,619.0479736328125,0.0,0.0
feature.SpeciesProp.managed.HW,30,300,10,0.0,10000.0,1.0,1.0,619.0479736328125,0.0,0.0
feature.SpeciesProp.unmanaged.CW,0,0,10,0.0,10000.0,1.0,1.0,11.826000213623047,0.0,0.0
feature.SpeciesProp.unmanaged.CW,1,10,10,0.0,10000.0,1.0,1.0,11.826000213623047,0.0,0.0
feature.SpeciesProp.unmanaged.CW,2,20,10,0.0,10000.0,1.0,1.0,11.826000213623047,0.0,0.0
feature.SpeciesProp.unmanaged.CW,3,30,10,0.0,10000.0,1.0,1.0,11.826000213623047,0.0,0.0
feature.SpeciesProp.unmanaged.CW,4,40,10,0.0,10000.0,1.0,1.0,11.826000213623047,0.0,0.0
feature.SpeciesProp.unmanaged.CW,5,50,10,0.0,10000.0,1.0,1.0,11.826000213623047,0.0,0.0
feature.SpeciesProp.unmanaged.CW,6,60,10,0.0,10000.0,1.0,1.0,11.826000213623047,0.0,0.0
feature.SpeciesProp.unmanaged.CW,7,70,10,0.0,10000.0,1.0,1.0,11.826000213623047,0.0,0.0
feature.SpeciesProp.unmanaged.CW,8,80,10,0.0,10000.0,1.0,1.0,11.826000213623047,0.0,0.0
feature.SpeciesProp.unmanaged.CW,9,90,10,0.0,10000.0,1.0,1.0,11.826000213623047,0.0,0.0
feature.SpeciesProp.unmanaged.CW,10,100,10,0.0,10000.0,1.0,1.0,11.826000213623047,0.0,0.0
feature.SpeciesProp.unmanaged.CW,11,110,10,0.0,10000.0,1.0,1.0,11.826000213623047,0.0,0.0
feature.SpeciesProp.unmanaged.CW,12,120,10,0.0,10000.0,1.0,1.0,11.826000213623047,0.0,0.0
feature.SpeciesProp.unmanaged.CW,13,130,10,0.0,10000.0,1.0,1.0,11.826000213623047,0.0,0.0
feature.SpeciesProp.unmanaged.CW,14,140,10,0.0,10000.0,1.0,1.0,11.826000213623047,0.0,0.0
feature.SpeciesProp.unmanaged.CW,15,150,10,0.0,10000.0,1.0,1.0,11.826000213623047,0.0,0.0
feature.SpeciesProp.unmanaged.CW,16,160,10,0.0,10000.0,1.0,1.0,11.826000213623047,0.0,0.0
feature.SpeciesProp.unmanaged.CW,17,170,10,0.0,10000.0,1.0,1.0,11.826000213623047,0.0,0.0
feature.SpeciesProp.unmanaged.CW,18,180,10,0.0,10000.0,1.0,1.0,11.826000213623047,0.0,0.0
feature.SpeciesProp.unmanaged.CW,19,190,10,0.0,10000.0,1.0,1.0,11.826000213623047,0.0,0.0
feature.SpeciesProp.unmanaged.CW,20,200,10,0.0,10000.0,1.0,1.0,11.826000213623047,0.0,0.0
feature.SpeciesProp.unmanaged.CW,21,210,10,0.0,10000.0,1.0,1.0,11.826000213623047,0.0,0.0
feature.SpeciesProp.unmanaged.CW,22,220,10,0.0,10000.0,1.0,1.0,11.826000213623047,0.0,0.0
feature.SpeciesProp.unmanaged.CW,23,230,10,0.0,10000.0,1.0,1.0,11.826000213623047,0.0,0.0
feature.SpeciesProp.unmanaged.CW,24,240,10,0.0,10000.0,1.0,1.0,11.826000213623047,0.0,0.0
feature.SpeciesProp.unmanaged.CW,25,250,10,0.0,10000.0,1.0,1.0,11.826000213623047,0.0,0.0
feature.SpeciesProp.unmanaged.CW,26,260,10,0.0,10000.0,1.0,1.0,11.826000213623047,0.0,0.0
feature.SpeciesProp.unmanaged.CW,27,270,10,0.0,10000.0,1.0,1.0,11.826000213623047,0.0,0.0
feature.SpeciesProp.unmanaged.CW,28,280,10,0.0,10000.0,1.0,1.0,11.826000213623047,0.0,0.0
feature.SpeciesProp.unmanaged.CW,29,290,10,0.0,10000.0,1.0,1.0,11.826000213623047,0.0,0.0
feature.SpeciesProp.unmanaged.CW,30,300,10,0.0,10000.0,1.0,1.0,11.826000213623047,0.0,0.0
feature.SpeciesProp.unmanaged.FDC,0,0,10,0.0,10000.0,1.0,1.0,34.65599822998047,0.0,0.0
feature.SpeciesProp.unmanaged.FDC,1,10,10,0.0,10000.0,1.0,1.0,34.65599822998047,0.0,0.0
feature.SpeciesProp.unmanaged.FDC,2,20,10,0.0,10000.0,1.0,1.0,34.65599822998047,0.0,0.0
feature.SpeciesProp.unmanaged.FDC,3,30,10,0.0,10000.0,1.0,1.0,34.65599822998047,0.0,0.0
feature.SpeciesProp.unmanaged.FDC,4,40,10,0.0,10000.0,1.0,1.0,34.65599822998047,0.0,0.0
feature.SpeciesProp.unmanaged.FDC,5,50,10,0.0,10000.0,1.0,1.0,34.65599822998047,0.0,0.0
feature.SpeciesProp.unmanaged.FDC,6,60,10,0.0,10000.0,1.0,1.0,34.65599822998047,0.0,0.0
feature.SpeciesProp.unmanaged.FDC,7,70,10,0.0,10000.0,1.0,1.0,34.65599822998047,0.0,0.0
feature.SpeciesProp.unmanaged.FDC,8,80,10,0.0,10000.0,1.0,1.0,34.65599822998047,0.0,0.0
feature.SpeciesProp.unmanaged.FDC,9,90,10,0.0,10000.0,1.0,1.0,34.65599822998047,0.0,0.0
feature.SpeciesProp.unmanaged.FDC,10,100,10,0.0,10000.0,1.0,1.0,34.65599822998047,0.0,0.0
feature.SpeciesProp.unmanaged.FDC,11,110,10,0.0,10000.0,1.0,1.0,34.65599822998047,0.0,0.0
feature.SpeciesProp.unmanaged.FDC,12,120,10,0.0,10000.0,1.0,1.0,34.65599822998047,0.0,0.0
feature.SpeciesProp.unmanaged.FDC,13,130,10,0.0,10000.0,1.0,1.0,34.65599822998047,0.0,0.0
feature.SpeciesProp.unmanaged.FDC,14,140,10,0.0,10000.0,1.0,1.0,34.65599822998047,0.0,0.0
feature.SpeciesProp.unmanaged.FDC,15,150,10,0.0,10000.0,1.0,1.0,34.65599822998047,0.0,0.0
feature.SpeciesProp.unmanaged.FDC,16,160,10,0.0,10000.0,1.0,1.0,34.65599822998047,0.0,0.0
feature.SpeciesProp.unmanaged.FDC,17,170,10,0.0,10000.0,1.0,1.0,34.65599822998047,0.0,0.0
feature.SpeciesProp.unmanaged.FDC,18,180,10,0.0,10000.0,1.0,1.0,34.65599822998047,0.0,0.0
feature.SpeciesProp.unmanaged.FDC,19,190,10,0.0,10000.0,1.0,1.0,34.65599822998047,0.0,0.0
feature.SpeciesProp.unmanaged.FDC,20,200,10,0.0,10000.0,1.0,1.0,34.65599822998047,0.0,0.0
feature.SpeciesProp.unmanaged.FDC,21,210,10,0.0,10000.0,1.0,1.0,34.65599822998047,0.0,0.0
feature.SpeciesProp.unmanaged.FDC,22,220,10,0.0,10000.0,1.0,1.0,34.65599822998047,0.0,0.0
feature.SpeciesProp.unmanaged.FDC,23,230,10,0.0,10000.0,1.0,1.0,34.65599822998047,0.0,0.0
feature.SpeciesProp.unmanaged.FDC,24,240,10,0.0,10000.0,1.0,1.0,34.65599822998047,0.0,0.0
feature.SpeciesProp.unmanaged.FDC,25,250,10,0.0,10000.0,1.0,1.0,34.65599822998047,0.0,0.0
feature.SpeciesProp.unmanaged.FDC,26,260,10,0.0,10000.0,1.0,1.0,34.65599822998047,0.0,0.0
feature.SpeciesProp.unmanaged.FDC,27,270,10,0.0,10000.0,1.0,1.0,34.65599822998047,0.0,0.0
feature.SpeciesProp.unmanaged.FDC,28,280,10,0.0,10000.0,1.0,1.0,34.65599822998047,0.0,0.0
feature.SpeciesProp.unmanaged.FDC,29,290,10,0.0,10000.0,1.0,1.0,34.65599822998047,0.0,0.0
feature.SpeciesProp.unmanaged.FDC,30,300,10,0.0,10000.0,1.0,1.0,34.65599822998047,0.0,0.0
feature.SpeciesProp.unmanaged.HW,0,0,10,0.0,10000.0,1.0,1.0,29.52199935913086,0.0,0.0
feature.SpeciesProp.unmanaged.HW,1,10,10,0.0,10000.0,1.0,1.0,29.52199935913086,0.0,0.0
feature.SpeciesProp.unmanaged.HW,2,20,10,0.0,10000.0,1.0,1.0,29.52199935913086,0.0,0.0
feature.SpeciesProp.unmanaged.HW,3,30,10,0.0,10000.0,1.0,1.0,29.52199935913086,0.0,0.0
feature.SpeciesProp.unmanaged.HW,4,40,10,0.0,10000.0,1.0,1.0,29.52199935913086,0.0,0.0
feature.SpeciesProp.unmanaged.HW,5,50,10,0.0,10000.0,1.0,1.0,29.52199935913086,0.0,0.0
feature.SpeciesProp.unmanaged.HW,6,60,10,0.0,10000.0,1.0,1.0,29.52199935913086,0.0,0.0
feature.SpeciesProp.unmanaged.HW,7,70,10,0.0,10000.0,1.0,1.0,29.52199935913086,0.0,0.0
feature.SpeciesProp.unmanaged.HW,8,80,10,0.0,10000.0,1.0,1.0,29.52199935913086,0.0,0.0
feature.SpeciesProp.unmanaged.HW,9,90,10,0.0,10000.0,1.0,1.0,29.52199935913086,0.0,0.0
feature.SpeciesProp.unmanaged.HW,10,100,10,0.0,10000.0,1.0,1.0,29.52199935913086,0.0,0.0
feature.SpeciesProp.unmanaged.HW,11,110,10,0.0,10000.0,1.0,1.0,29.52199935913086,0.0,0.0
feature.SpeciesProp.unmanaged.HW,12,120,10,0.0,10000.0,1.0,1.0,29.52199935913086,0.0,0.0
feature.SpeciesProp.unmanaged.HW,13,130,10,0.0,10000.0,1.0,1.0,29.52199935913086,0.0,0.0
feature.SpeciesProp.unmanaged.HW,14,140,10,0.0,10000.0,1.0,1.0,29.52199935913086,0.0,0.0
feature.SpeciesProp.unmanaged.HW,15,150,10,0.0,10000.0,1.0,1.0,29.52199935913086,0.0,0.0
feature.SpeciesProp.unmanaged.HW,16,160,10,0.0,10000.0,1.0,1.0,29.52199935913086,0.0,0.0
feature.SpeciesProp.unmanaged.HW,17,170,10,0.0,10000.0,1.0,1.0,29.52199935913086,0.0,0.0
feature.SpeciesProp.unmanaged.HW,18,180,10,0.0,10000.0,1.0,1.0,29.52199935913086,0.0,0.0
feature.SpeciesProp.unmanaged.HW,19,190,10,0.0,10000.0,1.0,1.0,29.52199935913086,0.0,0.0
feature.SpeciesProp.unmanaged.HW,20,200,10,0.0,10000.0,1.0,1.0,29.52199935913086,0.0,0.0
feature.SpeciesProp.unmanaged.HW,21,210,10,0.0,10000.0,1.0,1.0,29.52199935913086,0.0,0.0
feature.SpeciesProp.unmanaged.HW,22,220,10,0.0,10000.0,1.0,1.0,29.52199935913086,0.0,0.0
feature.SpeciesProp.unmanaged.HW,23,230,10,0.0,10000.0,1.0,1.0,29.52199935913086,0.0,0.0
feature.SpeciesProp.unmanaged.HW,24,240,10,0.0,10000.0,1.0,1.0,29.52199935913086,0.0,0.0
feature.SpeciesProp.unmanaged.HW,25,250,10,0.0,10000.0,1.0,1.0,29.52199935913086,0.0,0.0
feature.SpeciesProp.unmanaged.HW,26,260,10,0.0,10000.0,1.0,1.0,29.52199935913086,0.0,0.0
feature.SpeciesProp.unmanaged.HW,27,270,10,0.0,10000.0,1.0,1.0,29.52199935913086,0.0,0.0
feature.SpeciesProp.unmanaged.HW,28,280,10,0.0,10000.0,1.0,1.0,29.52199935913086,0.0,0.0
feature.SpeciesProp.unmanaged.HW,29,290,10,0.0,10000.0,1.0,1.0,29.52199935913086,0.0,0.0
feature.SpeciesProp.unmanaged.HW,30,300,10,0.0,10000.0,1.0,1.0,29.52199935913086,0.0,0.0
feature.StemsPerHa.managed.CWHvm_CW_HW_M,0,0,10,0.0,10000.0,1.0,1.0,899.9910278320312,0.0,0.0
feature.StemsPerHa.managed.CWHvm_CW_HW_M,1,10,10,0.0,10000.0,1.0,1.0,899.9910278320312,0.0,0.0
feature.StemsPerHa.managed.CWHvm_CW_HW_M,2,20,10,0.0,10000.0,1.0,1.0,899.9910278320312,0.0,0.0
feature.StemsPerHa.managed.CWHvm_CW_HW_M,3,30,10,0.0,10000.0,1.0,1.0,899.9910278320312,0.0,0.0
feature.StemsPerHa.managed.CWHvm_CW_HW_M,4,40,10,0.0,10000.0,1.0,1.0,899.9910278320312,0.0,0.0
feature.StemsPerHa.managed.CWHvm_CW_HW_M,5,50,10,0.0,10000.0,1.0,1.0,899.9910278320312,0.0,0.0
feature.StemsPerHa.managed.CWHvm_CW_HW_M,6,60,10,0.0,10000.0,1.0,1.0,899.9910278320312,0.0,0.0
feature.StemsPerHa.managed.CWHvm_CW_HW_M,7,70,10,0.0,10000.0,1.0,1.0,899.9910278320312,0.0,0.0
feature.StemsPerHa.managed.CWHvm_CW_HW_M,8,80,10,0.0,10000.0,1.0,1.0,899.9910278320312,0.0,0.0
feature.StemsPerHa.managed.CWHvm_CW_HW_M,9,90,10,0.0,10000.0,1.0,1.0,899.9910278320312,0.0,0.0
feature.StemsPerHa.managed.CWHvm_CW_HW_M,10,100,10,0.0,10000.0,1.0,1.0,899.9910278320312,0.0,0.0
feature.StemsPerHa.managed.CWHvm_CW_HW_M,11,110,10,0.0,10000.0,1.0,1.0,899.9910278320312,0.0,0.0
feature.StemsPerHa.managed.CWHvm_CW_HW_M,12,120,10,0.0,10000.0,1.0,1.0,899.9910278320312,0.0,0.0
feature.StemsPerHa.managed.CWHvm_CW_HW_M,13,130,10,0.0,10000.0,1.0,1.0,899.9910278320312,0.0,0.0
feature.StemsPerHa.managed.CWHvm_CW_HW_M,14,140,10,0.0,10000.0,1.0,1.0,899.9910278320312,0.0,0.0
feature.StemsPerHa.managed.CWHvm_CW_HW_M,15,150,10,0.0,10000.0,1.0,1.0,899.9910278320312,0.0,0.0
feature.StemsPerHa.managed.CWHvm_CW_HW_M,16,160,10,0.0,10000.0,1.0,1.0,899.9910278320312,0.0,0.0
feature.StemsPerHa.managed.CWHvm_CW_HW_M,17,170,10,0.0,10000.0,1.0,1.0,899.9910278320312,0.0,0.0
feature.StemsPerHa.managed.CWHvm_CW_HW_M,18,180,10,0.0,10000.0,1.0,1.0,899.9910278320312,0.0,0.0
feature.StemsPerHa.managed.CWHvm_CW_HW_M,19,190,10,0.0,10000.0,1.0,1.0,899.9910278320312,0.0,0.0
feature.StemsPerHa.managed.CWHvm_CW_HW_M,20,200,10,0.0,10000.0,1.0,1.0,899.9910278320312,0.0,0.0
feature.StemsPerHa.managed.CWHvm_CW_HW_M,21,210,10,0.0,10000.0,1.0,1.0,899.9910278320312,0.0,0.0
feature.StemsPerHa.managed.CWHvm_CW_HW_M,22,220,10,0.0,10000.0,1.0,1.0,899.9910278320312,0.0,0.0
feature.StemsPerHa.managed.CWHvm_CW_HW_M,23,230,10,0.0,10000.0,1.0,1.0,899.9910278320312,0.0,0.0
feature.StemsPerHa.managed.CWHvm_CW_HW_M,24,240,10,0.0,10000.0,1.0,1.0,899.9910278320312,0.0,0.0
feature.StemsPerHa.managed.CWHvm_CW_HW_M,25,250,10,0.0,10000.0,1.0,1.0,899.9910278320312,0.0,0.0
feature.StemsPerHa.managed.CWHvm_CW_HW_M,26,260,10,0.0,10000.0,1.0,1.0,899.9910278320312,0.0,0.0
feature.StemsPerHa.managed.CWHvm_CW_HW_M,27,270,10,0.0,10000.0,1.0,1.0,899.9910278320312,0.0,0.0
feature.StemsPerHa.managed.CWHvm_CW_HW_M,28,280,10,0.0,10000.0,1.0,1.0,899.9910278320312,0.0,0.0
feature.StemsPerHa.managed.CWHvm_CW_HW_M,29,290,10,0.0,10000.0,1.0,1.0,899.9910278320312,0.0,0.0
feature.StemsPerHa.managed.CWHvm_CW_HW_M,30,300,10,0.0,10000.0,1.0,1.0,899.9910278320312,0.0,0.0
feature.StemsPerHa.managed.CWHvm_DR_HW_M,0,0,10,0.0,10000.0,1.0,1.0,899.9920043945312,0.0,0.0
feature.StemsPerHa.managed.CWHvm_DR_HW_M,1,10,10,0.0,10000.0,1.0,1.0,899.9920043945312,0.0,0.0
feature.StemsPerHa.managed.CWHvm_DR_HW_M,2,20,10,0.0,10000.0,1.0,1.0,899.9920043945312,0.0,0.0
feature.StemsPerHa.managed.CWHvm_DR_HW_M,3,30,10,0.0,10000.0,1.0,1.0,899.9920043945312,0.0,0.0
feature.StemsPerHa.managed.CWHvm_DR_HW_M,4,40,10,0.0,10000.0,1.0,1.0,899.9920043945312,0.0,0.0
feature.StemsPerHa.managed.CWHvm_DR_HW_M,5,50,10,0.0,10000.0,1.0,1.0,899.9920043945312,0.0,0.0
feature.StemsPerHa.managed.CWHvm_DR_HW_M,6,60,10,0.0,10000.0,1.0,1.0,899.9920043945312,0.0,0.0
feature.StemsPerHa.managed.CWHvm_DR_HW_M,7,70,10,0.0,10000.0,1.0,1.0,899.9920043945312,0.0,0.0
feature.StemsPerHa.managed.CWHvm_DR_HW_M,8,80,10,0.0,10000.0,1.0,1.0,899.9920043945312,0.0,0.0
feature.StemsPerHa.managed.CWHvm_DR_HW_M,9,90,10,0.0,10000.0,1.0,1.0,899.9920043945312,0.0,0.0
feature.StemsPerHa.managed.CWHvm_DR_HW_M,10,100,10,0.0,10000.0,1.0,1.0,899.9920043945312,0.0,0.0
feature.StemsPerHa.managed.CWHvm_DR_HW_M,11,110,10,0.0,10000.0,1.0,1.0,899.9920043945312,0.0,0.0
feature.StemsPerHa.managed.CWHvm_DR_HW_M,12,120,10,0.0,10000.0,1.0,1.0,899.9920043945312,0.0,0.0
feature.StemsPerHa.managed.CWHvm_DR_HW_M,13,130,10,0.0,10000.0,1.0,1.0,899.9920043945312,0.0,0.0
feature.StemsPerHa.managed.CWHvm_DR_HW_M,14,140,10,0.0,10000.0,1.0,1.0,899.9920043945312,0.0,0.0
feature.StemsPerHa.managed.CWHvm_DR_HW_M,15,150,10,0.0,10000.0,1.0,1.0,899.9920043945312,0.0,0.0
feature.StemsPerHa.managed.CWHvm_DR_HW_M,16,160,10,0.0,10000.0,1.0,1.0,899.9920043945312,0.0,0.0
feature.StemsPerHa.managed.CWHvm_DR_HW_M,17,170,10,0.0,10000.0,1.0,1.0,899.9920043945312,0.0,0.0
feature.StemsPerHa.managed.CWHvm_DR_HW_M,18,180,10,0.0,10000.0,1.0,1.0,899.9920043945312,0.0,0.0
feature.StemsPerHa.managed.CWHvm_DR_HW_M,19,190,10,0.0,10000.0,1.0,1.0,899.9920043945312,0.0,0.0
feature.StemsPerHa.managed.CWHvm_DR_HW_M,20,200,10,0.0,10000.0,1.0,1.0,899.9920043945312,0.0,0.0
feature.StemsPerHa.managed.CWHvm_DR_HW_M,21,210,10,0.0,10000.0,1.0,1.0,899.9920043945312,0.0,0.0
feature.StemsPerHa.managed.CWHvm_DR_HW_M,22,220,10,0.0,10000.0,1.0,1.0,899.9920043945312,0.0,0.0
feature.StemsPerHa.managed.CWHvm_DR_HW_M,23,230,10,0.0,10000.0,1.0,1.0,899.9920043945312,0.0,0.0
feature.StemsPerHa.managed.CWHvm_DR_HW_M,24,240,10,0.0,10000.0,1.0,1.0,899.9920043945312,0.0,0.0
feature.StemsPerHa.managed.CWHvm_DR_HW_M,25,250,10,0.0,10000.0,1.0,1.0,899.9920043945312,0.0,0.0
feature.StemsPerHa.managed.CWHvm_DR_HW_M,26,260,10,0.0,10000.0,1.0,1.0,899.9920043945312,0.0,0.0
feature.StemsPerHa.managed.CWHvm_DR_HW_M,27,270,10,0.0,10000.0,1.0,1.0,899.9920043945312,0.0,0.0
feature.StemsPerHa.managed.CWHvm_DR_HW_M,28,280,10,0.0,10000.0,1.0,1.0,899.9920043945312,0.0,0.0
feature.StemsPerHa.managed.CWHvm_DR_HW_M,29,290,10,0.0,10000.0,1.0,1.0,899.9920043945312,0.0,0.0
feature.StemsPerHa.managed.CWHvm_DR_HW_M,30,300,10,0.0,10000.0,1.0,1.0,899.9920043945312,0.0,0.0
feature.StemsPerHa.managed.CWHvm_FDC_HW_H,0,0,10,0.0,10000.0,1.0,1.0,899.9929809570312,0.0,0.0
feature.StemsPerHa.managed.CWHvm_FDC_HW_H,1,10,10,0.0,10000.0,1.0,1.0,899.9929809570312,0.0,0.0
feature.StemsPerHa.managed.CWHvm_FDC_HW_H,2,20,10,0.0,10000.0,1.0,1.0,899.9929809570312,0.0,0.0
feature.StemsPerHa.managed.CWHvm_FDC_HW_H,3,30,10,0.0,10000.0,1.0,1.0,899.9929809570312,0.0,0.0
feature.StemsPerHa.managed.CWHvm_FDC_HW_H,4,40,10,0.0,10000.0,1.0,1.0,899.9929809570312,0.0,0.0
feature.StemsPerHa.managed.CWHvm_FDC_HW_H,5,50,10,0.0,10000.0,1.0,1.0,899.9929809570312,0.0,0.0
feature.StemsPerHa.managed.CWHvm_FDC_HW_H,6,60,10,0.0,10000.0,1.0,1.0,899.9929809570312,0.0,0.0
feature.StemsPerHa.managed.CWHvm_FDC_HW_H,7,70,10,0.0,10000.0,1.0,1.0,899.9929809570312,0.0,0.0
feature.StemsPerHa.managed.CWHvm_FDC_HW_H,8,80,10,0.0,10000.0,1.0,1.0,899.9929809570312,0.0,0.0
feature.StemsPerHa.managed.CWHvm_FDC_HW_H,9,90,10,0.0,10000.0,1.0,1.0,899.9929809570312,0.0,0.0
feature.StemsPerHa.managed.CWHvm_FDC_HW_H,10,100,10,0.0,10000.0,1.0,1.0,899.9929809570312,0.0,0.0
feature.StemsPerHa.managed.CWHvm_FDC_HW_H,11,110,10,0.0,10000.0,1.0,1.0,899.9929809570312,0.0,0.0
feature.StemsPerHa.managed.CWHvm_FDC_HW_H,12,120,10,0.0,10000.0,1.0,1.0,899.9929809570312,0.0,0.0
feature.StemsPerHa.managed.CWHvm_FDC_HW_H,13,130,10,0.0,10000.0,1.0,1.0,899.9929809570312,0.0,0.0
feature.StemsPerHa.managed.CWHvm_FDC_HW_H,14,140,10,0.0,10000.0,1.0,1.0,899.9929809570312,0.0,0.0
feature.StemsPerHa.managed.CWHvm_FDC_HW_H,15,150,10,0.0,10000.0,1.0,1.0,899.9929809570312,0.0,0.0
feature.StemsPerHa.managed.CWHvm_FDC_HW_H,16,160,10,0.0,10000.0,1.0,1.0,899.9929809570312,0.0,0.0
feature.StemsPerHa.managed.CWHvm_FDC_HW_H,17,170,10,0.0,10000.0,1.0,1.0,899.9929809570312,0.0,0.0
feature.StemsPerHa.managed.CWHvm_FDC_HW_H,18,180,10,0.0,10000.0,1.0,1.0,899.9929809570312,0.0,0.0
feature.StemsPerHa.managed.CWHvm_FDC_HW_H,19,190,10,0.0,10000.0,1.0,1.0,899.9929809570312,0.0,0.0
feature.StemsPerHa.managed.CWHvm_FDC_HW_H,20,200,10,0.0,10000.0,1.0,1.0,899.9929809570312,0.0,0.0
feature.StemsPerHa.managed.CWHvm_FDC_HW_H,21,210,10,0.0,10000.0,1.0,1.0,899.9929809570312,0.0,0.0
feature.StemsPerHa.managed.CWHvm_FDC_HW_H,22,220,10,0.0,10000.0,1.0,1.0,899.9929809570312,0.0,0.0
feature.StemsPerHa.managed.CWHvm_FDC_HW_H,23,230,10,0.0,10000.0,1.0,1.0,899.9929809570312,0.0,0.0
feature.StemsPerHa.managed.CWHvm_FDC_HW_H,24,240,10,0.0,10000.0,1.0,1.0,899.9929809570312,0.0,0.0
feature.StemsPerHa.managed.CWHvm_FDC_HW_H,25,250,10,0.0,10000.0,1.0,1.0,899.9929809570312,0.0,0.0
feature.StemsPerHa.managed.CWHvm_FDC_HW_H,26,260,10,0.0,10000.0,1.0,1.0,899.9929809570312,0.0,0.0
feature.StemsPerHa.managed.CWHvm_FDC_HW_H,27,270,10,0.0,10000.0,1.0,1.0,899.9929809570312,0.0,0.0
feature.StemsPerHa.managed.CWHvm_FDC_HW_H,28,280,10,0.0,10000.0,1.0,1.0,899.9929809570312,0.0,0.0
feature.StemsPerHa.managed.CWHvm_FDC_HW_H,29,290,10,0.0,10000.0,1.0,1.0,899.9929809570312,0.0,0.0
feature.StemsPerHa.managed.CWHvm_FDC_HW_H,30,300,10,0.0,10000.0,1.0,1.0,899.9929809570312,0.0,0.0
feature.StemsPerHa.managed.CWHvm_FDC_HW_L,0,0,10,0.0,10000.0,1.0,1.0,899.9910278320312,0.0,0.0
feature.StemsPerHa.managed.CWHvm_FDC_HW_L,1,10,10,0.0,10000.0,1.0,1.0,899.9910278320312,0.0,0.0
feature.StemsPerHa.managed.CWHvm_FDC_HW_L,2,20,10,0.0,10000.0,1.0,1.0,899.9910278320312,0.0,0.0
feature.StemsPerHa.managed.CWHvm_FDC_HW_L,3,30,10,0.0,10000.0,1.0,1.0,899.9910278320312,0.0,0.0
feature.StemsPerHa.managed.CWHvm_FDC_HW_L,4,40,10,0.0,10000.0,1.0,1.0,899.9910278320312,0.0,0.0
feature.StemsPerHa.managed.CWHvm_FDC_HW_L,5,50,10,0.0,10000.0,1.0,1.0,899.9910278320312,0.0,0.0
feature.StemsPerHa.managed.CWHvm_FDC_HW_L,6,60,10,0.0,10000.0,1.0,1.0,899.9910278320312,0.0,0.0
feature.StemsPerHa.managed.CWHvm_FDC_HW_L,7,70,10,0.0,10000.0,1.0,1.0,899.9910278320312,0.0,0.0
feature.StemsPerHa.managed.CWHvm_FDC_HW_L,8,80,10,0.0,10000.0,1.0,1.0,899.9910278320312,0.0,0.0
feature.StemsPerHa.managed.CWHvm_FDC_HW_L,9,90,10,0.0,10000.0,1.0,1.0,899.9910278320312,0.0,0.0
feature.StemsPerHa.managed.CWHvm_FDC_HW_L,10,100,10,0.0,10000.0,1.0,1.0,899.9910278320312,0.0,0.0
feature.StemsPerHa.managed.CWHvm_FDC_HW_L,11,110,10,0.0,10000.0,1.0,1.0,899.9910278320312,0.0,0.0
feature.StemsPerHa.managed.CWHvm_FDC_HW_L,12,120,10,0.0,10000.0,1.0,1.0,899.9910278320312,0.0,0.0
feature.StemsPerHa.managed.CWHvm_FDC_HW_L,13,130,10,0.0,10000.0,1.0,1.0,899.9910278320312,0.0,0.0
feature.StemsPerHa.managed.CWHvm_FDC_HW_L,14,140,10,0.0,10000.0,1.0,1.0,899.9910278320312,0.0,0.0
feature.StemsPerHa.managed.CWHvm_FDC_HW_L,15,150,10,0.0,10000.0,1.0,1.0,899.9910278320312,0.0,0.0
feature.StemsPerHa.managed.CWHvm_FDC_HW_L,16,160,10,0.0,10000.0,1.0,1.0,899.9910278320312,0.0,0.0
feature.StemsPerHa.managed.CWHvm_FDC_HW_L,17,170,10,0.0,10000.0,1.0,1.0,899.9910278320312,0.0,0.0
feature.StemsPerHa.managed.CWHvm_FDC_HW_L,18,180,10,0.0,10000.0,1.0,1.0,899.9910278320312,0.0,0.0
feature.StemsPerHa.managed.CWHvm_FDC_HW_L,19,190,10,0.0,10000.0,1.0,1.0,899.9910278320312,0.0,0.0
feature.StemsPerHa.managed.CWHvm_FDC_HW_L,20,200,10,0.0,10000.0,1.0,1.0,899.9910278320312,0.0,0.0
feature.StemsPerHa.managed.CWHvm_FDC_HW_L,21,210,10,0.0,10000.0,1.0,1.0,899.9910278320312,0.0,0.0
feature.StemsPerHa.managed.CWHvm_FDC_HW_L,22,220,10,0.0,10000.0,1.0,1.0,899.9910278320312,0.0,0.0
feature.StemsPerHa.managed.CWHvm_FDC_HW_L,23,230,10,0.0,10000.0,1.0,1.0,899.9910278320312,0.0,0.0
feature.StemsPerHa.managed.CWHvm_FDC_HW_L,24,240,10,0.0,10000.0,1.0,1.0,899.9910278320312,0.0,0.0
feature.StemsPerHa.managed.CWHvm_FDC_HW_L,25,250,10,0.0,10000.0,1.0,1.0,899.9910278320312,0.0,0.0
feature.StemsPerHa.managed.CWHvm_FDC_HW_L,26,260,10,0.0,10000.0,1.0,1.0,899.9910278320312,0.0,0.0
feature.StemsPerHa.managed.CWHvm_FDC_HW_L,27,270,10,0.0,10000.0,1.0,1.0,899.9910278320312,0.0,0.0
feature.StemsPerHa.managed.CWHvm_FDC_HW_L,28,280,10,0.0,10000.0,1.0,1.0,899.9910278320312,0.0,0.0
feature.StemsPerHa.managed.CWHvm_FDC_HW_L,29,290,10,0.0,10000.0,1.0,1.0,899.9910278320312,0.0,0.0
feature.StemsPerHa.managed.CWHvm_FDC_HW_L,30,300,10,0.0,10000.0,1.0,1.0,899.9910278320312,0.0,0.0
feature.StemsPerHa.managed.CWHvm_FDC_HW_M,0,0,10,0.0,10000.0,1.0,1.0,899.9949951171875,0.0,0.0
feature.StemsPerHa.managed.CWHvm_FDC_HW_M,1,10,10,0.0,10000.0,1.0,1.0,899.9949951171875,0.0,0.0
feature.StemsPerHa.managed.CWHvm_FDC_HW_M,2,20,10,0.0,10000.0,1.0,1.0,899.9949951171875,0.0,0.0
feature.StemsPerHa.managed.CWHvm_FDC_HW_M,3,30,10,0.0,10000.0,1.0,1.0,899.9949951171875,0.0,0.0
feature.StemsPerHa.managed.CWHvm_FDC_HW_M,4,40,10,0.0,10000.0,1.0,1.0,899.9949951171875,0.0,0.0
feature.StemsPerHa.managed.CWHvm_FDC_HW_M,5,50,10,0.0,10000.0,1.0,1.0,899.9949951171875,0.0,0.0
feature.StemsPerHa.managed.CWHvm_FDC_HW_M,6,60,10,0.0,10000.0,1.0,1.0,899.9949951171875,0.0,0.0
feature.StemsPerHa.managed.CWHvm_FDC_HW_M,7,70,10,0.0,10000.0,1.0,1.0,899.9949951171875,0.0,0.0
feature.StemsPerHa.managed.CWHvm_FDC_HW_M,8,80,10,0.0,10000.0,1.0,1.0,899.9949951171875,0.0,0.0
feature.StemsPerHa.managed.CWHvm_FDC_HW_M,9,90,10,0.0,10000.0,1.0,1.0,899.9949951171875,0.0,0.0
feature.StemsPerHa.managed.CWHvm_FDC_HW_M,10,100,10,0.0,10000.0,1.0,1.0,899.9949951171875,0.0,0.0
feature.StemsPerHa.managed.CWHvm_FDC_HW_M,11,110,10,0.0,10000.0,1.0,1.0,899.9949951171875,0.0,0.0
feature.StemsPerHa.managed.CWHvm_FDC_HW_M,12,120,10,0.0,10000.0,1.0,1.0,899.9949951171875,0.0,0.0
feature.StemsPerHa.managed.CWHvm_FDC_HW_M,13,130,10,0.0,10000.0,1.0,1.0,899.9949951171875,0.0,0.0
feature.StemsPerHa.managed.CWHvm_FDC_HW_M,14,140,10,0.0,10000.0,1.0,1.0,899.9949951171875,0.0,0.0
feature.StemsPerHa.managed.CWHvm_FDC_HW_M,15,150,10,0.0,10000.0,1.0,1.0,899.9949951171875,0.0,0.0
feature.StemsPerHa.managed.CWHvm_FDC_HW_M,16,160,10,0.0,10000.0,1.0,1.0,899.9949951171875,0.0,0.0
feature.StemsPerHa.managed.CWHvm_FDC_HW_M,17,170,10,0.0,10000.0,1.0,1.0,899.9949951171875,0.0,0.0
feature.StemsPerHa.managed.CWHvm_FDC_HW_M,18,180,10,0.0,10000.0,1.0,1.0,899.9949951171875,0.0,0.0
feature.StemsPerHa.managed.CWHvm_FDC_HW_M,19,190,10,0.0,10000.0,1.0,1.0,899.9949951171875,0.0,0.0
feature.StemsPerHa.managed.CWHvm_FDC_HW_M,20,200,10,0.0,10000.0,1.0,1.0,899.9949951171875,0.0,0.0
feature.StemsPerHa.managed.CWHvm_FDC_HW_M,21,210,10,0.0,10000.0,1.0,1.0,899.9949951171875,0.0,0.0
feature.StemsPerHa.managed.CWHvm_FDC_HW_M,22,220,10,0.0,10000.0,1.0,1.0,899.9949951171875,0.0,0.0
feature.StemsPerHa.managed.CWHvm_FDC_HW_M,23,230,10,0.0,10000.0,1.0,1.0,899.9949951171875,0.0,0.0
feature.StemsPerHa.managed.CWHvm_FDC_HW_M,24,240,10,0.0,10000.0,1.0,1.0,899.9949951171875,0.0,0.0
feature.StemsPerHa.managed.CWHvm_FDC_HW_M,25,250,10,0.0,10000.0,1.0,1.0,899.9949951171875,0.0,0.0
feature.StemsPerHa.managed.CWHvm_FDC_HW_M,26,260,10,0.0,10000.0,1.0,1.0,899.9949951171875,0.0,0.0
feature.StemsPerHa.managed.CWHvm_FDC_HW_M,27,270,10,0.0,10000.0,1.0,1.0,899.9949951171875,0.0,0.0
feature.StemsPerHa.managed.CWHvm_FDC_HW_M,28,280,10,0.0,10000.0,1.0,1.0,899.9949951171875,0.0,0.0
feature.StemsPerHa.managed.CWHvm_FDC_HW_M,29,290,10,0.0,10000.0,1.0,1.0,899.9949951171875,0.0,0.0
feature.StemsPerHa.managed.CWHvm_FDC_HW_M,30,300,10,0.0,10000.0,1.0,1.0,899.9949951171875,0.0,0.0
feature.StemsPerHa.managed.CWHvm_HW_BA_M,0,0,10,0.0,10000.0,1.0,1.0,899.9970092773438,0.0,0.0
feature.StemsPerHa.managed.CWHvm_HW_BA_M,1,10,10,0.0,10000.0,1.0,1.0,899.9970092773438,0.0,0.0
feature.StemsPerHa.managed.CWHvm_HW_BA_M,2,20,10,0.0,10000.0,1.0,1.0,899.9970092773438,0.0,0.0
feature.StemsPerHa.managed.CWHvm_HW_BA_M,3,30,10,0.0,10000.0,1.0,1.0,899.9970092773438,0.0,0.0
feature.StemsPerHa.managed.CWHvm_HW_BA_M,4,40,10,0.0,10000.0,1.0,1.0,899.9970092773438,0.0,0.0
feature.StemsPerHa.managed.CWHvm_HW_BA_M,5,50,10,0.0,10000.0,1.0,1.0,899.9970092773438,0.0,0.0
feature.StemsPerHa.managed.CWHvm_HW_BA_M,6,60,10,0.0,10000.0,1.0,1.0,899.9970092773438,0.0,0.0
feature.StemsPerHa.managed.CWHvm_HW_BA_M,7,70,10,0.0,10000.0,1.0,1.0,899.9970092773438,0.0,0.0
feature.StemsPerHa.managed.CWHvm_HW_BA_M,8,80,10,0.0,10000.0,1.0,1.0,899.9970092773438,0.0,0.0
feature.StemsPerHa.managed.CWHvm_HW_BA_M,9,90,10,0.0,10000.0,1.0,1.0,899.9970092773438,0.0,0.0
feature.StemsPerHa.managed.CWHvm_HW_BA_M,10,100,10,0.0,10000.0,1.0,1.0,899.9970092773438,0.0,0.0
feature.StemsPerHa.managed.CWHvm_HW_BA_M,11,110,10,0.0,10000.0,1.0,1.0,899.9970092773438,0.0,0.0
feature.StemsPerHa.managed.CWHvm_HW_BA_M,12,120,10,0.0,10000.0,1.0,1.0,899.9970092773438,0.0,0.0
feature.StemsPerHa.managed.CWHvm_HW_BA_M,13,130,10,0.0,10000.0,1.0,1.0,899.9970092773438,0.0,0.0
feature.StemsPerHa.managed.CWHvm_HW_BA_M,14,140,10,0.0,10000.0,1.0,1.0,899.9970092773438,0.0,0.0
feature.StemsPerHa.managed.CWHvm_HW_BA_M,15,150,10,0.0,10000.0,1.0,1.0,899.9970092773438,0.0,0.0
feature.StemsPerHa.managed.CWHvm_HW_BA_M,16,160,10,0.0,10000.0,1.0,1.0,899.9970092773438,0.0,0.0
feature.StemsPerHa.managed.CWHvm_HW_BA_M,17,170,10,0.0,10000.0,1.0,1.0,899.9970092773438,0.0,0.0
feature.StemsPerHa.managed.CWHvm_HW_BA_M,18,180,10,0.0,10000.0,1.0,1.0,899.9970092773438,0.0,0.0
feature.StemsPerHa.managed.CWHvm_HW_BA_M,19,190,10,0.0,10000.0,1.0,1.0,899.9970092773438,0.0,0.0
feature.StemsPerHa.managed.CWHvm_HW_BA_M,20,200,10,0.0,10000.0,1.0,1.0,899.9970092773438,0.0,0.0
feature.StemsPerHa.managed.CWHvm_HW_BA_M,21,210,10,0.0,10000.0,1.0,1.0,899.9970092773438,0.0,0.0
feature.StemsPerHa.managed.CWHvm_HW_BA_M,22,220,10,0.0,10000.0,1.0,1.0,899.9970092773438,0.0,0.0
feature.StemsPerHa.managed.CWHvm_HW_BA_M,23,230,10,0.0,10000.0,1.0,1.0,899.9970092773438,0.0,0.0
feature.StemsPerHa.managed.CWHvm_HW_BA_M,24,240,10,0.0,10000.0,1.0,1.0,899.9970092773438,0.0,0.0
feature.StemsPerHa.managed.CWHvm_HW_BA_M,25,250,10,0.0,10000.0,1.0,1.0,899.9970092773438,0.0,0.0
feature.StemsPerHa.managed.CWHvm_HW_BA_M,26,260,10,0.0,10000.0,1.0,1.0,899.9970092773438,0.0,0.0
feature.StemsPerHa.managed.CWHvm_HW_BA_M,27,270,10,0.0,10000.0,1.0,1.0,899.9970092773438,0.0,0.0
feature.StemsPerHa.managed.CWHvm_HW_BA_M,28,280,10,0.0,10000.0,1.0,1.0,899.9970092773438,0.0,0.0
feature.StemsPerHa.managed.CWHvm_HW_BA_M,29,290,10,0.0,10000.0,1.0,1.0,899.9970092773438,0.0,0.0
feature.StemsPerHa.managed.CWHvm_HW_BA_M,30,300,10,0.0,10000.0,1.0,1.0,899.9970092773438,0.0,0.0
feature.StemsPerHa.managed.CWHvm_HW_CW_H,0,0,10,0.0,10000.0,1.0,1.0,899.9920043945312,0.0,0.0
feature.StemsPerHa.managed.CWHvm_HW_CW_H,1,10,10,0.0,10000.0,1.0,1.0,899.9920043945312,0.0,0.0
feature.StemsPerHa.managed.CWHvm_HW_CW_H,2,20,10,0.0,10000.0,1.0,1.0,899.9920043945312,0.0,0.0
feature.StemsPerHa.managed.CWHvm_HW_CW_H,3,30,10,0.0,10000.0,1.0,1.0,899.9920043945312,0.0,0.0
feature.StemsPerHa.managed.CWHvm_HW_CW_H,4,40,10,0.0,10000.0,1.0,1.0,899.9920043945312,0.0,0.0
feature.StemsPerHa.managed.CWHvm_HW_CW_H,5,50,10,0.0,10000.0,1.0,1.0,899.9920043945312,0.0,0.0
feature.StemsPerHa.managed.CWHvm_HW_CW_H,6,60,10,0.0,10000.0,1.0,1.0,899.9920043945312,0.0,0.0
feature.StemsPerHa.managed.CWHvm_HW_CW_H,7,70,10,0.0,10000.0,1.0,1.0,899.9920043945312,0.0,0.0
feature.StemsPerHa.managed.CWHvm_HW_CW_H,8,80,10,0.0,10000.0,1.0,1.0,899.9920043945312,0.0,0.0
feature.StemsPerHa.managed.CWHvm_HW_CW_H,9,90,10,0.0,10000.0,1.0,1.0,899.9920043945312,0.0,0.0
feature.StemsPerHa.managed.CWHvm_HW_CW_H,10,100,10,0.0,10000.0,1.0,1.0,899.9920043945312,0.0,0.0
feature.StemsPerHa.managed.CWHvm_HW_CW_H,11,110,10,0.0,10000.0,1.0,1.0,899.9920043945312,0.0,0.0
feature.StemsPerHa.managed.CWHvm_HW_CW_H,12,120,10,0.0,10000.0,1.0,1.0,899.9920043945312,0.0,0.0
feature.StemsPerHa.managed.CWHvm_HW_CW_H,13,130,10,0.0,10000.0,1.0,1.0,899.9920043945312,0.0,0.0
feature.StemsPerHa.managed.CWHvm_HW_CW_H,14,140,10,0.0,10000.0,1.0,1.0,899.9920043945312,0.0,0.0
feature.StemsPerHa.managed.CWHvm_HW_CW_H,15,150,10,0.0,10000.0,1.0,1.0,899.9920043945312,0.0,0.0
feature.StemsPerHa.managed.CWHvm_HW_CW_H,16,160,10,0.0,10000.0,1.0,1.0,899.9920043945312,0.0,0.0
feature.StemsPerHa.managed.CWHvm_HW_CW_H,17,170,10,0.0,10000.0,1.0,1.0,899.9920043945312,0.0,0.0
feature.StemsPerHa.managed.CWHvm_HW_CW_H,18,180,10,0.0,10000.0,1.0,1.0,899.9920043945312,0.0,0.0
feature.StemsPerHa.managed.CWHvm_HW_CW_H,19,190,10,0.0,10000.0,1.0,1.0,899.9920043945312,0.0,0.0
feature.StemsPerHa.managed.CWHvm_HW_CW_H,20,200,10,0.0,10000.0,1.0,1.0,899.9920043945312,0.0,0.0
feature.StemsPerHa.managed.CWHvm_HW_CW_H,21,210,10,0.0,10000.0,1.0,1.0,899.9920043945312,0.0,0.0
feature.StemsPerHa.managed.CWHvm_HW_CW_H,22,220,10,0.0,10000.0,1.0,1.0,899.9920043945312,0.0,0.0
feature.StemsPerHa.managed.CWHvm_HW_CW_H,23,230,10,0.0,10000.0,1.0,1.0,899.9920043945312,0.0,0.0
feature.StemsPerHa.managed.CWHvm_HW_CW_H,24,240,10,0.0,10000.0,1.0,1.0,899.9920043945312,0.0,0.0
feature.StemsPerHa.managed.CWHvm_HW_CW_H,25,250,10,0.0,10000.0,1.0,1.0,899.9920043945312,0.0,0.0
feature.StemsPerHa.managed.CWHvm_HW_CW_H,26,260,10,0.0,10000.0,1.0,1.0,899.9920043945312,0.0,0.0
feature.StemsPerHa.managed.CWHvm_HW_CW_H,27,270,10,0.0,10000.0,1.0,1.0,899.9920043945312,0.0,0.0
feature.StemsPerHa.managed.CWHvm_HW_CW_H,28,280,10,0.0,10000.0,1.0,1.0,899.9920043945312,0.0,0.0
feature.StemsPerHa.managed.CWHvm_HW_CW_H,29,290,10,0.0,10000.0,1.0,1.0,899.9920043945312,0.0,0.0
feature.StemsPerHa.managed.CWHvm_HW_CW_H,30,300,10,0.0,10000.0,1.0,1.0,899.9920043945312,0.0,0.0
feature.StemsPerHa.managed.CWHvm_HW_CW_L,0,0,10,0.0,10000.0,1.0,1.0,899.9970092773438,0.0,0.0
feature.StemsPerHa.managed.CWHvm_HW_CW_L,1,10,10,0.0,10000.0,1.0,1.0,899.9970092773438,0.0,0.0
feature.StemsPerHa.managed.CWHvm_HW_CW_L,2,20,10,0.0,10000.0,1.0,1.0,899.9970092773438,0.0,0.0
feature.StemsPerHa.managed.CWHvm_HW_CW_L,3,30,10,0.0,10000.0,1.0,1.0,899.9970092773438,0.0,0.0
feature.StemsPerHa.managed.CWHvm_HW_CW_L,4,40,10,0.0,10000.0,1.0,1.0,899.9970092773438,0.0,0.0
feature.StemsPerHa.managed.CWHvm_HW_CW_L,5,50,10,0.0,10000.0,1.0,1.0,899.9970092773438,0.0,0.0
feature.StemsPerHa.managed.CWHvm_HW_CW_L,6,60,10,0.0,10000.0,1.0,1.0,899.9970092773438,0.0,0.0
feature.StemsPerHa.managed.CWHvm_HW_CW_L,7,70,10,0.0,10000.0,1.0,1.0,899.9970092773438,0.0,0.0
feature.StemsPerHa.managed.CWHvm_HW_CW_L,8,80,10,0.0,10000.0,1.0,1.0,899.9970092773438,0.0,0.0
feature.StemsPerHa.managed.CWHvm_HW_CW_L,9,90,10,0.0,10000.0,1.0,1.0,899.9970092773438,0.0,0.0
feature.StemsPerHa.managed.CWHvm_HW_CW_L,10,100,10,0.0,10000.0,1.0,1.0,899.9970092773438,0.0,0.0
feature.StemsPerHa.managed.CWHvm_HW_CW_L,11,110,10,0.0,10000.0,1.0,1.0,899.9970092773438,0.0,0.0
feature.StemsPerHa.managed.CWHvm_HW_CW_L,12,120,10,0.0,10000.0,1.0,1.0,899.9970092773438,0.0,0.0
feature.StemsPerHa.managed.CWHvm_HW_CW_L,13,130,10,0.0,10000.0,1.0,1.0,899.9970092773438,0.0,0.0
feature.StemsPerHa.managed.CWHvm_HW_CW_L,14,140,10,0.0,10000.0,1.0,1.0,899.9970092773438,0.0,0.0
feature.StemsPerHa.managed.CWHvm_HW_CW_L,15,150,10,0.0,10000.0,1.0,1.0,899.9970092773438,0.0,0.0
feature.StemsPerHa.managed.CWHvm_HW_CW_L,16,160,10,0.0,10000.0,1.0,1.0,899.9970092773438,0.0,0.0
feature.StemsPerHa.managed.CWHvm_HW_CW_L,17,170,10,0.0,10000.0,1.0,1.0,899.9970092773438,0.0,0.0
feature.StemsPerHa.managed.CWHvm_HW_CW_L,18,180,10,0.0,10000.0,1.0,1.0,899.9970092773438,0.0,0.0
feature.StemsPerHa.managed.CWHvm_HW_CW_L,19,190,10,0.0,10000.0,1.0,1.0,899.9970092773438,0.0,0.0
feature.StemsPerHa.managed.CWHvm_HW_CW_L,20,200,10,0.0,10000.0,1.0,1.0,899.9970092773438,0.0,0.0
feature.StemsPerHa.managed.CWHvm_HW_CW_L,21,210,10,0.0,10000.0,1.0,1.0,899.9970092773438,0.0,0.0
feature.StemsPerHa.managed.CWHvm_HW_CW_L,22,220,10,0.0,10000.0,1.0,1.0,899.9970092773438,0.0,0.0
feature.StemsPerHa.managed.CWHvm_HW_CW_L,23,230,10,0.0,10000.0,1.0,1.0,899.9970092773438,0.0,0.0
feature.StemsPerHa.managed.CWHvm_HW_CW_L,24,240,10,0.0,10000.0,1.0,1.0,899.9970092773438,0.0,0.0
feature.StemsPerHa.managed.CWHvm_HW_CW_L,25,250,10,0.0,10000.0,1.0,1.0,899.9970092773438,0.0,0.0
feature.StemsPerHa.managed.CWHvm_HW_CW_L,26,260,10,0.0,10000.0,1.0,1.0,899.9970092773438,0.0,0.0
feature.StemsPerHa.managed.CWHvm_HW_CW_L,27,270,10,0.0,10000.0,1.0,1.0,899.9970092773438,0.0,0.0
feature.StemsPerHa.managed.CWHvm_HW_CW_L,28,280,10,0.0,10000.0,1.0,1.0,899.9970092773438,0.0,0.0
feature.StemsPerHa.managed.CWHvm_HW_CW_L,29,290,10,0.0,10000.0,1.0,1.0,899.9970092773438,0.0,0.0
feature.StemsPerHa.managed.CWHvm_HW_CW_L,30,300,10,0.0,10000.0,1.0,1.0,899.9970092773438,0.0,0.0
feature.StemsPerHa.managed.CWHvm_HW_CW_M,0,0,10,0.0,10000.0,1.0,1.0,899.9949951171875,0.0,0.0
feature.StemsPerHa.managed.CWHvm_HW_CW_M,1,10,10,0.0,10000.0,1.0,1.0,899.9949951171875,0.0,0.0
feature.StemsPerHa.managed.CWHvm_HW_CW_M,2,20,10,0.0,10000.0,1.0,1.0,899.9949951171875,0.0,0.0
feature.StemsPerHa.managed.CWHvm_HW_CW_M,3,30,10,0.0,10000.0,1.0,1.0,899.9949951171875,0.0,0.0
feature.StemsPerHa.managed.CWHvm_HW_CW_M,4,40,10,0.0,10000.0,1.0,1.0,899.9949951171875,0.0,0.0
feature.StemsPerHa.managed.CWHvm_HW_CW_M,5,50,10,0.0,10000.0,1.0,1.0,899.9949951171875,0.0,0.0
feature.StemsPerHa.managed.CWHvm_HW_CW_M,6,60,10,0.0,10000.0,1.0,1.0,899.9949951171875,0.0,0.0
feature.StemsPerHa.managed.CWHvm_HW_CW_M,7,70,10,0.0,10000.0,1.0,1.0,899.9949951171875,0.0,0.0
feature.StemsPerHa.managed.CWHvm_HW_CW_M,8,80,10,0.0,10000.0,1.0,1.0,899.9949951171875,0.0,0.0
feature.StemsPerHa.managed.CWHvm_HW_CW_M,9,90,10,0.0,10000.0,1.0,1.0,899.9949951171875,0.0,0.0
feature.StemsPerHa.managed.CWHvm_HW_CW_M,10,100,10,0.0,10000.0,1.0,1.0,899.9949951171875,0.0,0.0
feature.StemsPerHa.managed.CWHvm_HW_CW_M,11,110,10,0.0,10000.0,1.0,1.0,899.9949951171875,0.0,0.0
feature.StemsPerHa.managed.CWHvm_HW_CW_M,12,120,10,0.0,10000.0,1.0,1.0,899.9949951171875,0.0,0.0
feature.StemsPerHa.managed.CWHvm_HW_CW_M,13,130,10,0.0,10000.0,1.0,1.0,899.9949951171875,0.0,0.0
feature.StemsPerHa.managed.CWHvm_HW_CW_M,14,140,10,0.0,10000.0,1.0,1.0,899.9949951171875,0.0,0.0
feature.StemsPerHa.managed.CWHvm_HW_CW_M,15,150,10,0.0,10000.0,1.0,1.0,899.9949951171875,0.0,0.0
feature.StemsPerHa.managed.CWHvm_HW_CW_M,16,160,10,0.0,10000.0,1.0,1.0,899.9949951171875,0.0,0.0
feature.StemsPerHa.managed.CWHvm_HW_CW_M,17,170,10,0.0,10000.0,1.0,1.0,899.9949951171875,0.0,0.0
feature.StemsPerHa.managed.CWHvm_HW_CW_M,18,180,10,0.0,10000.0,1.0,1.0,899.9949951171875,0.0,0.0
feature.StemsPerHa.managed.CWHvm_HW_CW_M,19,190,10,0.0,10000.0,1.0,1.0,899.9949951171875,0.0,0.0
feature.StemsPerHa.managed.CWHvm_HW_CW_M,20,200,10,0.0,10000.0,1.0,1.0,899.9949951171875,0.0,0.0
feature.StemsPerHa.managed.CWHvm_HW_CW_M,21,210,10,0.0,10000.0,1.0,1.0,899.9949951171875,0.0,0.0
feature.StemsPerHa.managed.CWHvm_HW_CW_M,22,220,10,0.0,10000.0,1.0,1.0,899.9949951171875,0.0,0.0
feature.StemsPerHa.managed.CWHvm_HW_CW_M,23,230,10,0.0,10000.0,1.0,1.0,899.9949951171875,0.0,0.0
feature.StemsPerHa.managed.CWHvm_HW_CW_M,24,240,10,0.0,10000.0,1.0,1.0,899.9949951171875,0.0,0.0
feature.StemsPerHa.managed.CWHvm_HW_CW_M,25,250,10,0.0,10000.0,1.0,1.0,899.9949951171875,0.0,0.0
feature.StemsPerHa.managed.CWHvm_HW_CW_M,26,260,10,0.0,10000.0,1.0,1.0,899.9949951171875,0.0,0.0
feature.StemsPerHa.managed.CWHvm_HW_CW_M,27,270,10,0.0,10000.0,1.0,1.0,899.9949951171875,0.0,0.0
feature.StemsPerHa.managed.CWHvm_HW_CW_M,28,280,10,0.0,10000.0,1.0,1.0,899.9949951171875,0.0,0.0
feature.StemsPerHa.managed.CWHvm_HW_CW_M,29,290,10,0.0,10000.0,1.0,1.0,899.9949951171875,0.0,0.0
feature.StemsPerHa.managed.CWHvm_HW_CW_M,30,300,10,0.0,10000.0,1.0,1.0,899.9949951171875,0.0,0.0
feature.StemsPerHa.managed.CWHvm_HW_FDC_H,0,0,10,0.0,10000.0,1.0,1.0,899.9769897460938,0.0,0.0
feature.StemsPerHa.managed.CWHvm_HW_FDC_H,1,10,10,0.0,10000.0,1.0,1.0,899.9769897460938,0.0,0.0
feature.StemsPerHa.managed.CWHvm_HW_FDC_H,2,20,10,0.0,10000.0,1.0,1.0,899.9769897460938,0.0,0.0
feature.StemsPerHa.managed.CWHvm_HW_FDC_H,3,30,10,0.0,10000.0,1.0,1.0,899.9769897460938,0.0,0.0
feature.StemsPerHa.managed.CWHvm_HW_FDC_H,4,40,10,0.0,10000.0,1.0,1.0,899.9769897460938,0.0,0.0
feature.StemsPerHa.managed.CWHvm_HW_FDC_H,5,50,10,0.0,10000.0,1.0,1.0,899.9769897460938,0.0,0.0
feature.StemsPerHa.managed.CWHvm_HW_FDC_H,6,60,10,0.0,10000.0,1.0,1.0,899.9769897460938,0.0,0.0
feature.StemsPerHa.managed.CWHvm_HW_FDC_H,7,70,10,0.0,10000.0,1.0,1.0,899.9769897460938,0.0,0.0
feature.StemsPerHa.managed.CWHvm_HW_FDC_H,8,80,10,0.0,10000.0,1.0,1.0,899.9769897460938,0.0,0.0
feature.StemsPerHa.managed.CWHvm_HW_FDC_H,9,90,10,0.0,10000.0,1.0,1.0,899.9769897460938,0.0,0.0
feature.StemsPerHa.managed.CWHvm_HW_FDC_H,10,100,10,0.0,10000.0,1.0,1.0,899.9769897460938,0.0,0.0
feature.StemsPerHa.managed.CWHvm_HW_FDC_H,11,110,10,0.0,10000.0,1.0,1.0,899.9769897460938,0.0,0.0
feature.StemsPerHa.managed.CWHvm_HW_FDC_H,12,120,10,0.0,10000.0,1.0,1.0,899.9769897460938,0.0,0.0
feature.StemsPerHa.managed.CWHvm_HW_FDC_H,13,130,10,0.0,10000.0,1.0,1.0,899.9769897460938,0.0,0.0
feature.StemsPerHa.managed.CWHvm_HW_FDC_H,14,140,10,0.0,10000.0,1.0,1.0,899.9769897460938,0.0,0.0
feature.StemsPerHa.managed.CWHvm_HW_FDC_H,15,150,10,0.0,10000.0,1.0,1.0,899.9769897460938,0.0,0.0
feature.StemsPerHa.managed.CWHvm_HW_FDC_H,16,160,10,0.0,10000.0,1.0,1.0,899.9769897460938,0.0,0.0
feature.StemsPerHa.managed.CWHvm_HW_FDC_H,17,170,10,0.0,10000.0,1.0,1.0,899.9769897460938,0.0,0.0
feature.StemsPerHa.managed.CWHvm_HW_FDC_H,18,180,10,0.0,10000.0,1.0,1.0,899.9769897460938,0.0,0.0
feature.StemsPerHa.managed.CWHvm_HW_FDC_H,19,190,10,0.0,10000.0,1.0,1.0,899.9769897460938,0.0,0.0
feature.StemsPerHa.managed.CWHvm_HW_FDC_H,20,200,10,0.0,10000.0,1.0,1.0,899.9769897460938,0.0,0.0
feature.StemsPerHa.managed.CWHvm_HW_FDC_H,21,210,10,0.0,10000.0,1.0,1.0,899.9769897460938,0.0,0.0
feature.StemsPerHa.managed.CWHvm_HW_FDC_H,22,220,10,0.0,10000.0,1.0,1.0,899.9769897460938,0.0,0.0
feature.StemsPerHa.managed.CWHvm_HW_FDC_H,23,230,10,0.0,10000.0,1.0,1.0,899.9769897460938,0.0,0.0
feature.StemsPerHa.managed.CWHvm_HW_FDC_H,24,240,10,0.0,10000.0,1.0,1.0,899.9769897460938,0.0,0.0
feature.StemsPerHa.managed.CWHvm_HW_FDC_H,25,250,10,0.0,10000.0,1.0,1.0,899.9769897460938,0.0,0.0
feature.StemsPerHa.managed.CWHvm_HW_FDC_H,26,260,10,0.0,10000.0,1.0,1.0,899.9769897460938,0.0,0.0
feature.StemsPerHa.managed.CWHvm_HW_FDC_H,27,270,10,0.0,10000.0,1.0,1.0,899.9769897460938,0.0,0.0
feature.StemsPerHa.managed.CWHvm_HW_FDC_H,28,280,10,0.0,10000.0,1.0,1.0,899.9769897460938,0.0,0.0
feature.StemsPerHa.managed.CWHvm_HW_FDC_H,29,290,10,0.0,10000.0,1.0,1.0,899.9769897460938,0.0,0.0
feature.StemsPerHa.managed.CWHvm_HW_FDC_H,30,300,10,0.0,10000.0,1.0,1.0,899.9769897460938,0.0,0.0
feature.StemsPerHa.managed.CWHvm_HW_FDC_L,0,0,10,0.0,10000.0,1.0,1.0,899.989990234375,0.0,0.0
feature.StemsPerHa.managed.CWHvm_HW_FDC_L,1,10,10,0.0,10000.0,1.0,1.0,899.989990234375,0.0,0.0
feature.StemsPerHa.managed.CWHvm_HW_FDC_L,2,20,10,0.0,10000.0,1.0,1.0,899.989990234375,0.0,0.0
feature.StemsPerHa.managed.CWHvm_HW_FDC_L,3,30,10,0.0,10000.0,1.0,1.0,899.989990234375,0.0,0.0
feature.StemsPerHa.managed.CWHvm_HW_FDC_L,4,40,10,0.0,10000.0,1.0,1.0,899.989990234375,0.0,0.0
feature.StemsPerHa.managed.CWHvm_HW_FDC_L,5,50,10,0.0,10000.0,1.0,1.0,899.989990234375,0.0,0.0
feature.StemsPerHa.managed.CWHvm_HW_FDC_L,6,60,10,0.0,10000.0,1.0,1.0,899.989990234375,0.0,0.0
feature.StemsPerHa.managed.CWHvm_HW_FDC_L,7,70,10,0.0,10000.0,1.0,1.0,899.989990234375,0.0,0.0
feature.StemsPerHa.managed.CWHvm_HW_FDC_L,8,80,10,0.0,10000.0,1.0,1.0,899.989990234375,0.0,0.0
feature.StemsPerHa.managed.CWHvm_HW_FDC_L,9,90,10,0.0,10000.0,1.0,1.0,899.989990234375,0.0,0.0
feature.StemsPerHa.managed.CWHvm_HW_FDC_L,10,100,10,0.0,10000.0,1.0,1.0,899.989990234375,0.0,0.0
feature.StemsPerHa.managed.CWHvm_HW_FDC_L,11,110,10,0.0,10000.0,1.0,1.0,899.989990234375,0.0,0.0
feature.StemsPerHa.managed.CWHvm_HW_FDC_L,12,120,10,0.0,10000.0,1.0,1.0,899.989990234375,0.0,0.0
feature.StemsPerHa.managed.CWHvm_HW_FDC_L,13,130,10,0.0,10000.0,1.0,1.0,899.989990234375,0.0,0.0
feature.StemsPerHa.managed.CWHvm_HW_FDC_L,14,140,10,0.0,10000.0,1.0,1.0,899.989990234375,0.0,0.0
feature.StemsPerHa.managed.CWHvm_HW_FDC_L,15,150,10,0.0,10000.0,1.0,1.0,899.989990234375,0.0,0.0
feature.StemsPerHa.managed.CWHvm_HW_FDC_L,16,160,10,0.0,10000.0,1.0,1.0,899.989990234375,0.0,0.0
feature.StemsPerHa.managed.CWHvm_HW_FDC_L,17,170,10,0.0,10000.0,1.0,1.0,899.989990234375,0.0,0.0
feature.StemsPerHa.managed.CWHvm_HW_FDC_L,18,180,10,0.0,10000.0,1.0,1.0,899.989990234375,0.0,0.0
feature.StemsPerHa.managed.CWHvm_HW_FDC_L,19,190,10,0.0,10000.0,1.0,1.0,899.989990234375,0.0,0.0
feature.StemsPerHa.managed.CWHvm_HW_FDC_L,20,200,10,0.0,10000.0,1.0,1.0,899.989990234375,0.0,0.0
feature.StemsPerHa.managed.CWHvm_HW_FDC_L,21,210,10,0.0,10000.0,1.0,1.0,899.989990234375,0.0,0.0
feature.StemsPerHa.managed.CWHvm_HW_FDC_L,22,220,10,0.0,10000.0,1.0,1.0,899.989990234375,0.0,0.0
feature.StemsPerHa.managed.CWHvm_HW_FDC_L,23,230,10,0.0,10000.0,1.0,1.0,899.989990234375,0.0,0.0
feature.StemsPerHa.managed.CWHvm_HW_FDC_L,24,240,10,0.0,10000.0,1.0,1.0,899.989990234375,0.0,0.0
feature.StemsPerHa.managed.CWHvm_HW_FDC_L,25,250,10,0.0,10000.0,1.0,1.0,899.989990234375,0.0,0.0
feature.StemsPerHa.managed.CWHvm_HW_FDC_L,26,260,10,0.0,10000.0,1.0,1.0,899.989990234375,0.0,0.0
feature.StemsPerHa.managed.CWHvm_HW_FDC_L,27,270,10,0.0,10000.0,1.0,1.0,899.989990234375,0.0,0.0
feature.StemsPerHa.managed.CWHvm_HW_FDC_L,28,280,10,0.0,10000.0,1.0,1.0,899.989990234375,0.0,0.0
feature.StemsPerHa.managed.CWHvm_HW_FDC_L,29,290,10,0.0,10000.0,1.0,1.0,899.989990234375,0.0,0.0
feature.StemsPerHa.managed.CWHvm_HW_FDC_L,30,300,10,0.0,10000.0,1.0,1.0,899.989990234375,0.0,0.0
feature.StemsPerHa.managed.CWHvm_HW_SS_M,0,0,10,0.0,10000.0,1.0,1.0,899.9979858398438,0.0,0.0
feature.StemsPerHa.managed.CWHvm_HW_SS_M,1,10,10,0.0,10000.0,1.0,1.0,899.9979858398438,0.0,0.0
feature.StemsPerHa.managed.CWHvm_HW_SS_M,2,20,10,0.0,10000.0,1.0,1.0,899.9979858398438,0.0,0.0
feature.StemsPerHa.managed.CWHvm_HW_SS_M,3,30,10,0.0,10000.0,1.0,1.0,899.9979858398438,0.0,0.0
feature.StemsPerHa.managed.CWHvm_HW_SS_M,4,40,10,0.0,10000.0,1.0,1.0,899.9979858398438,0.0,0.0
feature.StemsPerHa.managed.CWHvm_HW_SS_M,5,50,10,0.0,10000.0,1.0,1.0,899.9979858398438,0.0,0.0
feature.StemsPerHa.managed.CWHvm_HW_SS_M,6,60,10,0.0,10000.0,1.0,1.0,899.9979858398438,0.0,0.0
feature.StemsPerHa.managed.CWHvm_HW_SS_M,7,70,10,0.0,10000.0,1.0,1.0,899.9979858398438,0.0,0.0
feature.StemsPerHa.managed.CWHvm_HW_SS_M,8,80,10,0.0,10000.0,1.0,1.0,899.9979858398438,0.0,0.0
feature.StemsPerHa.managed.CWHvm_HW_SS_M,9,90,10,0.0,10000.0,1.0,1.0,899.9979858398438,0.0,0.0
feature.StemsPerHa.managed.CWHvm_HW_SS_M,10,100,10,0.0,10000.0,1.0,1.0,899.9979858398438,0.0,0.0
feature.StemsPerHa.managed.CWHvm_HW_SS_M,11,110,10,0.0,10000.0,1.0,1.0,899.9979858398438,0.0,0.0
feature.StemsPerHa.managed.CWHvm_HW_SS_M,12,120,10,0.0,10000.0,1.0,1.0,899.9979858398438,0.0,0.0
feature.StemsPerHa.managed.CWHvm_HW_SS_M,13,130,10,0.0,10000.0,1.0,1.0,899.9979858398438,0.0,0.0
feature.StemsPerHa.managed.CWHvm_HW_SS_M,14,140,10,0.0,10000.0,1.0,1.0,899.9979858398438,0.0,0.0
feature.StemsPerHa.managed.CWHvm_HW_SS_M,15,150,10,0.0,10000.0,1.0,1.0,899.9979858398438,0.0,0.0
feature.StemsPerHa.managed.CWHvm_HW_SS_M,16,160,10,0.0,10000.0,1.0,1.0,899.9979858398438,0.0,0.0
feature.StemsPerHa.managed.CWHvm_HW_SS_M,17,170,10,0.0,10000.0,1.0,1.0,899.9979858398438,0.0,0.0
feature.StemsPerHa.managed.CWHvm_HW_SS_M,18,180,10,0.0,10000.0,1.0,1.0,899.9979858398438,0.0,0.0
feature.StemsPerHa.managed.CWHvm_HW_SS_M,19,190,10,0.0,10000.0,1.0,1.0,899.9979858398438,0.0,0.0
feature.StemsPerHa.managed.CWHvm_HW_SS_M,20,200,10,0.0,10000.0,1.0,1.0,899.9979858398438,0.0,0.0
feature.StemsPerHa.managed.CWHvm_HW_SS_M,21,210,10,0.0,10000.0,1.0,1.0,899.9979858398438,0.0,0.0
feature.StemsPerHa.managed.CWHvm_HW_SS_M,22,220,10,0.0,10000.0,1.0,1.0,899.9979858398438,0.0,0.0
feature.StemsPerHa.managed.CWHvm_HW_SS_M,23,230,10,0.0,10000.0,1.0,1.0,899.9979858398438,0.0,0.0
feature.StemsPerHa.managed.CWHvm_HW_SS_M,24,240,10,0.0,10000.0,1.0,1.0,899.9979858398438,0.0,0.0
feature.StemsPerHa.managed.CWHvm_HW_SS_M,25,250,10,0.0,10000.0,1.0,1.0,899.9979858398438,0.0,0.0
feature.StemsPerHa.managed.CWHvm_HW_SS_M,26,260,10,0.0,10000.0,1.0,1.0,899.9979858398438,0.0,0.0
feature.StemsPerHa.managed.CWHvm_HW_SS_M,27,270,10,0.0,10000.0,1.0,1.0,899.9979858398438,0.0,0.0
feature.StemsPerHa.managed.CWHvm_HW_SS_M,28,280,10,0.0,10000.0,1.0,1.0,899.9979858398438,0.0,0.0
feature.StemsPerHa.managed.CWHvm_HW_SS_M,29,290,10,0.0,10000.0,1.0,1.0,899.9979858398438,0.0,0.0
feature.StemsPerHa.managed.CWHvm_HW_SS_M,30,300,10,0.0,10000.0,1.0,1.0,899.9979858398438,0.0,0.0
feature.StemsPerHa.unmanaged.CWHvm_CW_HW_M,0,0,10,0.0,10000.0,1.0,1.0,199.98300170898438,0.0,0.0
feature.StemsPerHa.unmanaged.CWHvm_CW_HW_M,1,10,10,0.0,10000.0,1.0,1.0,199.98300170898438,0.0,0.0
feature.StemsPerHa.unmanaged.CWHvm_CW_HW_M,2,20,10,0.0,10000.0,1.0,1.0,199.98300170898438,0.0,0.0
feature.StemsPerHa.unmanaged.CWHvm_CW_HW_M,3,30,10,0.0,10000.0,1.0,1.0,199.98300170898438,0.0,0.0
feature.StemsPerHa.unmanaged.CWHvm_CW_HW_M,4,40,10,0.0,10000.0,1.0,1.0,199.98300170898438,0.0,0.0
feature.StemsPerHa.unmanaged.CWHvm_CW_HW_M,5,50,10,0.0,10000.0,1.0,1.0,199.98300170898438,0.0,0.0
feature.StemsPerHa.unmanaged.CWHvm_CW_HW_M,6,60,10,0.0,10000.0,1.0,1.0,199.98300170898438,0.0,0.0
feature.StemsPerHa.unmanaged.CWHvm_CW_HW_M,7,70,10,0.0,10000.0,1.0,1.0,199.98300170898438,0.0,0.0
feature.StemsPerHa.unmanaged.CWHvm_CW_HW_M,8,80,10,0.0,10000.0,1.0,1.0,199.98300170898438,0.0,0.0
feature.StemsPerHa.unmanaged.CWHvm_CW_HW_M,9,90,10,0.0,10000.0,1.0,1.0,199.98300170898438,0.0,0.0
feature.StemsPerHa.unmanaged.CWHvm_CW_HW_M,10,100,10,0.0,10000.0,1.0,1.0,199.98300170898438,0.0,0.0
feature.StemsPerHa.unmanaged.CWHvm_CW_HW_M,11,110,10,0.0,10000.0,1.0,1.0,199.98300170898438,0.0,0.0
feature.StemsPerHa.unmanaged.CWHvm_CW_HW_M,12,120,10,0.0,10000.0,1.0,1.0,199.98300170898438,0.0,0.0
feature.StemsPerHa.unmanaged.CWHvm_CW_HW_M,13,130,10,0.0,10000.0,1.0,1.0,199.98300170898438,0.0,0.0
feature.StemsPerHa.unmanaged.CWHvm_CW_HW_M,14,140,10,0.0,10000.0,1.0,1.0,199.98300170898438,0.0,0.0
feature.StemsPerHa.unmanaged.CWHvm_CW_HW_M,15,150,10,0.0,10000.0,1.0,1.0,199.98300170898438,0.0,0.0
feature.StemsPerHa.unmanaged.CWHvm_CW_HW_M,16,160,10,0.0,10000.0,1.0,1.0,199.98300170898438,0.0,0.0
feature.StemsPerHa.unmanaged.CWHvm_CW_HW_M,17,170,10,0.0,10000.0,1.0,1.0,199.98300170898438,0.0,0.0
feature.StemsPerHa.unmanaged.CWHvm_CW_HW_M,18,180,10,0.0,10000.0,1.0,1.0,199.98300170898438,0.0,0.0
feature.StemsPerHa.unmanaged.CWHvm_CW_HW_M,19,190,10,0.0,10000.0,1.0,1.0,199.98300170898438,0.0,0.0
feature.StemsPerHa.unmanaged.CWHvm_CW_HW_M,20,200,10,0.0,10000.0,1.0,1.0,199.98300170898438,0.0,0.0
feature.StemsPerHa.unmanaged.CWHvm_CW_HW_M,21,210,10,0.0,10000.0,1.0,1.0,199.98300170898438,0.0,0.0
feature.StemsPerHa.unmanaged.CWHvm_CW_HW_M,22,220,10,0.0,10000.0,1.0,1.0,199.98300170898438,0.0,0.0
feature.StemsPerHa.unmanaged.CWHvm_CW_HW_M,23,230,10,0.0,10000.0,1.0,1.0,199.98300170898438,0.0,0.0
feature.StemsPerHa.unmanaged.CWHvm_CW_HW_M,24,240,10,0.0,10000.0,1.0,1.0,199.98300170898438,0.0,0.0
feature.StemsPerHa.unmanaged.CWHvm_CW_HW_M,25,250,10,0.0,10000.0,1.0,1.0,199.98300170898438,0.0,0.0
feature.StemsPerHa.unmanaged.CWHvm_CW_HW_M,26,260,10,0.0,10000.0,1.0,1.0,199.98300170898438,0.0,0.0
feature.StemsPerHa.unmanaged.CWHvm_CW_HW_M,27,270,10,0.0,10000.0,1.0,1.0,199.98300170898438,0.0,0.0
feature.StemsPerHa.unmanaged.CWHvm_CW_HW_M,28,280,10,0.0,10000.0,1.0,1.0,199.98300170898438,0.0,0.0
feature.StemsPerHa.unmanaged.CWHvm_CW_HW_M,29,290,10,0.0,10000.0,1.0,1.0,199.98300170898438,0.0,0.0
feature.StemsPerHa.unmanaged.CWHvm_CW_HW_M,30,300,10,0.0,10000.0,1.0,1.0,199.98300170898438,0.0,0.0
feature.StemsPerHa.unmanaged.CWHvm_CW_YC_M,0,0,10,0.0,10000.0,1.0,1.0,348.99798583984375,0.0,0.0
feature.StemsPerHa.unmanaged.CWHvm_CW_YC_M,1,10,10,0.0,10000.0,1.0,1.0,348.99798583984375,0.0,0.0
feature.StemsPerHa.unmanaged.CWHvm_CW_YC_M,2,20,10,0.0,10000.0,1.0,1.0,348.99798583984375,0.0,0.0
feature.StemsPerHa.unmanaged.CWHvm_CW_YC_M,3,30,10,0.0,10000.0,1.0,1.0,348.99798583984375,0.0,0.0
feature.StemsPerHa.unmanaged.CWHvm_CW_YC_M,4,40,10,0.0,10000.0,1.0,1.0,348.99798583984375,0.0,0.0
feature.StemsPerHa.unmanaged.CWHvm_CW_YC_M,5,50,10,0.0,10000.0,1.0,1.0,348.99798583984375,0.0,0.0
feature.StemsPerHa.unmanaged.CWHvm_CW_YC_M,6,60,10,0.0,10000.0,1.0,1.0,348.99798583984375,0.0,0.0
feature.StemsPerHa.unmanaged.CWHvm_CW_YC_M,7,70,10,0.0,10000.0,1.0,1.0,348.99798583984375,0.0,0.0
feature.StemsPerHa.unmanaged.CWHvm_CW_YC_M,8,80,10,0.0,10000.0,1.0,1.0,348.99798583984375,0.0,0.0
feature.StemsPerHa.unmanaged.CWHvm_CW_YC_M,9,90,10,0.0,10000.0,1.0,1.0,348.99798583984375,0.0,0.0
feature.StemsPerHa.unmanaged.CWHvm_CW_YC_M,10,100,10,0.0,10000.0,1.0,1.0,348.99798583984375,0.0,0.0
feature.StemsPerHa.unmanaged.CWHvm_CW_YC_M,11,110,10,0.0,10000.0,1.0,1.0,348.99798583984375,0.0,0.0
feature.StemsPerHa.unmanaged.CWHvm_CW_YC_M,12,120,10,0.0,10000.0,1.0,1.0,348.99798583984375,0.0,0.0
feature.StemsPerHa.unmanaged.CWHvm_CW_YC_M,13,130,10,0.0,10000.0,1.0,1.0,348.99798583984375,0.0,0.0
feature.StemsPerHa.unmanaged.CWHvm_CW_YC_M,14,140,10,0.0,10000.0,1.0,1.0,348.99798583984375,0.0,0.0
feature.StemsPerHa.unmanaged.CWHvm_CW_YC_M,15,150,10,0.0,10000.0,1.0,1.0,348.99798583984375,0.0,0.0
feature.StemsPerHa.unmanaged.CWHvm_CW_YC_M,16,160,10,0.0,10000.0,1.0,1.0,348.99798583984375,0.0,0.0
feature.StemsPerHa.unmanaged.CWHvm_CW_YC_M,17,170,10,0.0,10000.0,1.0,1.0,348.99798583984375,0.0,0.0
feature.StemsPerHa.unmanaged.CWHvm_CW_YC_M,18,180,10,0.0,10000.0,1.0,1.0,348.99798583984375,0.0,0.0
feature.StemsPerHa.unmanaged.CWHvm_CW_YC_M,19,190,10,0.0,10000.0,1.0,1.0,348.99798583984375,0.0,0.0
feature.StemsPerHa.unmanaged.CWHvm_CW_YC_M,20,200,10,0.0,10000.0,1.0,1.0,348.99798583984375,0.0,0.0
feature.StemsPerHa.unmanaged.CWHvm_CW_YC_M,21,210,10,0.0,10000.0,1.0,1.0,348.99798583984375,0.0,0.0
feature.StemsPerHa.unmanaged.CWHvm_CW_YC_M,22,220,10,0.0,10000.0,1.0,1.0,348.99798583984375,0.0,0.0
feature.StemsPerHa.unmanaged.CWHvm_CW_YC_M,23,230,10,0.0,10000.0,1.0,1.0,348.99798583984375,0.0,0.0
feature.StemsPerHa.unmanaged.CWHvm_CW_YC_M,24,240,10,0.0,10000.0,1.0,1.0,348.99798583984375,0.0,0.0
feature.StemsPerHa.unmanaged.CWHvm_CW_YC_M,25,250,10,0.0,10000.0,1.0,1.0,348.99798583984375,0.0,0.0
feature.StemsPerHa.unmanaged.CWHvm_CW_YC_M,26,260,10,0.0,10000.0,1.0,1.0,348.99798583984375,0.0,0.0
feature.StemsPerHa.unmanaged.CWHvm_CW_YC_M,27,270,10,0.0,10000.0,1.0,1.0,348.99798583984375,0.0,0.0
feature.StemsPerHa.unmanaged.CWHvm_CW_YC_M,28,280,10,0.0,10000.0,1.0,1.0,348.99798583984375,0.0,0.0
feature.StemsPerHa.unmanaged.CWHvm_CW_YC_M,29,290,10,0.0,10000.0,1.0,1.0,348.99798583984375,0.0,0.0
feature.StemsPerHa.unmanaged.CWHvm_CW_YC_M,30,300,10,0.0,10000.0,1.0,1.0,348.99798583984375,0.0,0.0
feature.StemsPerHa.unmanaged.CWHvm_DR_HW_M,0,0,10,0.0,10000.0,1.0,1.0,349.9960021972656,0.0,0.0
feature.StemsPerHa.unmanaged.CWHvm_DR_HW_M,1,10,10,0.0,10000.0,1.0,1.0,349.9960021972656,0.0,0.0
feature.StemsPerHa.unmanaged.CWHvm_DR_HW_M,2,20,10,0.0,10000.0,1.0,1.0,349.9960021972656,0.0,0.0
feature.StemsPerHa.unmanaged.CWHvm_DR_HW_M,3,30,10,0.0,10000.0,1.0,1.0,349.9960021972656,0.0,0.0
feature.StemsPerHa.unmanaged.CWHvm_DR_HW_M,4,40,10,0.0,10000.0,1.0,1.0,349.9960021972656,0.0,0.0
feature.StemsPerHa.unmanaged.CWHvm_DR_HW_M,5,50,10,0.0,10000.0,1.0,1.0,349.9960021972656,0.0,0.0
feature.StemsPerHa.unmanaged.CWHvm_DR_HW_M,6,60,10,0.0,10000.0,1.0,1.0,349.9960021972656,0.0,0.0
feature.StemsPerHa.unmanaged.CWHvm_DR_HW_M,7,70,10,0.0,10000.0,1.0,1.0,349.9960021972656,0.0,0.0
feature.StemsPerHa.unmanaged.CWHvm_DR_HW_M,8,80,10,0.0,10000.0,1.0,1.0,349.9960021972656,0.0,0.0
feature.StemsPerHa.unmanaged.CWHvm_DR_HW_M,9,90,10,0.0,10000.0,1.0,1.0,349.9960021972656,0.0,0.0
feature.StemsPerHa.unmanaged.CWHvm_DR_HW_M,10,100,10,0.0,10000.0,1.0,1.0,349.9960021972656,0.0,0.0
feature.StemsPerHa.unmanaged.CWHvm_DR_HW_M,11,110,10,0.0,10000.0,1.0,1.0,349.9960021972656,0.0,0.0
feature.StemsPerHa.unmanaged.CWHvm_DR_HW_M,12,120,10,0.0,10000.0,1.0,1.0,349.9960021972656,0.0,0.0
feature.StemsPerHa.unmanaged.CWHvm_DR_HW_M,13,130,10,0.0,10000.0,1.0,1.0,349.9960021972656,0.0,0.0
feature.StemsPerHa.unmanaged.CWHvm_DR_HW_M,14,140,10,0.0,10000.0,1.0,1.0,349.9960021972656,0.0,0.0
feature.StemsPerHa.unmanaged.CWHvm_DR_HW_M,15,150,10,0.0,10000.0,1.0,1.0,349.9960021972656,0.0,0.0
feature.StemsPerHa.unmanaged.CWHvm_DR_HW_M,16,160,10,0.0,10000.0,1.0,1.0,349.9960021972656,0.0,0.0
feature.StemsPerHa.unmanaged.CWHvm_DR_HW_M,17,170,10,0.0,10000.0,1.0,1.0,349.9960021972656,0.0,0.0
feature.StemsPerHa.unmanaged.CWHvm_DR_HW_M,18,180,10,0.0,10000.0,1.0,1.0,349.9960021972656,0.0,0.0
feature.StemsPerHa.unmanaged.CWHvm_DR_HW_M,19,190,10,0.0,10000.0,1.0,1.0,349.9960021972656,0.0,0.0
feature.StemsPerHa.unmanaged.CWHvm_DR_HW_M,20,200,10,0.0,10000.0,1.0,1.0,349.9960021972656,0.0,0.0
feature.StemsPerHa.unmanaged.CWHvm_DR_HW_M,21,210,10,0.0,10000.0,1.0,1.0,349.9960021972656,0.0,0.0
feature.StemsPerHa.unmanaged.CWHvm_DR_HW_M,22,220,10,0.0,10000.0,1.0,1.0,349.9960021972656,0.0,0.0
feature.StemsPerHa.unmanaged.CWHvm_DR_HW_M,23,230,10,0.0,10000.0,1.0,1.0,349.9960021972656,0.0,0.0
feature.StemsPerHa.unmanaged.CWHvm_DR_HW_M,24,240,10,0.0,10000.0,1.0,1.0,349.9960021972656,0.0,0.0
feature.StemsPerHa.unmanaged.CWHvm_DR_HW_M,25,250,10,0.0,10000.0,1.0,1.0,349.9960021972656,0.0,0.0
feature.StemsPerHa.unmanaged.CWHvm_DR_HW_M,26,260,10,0.0,10000.0,1.0,1.0,349.9960021972656,0.0,0.0
feature.StemsPerHa.unmanaged.CWHvm_DR_HW_M,27,270,10,0.0,10000.0,1.0,1.0,349.9960021972656,0.0,0.0
feature.StemsPerHa.unmanaged.CWHvm_DR_HW_M,28,280,10,0.0,10000.0,1.0,1.0,349.9960021972656,0.0,0.0
feature.StemsPerHa.unmanaged.CWHvm_DR_HW_M,29,290,10,0.0,10000.0,1.0,1.0,349.9960021972656,0.0,0.0
feature.StemsPerHa.unmanaged.CWHvm_DR_HW_M,30,300,10,0.0,10000.0,1.0,1.0,349.9960021972656,0.0,0.0
feature.StemsPerHa.unmanaged.CWHvm_FDC_HW_H,0,0,10,0.0,10000.0,1.0,1.0,524.4959716796875,0.0,0.0
feature.StemsPerHa.unmanaged.CWHvm_FDC_HW_H,1,10,10,0.0,10000.0,1.0,1.0,524.4959716796875,0.0,0.0
feature.StemsPerHa.unmanaged.CWHvm_FDC_HW_H,2,20,10,0.0,10000.0,1.0,1.0,524.4959716796875,0.0,0.0
feature.StemsPerHa.unmanaged.CWHvm_FDC_HW_H,3,30,10,0.0,10000.0,1.0,1.0,524.4959716796875,0.0,0.0
feature.StemsPerHa.unmanaged.CWHvm_FDC_HW_H,4,40,10,0.0,10000.0,1.0,1.0,524.4959716796875,0.0,0.0
feature.StemsPerHa.unmanaged.CWHvm_FDC_HW_H,5,50,10,0.0,10000.0,1.0,1.0,524.4959716796875,0.0,0.0
feature.StemsPerHa.unmanaged.CWHvm_FDC_HW_H,6,60,10,0.0,10000.0,1.0,1.0,524.4959716796875,0.0,0.0
feature.StemsPerHa.unmanaged.CWHvm_FDC_HW_H,7,70,10,0.0,10000.0,1.0,1.0,524.4959716796875,0.0,0.0
feature.StemsPerHa.unmanaged.CWHvm_FDC_HW_H,8,80,10,0.0,10000.0,1.0,1.0,524.4959716796875,0.0,0.0
feature.StemsPerHa.unmanaged.CWHvm_FDC_HW_H,9,90,10,0.0,10000.0,1.0,1.0,524.4959716796875,0.0,0.0
feature.StemsPerHa.unmanaged.CWHvm_FDC_HW_H,10,100,10,0.0,10000.0,1.0,1.0,524.4959716796875,0.0,0.0
feature.StemsPerHa.unmanaged.CWHvm_FDC_HW_H,11,110,10,0.0,10000.0,1.0,1.0,524.4959716796875,0.0,0.0
feature.StemsPerHa.unmanaged.CWHvm_FDC_HW_H,12,120,10,0.0,10000.0,1.0,1.0,524.4959716796875,0.0,0.0
feature.StemsPerHa.unmanaged.CWHvm_FDC_HW_H,13,130,10,0.0,10000.0,1.0,1.0,524.4959716796875,0.0,0.0
feature.StemsPerHa.unmanaged.CWHvm_FDC_HW_H,14,140,10,0.0,10000.0,1.0,1.0,524.4959716796875,0.0,0.0
feature.StemsPerHa.unmanaged.CWHvm_FDC_HW_H,15,150,10,0.0,10000.0,1.0,1.0,524.4959716796875,0.0,0.0
feature.StemsPerHa.unmanaged.CWHvm_FDC_HW_H,16,160,10,0.0,10000.0,1.0,1.0,524.4959716796875,0.0,0.0
feature.StemsPerHa.unmanaged.CWHvm_FDC_HW_H,17,170,10,0.0,10000.0,1.0,1.0,524.4959716796875,0.0,0.0
feature.StemsPerHa.unmanaged.CWHvm_FDC_HW_H,18,180,10,0.0,10000.0,1.0,1.0,524.4959716796875,0.0,0.0
feature.StemsPerHa.unmanaged.CWHvm_FDC_HW_H,19,190,10,0.0,10000.0,1.0,1.0,524.4959716796875,0.0,0.0
feature.StemsPerHa.unmanaged.CWHvm_FDC_HW_H,20,200,10,0.0,10000.0,1.0,1.0,524.4959716796875,0.0,0.0
feature.StemsPerHa.unmanaged.CWHvm_FDC_HW_H,21,210,10,0.0,10000.0,1.0,1.0,524.4959716796875,0.0,0.0
feature.StemsPerHa.unmanaged.CWHvm_FDC_HW_H,22,220,10,0.0,10000.0,1.0,1.0,524.4959716796875,0.0,0.0
feature.StemsPerHa.unmanaged.CWHvm_FDC_HW_H,23,230,10,0.0,10000.0,1.0,1.0,524.4959716796875,0.0,0.0
feature.StemsPerHa.unmanaged.CWHvm_FDC_HW_H,24,240,10,0.0,10000.0,1.0,1.0,524.4959716796875,0.0,0.0
feature.StemsPerHa.unmanaged.CWHvm_FDC_HW_H,25,250,10,0.0,10000.0,1.0,1.0,524.4959716796875,0.0,0.0
feature.StemsPerHa.unmanaged.CWHvm_FDC_HW_H,26,260,10,0.0,10000.0,1.0,1.0,524.4959716796875,0.0,0.0
feature.StemsPerHa.unmanaged.CWHvm_FDC_HW_H,27,270,10,0.0,10000.0,1.0,1.0,524.4959716796875,0.0,0.0
feature.StemsPerHa.unmanaged.CWHvm_FDC_HW_H,28,280,10,0.0,10000.0,1.0,1.0,524.4959716796875,0.0,0.0
feature.StemsPerHa.unmanaged.CWHvm_FDC_HW_H,29,290,10,0.0,10000.0,1.0,1.0,524.4959716796875,0.0,0.0
feature.StemsPerHa.unmanaged.CWHvm_FDC_HW_H,30,300,10,0.0,10000.0,1.0,1.0,524.4959716796875,0.0,0.0
feature.StemsPerHa.unmanaged.CWHvm_FDC_HW_L,0,0,10,0.0,10000.0,1.0,1.0,249.99600219726562,0.0,0.0
feature.StemsPerHa.unmanaged.CWHvm_FDC_HW_L,1,10,10,0.0,10000.0,1.0,1.0,249.99600219726562,0.0,0.0
feature.StemsPerHa.unmanaged.CWHvm_FDC_HW_L,2,20,10,0.0,10000.0,1.0,1.0,249.99600219726562,0.0,0.0
feature.StemsPerHa.unmanaged.CWHvm_FDC_HW_L,3,30,10,0.0,10000.0,1.0,1.0,249.99600219726562,0.0,0.0
feature.StemsPerHa.unmanaged.CWHvm_FDC_HW_L,4,40,10,0.0,10000.0,1.0,1.0,249.99600219726562,0.0,0.0
feature.StemsPerHa.unmanaged.CWHvm_FDC_HW_L,5,50,10,0.0,10000.0,1.0,1.0,249.99600219726562,0.0,0.0
feature.StemsPerHa.unmanaged.CWHvm_FDC_HW_L,6,60,10,0.0,10000.0,1.0,1.0,249.99600219726562,0.0,0.0
feature.StemsPerHa.unmanaged.CWHvm_FDC_HW_L,7,70,10,0.0,10000.0,1.0,1.0,249.99600219726562,0.0,0.0
feature.StemsPerHa.unmanaged.CWHvm_FDC_HW_L,8,80,10,0.0,10000.0,1.0,1.0,249.99600219726562,0.0,0.0
feature.StemsPerHa.unmanaged.CWHvm_FDC_HW_L,9,90,10,0.0,10000.0,1.0,1.0,249.99600219726562,0.0,0.0
feature.StemsPerHa.unmanaged.CWHvm_FDC_HW_L,10,100,10,0.0,10000.0,1.0,1.0,249.99600219726562,0.0,0.0
feature.StemsPerHa.unmanaged.CWHvm_FDC_HW_L,11,110,10,0.0,10000.0,1.0,1.0,249.99600219726562,0.0,0.0
feature.StemsPerHa.unmanaged.CWHvm_FDC_HW_L,12,120,10,0.0,10000.0,1.0,1.0,249.99600219726562,0.0,0.0
feature.StemsPerHa.unmanaged.CWHvm_FDC_HW_L,13,130,10,0.0,10000.0,1.0,1.0,249.99600219726562,0.0,0.0
feature.StemsPerHa.unmanaged.CWHvm_FDC_HW_L,14,140,10,0.0,10000.0,1.0,1.0,249.99600219726562,0.0,0.0
feature.StemsPerHa.unmanaged.CWHvm_FDC_HW_L,15,150,10,0.0,10000.0,1.0,1.0,249.99600219726562,0.0,0.0
feature.StemsPerHa.unmanaged.CWHvm_FDC_HW_L,16,160,10,0.0,10000.0,1.0,1.0,249.99600219726562,0.0,0.0
feature.StemsPerHa.unmanaged.CWHvm_FDC_HW_L,17,170,10,0.0,10000.0,1.0,1.0,249.99600219726562,0.0,0.0
feature.StemsPerHa.unmanaged.CWHvm_FDC_HW_L,18,180,10,0.0,10000.0,1.0,1.0,249.99600219726562,0.0,0.0
feature.StemsPerHa.unmanaged.CWHvm_FDC_HW_L,19,190,10,0.0,10000.0,1.0,1.0,249.99600219726562,0.0,0.0
feature.StemsPerHa.unmanaged.CWHvm_FDC_HW_L,20,200,10,0.0,10000.0,1.0,1.0,249.99600219726562,0.0,0.0
feature.StemsPerHa.unmanaged.CWHvm_FDC_HW_L,21,210,10,0.0,10000.0,1.0,1.0,249.99600219726562,0.0,0.0
feature.StemsPerHa.unmanaged.CWHvm_FDC_HW_L,22,220,10,0.0,10000.0,1.0,1.0,249.99600219726562,0.0,0.0
feature.StemsPerHa.unmanaged.CWHvm_FDC_HW_L,23,230,10,0.0,10000.0,1.0,1.0,249.99600219726562,0.0,0.0
feature.StemsPerHa.unmanaged.CWHvm_FDC_HW_L,24,240,10,0.0,10000.0,1.0,1.0,249.99600219726562,0.0,0.0
feature.StemsPerHa.unmanaged.CWHvm_FDC_HW_L,25,250,10,0.0,10000.0,1.0,1.0,249.99600219726562,0.0,0.0
feature.StemsPerHa.unmanaged.CWHvm_FDC_HW_L,26,260,10,0.0,10000.0,1.0,1.0,249.99600219726562,0.0,0.0
feature.StemsPerHa.unmanaged.CWHvm_FDC_HW_L,27,270,10,0.0,10000.0,1.0,1.0,249.99600219726562,0.0,0.0
feature.StemsPerHa.unmanaged.CWHvm_FDC_HW_L,28,280,10,0.0,10000.0,1.0,1.0,249.99600219726562,0.0,0.0
feature.StemsPerHa.unmanaged.CWHvm_FDC_HW_L,29,290,10,0.0,10000.0,1.0,1.0,249.99600219726562,0.0,0.0
feature.StemsPerHa.unmanaged.CWHvm_FDC_HW_L,30,300,10,0.0,10000.0,1.0,1.0,249.99600219726562,0.0,0.0
feature.StemsPerHa.unmanaged.CWHvm_FDC_HW_M,0,0,10,0.0,10000.0,1.0,1.0,474.4960021972656,0.0,0.0
feature.StemsPerHa.unmanaged.CWHvm_FDC_HW_M,1,10,10,0.0,10000.0,1.0,1.0,474.4960021972656,0.0,0.0
feature.StemsPerHa.unmanaged.CWHvm_FDC_HW_M,2,20,10,0.0,10000.0,1.0,1.0,474.4960021972656,0.0,0.0
feature.StemsPerHa.unmanaged.CWHvm_FDC_HW_M,3,30,10,0.0,10000.0,1.0,1.0,474.4960021972656,0.0,0.0
feature.StemsPerHa.unmanaged.CWHvm_FDC_HW_M,4,40,10,0.0,10000.0,1.0,1.0,474.4960021972656,0.0,0.0
feature.StemsPerHa.unmanaged.CWHvm_FDC_HW_M,5,50,10,0.0,10000.0,1.0,1.0,474.4960021972656,0.0,0.0
feature.StemsPerHa.unmanaged.CWHvm_FDC_HW_M,6,60,10,0.0,10000.0,1.0,1.0,474.4960021972656,0.0,0.0
feature.StemsPerHa.unmanaged.CWHvm_FDC_HW_M,7,70,10,0.0,10000.0,1.0,1.0,474.4960021972656,0.0,0.0
feature.StemsPerHa.unmanaged.CWHvm_FDC_HW_M,8,80,10,0.0,10000.0,1.0,1.0,474.4960021972656,0.0,0.0
feature.StemsPerHa.unmanaged.CWHvm_FDC_HW_M,9,90,10,0.0,10000.0,1.0,1.0,474.4960021972656,0.0,0.0
feature.StemsPerHa.unmanaged.CWHvm_FDC_HW_M,10,100,10,0.0,10000.0,1.0,1.0,474.4960021972656,0.0,0.0
feature.StemsPerHa.unmanaged.CWHvm_FDC_HW_M,11,110,10,0.0,10000.0,1.0,1.0,474.4960021972656,0.0,0.0
feature.StemsPerHa.unmanaged.CWHvm_FDC_HW_M,12,120,10,0.0,10000.0,1.0,1.0,474.4960021972656,0.0,0.0
feature.StemsPerHa.unmanaged.CWHvm_FDC_HW_M,13,130,10,0.0,10000.0,1.0,1.0,474.4960021972656,0.0,0.0
feature.StemsPerHa.unmanaged.CWHvm_FDC_HW_M,14,140,10,0.0,10000.0,1.0,1.0,474.4960021972656,0.0,0.0
feature.StemsPerHa.unmanaged.CWHvm_FDC_HW_M,15,150,10,0.0,10000.0,1.0,1.0,474.4960021972656,0.0,0.0
feature.StemsPerHa.unmanaged.CWHvm_FDC_HW_M,16,160,10,0.0,10000.0,1.0,1.0,474.4960021972656,0.0,0.0
feature.StemsPerHa.unmanaged.CWHvm_FDC_HW_M,17,170,10,0.0,10000.0,1.0,1.0,474.4960021972656,0.0,0.0
feature.StemsPerHa.unmanaged.CWHvm_FDC_HW_M,18,180,10,0.0,10000.0,1.0,1.0,474.4960021972656,0.0,0.0
feature.StemsPerHa.unmanaged.CWHvm_FDC_HW_M,19,190,10,0.0,10000.0,1.0,1.0,474.4960021972656,0.0,0.0
feature.StemsPerHa.unmanaged.CWHvm_FDC_HW_M,20,200,10,0.0,10000.0,1.0,1.0,474.4960021972656,0.0,0.0
feature.StemsPerHa.unmanaged.CWHvm_FDC_HW_M,21,210,10,0.0,10000.0,1.0,1.0,474.4960021972656,0.0,0.0
feature.StemsPerHa.unmanaged.CWHvm_FDC_HW_M,22,220,10,0.0,10000.0,1.0,1.0,474.4960021972656,0.0,0.0
feature.StemsPerHa.unmanaged.CWHvm_FDC_HW_M,23,230,10,0.0,10000.0,1.0,1.0,474.4960021972656,0.0,0.0
feature.StemsPerHa.unmanaged.CWHvm_FDC_HW_M,24,240,10,0.0,10000.0,1.0,1.0,474.4960021972656,0.0,0.0
feature.StemsPerHa.unmanaged.CWHvm_FDC_HW_M,25,250,10,0.0,10000.0,1.0,1.0,474.4960021972656,0.0,0.0
feature.StemsPerHa.unmanaged.CWHvm_FDC_HW_M,26,260,10,0.0,10000.0,1.0,1.0,474.4960021972656,0.0,0.0
feature.StemsPerHa.unmanaged.CWHvm_FDC_HW_M,27,270,10,0.0,10000.0,1.0,1.0,474.4960021972656,0.0,0.0
feature.StemsPerHa.unmanaged.CWHvm_FDC_HW_M,28,280,10,0.0,10000.0,1.0,1.0,474.4960021972656,0.0,0.0
feature.StemsPerHa.unmanaged.CWHvm_FDC_HW_M,29,290,10,0.0,10000.0,1.0,1.0,474.4960021972656,0.0,0.0
feature.StemsPerHa.unmanaged.CWHvm_FDC_HW_M,30,300,10,0.0,10000.0,1.0,1.0,474.4960021972656,0.0,0.0
feature.StemsPerHa.unmanaged.CWHvm_HW_BA_M,0,0,10,0.0,10000.0,1.0,1.0,274.99798583984375,0.0,0.0
feature.StemsPerHa.unmanaged.CWHvm_HW_BA_M,1,10,10,0.0,10000.0,1.0,1.0,274.99798583984375,0.0,0.0
feature.StemsPerHa.unmanaged.CWHvm_HW_BA_M,2,20,10,0.0,10000.0,1.0,1.0,274.99798583984375,0.0,0.0
feature.StemsPerHa.unmanaged.CWHvm_HW_BA_M,3,30,10,0.0,10000.0,1.0,1.0,274.99798583984375,0.0,0.0
feature.StemsPerHa.unmanaged.CWHvm_HW_BA_M,4,40,10,0.0,10000.0,1.0,1.0,274.99798583984375,0.0,0.0
feature.StemsPerHa.unmanaged.CWHvm_HW_BA_M,5,50,10,0.0,10000.0,1.0,1.0,274.99798583984375,0.0,0.0
feature.StemsPerHa.unmanaged.CWHvm_HW_BA_M,6,60,10,0.0,10000.0,1.0,1.0,274.99798583984375,0.0,0.0
feature.StemsPerHa.unmanaged.CWHvm_HW_BA_M,7,70,10,0.0,10000.0,1.0,1.0,274.99798583984375,0.0,0.0
feature.StemsPerHa.unmanaged.CWHvm_HW_BA_M,8,80,10,0.0,10000.0,1.0,1.0,274.99798583984375,0.0,0.0
feature.StemsPerHa.unmanaged.CWHvm_HW_BA_M,9,90,10,0.0,10000.0,1.0,1.0,274.99798583984375,0.0,0.0
feature.StemsPerHa.unmanaged.CWHvm_HW_BA_M,10,100,10,0.0,10000.0,1.0,1.0,274.99798583984375,0.0,0.0
feature.StemsPerHa.unmanaged.CWHvm_HW_BA_M,11,110,10,0.0,10000.0,1.0,1.0,274.99798583984375,0.0,0.0
feature.StemsPerHa.unmanaged.CWHvm_HW_BA_M,12,120,10,0.0,10000.0,1.0,1.0,274.99798583984375,0.0,0.0
feature.StemsPerHa.unmanaged.CWHvm_HW_BA_M,13,130,10,0.0,10000.0,1.0,1.0,274.99798583984375,0.0,0.0
feature.StemsPerHa.unmanaged.CWHvm_HW_BA_M,14,140,10,0.0,10000.0,1.0,1.0,274.99798583984375,0.0,0.0
feature.StemsPerHa.unmanaged.CWHvm_HW_BA_M,15,150,10,0.0,10000.0,1.0,1.0,274.99798583984375,0.0,0.0
feature.StemsPerHa.unmanaged.CWHvm_HW_BA_M,16,160,10,0.0,10000.0,1.0,1.0,274.99798583984375,0.0,0.0
feature.StemsPerHa.unmanaged.CWHvm_HW_BA_M,17,170,10,0.0,10000.0,1.0,1.0,274.99798583984375,0.0,0.0
feature.StemsPerHa.unmanaged.CWHvm_HW_BA_M,18,180,10,0.0,10000.0,1.0,1.0,274.99798583984375,0.0,0.0
feature.StemsPerHa.unmanaged.CWHvm_HW_BA_M,19,190,10,0.0,10000.0,1.0,1.0,274.99798583984375,0.0,0.0
feature.StemsPerHa.unmanaged.CWHvm_HW_BA_M,20,200,10,0.0,10000.0,1.0,1.0,274.99798583984375,0.0,0.0
feature.StemsPerHa.unmanaged.CWHvm_HW_BA_M,21,210,10,0.0,10000.0,1.0,1.0,274.99798583984375,0.0,0.0
feature.StemsPerHa.unmanaged.CWHvm_HW_BA_M,22,220,10,0.0,10000.0,1.0,1.0,274.99798583984375,0.0,0.0
feature.StemsPerHa.unmanaged.CWHvm_HW_BA_M,23,230,10,0.0,10000.0,1.0,1.0,274.99798583984375,0.0,0.0
feature.StemsPerHa.unmanaged.CWHvm_HW_BA_M,24,240,10,0.0,10000.0,1.0,1.0,274.99798583984375,0.0,0.0
feature.StemsPerHa.unmanaged.CWHvm_HW_BA_M,25,250,10,0.0,10000.0,1.0,1.0,274.99798583984375,0.0,0.0
feature.StemsPerHa.unmanaged.CWHvm_HW_BA_M,26,260,10,0.0,10000.0,1.0,1.0,274.99798583984375,0.0,0.0
feature.StemsPerHa.unmanaged.CWHvm_HW_BA_M,27,270,10,0.0,10000.0,1.0,1.0,274.99798583984375,0.0,0.0
feature.StemsPerHa.unmanaged.CWHvm_HW_BA_M,28,280,10,0.0,10000.0,1.0,1.0,274.99798583984375,0.0,0.0
feature.StemsPerHa.unmanaged.CWHvm_HW_BA_M,29,290,10,0.0,10000.0,1.0,1.0,274.99798583984375,0.0,0.0
feature.StemsPerHa.unmanaged.CWHvm_HW_BA_M,30,300,10,0.0,10000.0,1.0,1.0,274.99798583984375,0.0,0.0
feature.StemsPerHa.unmanaged.CWHvm_HW_CW_H,0,0,10,0.0,10000.0,1.0,1.0,274.9960021972656,0.0,0.0
feature.StemsPerHa.unmanaged.CWHvm_HW_CW_H,1,10,10,0.0,10000.0,1.0,1.0,274.9960021972656,0.0,0.0
feature.StemsPerHa.unmanaged.CWHvm_HW_CW_H,2,20,10,0.0,10000.0,1.0,1.0,274.9960021972656,0.0,0.0
feature.StemsPerHa.unmanaged.CWHvm_HW_CW_H,3,30,10,0.0,10000.0,1.0,1.0,274.9960021972656,0.0,0.0
feature.StemsPerHa.unmanaged.CWHvm_HW_CW_H,4,40,10,0.0,10000.0,1.0,1.0,274.9960021972656,0.0,0.0
feature.StemsPerHa.unmanaged.CWHvm_HW_CW_H,5,50,10,0.0,10000.0,1.0,1.0,274.9960021972656,0.0,0.0
feature.StemsPerHa.unmanaged.CWHvm_HW_CW_H,6,60,10,0.0,10000.0,1.0,1.0,274.9960021972656,0.0,0.0
feature.StemsPerHa.unmanaged.CWHvm_HW_CW_H,7,70,10,0.0,10000.0,1.0,1.0,274.9960021972656,0.0,0.0
feature.StemsPerHa.unmanaged.CWHvm_HW_CW_H,8,80,10,0.0,10000.0,1.0,1.0,274.9960021972656,0.0,0.0
feature.StemsPerHa.unmanaged.CWHvm_HW_CW_H,9,90,10,0.0,10000.0,1.0,1.0,274.9960021972656,0.0,0.0
feature.StemsPerHa.unmanaged.CWHvm_HW_CW_H,10,100,10,0.0,10000.0,1.0,1.0,274.9960021972656,0.0,0.0
feature.StemsPerHa.unmanaged.CWHvm_HW_CW_H,11,110,10,0.0,10000.0,1.0,1.0,274.9960021972656,0.0,0.0
feature.StemsPerHa.unmanaged.CWHvm_HW_CW_H,12,120,10,0.0,10000.0,1.0,1.0,274.9960021972656,0.0,0.0
feature.StemsPerHa.unmanaged.CWHvm_HW_CW_H,13,130,10,0.0,10000.0,1.0,1.0,274.9960021972656,0.0,0.0
feature.StemsPerHa.unmanaged.CWHvm_HW_CW_H,14,140,10,0.0,10000.0,1.0,1.0,274.9960021972656,0.0,0.0
feature.StemsPerHa.unmanaged.CWHvm_HW_CW_H,15,150,10,0.0,10000.0,1.0,1.0,274.9960021972656,0.0,0.0
feature.StemsPerHa.unmanaged.CWHvm_HW_CW_H,16,160,10,0.0,10000.0,1.0,1.0,274.9960021972656,0.0,0.0
feature.StemsPerHa.unmanaged.CWHvm_HW_CW_H,17,170,10,0.0,10000.0,1.0,1.0,274.9960021972656,0.0,0.0
feature.StemsPerHa.unmanaged.CWHvm_HW_CW_H,18,180,10,0.0,10000.0,1.0,1.0,274.9960021972656,0.0,0.0
feature.StemsPerHa.unmanaged.CWHvm_HW_CW_H,19,190,10,0.0,10000.0,1.0,1.0,274.9960021972656,0.0,0.0
feature.StemsPerHa.unmanaged.CWHvm_HW_CW_H,20,200,10,0.0,10000.0,1.0,1.0,274.9960021972656,0.0,0.0
feature.StemsPerHa.unmanaged.CWHvm_HW_CW_H,21,210,10,0.0,10000.0,1.0,1.0,274.9960021972656,0.0,0.0
feature.StemsPerHa.unmanaged.CWHvm_HW_CW_H,22,220,10,0.0,10000.0,1.0,1.0,274.9960021972656,0.0,0.0
feature.StemsPerHa.unmanaged.CWHvm_HW_CW_H,23,230,10,0.0,10000.0,1.0,1.0,274.9960021972656,0.0,0.0
feature.StemsPerHa.unmanaged.CWHvm_HW_CW_H,24,240,10,0.0,10000.0,1.0,1.0,274.9960021972656,0.0,0.0
feature.StemsPerHa.unmanaged.CWHvm_HW_CW_H,25,250,10,0.0,10000.0,1.0,1.0,274.9960021972656,0.0,0.0
feature.StemsPerHa.unmanaged.CWHvm_HW_CW_H,26,260,10,0.0,10000.0,1.0,1.0,274.9960021972656,0.0,0.0
feature.StemsPerHa.unmanaged.CWHvm_HW_CW_H,27,270,10,0.0,10000.0,1.0,1.0,274.9960021972656,0.0,0.0
feature.StemsPerHa.unmanaged.CWHvm_HW_CW_H,28,280,10,0.0,10000.0,1.0,1.0,274.9960021972656,0.0,0.0
feature.StemsPerHa.unmanaged.CWHvm_HW_CW_H,29,290,10,0.0,10000.0,1.0,1.0,274.9960021972656,0.0,0.0
feature.StemsPerHa.unmanaged.CWHvm_HW_CW_H,30,300,10,0.0,10000.0,1.0,1.0,274.9960021972656,0.0,0.0
feature.StemsPerHa.unmanaged.CWHvm_HW_CW_L,0,0,10,0.0,10000.0,1.0,1.0,299.9960021972656,0.0,0.0
feature.StemsPerHa.unmanaged.CWHvm_HW_CW_L,1,10,10,0.0,10000.0,1.0,1.0,299.9960021972656,0.0,0.0
feature.StemsPerHa.unmanaged.CWHvm_HW_CW_L,2,20,10,0.0,10000.0,1.0,1.0,299.9960021972656,0.0,0.0
feature.StemsPerHa.unmanaged.CWHvm_HW_CW_L,3,30,10,0.0,10000.0,1.0,1.0,299.9960021972656,0.0,0.0
feature.StemsPerHa.unmanaged.CWHvm_HW_CW_L,4,40,10,0.0,10000.0,1.0,1.0,299.9960021972656,0.0,0.0
feature.StemsPerHa.unmanaged.CWHvm_HW_CW_L,5,50,10,0.0,10000.0,1.0,1.0,299.9960021972656,0.0,0.0
feature.StemsPerHa.unmanaged.CWHvm_HW_CW_L,6,60,10,0.0,10000.0,1.0,1.0,299.9960021972656,0.0,0.0
feature.StemsPerHa.unmanaged.CWHvm_HW_CW_L,7,70,10,0.0,10000.0,1.0,1.0,299.9960021972656,0.0,0.0
feature.StemsPerHa.unmanaged.CWHvm_HW_CW_L,8,80,10,0.0,10000.0,1.0,1.0,299.9960021972656,0.0,0.0
feature.StemsPerHa.unmanaged.CWHvm_HW_CW_L,9,90,10,0.0,10000.0,1.0,1.0,299.9960021972656,0.0,0.0
feature.StemsPerHa.unmanaged.CWHvm_HW_CW_L,10,100,10,0.0,10000.0,1.0,1.0,299.9960021972656,0.0,0.0
feature.StemsPerHa.unmanaged.CWHvm_HW_CW_L,11,110,10,0.0,10000.0,1.0,1.0,299.9960021972656,0.0,0.0
feature.StemsPerHa.unmanaged.CWHvm_HW_CW_L,12,120,10,0.0,10000.0,1.0,1.0,299.9960021972656,0.0,0.0
feature.StemsPerHa.unmanaged.CWHvm_HW_CW_L,13,130,10,0.0,10000.0,1.0,1.0,299.9960021972656,0.0,0.0
feature.StemsPerHa.unmanaged.CWHvm_HW_CW_L,14,140,10,0.0,10000.0,1.0,1.0,299.9960021972656,0.0,0.0
feature.StemsPerHa.unmanaged.CWHvm_HW_CW_L,15,150,10,0.0,10000.0,1.0,1.0,299.9960021972656,0.0,0.0
feature.StemsPerHa.unmanaged.CWHvm_HW_CW_L,16,160,10,0.0,10000.0,1.0,1.0,299.9960021972656,0.0,0.0
feature.StemsPerHa.unmanaged.CWHvm_HW_CW_L,17,170,10,0.0,10000.0,1.0,1.0,299.9960021972656,0.0,0.0
feature.StemsPerHa.unmanaged.CWHvm_HW_CW_L,18,180,10,0.0,10000.0,1.0,1.0,299.9960021972656,0.0,0.0
feature.StemsPerHa.unmanaged.CWHvm_HW_CW_L,19,190,10,0.0,10000.0,1.0,1.0,299.9960021972656,0.0,0.0
feature.StemsPerHa.unmanaged.CWHvm_HW_CW_L,20,200,10,0.0,10000.0,1.0,1.0,299.9960021972656,0.0,0.0
feature.StemsPerHa.unmanaged.CWHvm_HW_CW_L,21,210,10,0.0,10000.0,1.0,1.0,299.9960021972656,0.0,0.0
feature.StemsPerHa.unmanaged.CWHvm_HW_CW_L,22,220,10,0.0,10000.0,1.0,1.0,299.9960021972656,0.0,0.0
feature.StemsPerHa.unmanaged.CWHvm_HW_CW_L,23,230,10,0.0,10000.0,1.0,1.0,299.9960021972656,0.0,0.0
feature.StemsPerHa.unmanaged.CWHvm_HW_CW_L,24,240,10,0.0,10000.0,1.0,1.0,299.9960021972656,0.0,0.0
feature.StemsPerHa.unmanaged.CWHvm_HW_CW_L,25,250,10,0.0,10000.0,1.0,1.0,299.9960021972656,0.0,0.0
feature.StemsPerHa.unmanaged.CWHvm_HW_CW_L,26,260,10,0.0,10000.0,1.0,1.0,299.9960021972656,0.0,0.0
feature.StemsPerHa.unmanaged.CWHvm_HW_CW_L,27,270,10,0.0,10000.0,1.0,1.0,299.9960021972656,0.0,0.0
feature.StemsPerHa.unmanaged.CWHvm_HW_CW_L,28,280,10,0.0,10000.0,1.0,1.0,299.9960021972656,0.0,0.0
feature.StemsPerHa.unmanaged.CWHvm_HW_CW_L,29,290,10,0.0,10000.0,1.0,1.0,299.9960021972656,0.0,0.0
feature.StemsPerHa.unmanaged.CWHvm_HW_CW_L,30,300,10,0.0,10000.0,1.0,1.0,299.9960021972656,0.0,0.0
feature.StemsPerHa.unmanaged.CWHvm_HW_CW_M,0,0,10,0.0,10000.0,1.0,1.0,349.99798583984375,0.0,0.0
feature.StemsPerHa.unmanaged.CWHvm_HW_CW_M,1,10,10,0.0,10000.0,1.0,1.0,349.99798583984375,0.0,0.0
feature.StemsPerHa.unmanaged.CWHvm_HW_CW_M,2,20,10,0.0,10000.0,1.0,1.0,349.99798583984375,0.0,0.0
feature.StemsPerHa.unmanaged.CWHvm_HW_CW_M,3,30,10,0.0,10000.0,1.0,1.0,349.99798583984375,0.0,0.0
feature.StemsPerHa.unmanaged.CWHvm_HW_CW_M,4,40,10,0.0,10000.0,1.0,1.0,349.99798583984375,0.0,0.0
feature.StemsPerHa.unmanaged.CWHvm_HW_CW_M,5,50,10,0.0,10000.0,1.0,1.0,349.99798583984375,0.0,0.0
feature.StemsPerHa.unmanaged.CWHvm_HW_CW_M,6,60,10,0.0,10000.0,1.0,1.0,349.99798583984375,0.0,0.0
feature.StemsPerHa.unmanaged.CWHvm_HW_CW_M,7,70,10,0.0,10000.0,1.0,1.0,349.99798583984375,0.0,0.0
feature.StemsPerHa.unmanaged.CWHvm_HW_CW_M,8,80,10,0.0,10000.0,1.0,1.0,349.99798583984375,0.0,0.0
feature.StemsPerHa.unmanaged.CWHvm_HW_CW_M,9,90,10,0.0,10000.0,1.0,1.0,349.99798583984375,0.0,0.0
feature.StemsPerHa.unmanaged.CWHvm_HW_CW_M,10,100,10,0.0,10000.0,1.0,1.0,349.99798583984375,0.0,0.0
feature.StemsPerHa.unmanaged.CWHvm_HW_CW_M,11,110,10,0.0,10000.0,1.0,1.0,349.99798583984375,0.0,0.0
feature.StemsPerHa.unmanaged.CWHvm_HW_CW_M,12,120,10,0.0,10000.0,1.0,1.0,349.99798583984375,0.0,0.0
feature.StemsPerHa.unmanaged.CWHvm_HW_CW_M,13,130,10,0.0,10000.0,1.0,1.0,349.99798583984375,0.0,0.0
feature.StemsPerHa.unmanaged.CWHvm_HW_CW_M,14,140,10,0.0,10000.0,1.0,1.0,349.99798583984375,0.0,0.0
feature.StemsPerHa.unmanaged.CWHvm_HW_CW_M,15,150,10,0.0,10000.0,1.0,1.0,349.99798583984375,0.0,0.0
feature.StemsPerHa.unmanaged.CWHvm_HW_CW_M,16,160,10,0.0,10000.0,1.0,1.0,349.99798583984375,0.0,0.0
feature.StemsPerHa.unmanaged.CWHvm_HW_CW_M,17,170,10,0.0,10000.0,1.0,1.0,349.99798583984375,0.0,0.0
feature.StemsPerHa.unmanaged.CWHvm_HW_CW_M,18,180,10,0.0,10000.0,1.0,1.0,349.99798583984375,0.0,0.0
feature.StemsPerHa.unmanaged.CWHvm_HW_CW_M,19,190,10,0.0,10000.0,1.0,1.0,349.99798583984375,0.0,0.0
feature.StemsPerHa.unmanaged.CWHvm_HW_CW_M,20,200,10,0.0,10000.0,1.0,1.0,349.99798583984375,0.0,0.0
feature.StemsPerHa.unmanaged.CWHvm_HW_CW_M,21,210,10,0.0,10000.0,1.0,1.0,349.99798583984375,0.0,0.0
feature.StemsPerHa.unmanaged.CWHvm_HW_CW_M,22,220,10,0.0,10000.0,1.0,1.0,349.99798583984375,0.0,0.0
feature.StemsPerHa.unmanaged.CWHvm_HW_CW_M,23,230,10,0.0,10000.0,1.0,1.0,349.99798583984375,0.0,0.0
feature.StemsPerHa.unmanaged.CWHvm_HW_CW_M,24,240,10,0.0,10000.0,1.0,1.0,349.99798583984375,0.0,0.0
feature.StemsPerHa.unmanaged.CWHvm_HW_CW_M,25,250,10,0.0,10000.0,1.0,1.0,349.99798583984375,0.0,0.0
feature.StemsPerHa.unmanaged.CWHvm_HW_CW_M,26,260,10,0.0,10000.0,1.0,1.0,349.99798583984375,0.0,0.0
feature.StemsPerHa.unmanaged.CWHvm_HW_CW_M,27,270,10,0.0,10000.0,1.0,1.0,349.99798583984375,0.0,0.0
feature.StemsPerHa.unmanaged.CWHvm_HW_CW_M,28,280,10,0.0,10000.0,1.0,1.0,349.99798583984375,0.0,0.0
feature.StemsPerHa.unmanaged.CWHvm_HW_CW_M,29,290,10,0.0,10000.0,1.0,1.0,349.99798583984375,0.0,0.0
feature.StemsPerHa.unmanaged.CWHvm_HW_CW_M,30,300,10,0.0,10000.0,1.0,1.0,349.99798583984375,0.0,0.0
feature.StemsPerHa.unmanaged.CWHvm_HW_FDC_H,0,0,10,0.0,10000.0,1.0,1.0,499.9859924316406,0.0,0.0
feature.StemsPerHa.unmanaged.CWHvm_HW_FDC_H,1,10,10,0.0,10000.0,1.0,1.0,499.9859924316406,0.0,0.0
feature.StemsPerHa.unmanaged.CWHvm_HW_FDC_H,2,20,10,0.0,10000.0,1.0,1.0,499.9859924316406,0.0,0.0
feature.StemsPerHa.unmanaged.CWHvm_HW_FDC_H,3,30,10,0.0,10000.0,1.0,1.0,499.9859924316406,0.0,0.0
feature.StemsPerHa.unmanaged.CWHvm_HW_FDC_H,4,40,10,0.0,10000.0,1.0,1.0,499.9859924316406,0.0,0.0
feature.StemsPerHa.unmanaged.CWHvm_HW_FDC_H,5,50,10,0.0,10000.0,1.0,1.0,499.9859924316406,0.0,0.0
feature.StemsPerHa.unmanaged.CWHvm_HW_FDC_H,6,60,10,0.0,10000.0,1.0,1.0,499.9859924316406,0.0,0.0
feature.StemsPerHa.unmanaged.CWHvm_HW_FDC_H,7,70,10,0.0,10000.0,1.0,1.0,499.9859924316406,0.0,0.0
feature.StemsPerHa.unmanaged.CWHvm_HW_FDC_H,8,80,10,0.0,10000.0,1.0,1.0,499.9859924316406,0.0,0.0
feature.StemsPerHa.unmanaged.CWHvm_HW_FDC_H,9,90,10,0.0,10000.0,1.0,1.0,499.9859924316406,0.0,0.0
feature.StemsPerHa.unmanaged.CWHvm_HW_FDC_H,10,100,10,0.0,10000.0,1.0,1.0,499.9859924316406,0.0,0.0
feature.StemsPerHa.unmanaged.CWHvm_HW_FDC_H,11,110,10,0.0,10000.0,1.0,1.0,499.9859924316406,0.0,0.0
feature.StemsPerHa.unmanaged.CWHvm_HW_FDC_H,12,120,10,0.0,10000.0,1.0,1.0,499.9859924316406,0.0,0.0
feature.StemsPerHa.unmanaged.CWHvm_HW_FDC_H,13,130,10,0.0,10000.0,1.0,1.0,499.9859924316406,0.0,0.0
feature.StemsPerHa.unmanaged.CWHvm_HW_FDC_H,14,140,10,0.0,10000.0,1.0,1.0,499.9859924316406,0.0,0.0
feature.StemsPerHa.unmanaged.CWHvm_HW_FDC_H,15,150,10,0.0,10000.0,1.0,1.0,499.9859924316406,0.0,0.0
feature.StemsPerHa.unmanaged.CWHvm_HW_FDC_H,16,160,10,0.0,10000.0,1.0,1.0,499.9859924316406,0.0,0.0
feature.StemsPerHa.unmanaged.CWHvm_HW_FDC_H,17,170,10,0.0,10000.0,1.0,1.0,499.9859924316406,0.0,0.0
feature.StemsPerHa.unmanaged.CWHvm_HW_FDC_H,18,180,10,0.0,10000.0,1.0,1.0,499.9859924316406,0.0,0.0
feature.StemsPerHa.unmanaged.CWHvm_HW_FDC_H,19,190,10,0.0,10000.0,1.0,1.0,499.9859924316406,0.0,0.0
feature.StemsPerHa.unmanaged.CWHvm_HW_FDC_H,20,200,10,0.0,10000.0,1.0,1.0,499.9859924316406,0.0,0.0
feature.StemsPerHa.unmanaged.CWHvm_HW_FDC_H,21,210,10,0.0,10000.0,1.0,1.0,499.9859924316406,0.0,0.0
feature.StemsPerHa.unmanaged.CWHvm_HW_FDC_H,22,220,10,0.0,10000.0,1.0,1.0,499.9859924316406,0.0,0.0
feature.StemsPerHa.unmanaged.CWHvm_HW_FDC_H,23,230,10,0.0,10000.0,1.0,1.0,499.9859924316406,0.0,0.0
feature.StemsPerHa.unmanaged.CWHvm_HW_FDC_H,24,240,10,0.0,10000.0,1.0,1.0,499.9859924316406,0.0,0.0
feature.StemsPerHa.unmanaged.CWHvm_HW_FDC_H,25,250,10,0.0,10000.0,1.0,1.0,499.9859924316406,0.0,0.0
feature.StemsPerHa.unmanaged.CWHvm_HW_FDC_H,26,260,10,0.0,10000.0,1.0,1.0,499.9859924316406,0.0,0.0
feature.StemsPerHa.unmanaged.CWHvm_HW_FDC_H,27,270,10,0.0,10000.0,1.0,1.0,499.9859924316406,0.0,0.0
feature.StemsPerHa.unmanaged.CWHvm_HW_FDC_H,28,280,10,0.0,10000.0,1.0,1.0,499.9859924316406,0.0,0.0
feature.StemsPerHa.unmanaged.CWHvm_HW_FDC_H,29,290,10,0.0,10000.0,1.0,1.0,499.9859924316406,0.0,0.0
feature.StemsPerHa.unmanaged.CWHvm_HW_FDC_H,30,300,10,0.0,10000.0,1.0,1.0,499.9859924316406,0.0,0.0
feature.StemsPerHa.unmanaged.CWHvm_HW_FDC_L,0,0,10,0.0,10000.0,1.0,1.0,449.4939880371094,0.0,0.0
feature.StemsPerHa.unmanaged.CWHvm_HW_FDC_L,1,10,10,0.0,10000.0,1.0,1.0,449.4939880371094,0.0,0.0
feature.StemsPerHa.unmanaged.CWHvm_HW_FDC_L,2,20,10,0.0,10000.0,1.0,1.0,449.4939880371094,0.0,0.0
feature.StemsPerHa.unmanaged.CWHvm_HW_FDC_L,3,30,10,0.0,10000.0,1.0,1.0,449.4939880371094,0.0,0.0
feature.StemsPerHa.unmanaged.CWHvm_HW_FDC_L,4,40,10,0.0,10000.0,1.0,1.0,449.4939880371094,0.0,0.0
feature.StemsPerHa.unmanaged.CWHvm_HW_FDC_L,5,50,10,0.0,10000.0,1.0,1.0,449.4939880371094,0.0,0.0
feature.StemsPerHa.unmanaged.CWHvm_HW_FDC_L,6,60,10,0.0,10000.0,1.0,1.0,449.4939880371094,0.0,0.0
feature.StemsPerHa.unmanaged.CWHvm_HW_FDC_L,7,70,10,0.0,10000.0,1.0,1.0,449.4939880371094,0.0,0.0
feature.StemsPerHa.unmanaged.CWHvm_HW_FDC_L,8,80,10,0.0,10000.0,1.0,1.0,449.4939880371094,0.0,0.0
feature.StemsPerHa.unmanaged.CWHvm_HW_FDC_L,9,90,10,0.0,10000.0,1.0,1.0,449.4939880371094,0.0,0.0
feature.StemsPerHa.unmanaged.CWHvm_HW_FDC_L,10,100,10,0.0,10000.0,1.0,1.0,449.4939880371094,0.0,0.0
feature.StemsPerHa.unmanaged.CWHvm_HW_FDC_L,11,110,10,0.0,10000.0,1.0,1.0,449.4939880371094,0.0,0.0
feature.StemsPerHa.unmanaged.CWHvm_HW_FDC_L,12,120,10,0.0,10000.0,1.0,1.0,449.4939880371094,0.0,0.0
feature.StemsPerHa.unmanaged.CWHvm_HW_FDC_L,13,130,10,0.0,10000.0,1.0,1.0,449.4939880371094,0.0,0.0
feature.StemsPerHa.unmanaged.CWHvm_HW_FDC_L,14,140,10,0.0,10000.0,1.0,1.0,449.4939880371094,0.0,0.0
feature.StemsPerHa.unmanaged.CWHvm_HW_FDC_L,15,150,10,0.0,10000.0,1.0,1.0,449.4939880371094,0.0,0.0
feature.StemsPerHa.unmanaged.CWHvm_HW_FDC_L,16,160,10,0.0,10000.0,1.0,1.0,449.4939880371094,0.0,0.0
feature.StemsPerHa.unmanaged.CWHvm_HW_FDC_L,17,170,10,0.0,10000.0,1.0,1.0,449.4939880371094,0.0,0.0
feature.StemsPerHa.unmanaged.CWHvm_HW_FDC_L,18,180,10,0.0,10000.0,1.0,1.0,449.4939880371094,0.0,0.0
feature.StemsPerHa.unmanaged.CWHvm_HW_FDC_L,19,190,10,0.0,10000.0,1.0,1.0,449.4939880371094,0.0,0.0
feature.StemsPerHa.unmanaged.CWHvm_HW_FDC_L,20,200,10,0.0,10000.0,1.0,1.0,449.4939880371094,0.0,0.0
feature.StemsPerHa.unmanaged.CWHvm_HW_FDC_L,21,210,10,0.0,10000.0,1.0,1.0,449.4939880371094,0.0,0.0
feature.StemsPerHa.unmanaged.CWHvm_HW_FDC_L,22,220,10,0.0,10000.0,1.0,1.0,449.4939880371094,0.0,0.0
feature.StemsPerHa.unmanaged.CWHvm_HW_FDC_L,23,230,10,0.0,10000.0,1.0,1.0,449.4939880371094,0.0,0.0
feature.StemsPerHa.unmanaged.CWHvm_HW_FDC_L,24,240,10,0.0,10000.0,1.0,1.0,449.4939880371094,0.0,0.0
feature.StemsPerHa.unmanaged.CWHvm_HW_FDC_L,25,250,10,0.0,10000.0,1.0,1.0,449.4939880371094,0.0,0.0
feature.StemsPerHa.unmanaged.CWHvm_HW_FDC_L,26,260,10,0.0,10000.0,1.0,1.0,449.4939880371094,0.0,0.0
feature.StemsPerHa.unmanaged.CWHvm_HW_FDC_L,27,270,10,0.0,10000.0,1.0,1.0,449.4939880371094,0.0,0.0
feature.StemsPerHa.unmanaged.CWHvm_HW_FDC_L,28,280,10,0.0,10000.0,1.0,1.0,449.4939880371094,0.0,0.0
feature.StemsPerHa.unmanaged.CWHvm_HW_FDC_L,29,290,10,0.0,10000.0,1.0,1.0,449.4939880371094,0.0,0.0
feature.StemsPerHa.unmanaged.CWHvm_HW_FDC_L,30,300,10,0.0,10000.0,1.0,1.0,449.4939880371094,0.0,0.0
feature.StemsPerHa.unmanaged.CWHvm_HW_SS_M,0,0,10,0.0,10000.0,1.0,1.0,649.9979858398438,0.0,0.0
feature.StemsPerHa.unmanaged.CWHvm_HW_SS_M,1,10,10,0.0,10000.0,1.0,1.0,649.9979858398438,0.0,0.0
feature.StemsPerHa.unmanaged.CWHvm_HW_SS_M,2,20,10,0.0,10000.0,1.0,1.0,649.9979858398438,0.0,0.0
feature.StemsPerHa.unmanaged.CWHvm_HW_SS_M,3,30,10,0.0,10000.0,1.0,1.0,649.9979858398438,0.0,0.0
feature.StemsPerHa.unmanaged.CWHvm_HW_SS_M,4,40,10,0.0,10000.0,1.0,1.0,649.9979858398438,0.0,0.0
feature.StemsPerHa.unmanaged.CWHvm_HW_SS_M,5,50,10,0.0,10000.0,1.0,1.0,649.9979858398438,0.0,0.0
feature.StemsPerHa.unmanaged.CWHvm_HW_SS_M,6,60,10,0.0,10000.0,1.0,1.0,649.9979858398438,0.0,0.0
feature.StemsPerHa.unmanaged.CWHvm_HW_SS_M,7,70,10,0.0,10000.0,1.0,1.0,649.9979858398438,0.0,0.0
feature.StemsPerHa.unmanaged.CWHvm_HW_SS_M,8,80,10,0.0,10000.0,1.0,1.0,649.9979858398438,0.0,0.0
feature.StemsPerHa.unmanaged.CWHvm_HW_SS_M,9,90,10,0.0,10000.0,1.0,1.0,649.9979858398438,0.0,0.0
feature.StemsPerHa.unmanaged.CWHvm_HW_SS_M,10,100,10,0.0,10000.0,1.0,1.0,649.9979858398438,0.0,0.0
feature.StemsPerHa.unmanaged.CWHvm_HW_SS_M,11,110,10,0.0,10000.0,1.0,1.0,649.9979858398438,0.0,0.0
feature.StemsPerHa.unmanaged.CWHvm_HW_SS_M,12,120,10,0.0,10000.0,1.0,1.0,649.9979858398438,0.0,0.0
feature.StemsPerHa.unmanaged.CWHvm_HW_SS_M,13,130,10,0.0,10000.0,1.0,1.0,649.9979858398438,0.0,0.0
feature.StemsPerHa.unmanaged.CWHvm_HW_SS_M,14,140,10,0.0,10000.0,1.0,1.0,649.9979858398438,0.0,0.0
feature.StemsPerHa.unmanaged.CWHvm_HW_SS_M,15,150,10,0.0,10000.0,1.0,1.0,649.9979858398438,0.0,0.0
feature.StemsPerHa.unmanaged.CWHvm_HW_SS_M,16,160,10,0.0,10000.0,1.0,1.0,649.9979858398438,0.0,0.0
feature.StemsPerHa.unmanaged.CWHvm_HW_SS_M,17,170,10,0.0,10000.0,1.0,1.0,649.9979858398438,0.0,0.0
feature.StemsPerHa.unmanaged.CWHvm_HW_SS_M,18,180,10,0.0,10000.0,1.0,1.0,649.9979858398438,0.0,0.0
feature.StemsPerHa.unmanaged.CWHvm_HW_SS_M,19,190,10,0.0,10000.0,1.0,1.0,649.9979858398438,0.0,0.0
feature.StemsPerHa.unmanaged.CWHvm_HW_SS_M,20,200,10,0.0,10000.0,1.0,1.0,649.9979858398438,0.0,0.0
feature.StemsPerHa.unmanaged.CWHvm_HW_SS_M,21,210,10,0.0,10000.0,1.0,1.0,649.9979858398438,0.0,0.0
feature.StemsPerHa.unmanaged.CWHvm_HW_SS_M,22,220,10,0.0,10000.0,1.0,1.0,649.9979858398438,0.0,0.0
feature.StemsPerHa.unmanaged.CWHvm_HW_SS_M,23,230,10,0.0,10000.0,1.0,1.0,649.9979858398438,0.0,0.0
feature.StemsPerHa.unmanaged.CWHvm_HW_SS_M,24,240,10,0.0,10000.0,1.0,1.0,649.9979858398438,0.0,0.0
feature.StemsPerHa.unmanaged.CWHvm_HW_SS_M,25,250,10,0.0,10000.0,1.0,1.0,649.9979858398438,0.0,0.0
feature.StemsPerHa.unmanaged.CWHvm_HW_SS_M,26,260,10,0.0,10000.0,1.0,1.0,649.9979858398438,0.0,0.0
feature.StemsPerHa.unmanaged.CWHvm_HW_SS_M,27,270,10,0.0,10000.0,1.0,1.0,649.9979858398438,0.0,0.0
feature.StemsPerHa.unmanaged.CWHvm_HW_SS_M,28,280,10,0.0,10000.0,1.0,1.0,649.9979858398438,0.0,0.0
feature.StemsPerHa.unmanaged.CWHvm_HW_SS_M,29,290,10,0.0,10000.0,1.0,1.0,649.9979858398438,0.0,0.0
feature.StemsPerHa.unmanaged.CWHvm_HW_SS_M,30,300,10,0.0,10000.0,1.0,1.0,649.9979858398438,0.0,0.0
feature.Yield.managed.CW,0,0,10,0.0,10000.0,1.0,1.0,87593.1640625,0.0,0.0
feature.Yield.managed.CW,1,10,10,0.0,10000.0,1.0,1.0,111402.71875,0.0,0.0
feature.Yield.managed.CW,2,20,10,0.0,10000.0,1.0,1.0,126247.1953125,0.0,0.0
feature.Yield.managed.CW,3,30,10,0.0,10000.0,1.0,1.0,135446.71875,0.0,0.0
feature.Yield.managed.CW,4,40,10,0.0,10000.0,1.0,1.0,140886.078125,0.0,0.0
feature.Yield.managed.CW,5,50,10,0.0,10000.0,1.0,1.0,145754.9375,0.0,0.0
feature.Yield.managed.CW,6,60,10,0.0,10000.0,1.0,1.0,149057.015625,0.0,0.0
feature.Yield.managed.CW,7,70,10,0.0,10000.0,1.0,1.0,151897.828125,0.0,0.0
feature.Yield.managed.CW,8,80,10,0.0,10000.0,1.0,1.0,164416.9375,0.0,0.0
feature.Yield.managed.CW,9,90,10,0.0,10000.0,1.0,1.0,173253.359375,0.0,0.0
feature.Yield.managed.CW,10,100,10,0.0,10000.0,1.0,1.0,176102.25,0.0,0.0
feature.Yield.managed.CW,11,110,10,0.0,10000.0,1.0,1.0,180300.65625,0.0,0.0
feature.Yield.managed.CW,12,120,10,0.0,10000.0,1.0,1.0,180701.984375,0.0,0.0
feature.Yield.managed.CW,13,130,10,0.0,10000.0,1.0,1.0,180288.375,0.0,0.0
feature.Yield.managed.CW,14,140,10,0.0,10000.0,1.0,1.0,182489.546875,0.0,0.0
feature.Yield.managed.CW,15,150,10,0.0,10000.0,1.0,1.0,181096.6875,0.0,0.0
feature.Yield.managed.CW,16,160,10,0.0,10000.0,1.0,1.0,186049.390625,0.0,0.0
feature.Yield.managed.CW,17,170,10,0.0,10000.0,1.0,1.0,185179.5625,0.0,0.0
feature.Yield.managed.CW,18,180,10,0.0,10000.0,1.0,1.0,183024.5,0.0,0.0
feature.Yield.managed.CW,19,190,10,0.0,10000.0,1.0,1.0,180198.5625,0.0,0.0
feature.Yield.managed.CW,20,200,10,0.0,10000.0,1.0,1.0,181826.609375,0.0,0.0
feature.Yield.managed.CW,21,210,10,0.0,10000.0,1.0,1.0,179979.921875,0.0,0.0
feature.Yield.managed.CW,22,220,10,0.0,10000.0,1.0,1.0,186155.828125,0.0,0.0
feature.Yield.managed.CW,23,230,10,0.0,10000.0,1.0,1.0,188556.6875,0.0,0.0
feature.Yield.managed.CW,24,240,10,0.0,10000.0,1.0,1.0,186508.0,0.0,0.0
feature.Yield.managed.CW,25,250,10,0.0,10000.0,1.0,1.0,182450.078125,0.0,0.0
feature.Yield.managed.CW,26,260,10,0.0,10000.0,1.0,1.0,179074.71875,0.0,0.0
feature.Yield.managed.CW,27,270,10,0.0,10000.0,1.0,1.0,176717.9375,0.0,0.0
feature.Yield.managed.CW,28,280,10,0.0,10000.0,1.0,1.0,171307.1875,0.0,0.0
feature.Yield.managed.CW,29,290,10,0.0,10000.0,1.0,1.0,166527.6875,0.0,0.0
feature.Yield.managed.CW,30,300,10,0.0,10000.0,1.0,1.0,162524.46875,0.0,0.0
feature.Yield.managed.FDC,0,0,10,0.0,10000.0,1.0,1.0,184806.40625,0.0,0.0
feature.Yield.managed.FDC,1,10,10,0.0,10000.0,1.0,1.0,227586.96875,0.0,0.0
feature.Yield.managed.FDC,2,20,10,0.0,10000.0,1.0,1.0,248656.578125,0.0,0.0
feature.Yield.managed.FDC,3,30,10,0.0,10000.0,1.0,1.0,263151.0,0.0,0.0
feature.Yield.managed.FDC,4,40,10,0.0,10000.0,1.0,1.0,275815.5625,0.0,0.0
feature.Yield.managed.FDC,5,50,10,0.0,10000.0,1.0,1.0,298813.28125,0.0,0.0
feature.Yield.managed.FDC,6,60,10,0.0,10000.0,1.0,1.0,319354.4375,0.0,0.0
feature.Yield.managed.FDC,7,70,10,0.0,10000.0,1.0,1.0,315525.6875,0.0,0.0
feature.Yield.managed.FDC,8,80,10,0.0,10000.0,1.0,1.0,330356.34375,0.0,0.0
feature.Yield.managed.FDC,9,90,10,0.0,10000.0,1.0,1.0,331557.5625,0.0,0.0
feature.Yield.managed.FDC,10,100,10,0.0,10000.0,1.0,1.0,340776.6875,0.0,0.0
feature.Yield.managed.FDC,11,110,10,0.0,10000.0,1.0,1.0,350867.8125,0.0,0.0
feature.Yield.managed.FDC,12,120,10,0.0,10000.0,1.0,1.0,355827.25,0.0,0.0
feature.Yield.managed.FDC,13,130,10,0.0,10000.0,1.0,1.0,372532.125,0.0,0.0
feature.Yield.managed.FDC,14,140,10,0.0,10000.0,1.0,1.0,369716.4375,0.0,0.0
feature.Yield.managed.FDC,15,150,10,0.0,10000.0,1.0,1.0,368658.125,0.0,0.0
feature.Yield.managed.FDC,16,160,10,0.0,10000.0,1.0,1.0,368282.5625,0.0,0.0
feature.Yield.managed.FDC,17,170,10,0.0,10000.0,1.0,1.0,372191.71875,0.0,0.0
feature.Yield.managed.FDC,18,180,10,0.0,10000.0,1.0,1.0,379606.28125,0.0,0.0
feature.Yield.managed.FDC,19,190,10,0.0,10000.0,1.0,1.0,378485.5625,0.0,0.0
feature.Yield.managed.FDC,20,200,10,0.0,10000.0,1.0,1.0,384132.5625,0.0,0.0
feature.Yield.managed.FDC,21,210,10,0.0,10000.0,1.0,1.0,373467.3125,0.0,0.0
feature.Yield.managed.FDC,22,220,10,0.0,10000.0,1.0,1.0,360740.875,0.0,0.0
feature.Yield.managed.FDC,23,230,10,0.0,10000.0,1.0,1.0,368877.8125,0.0,0.0
feature.Yield.managed.FDC,24,240,10,0.0,10000.0,1.0,1.0,361358.0,0.0,0.0
feature.Yield.managed.FDC,25,250,10,0.0,10000.0,1.0,1.0,374681.90625,0.0,0.0
feature.Yield.managed.FDC,26,260,10,0.0,10000.0,1.0,1.0,377092.625,0.0,0.0
feature.Yield.managed.FDC,27,270,10,0.0,10000.0,1.0,1.0,360150.53125,0.0,0.0
feature.Yield.managed.FDC,28,280,10,0.0,10000.0,1.0,1.0,362744.28125,0.0,0.0
feature.Yield.managed.FDC,29,290,10,0.0,10000.0,1.0,1.0,357247.84375,0.0,0.0
feature.Yield.managed.FDC,30,300,10,0.0,10000.0,1.0,1.0,349155.125,0.0,0.0
feature.Yield.managed.HW,0,0,10,0.0,10000.0,1.0,1.0,235679.90625,0.0,0.0
feature.Yield.managed.HW,1,10,10,0.0,10000.0,1.0,1.0,303928.125,0.0,0.0
feature.Yield.managed.HW,2,20,10,0.0,10000.0,1.0,1.0,349329.53125,0.0,0.0
feature.Yield.managed.HW,3,30,10,0.0,10000.0,1.0,1.0,377268.90625,0.0,0.0
feature.Yield.managed.HW,4,40,10,0.0,10000.0,1.0,1.0,391430.15625,0.0,0.0
feature.Yield.managed.HW,5,50,10,0.0,10000.0,1.0,1.0,396111.46875,0.0,0.0
feature.Yield.managed.HW,6,60,10,0.0,10000.0,1.0,1.0,397096.65625,0.0,0.0
feature.Yield.managed.HW,7,70,10,0.0,10000.0,1.0,1.0,410321.1875,0.0,0.0
feature.Yield.managed.HW,8,80,10,0.0,10000.0,1.0,1.0,447872.59375,0.0,0.0
feature.Yield.managed.HW,9,90,10,0.0,10000.0,1.0,1.0,481184.5625,0.0,0.0
feature.Yield.managed.HW,10,100,10,0.0,10000.0,1.0,1.0,487968.625,0.0,0.0
feature.Yield.managed.HW,11,110,10,0.0,10000.0,1.0,1.0,499468.84375,0.0,0.0
feature.Yield.managed.HW,12,120,10,0.0,10000.0,1.0,1.0,498479.4375,0.0,0.0
feature.Yield.managed.HW,13,130,10,0.0,10000.0,1.0,1.0,487981.625,0.0,0.0
feature.Yield.managed.HW,14,140,10,0.0,10000.0,1.0,1.0,498364.71875,0.0,0.0
feature.Yield.managed.HW,15,150,10,0.0,10000.0,1.0,1.0,494344.1875,0.0,0.0
feature.Yield.managed.HW,16,160,10,0.0,10000.0,1.0,1.0,511290.96875,0.0,0.0
feature.Yield.managed.HW,17,170,10,0.0,10000.0,1.0,1.0,506287.6875,0.0,0.0
feature.Yield.managed.HW,18,180,10,0.0,10000.0,1.0,1.0,494887.125,0.0,0.0
feature.Yield.managed.HW,19,190,10,0.0,10000.0,1.0,1.0,485584.46875,0.0,0.0
feature.Yield.managed.HW,20,200,10,0.0,10000.0,1.0,1.0,486697.75,0.0,0.0
feature.Yield.managed.HW,21,210,10,0.0,10000.0,1.0,1.0,485372.21875,0.0,0.0
feature.Yield.managed.HW,22,220,10,0.0,10000.0,1.0,1.0,514996.875,0.0,0.0
feature.Yield.managed.HW,23,230,10,0.0,10000.0,1.0,1.0,520424.125,0.0,0.0
feature.Yield.managed.HW,24,240,10,0.0,10000.0,1.0,1.0,517392.28125,0.0,0.0
feature.Yield.managed.HW,25,250,10,0.0,10000.0,1.0,1.0,495646.90625,0.0,0.0
feature.Yield.managed.HW,26,260,10,0.0,10000.0,1.0,1.0,481509.1875,0.0,0.0
feature.Yield.managed.HW,27,270,10,0.0,10000.0,1.0,1.0,479100.96875,0.0,0.0
feature.Yield.managed.HW,28,280,10,0.0,10000.0,1.0,1.0,457457.59375,0.0,0.0
feature.Yield.managed.HW,29,290,10,0.0,10000.0,1.0,1.0,442723.9375,0.0,0.0
feature.Yield.managed.HW,30,300,10,0.0,10000.0,1.0,1.0,431186.4375,0.0,0.0
feature.Yield.managed.Total,0,0,10,0.0,10000.0,1.0,1.0,935247.75,0.0,0.0
feature.Yield.managed.Total,1,10,10,0.0,10000.0,1.0,1.0,1018069.375,0.0,0.0
feature.Yield.managed.Total,2,20,10,0.0,10000.0,1.0,1.0,1074132.0,0.0,0.0
feature.Yield.managed.Total,3,30,10,0.0,10000.0,1.0,1.0,1108317.75,0.0,0.0
feature.Yield.managed.Total,4,40,10,0.0,10000.0,1.0,1.0,1134122.0,0.0,0.0
feature.Yield.managed.Total,5,50,10,0.0,10000.0,1.0,1.0,1156100.375,0.0,0.0
feature.Yield.managed.Total,6,60,10,0.0,10000.0,1.0,1.0,1173265.875,0.0,0.0
feature.Yield.managed.Total,7,70,10,0.0,10000.0,1.0,1.0,1190312.25,0.0,0.0
feature.Yield.managed.Total,8,80,10,0.0,10000.0,1.0,1.0,1229896.25,0.0,0.0
feature.Yield.managed.Total,9,90,10,0.0,10000.0,1.0,1.0,1248249.5,0.0,0.0
feature.Yield.managed.Total,10,100,10,0.0,10000.0,1.0,1.0,1271027.75,0.0,0.0
feature.Yield.managed.Total,11,110,10,0.0,10000.0,1.0,1.0,1300313.75,0.0,0.0
feature.Yield.managed.Total,12,120,10,0.0,10000.0,1.0,1.0,1307673.75,0.0,0.0
feature.Yield.managed.Total,13,130,10,0.0,10000.0,1.0,1.0,1315944.375,0.0,0.0
feature.Yield.managed.Total,14,140,10,0.0,10000.0,1.0,1.0,1327729.375,0.0,0.0
feature.Yield.managed.Total,15,150,10,0.0,10000.0,1.0,1.0,1322773.5,0.0,0.0
feature.Yield.managed.Total,16,160,10,0.0,10000.0,1.0,1.0,1345280.125,0.0,0.0
feature.Yield.managed.Total,17,170,10,0.0,10000.0,1.0,1.0,1344017.75,0.0,0.0
feature.Yield.managed.Total,18,180,10,0.0,10000.0,1.0,1.0,1338474.0,0.0,0.0
feature.Yield.managed.Total,19,190,10,0.0,10000.0,1.0,1.0,1325705.625,0.0,0.0
feature.Yield.managed.Total,20,200,10,0.0,10000.0,1.0,1.0,1334439.625,0.0,0.0
feature.Yield.managed.Total,21,210,10,0.0,10000.0,1.0,1.0,1320808.875,0.0,0.0
feature.Yield.managed.Total,22,220,10,0.0,10000.0,1.0,1.0,1343972.0,0.0,0.0
feature.Yield.managed.Total,23,230,10,0.0,10000.0,1.0,1.0,1359888.125,0.0,0.0
feature.Yield.managed.Total,24,240,10,0.0,10000.0,1.0,1.0,1347174.25,0.0,0.0
feature.Yield.managed.Total,25,250,10,0.0,10000.0,1.0,1.0,1334614.75,0.0,0.0
feature.Yield.managed.Total,26,260,10,0.0,10000.0,1.0,1.0,1319450.625,0.0,0.0
feature.Yield.managed.Total,27,270,10,0.0,10000.0,1.0,1.0,1297665.625,0.0,0.0
feature.Yield.managed.Total,28,280,10,0.0,10000.0,1.0,1.0,1273180.625,0.0,0.0
feature.Yield.managed.Total,29,290,10,0.0,10000.0,1.0,1.0,1248171.125,0.0,0.0
feature.Yield.managed.Total,30,300,10,0.0,10000.0,1.0,1.0,1224537.625,0.0,0.0
feature.Yield.unmanaged.CW,0,0,10,0.0,10000.0,1.0,1.0,3722.15087890625,0.0,0.0
feature.Yield.unmanaged.CW,1,10,10,0.0,10000.0,1.0,1.0,4905.8818359375,0.0,0.0
feature.Yield.unmanaged.CW,2,20,10,0.0,10000.0,1.0,1.0,6092.2109375,0.0,0.0
feature.Yield.unmanaged.CW,3,30,10,0.0,10000.0,1.0,1.0,7231.7421875,0.0,0.0
feature.Yield.unmanaged.CW,4,40,10,0.0,10000.0,1.0,1.0,8288.765625,0.0,0.0
feature.Yield.unmanaged.CW,5,50,10,0.0,10000.0,1.0,1.0,9238.5146484375,0.0,0.0
feature.Yield.unmanaged.CW,6,60,10,0.0,10000.0,1.0,1.0,10066.0478515625,0.0,0.0
feature.Yield.unmanaged.CW,7,70,10,0.0,10000.0,1.0,1.0,10764.9072265625,0.0,0.0
feature.Yield.unmanaged.CW,8,80,10,0.0,10000.0,1.0,1.0,11332.8798828125,0.0,0.0
feature.Yield.unmanaged.CW,9,90,10,0.0,10000.0,1.0,1.0,11771.0078125,0.0,0.0
feature.Yield.unmanaged.CW,10,100,10,0.0,10000.0,1.0,1.0,12084.7529296875,0.0,0.0
feature.Yield.unmanaged.CW,11,110,10,0.0,10000.0,1.0,1.0,12283.208984375,0.0,0.0
feature.Yield.unmanaged.CW,12,120,10,0.0,10000.0,1.0,1.0,12375.2197265625,0.0,0.0
feature.Yield.unmanaged.CW,13,130,10,0.0,10000.0,1.0,1.0,12371.197265625,0.0,0.0
feature.Yield.unmanaged.CW,14,140,10,0.0,10000.0,1.0,1.0,12289.30859375,0.0,0.0
feature.Yield.unmanaged.CW,15,150,10,0.0,10000.0,1.0,1.0,12181.1357421875,0.0,0.0
feature.Yield.unmanaged.CW,16,160,10,0.0,10000.0,1.0,1.0,12120.2607421875,0.0,0.0
feature.Yield.unmanaged.CW,17,170,10,0.0,10000.0,1.0,1.0,12095.59765625,0.0,0.0
feature.Yield.unmanaged.CW,18,180,10,0.0,10000.0,1.0,1.0,12046.34765625,0.0,0.0
feature.Yield.unmanaged.CW,19,190,10,0.0,10000.0,1.0,1.0,11982.751953125,0.0,0.0
feature.Yield.unmanaged.CW,20,200,10,0.0,10000.0,1.0,1.0,11919.16796875,0.0,0.0
feature.Yield.unmanaged.CW,21,210,10,0.0,10000.0,1.0,1.0,11855.5126953125,0.0,0.0
feature.Yield.unmanaged.CW,22,220,10,0.0,10000.0,1.0,1.0,11792.6416015625,0.0,0.0
feature.Yield.unmanaged.CW,23,230,10,0.0,10000.0,1.0,1.0,11728.5390625,0.0,0.0
feature.Yield.unmanaged.CW,24,240,10,0.0,10000.0,1.0,1.0,11665.2392578125,0.0,0.0
feature.Yield.unmanaged.CW,25,250,10,0.0,10000.0,1.0,1.0,11628.2490234375,0.0,0.0
feature.Yield.unmanaged.CW,26,260,10,0.0,10000.0,1.0,1.0,11621.5693359375,0.0,0.0
feature.Yield.unmanaged.CW,27,270,10,0.0,10000.0,1.0,1.0,11621.4970703125,0.0,0.0
feature.Yield.unmanaged.CW,28,280,10,0.0,10000.0,1.0,1.0,11621.4970703125,0.0,0.0
feature.Yield.unmanaged.CW,29,290,10,0.0,10000.0,1.0,1.0,11621.4970703125,0.0,0.0
feature.Yield.unmanaged.CW,30,300,10,0.0,10000.0,1.0,1.0,11621.4970703125,0.0,0.0
feature.Yield.unmanaged.FDC,0,0,10,0.0,10000.0,1.0,1.0,10051.4228515625,0.0,0.0
feature.Yield.unmanaged.FDC,1,10,10,0.0,10000.0,1.0,1.0,13154.765625,0.0,0.0
feature.Yield.unmanaged.FDC,2,20,10,0.0,10000.0,1.0,1.0,16229.251953125,0.0,0.0
feature.Yield.unmanaged.FDC,3,30,10,0.0,10000.0,1.0,1.0,19145.08203125,0.0,0.0
feature.Yield.unmanaged.FDC,4,40,10,0.0,10000.0,1.0,1.0,21810.98828125,0.0,0.0
feature.Yield.unmanaged.FDC,5,50,10,0.0,10000.0,1.0,1.0,24171.3515625,0.0,0.0
feature.Yield.unmanaged.FDC,6,60,10,0.0,10000.0,1.0,1.0,26192.373046875,0.0,0.0
feature.Yield.unmanaged.FDC,7,70,10,0.0,10000.0,1.0,1.0,27859.314453125,0.0,0.0
feature.Yield.unmanaged.FDC,8,80,10,0.0,10000.0,1.0,1.0,29173.767578125,0.0,0.0
feature.Yield.unmanaged.FDC,9,90,10,0.0,10000.0,1.0,1.0,30147.560546875,0.0,0.0
feature.Yield.unmanaged.FDC,10,100,10,0.0,10000.0,1.0,1.0,30802.0625,0.0,0.0
feature.Yield.unmanaged.FDC,11,110,10,0.0,10000.0,1.0,1.0,31161.904296875,0.0,0.0
feature.Yield.unmanaged.FDC,12,120,10,0.0,10000.0,1.0,1.0,31252.158203125,0.0,0.0
feature.Yield.unmanaged.FDC,13,130,10,0.0,10000.0,1.0,1.0,31102.466796875,0.0,0.0
feature.Yield.unmanaged.FDC,14,140,10,0.0,10000.0,1.0,1.0,30776.361328125,0.0,0.0
feature.Yield.unmanaged.FDC,15,150,10,0.0,10000.0,1.0,1.0,30433.390625,0.0,0.0
feature.Yield.unmanaged.FDC,16,160,10,0.0,10000.0,1.0,1.0,30287.205078125,0.0,0.0
feature.Yield.unmanaged.FDC,17,170,10,0.0,10000.0,1.0,1.0,30280.951171875,0.0,0.0
feature.Yield.unmanaged.FDC,18,180,10,0.0,10000.0,1.0,1.0,30187.177734375,0.0,0.0
feature.Yield.unmanaged.FDC,19,190,10,0.0,10000.0,1.0,1.0,30034.7109375,0.0,0.0
feature.Yield.unmanaged.FDC,20,200,10,0.0,10000.0,1.0,1.0,29882.58203125,0.0,0.0
feature.Yield.unmanaged.FDC,21,210,10,0.0,10000.0,1.0,1.0,29730.3046875,0.0,0.0
feature.Yield.unmanaged.FDC,22,220,10,0.0,10000.0,1.0,1.0,29576.80078125,0.0,0.0
feature.Yield.unmanaged.FDC,23,230,10,0.0,10000.0,1.0,1.0,29424.486328125,0.0,0.0
feature.Yield.unmanaged.FDC,24,240,10,0.0,10000.0,1.0,1.0,29272.7578125,0.0,0.0
feature.Yield.unmanaged.FDC,25,250,10,0.0,10000.0,1.0,1.0,29176.357421875,0.0,0.0
feature.Yield.unmanaged.FDC,26,260,10,0.0,10000.0,1.0,1.0,29157.509765625,0.0,0.0
feature.Yield.unmanaged.FDC,27,270,10,0.0,10000.0,1.0,1.0,29157.474609375,0.0,0.0
feature.Yield.unmanaged.FDC,28,280,10,0.0,10000.0,1.0,1.0,29157.474609375,0.0,0.0
feature.Yield.unmanaged.FDC,29,290,10,0.0,10000.0,1.0,1.0,29157.474609375,0.0,0.0
feature.Yield.unmanaged.FDC,30,300,10,0.0,10000.0,1.0,1.0,29157.474609375,0.0,0.0
feature.Yield.unmanaged.HW,0,0,10,0.0,10000.0,1.0,1.0,9663.1376953125,0.0,0.0
feature.Yield.unmanaged.HW,1,10,10,0.0,10000.0,1.0,1.0,12693.97265625,0.0,0.0
feature.Yield.unmanaged.HW,2,20,10,0.0,10000.0,1.0,1.0,15720.345703125,0.0,0.0
feature.Yield.unmanaged.HW,3,30,10,0.0,10000.0,1.0,1.0,18617.994140625,0.0,0.0
feature.Yield.unmanaged.HW,4,40,10,0.0,10000.0,1.0,1.0,21300.423828125,0.0,0.0
feature.Yield.unmanaged.HW,5,50,10,0.0,10000.0,1.0,1.0,23707.052734375,0.0,0.0
feature.Yield.unmanaged.HW,6,60,10,0.0,10000.0,1.0,1.0,25800.951171875,0.0,0.0
feature.Yield.unmanaged.HW,7,70,10,0.0,10000.0,1.0,1.0,27563.6328125,0.0,0.0
feature.Yield.unmanaged.HW,8,80,10,0.0,10000.0,1.0,1.0,28992.36328125,0.0,0.0
feature.Yield.unmanaged.HW,9,90,10,0.0,10000.0,1.0,1.0,30093.85546875,0.0,0.0
feature.Yield.unmanaged.HW,10,100,10,0.0,10000.0,1.0,1.0,30881.181640625,0.0,0.0
feature.Yield.unmanaged.HW,11,110,10,0.0,10000.0,1.0,1.0,31375.17578125,0.0,0.0
feature.Yield.unmanaged.HW,12,120,10,0.0,10000.0,1.0,1.0,31601.78125,0.0,0.0
feature.Yield.unmanaged.HW,13,130,10,0.0,10000.0,1.0,1.0,31584.671875,0.0,0.0
feature.Yield.unmanaged.HW,14,140,10,0.0,10000.0,1.0,1.0,31371.76953125,0.0,0.0
feature.Yield.unmanaged.HW,15,150,10,0.0,10000.0,1.0,1.0,31090.353515625,0.0,0.0
feature.Yield.unmanaged.HW,16,160,10,0.0,10000.0,1.0,1.0,30923.609375,0.0,0.0
feature.Yield.unmanaged.HW,17,170,10,0.0,10000.0,1.0,1.0,30838.455078125,0.0,0.0
feature.Yield.unmanaged.HW,18,180,10,0.0,10000.0,1.0,1.0,30694.982421875,0.0,0.0
feature.Yield.unmanaged.HW,19,190,10,0.0,10000.0,1.0,1.0,30516.888671875,0.0,0.0
feature.Yield.unmanaged.HW,20,200,10,0.0,10000.0,1.0,1.0,30338.404296875,0.0,0.0
feature.Yield.unmanaged.HW,21,210,10,0.0,10000.0,1.0,1.0,30161.052734375,0.0,0.0
feature.Yield.unmanaged.HW,22,220,10,0.0,10000.0,1.0,1.0,29983.857421875,0.0,0.0
feature.Yield.unmanaged.HW,23,230,10,0.0,10000.0,1.0,1.0,29806.201171875,0.0,0.0
feature.Yield.unmanaged.HW,24,240,10,0.0,10000.0,1.0,1.0,29627.419921875,0.0,0.0
feature.Yield.unmanaged.HW,25,250,10,0.0,10000.0,1.0,1.0,29521.056640625,0.0,0.0
feature.Yield.unmanaged.HW,26,260,10,0.0,10000.0,1.0,1.0,29501.73046875,0.0,0.0
feature.Yield.unmanaged.HW,27,270,10,0.0,10000.0,1.0,1.0,29501.48046875,0.0,0.0
feature.Yield.unmanaged.HW,28,280,10,0.0,10000.0,1.0,1.0,29501.48046875,0.0,0.0
feature.Yield.unmanaged.HW,29,290,10,0.0,10000.0,1.0,1.0,29501.48046875,0.0,0.0
feature.Yield.unmanaged.HW,30,300,10,0.0,10000.0,1.0,1.0,29501.48046875,0.0,0.0
feature.Yield.unmanaged.Total,0,0,10,0.0,10000.0,1.0,1.0,170620.453125,0.0,0.0
feature.Yield.unmanaged.Total,1,10,10,0.0,10000.0,1.0,1.0,179481.734375,0.0,0.0
feature.Yield.unmanaged.Total,2,20,10,0.0,10000.0,1.0,1.0,188068.234375,0.0,0.0
feature.Yield.unmanaged.Total,3,30,10,0.0,10000.0,1.0,1.0,196522.71875,0.0,0.0
feature.Yield.unmanaged.Total,4,40,10,0.0,10000.0,1.0,1.0,204185.96875,0.0,0.0
feature.Yield.unmanaged.Total,5,50,10,0.0,10000.0,1.0,1.0,210793.859375,0.0,0.0
feature.Yield.unmanaged.Total,6,60,10,0.0,10000.0,1.0,1.0,216306.484375,0.0,0.0
feature.Yield.unmanaged.Total,7,70,10,0.0,10000.0,1.0,1.0,220839.28125,0.0,0.0
feature.Yield.unmanaged.Total,8,80,10,0.0,10000.0,1.0,1.0,224377.78125,0.0,0.0
feature.Yield.unmanaged.Total,9,90,10,0.0,10000.0,1.0,1.0,226970.328125,0.0,0.0
feature.Yield.unmanaged.Total,10,100,10,0.0,10000.0,1.0,1.0,228657.0625,0.0,0.0
feature.Yield.unmanaged.Total,11,110,10,0.0,10000.0,1.0,1.0,229553.734375,0.0,0.0
feature.Yield.unmanaged.Total,12,120,10,0.0,10000.0,1.0,1.0,229740.9375,0.0,0.0
feature.Yield.unmanaged.Total,13,130,10,0.0,10000.0,1.0,1.0,229321.140625,0.0,0.0
feature.Yield.unmanaged.Total,14,140,10,0.0,10000.0,1.0,1.0,228493.15625,0.0,0.0
feature.Yield.unmanaged.Total,15,150,10,0.0,10000.0,1.0,1.0,227602.703125,0.0,0.0
feature.Yield.unmanaged.Total,16,160,10,0.0,10000.0,1.0,1.0,227043.4375,0.0,0.0
feature.Yield.unmanaged.Total,17,170,10,0.0,10000.0,1.0,1.0,226723.28125,0.0,0.0
feature.Yield.unmanaged.Total,18,180,10,0.0,10000.0,1.0,1.0,226299.75,0.0,0.0
feature.Yield.unmanaged.Total,19,190,10,0.0,10000.0,1.0,1.0,225785.671875,0.0,0.0
feature.Yield.unmanaged.Total,20,200,10,0.0,10000.0,1.0,1.0,225298.390625,0.0,0.0
feature.Yield.unmanaged.Total,21,210,10,0.0,10000.0,1.0,1.0,224828.78125,0.0,0.0
feature.Yield.unmanaged.Total,22,220,10,0.0,10000.0,1.0,1.0,224359.03125,0.0,0.0
feature.Yield.unmanaged.Total,23,230,10,0.0,10000.0,1.0,1.0,223899.375,0.0,0.0
feature.Yield.unmanaged.Total,24,240,10,0.0,10000.0,1.0,1.0,223492.96875,0.0,0.0
feature.Yield.unmanaged.Total,25,250,10,0.0,10000.0,1.0,1.0,223253.265625,0.0,0.0
feature.Yield.unmanaged.Total,26,260,10,0.0,10000.0,1.0,1.0,223208.421875,0.0,0.0
feature.Yield.unmanaged.Total,27,270,10,0.0,10000.0,1.0,1.0,223208.0625,0.0,0.0
feature.Yield.unmanaged.Total,28,280,10,0.0,10000.0,1.0,1.0,223208.0625,0.0,0.0
feature.Yield.unmanaged.Total,29,290,10,0.0,10000.0,1.0,1.0,223208.0625,0.0,0.0
feature.Yield.unmanaged.Total,30,300,10,0.0,10000.0,1.0,1.0,223208.0625,0.0,0.0
flow.even.product.Yield.managed.CW,0,0,10,0.0,10000.0,1.0,1.0,0.0,0.0,0.0
flow.even.product.Yield.managed.CW,1,10,10,0.0,10000.0,1.0,1.0,-83.6719970703125,0.0,0.0
flow.even.product.Yield.managed.CW,2,20,10,0.0,10000.0,1.0,1.0,-52.8129997253418,0.0,0.0
flow.even.product.Yield.managed.CW,3,30,10,0.0,10000.0,1.0,1.0,-37.266998291015625,0.0,0.0
flow.even.product.Yield.managed.CW,4,40,10,0.0,10000.0,1.0,1.0,-21.624000549316406,0.0,0.0
flow.even.product.Yield.managed.CW,5,50,10,0.0,10000.0,1.0,1.0,-20.857999801635742,0.0,0.0
flow.even.product.Yield.managed.CW,6,60,10,0.0,10000.0,1.0,1.0,-14.055999755859375,0.0,0.0
flow.even.product.Yield.managed.CW,7,70,10,0.0,10000.0,1.0,1.0,-9.13599967956543,0.0,0.0
flow.even.product.Yield.managed.CW,8,80,10,0.0,10000.0,1.0,1.0,-58.79800033569336,0.0,0.0
flow.even.product.Yield.managed.CW,9,90,10,0.0,10000.0,1.0,1.0,-38.93899917602539,0.0,0.0
flow.even.product.Yield.managed.CW,10,100,10,0.0,10000.0,1.0,1.0,-9.630000114440918,0.0,0.0
flow.even.product.Yield.managed.CW,11,110,10,0.0,10000.0,1.0,1.0,-20.617000579833984,0.0,0.0
flow.even.product.Yield.managed.CW,12,120,10,0.0,10000.0,1.0,1.0,-2.243000030517578,0.0,0.0
flow.even.product.Yield.managed.CW,13,130,10,0.0,10000.0,1.0,1.0,-2.489000082015991,0.0,0.0
flow.even.product.Yield.managed.CW,14,140,10,0.0,10000.0,1.0,1.0,-16.11199951171875,0.0,0.0
flow.even.product.Yield.managed.CW,15,150,10,0.0,10000.0,1.0,1.0,2.234999895095825,0.0,0.0
flow.even.product.Yield.managed.CW,16,160,10,0.0,10000.0,1.0,1.0,-32.53900146484375,0.0,0.0
flow.even.product.Yield.managed.CW,17,170,10,0.0,10000.0,1.0,1.0,2.1760001182556152,0.0,0.0
flow.even.product.Yield.managed.CW,18,180,10,0.0,10000.0,1.0,1.0,2.496000051498413,0.0,0.0
flow.even.product.Yield.managed.CW,19,190,10,0.0,10000.0,1.0,1.0,-0.054999999701976776,0.0,0.0
flow.even.product.Yield.managed.CW,20,200,10,0.0,10000.0,1.0,1.0,-22.329999923706055,0.0,0.0
flow.even.product.Yield.managed.CW,21,210,10,0.0,10000.0,1.0,1.0,-5.127999782562256,0.0,0.0
flow.even.product.Yield.managed.CW,22,220,10,0.0,10000.0,1.0,1.0,-48.9119987487793,0.0,0.0
flow.even.product.Yield.managed.CW,23,230,10,0.0,10000.0,1.0,1.0,-23.642000198364258,0.0,0.0
flow.even.product.Yield.managed.CW,24,240,10,0.0,10000.0,1.0,1.0,-0.6100000143051147,0.0,0.0
flow.even.product.Yield.managed.CW,25,250,10,0.0,10000.0,1.0,1.0,10.607999801635742,0.0,0.0
flow.even.product.Yield.managed.CW,26,260,10,0.0,10000.0,1.0,1.0,3.1480000019073486,0.0,0.0
flow.even.product.Yield.managed.CW,27,270,10,0.0,10000.0,1.0,1.0,-8.621000289916992,0.0,0.0
flow.even.product.Yield.managed.CW,28,280,10,0.0,10000.0,1.0,1.0,7.559999942779541,0.0,0.0
flow.even.product.Yield.managed.CW,29,290,10,0.0,10000.0,1.0,1.0,3.174999952316284,0.0,0.0
flow.even.product.Yield.managed.CW,30,300,10,0.0,10000.0,1.0,1.0,0.0,0.0,0.0
flow.even.product.Yield.managed.FDC,0,0,10,0.0,10000.0,1.0,1.0,0.0,0.0,0.0
flow.even.product.Yield.managed.FDC,1,10,10,0.0,10000.0,1.0,1.0,-58.74700164794922,0.0,0.0
flow.even.product.Yield.managed.FDC,2,20,10,0.0,10000.0,1.0,1.0,-14.635000228881836,0.0,0.0
flow.even.product.Yield.managed.FDC,3,30,10,0.0,10000.0,1.0,1.0,-16.06100082397461,0.0,0.0
flow.even.product.Yield.managed.FDC,4,40,10,0.0,10000.0,1.0,1.0,-15.180000305175781,0.0,0.0
flow.even.product.Yield.managed.FDC,5,50,10,0.0,10000.0,1.0,1.0,-48.75,0.0,0.0
flow.even.product.Yield.managed.FDC,6,60,10,0.0,10000.0,1.0,1.0,-41.255001068115234,0.0,0.0
flow.even.product.Yield.managed.FDC,7,70,10,0.0,10000.0,1.0,1.0,37.72999954223633,0.0,0.0
flow.even.product.Yield.managed.FDC,8,80,10,0.0,10000.0,1.0,1.0,-30.131000518798828,0.0,0.0
flow.even.product.Yield.managed.FDC,9,90,10,0.0,10000.0,1.0,1.0,11.510000228881836,0.0,0.0
flow.even.product.Yield.managed.FDC,10,100,10,0.0,10000.0,1.0,1.0,-25.090999603271484,0.0,0.0
flow.even.product.Yield.managed.FDC,11,110,10,0.0,10000.0,1.0,1.0,-29.01300048828125,0.0,0.0
flow.even.product.Yield.managed.FDC,12,120,10,0.0,10000.0,1.0,1.0,-9.71399974822998,0.0,0.0
flow.even.product.Yield.managed.FDC,13,130,10,0.0,10000.0,1.0,1.0,-54.29399871826172,0.0,0.0
flow.even.product.Yield.managed.FDC,14,140,10,0.0,10000.0,1.0,1.0,13.366000175476074,0.0,0.0
flow.even.product.Yield.managed.FDC,15,150,10,0.0,10000.0,1.0,1.0,-8.083000183105469,0.0,0.0
flow.even.product.Yield.managed.FDC,16,160,10,0.0,10000.0,1.0,1.0,-12.67300033569336,0.0,0.0
flow.even.product.Yield.managed.FDC,17,170,10,0.0,10000.0,1.0,1.0,-23.680999755859375,0.0,0.0
flow.even.product.Yield.managed.FDC,18,180,10,0.0,10000.0,1.0,1.0,-34.56999969482422,0.0,0.0
flow.even.product.Yield.managed.FDC,19,190,10,0.0,10000.0,1.0,1.0,-8.390999794006348,0.0,0.0
flow.even.product.Yield.managed.FDC,20,200,10,0.0,10000.0,1.0,1.0,-36.6150016784668,0.0,0.0
flow.even.product.Yield.managed.FDC,21,210,10,0.0,10000.0,1.0,1.0,16.798999786376953,0.0,0.0
flow.even.product.Yield.managed.FDC,22,220,10,0.0,10000.0,1.0,1.0,21.591999053955078,0.0,0.0
flow.even.product.Yield.managed.FDC,23,230,10,0.0,10000.0,1.0,1.0,-55.4370002746582,0.0,0.0
flow.even.product.Yield.managed.FDC,24,240,10,0.0,10000.0,1.0,1.0,2.9210000038146973,0.0,0.0
flow.even.product.Yield.managed.FDC,25,250,10,0.0,10000.0,1.0,1.0,-60.50199890136719,0.0,0.0
flow.even.product.Yield.managed.FDC,26,260,10,0.0,10000.0,1.0,1.0,-16.22599983215332,0.0,0.0
flow.even.product.Yield.managed.FDC,27,270,10,0.0,10000.0,1.0,1.0,42.84199905395508,0.0,0.0
flow.even.product.Yield.managed.FDC,28,280,10,0.0,10000.0,1.0,1.0,-40.060001373291016,0.0,0.0
flow.even.product.Yield.managed.FDC,29,290,10,0.0,10000.0,1.0,1.0,-9.14900016784668,0.0,0.0
flow.even.product.Yield.managed.FDC,30,300,10,0.0,10000.0,1.0,1.0,0.0,0.0,0.0
flow.even.product.Yield.managed.HW,0,0,10,0.0,10000.0,1.0,1.0,0.0,0.0,0.0
flow.even.product.Yield.managed.HW,1,10,10,0.0,10000.0,1.0,1.0,-90.96800231933594,0.0,0.0
flow.even.product.Yield.managed.HW,2,20,10,0.0,10000.0,1.0,1.0,-63.77399826049805,0.0,0.0
flow.even.product.Yield.managed.HW,3,30,10,0.0,10000.0,1.0,1.0,-44.79600143432617,0.0,0.0
flow.even.product.Yield.managed.HW,4,40,10,0.0,10000.0,1.0,1.0,-24.643999099731445,0.0,0.0
flow.even.product.Yield.managed.HW,5,50,10,0.0,10000.0,1.0,1.0,-11.265999794006348,0.0,0.0
flow.even.product.Yield.managed.HW,6,60,10,0.0,10000.0,1.0,1.0,-6.755000114440918,0.0,0.0
flow.even.product.Yield.managed.HW,7,70,10,0.0,10000.0,1.0,1.0,-24.503000259399414,0.0,0.0
flow.even.product.Yield.managed.HW,8,80,10,0.0,10000.0,1.0,1.0,-63.41899871826172,0.0,0.0
flow.even.product.Yield.managed.HW,9,90,10,0.0,10000.0,1.0,1.0,-54.47100067138672,0.0,0.0
flow.even.product.Yield.managed.HW,10,100,10,0.0,10000.0,1.0,1.0,-7.821000099182129,0.0,0.0
flow.even.product.Yield.managed.HW,11,110,10,0.0,10000.0,1.0,1.0,-20.45199966430664,0.0,0.0
flow.even.product.Yield.managed.HW,12,120,10,0.0,10000.0,1.0,1.0,-1.371000051498413,0.0,0.0
flow.even.product.Yield.managed.HW,13,130,10,0.0,10000.0,1.0,1.0,10.878000259399414,0.0,0.0
flow.even.product.Yield.managed.HW,14,140,10,0.0,10000.0,1.0,1.0,-26.474000930786133,0.0,0.0
flow.even.product.Yield.managed.HW,15,150,10,0.0,10000.0,1.0,1.0,2.3289999961853027,0.0,0.0
flow.even.product.Yield.managed.HW,16,160,10,0.0,10000.0,1.0,1.0,-35.1349983215332,0.0,0.0
flow.even.product.Yield.managed.HW,17,170,10,0.0,10000.0,1.0,1.0,6.883999824523926,0.0,0.0
flow.even.product.Yield.managed.HW,18,180,10,0.0,10000.0,1.0,1.0,9.930000305175781,0.0,0.0
flow.even.product.Yield.managed.HW,19,190,10,0.0,10000.0,1.0,1.0,-0.46000000834465027,0.0,0.0
flow.even.product.Yield.managed.HW,20,200,10,0.0,10000.0,1.0,1.0,-15.52299976348877,0.0,0.0
flow.even.product.Yield.managed.HW,21,210,10,0.0,10000.0,1.0,1.0,-12.718000411987305,0.0,0.0
flow.even.product.Yield.managed.HW,22,220,10,0.0,10000.0,1.0,1.0,-67.9990005493164,0.0,0.0
flow.even.product.Yield.managed.HW,23,230,10,0.0,10000.0,1.0,1.0,-16.94499969482422,0.0,0.0
flow.even.product.Yield.managed.HW,24,240,10,0.0,10000.0,1.0,1.0,-4.245999813079834,0.0,0.0
flow.even.product.Yield.managed.HW,25,250,10,0.0,10000.0,1.0,1.0,27.886999130249023,0.0,0.0
flow.even.product.Yield.managed.HW,26,260,10,0.0,10000.0,1.0,1.0,7.519000053405762,0.0,0.0
flow.even.product.Yield.managed.HW,27,270,10,0.0,10000.0,1.0,1.0,-19.607999801635742,0.0,0.0
flow.even.product.Yield.managed.HW,28,280,10,0.0,10000.0,1.0,1.0,18.195999145507812,0.0,0.0
flow.even.product.Yield.managed.HW,29,290,10,0.0,10000.0,1.0,1.0,3.7799999713897705,0.0,0.0
flow.even.product.Yield.managed.HW,30,300,10,0.0,10000.0,1.0,1.0,0.0,0.0,0.0
flow.even.product.Yield.managed.Total,0,0,10,0.0,10000.0,1.0,1.0,0.0,0.0,0.0
flow.even.product.Yield.managed.Total,1,10,10,0.0,10000.0,1.0,1.0,-0.013000000268220901,0.0,0.0
flow.even.product.Yield.managed.Total,2,20,10,0.0,10000.0,1.0,1.0,-0.2639999985694885,0.0,0.0
flow.even.product.Yield.managed.Total,3,30,10,0.0,10000.0,1.0,1.0,-0.019999999552965164,0.0,0.0
flow.even.product.Yield.managed.Total,4,40,10,0.0,10000.0,1.0,1.0,-0.24699999392032623,0.0,0.0
flow.even.product.Yield.managed.Total,5,50,10,0.0,10000.0,1.0,1.0,-0.8709999918937683,0.0,0.0
flow.even.product.Yield.managed.Total,6,60,10,0.0,10000.0,1.0,1.0,-0.6330000162124634,0.0,0.0
flow.even.product.Yield.managed.Total,7,70,10,0.0,10000.0,1.0,1.0,-0.8080000281333923,0.0,0.0
flow.even.product.Yield.managed.Total,8,80,10,0.0,10000.0,1.0,1.0,-21.78499984741211,0.0,0.0
flow.even.product.Yield.managed.Total,9,90,10,0.0,10000.0,1.0,1.0,-3.5350000858306885,0.0,0.0
flow.even.product.Yield.managed.Total,10,100,10,0.0,10000.0,1.0,1.0,-13.029999732971191,0.0,0.0
flow.even.product.Yield.managed.Total,11,110,10,0.0,10000.0,1.0,1.0,-22.902999877929688,0.0,0.0
flow.even.product.Yield.managed.Total,12,120,10,0.0,10000.0,1.0,1.0,-3.88700008392334,0.0,0.0
flow.even.product.Yield.managed.Total,13,130,10,0.0,10000.0,1.0,1.0,-9.946999549865723,0.0,0.0
flow.even.product.Yield.managed.Total,14,140,10,0.0,10000.0,1.0,1.0,-13.35099983215332,0.0,0.0
flow.even.product.Yield.managed.Total,15,150,10,0.0,10000.0,1.0,1.0,-0.6320000290870667,0.0,0.0
flow.even.product.Yield.managed.Total,16,160,10,0.0,10000.0,1.0,1.0,-28.316999435424805,0.0,0.0
flow.even.product.Yield.managed.Total,17,170,10,0.0,10000.0,1.0,1.0,-2.6029999256134033,0.0,0.0
flow.even.product.Yield.managed.Total,18,180,10,0.0,10000.0,1.0,1.0,-3.9860000610351562,0.0,0.0
flow.even.product.Yield.managed.Total,19,190,10,0.0,10000.0,1.0,1.0,-2.63100004196167,0.0,0.0
flow.even.product.Yield.managed.Total,20,200,10,0.0,10000.0,1.0,1.0,-22.70599937438965,0.0,0.0
flow.even.product.Yield.managed.Total,21,210,10,0.0,10000.0,1.0,1.0,-3.010999917984009,0.0,0.0
flow.even.product.Yield.managed.Total,22,220,10,0.0,10000.0,1.0,1.0,-39.24300003051758,0.0,0.0
flow.even.product.Yield.managed.Total,23,230,10,0.0,10000.0,1.0,1.0,-29.0310001373291,0.0,0.0
flow.even.product.Yield.managed.Total,24,240,10,0.0,10000.0,1.0,1.0,-1.569000005722046,0.0,0.0
flow.even.product.Yield.managed.Total,25,250,10,0.0,10000.0,1.0,1.0,-0.20499999821186066,0.0,0.0
flow.even.product.Yield.managed.Total,26,260,10,0.0,10000.0,1.0,1.0,0.020999999716877937,0.0,0.0
flow.even.product.Yield.managed.Total,27,270,10,0.0,10000.0,1.0,1.0,0.020999999716877937,0.0,0.0
flow.even.product.Yield.managed.Total,28,280,10,0.0,10000.0,1.0,1.0,-0.18400000035762787,0.0,0.0
flow.even.product.Yield.managed.Total,29,290,10,0.0,10000.0,1.0,1.0,0.013000000268220901,0.0,0.0
flow.even.product.Yield.managed.Total,30,300,10,0.0,10000.0,1.0,1.0,0.0,0.0,0.0
flow.ndy.feature.Yield.managed.CW,0,0,10,0.0,10000.0,1.0,1.0,0.0,0.0,0.0
flow.ndy.feature.Yield.managed.CW,1,10,10,0.0,10000.0,1.0,1.0,0.0,0.0,0.0
flow.ndy.feature.Yield.managed.CW,2,20,10,0.0,10000.0,1.0,1.0,0.0,0.0,0.0
flow.ndy.feature.Yield.managed.CW,3,30,10,0.0,10000.0,1.0,1.0,0.0,0.0,0.0
flow.ndy.feature.Yield.managed.CW,4,40,10,0.0,10000.0,1.0,1.0,0.0,0.0,0.0
flow.ndy.feature.Yield.managed.CW,5,50,10,0.0,10000.0,1.0,1.0,0.0,0.0,0.0
flow.ndy.feature.Yield.managed.CW,6,60,10,0.0,10000.0,1.0,1.0,0.0,0.0,0.0
flow.ndy.feature.Yield.managed.CW,7,70,10,0.0,10000.0,1.0,1.0,0.0,0.0,0.0
flow.ndy.feature.Yield.managed.CW,8,80,10,0.0,10000.0,1.0,1.0,0.0,0.0,0.0
flow.ndy.feature.Yield.managed.CW,9,90,10,0.0,10000.0,1.0,1.0,0.0,0.0,0.0
flow.ndy.feature.Yield.managed.CW,10,100,10,0.0,10000.0,1.0,1.0,0.0,0.0,0.0
flow.ndy.feature.Yield.managed.CW,11,110,10,0.0,10000.0,1.0,1.0,0.0,0.0,0.0
flow.ndy.feature.Yield.managed.CW,12,120,10,0.0,10000.0,1.0,1.0,0.0,0.0,0.0
flow.ndy.feature.Yield.managed.CW,13,130,10,0.0,10000.0,1.0,1.0,0.0,0.0,0.0
flow.ndy.feature.Yield.managed.CW,14,140,10,0.0,10000.0,1.0,1.0,0.0,0.0,0.0
flow.ndy.feature.Yield.managed.CW,15,150,10,0.0,10000.0,1.0,1.0,0.0,0.0,0.0
flow.ndy.feature.Yield.managed.CW,16,160,10,0.0,10000.0,1.0,1.0,0.0,0.0,0.0
flow.ndy.feature.Yield.managed.CW,17,170,10,0.0,10000.0,1.0,1.0,0.0,0.0,0.0
flow.ndy.feature.Yield.managed.CW,18,180,10,0.0,10000.0,1.0,1.0,0.0,0.0,0.0
flow.ndy.feature.Yield.managed.CW,19,190,10,0.0,10000.0,1.0,1.0,0.0,0.0,0.0
flow.ndy.feature.Yield.managed.CW,20,200,10,0.0,10000.0,1.0,1.0,0.0,0.0,0.0
flow.ndy.feature.Yield.managed.CW,21,210,10,0.0,10000.0,1.0,1.0,-1.0149999856948853,0.0,0.0
flow.ndy.feature.Yield.managed.CW,22,220,10,0.0,10000.0,1.0,1.0,3.430999994277954,0.0,0.0
flow.ndy.feature.Yield.managed.CW,23,230,10,0.0,10000.0,1.0,1.0,1.2890000343322754,0.0,0.0
flow.ndy.feature.Yield.managed.CW,24,240,10,0.0,10000.0,1.0,1.0,-1.0859999656677246,0.0,0.0
flow.ndy.feature.Yield.managed.CW,25,250,10,0.0,10000.0,1.0,1.0,-2.174999952316284,0.0,0.0
flow.ndy.feature.Yield.managed.CW,26,260,10,0.0,10000.0,1.0,1.0,-1.850000023841858,0.0,0.0
flow.ndy.feature.Yield.managed.CW,27,270,10,0.0,10000.0,1.0,1.0,-1.315999984741211,0.0,0.0
flow.ndy.feature.Yield.managed.CW,28,280,10,0.0,10000.0,1.0,1.0,-3.061000108718872,0.0,0.0
flow.ndy.feature.Yield.managed.CW,29,290,10,0.0,10000.0,1.0,1.0,-2.7899999618530273,0.0,0.0
flow.ndy.feature.Yield.managed.CW,30,300,10,0.0,10000.0,1.0,1.0,-2.4030001163482666,0.0,0.0
flow.ndy.feature.Yield.managed.FDC,0,0,10,0.0,10000.0,1.0,1.0,0.0,0.0,0.0
flow.ndy.feature.Yield.managed.FDC,1,10,10,0.0,10000.0,1.0,1.0,0.0,0.0,0.0
flow.ndy.feature.Yield.managed.FDC,2,20,10,0.0,10000.0,1.0,1.0,0.0,0.0,0.0
flow.ndy.feature.Yield.managed.FDC,3,30,10,0.0,10000.0,1.0,1.0,0.0,0.0,0.0
flow.ndy.feature.Yield.managed.FDC,4,40,10,0.0,10000.0,1.0,1.0,0.0,0.0,0.0
flow.ndy.feature.Yield.managed.FDC,5,50,10,0.0,10000.0,1.0,1.0,0.0,0.0,0.0
flow.ndy.feature.Yield.managed.FDC,6,60,10,0.0,10000.0,1.0,1.0,0.0,0.0,0.0
flow.ndy.feature.Yield.managed.FDC,7,70,10,0.0,10000.0,1.0,1.0,0.0,0.0,0.0
flow.ndy.feature.Yield.managed.FDC,8,80,10,0.0,10000.0,1.0,1.0,0.0,0.0,0.0
flow.ndy.feature.Yield.managed.FDC,9,90,10,0.0,10000.0,1.0,1.0,0.0,0.0,0.0
flow.ndy.feature.Yield.managed.FDC,10,100,10,0.0,10000.0,1.0,1.0,0.0,0.0,0.0
flow.ndy.feature.Yield.managed.FDC,11,110,10,0.0,10000.0,1.0,1.0,0.0,0.0,0.0
flow.ndy.feature.Yield.managed.FDC,12,120,10,0.0,10000.0,1.0,1.0,0.0,0.0,0.0
flow.ndy.feature.Yield.managed.FDC,13,130,10,0.0,10000.0,1.0,1.0,0.0,0.0,0.0
flow.ndy.feature.Yield.managed.FDC,14,140,10,0.0,10000.0,1.0,1.0,0.0,0.0,0.0
flow.ndy.feature.Yield.managed.FDC,15,150,10,0.0,10000.0,1.0,1.0,0.0,0.0,0.0
flow.ndy.feature.Yield.managed.FDC,16,160,10,0.0,10000.0,1.0,1.0,0.0,0.0,0.0
flow.ndy.feature.Yield.managed.FDC,17,170,10,0.0,10000.0,1.0,1.0,0.0,0.0,0.0
flow.ndy.feature.Yield.managed.FDC,18,180,10,0.0,10000.0,1.0,1.0,0.0,0.0,0.0
flow.ndy.feature.Yield.managed.FDC,19,190,10,0.0,10000.0,1.0,1.0,0.0,0.0,0.0
flow.ndy.feature.Yield.managed.FDC,20,200,10,0.0,10000.0,1.0,1.0,0.0,0.0,0.0
flow.ndy.feature.Yield.managed.FDC,21,210,10,0.0,10000.0,1.0,1.0,-2.7760000228881836,0.0,0.0
flow.ndy.feature.Yield.managed.FDC,22,220,10,0.0,10000.0,1.0,1.0,-3.4070000648498535,0.0,0.0
flow.ndy.feature.Yield.managed.FDC,23,230,10,0.0,10000.0,1.0,1.0,2.255000114440918,0.0,0.0
flow.ndy.feature.Yield.managed.FDC,24,240,10,0.0,10000.0,1.0,1.0,-2.0380001068115234,0.0,0.0
flow.ndy.feature.Yield.managed.FDC,25,250,10,0.0,10000.0,1.0,1.0,3.687000036239624,0.0,0.0
flow.ndy.feature.Yield.managed.FDC,26,260,10,0.0,10000.0,1.0,1.0,0.6430000066757202,0.0,0.0
flow.ndy.feature.Yield.managed.FDC,27,270,10,0.0,10000.0,1.0,1.0,-4.492000102996826,0.0,0.0
flow.ndy.feature.Yield.managed.FDC,28,280,10,0.0,10000.0,1.0,1.0,0.7200000286102295,0.0,0.0
flow.ndy.feature.Yield.managed.FDC,29,290,10,0.0,10000.0,1.0,1.0,-1.5149999856948853,0.0,0.0
flow.ndy.feature.Yield.managed.FDC,30,300,10,0.0,10000.0,1.0,1.0,-2.265000104904175,0.0,0.0
flow.ndy.feature.Yield.managed.HW,0,0,10,0.0,10000.0,1.0,1.0,0.0,0.0,0.0
flow.ndy.feature.Yield.managed.HW,1,10,10,0.0,10000.0,1.0,1.0,0.0,0.0,0.0
flow.ndy.feature.Yield.managed.HW,2,20,10,0.0,10000.0,1.0,1.0,0.0,0.0,0.0
flow.ndy.feature.Yield.managed.HW,3,30,10,0.0,10000.0,1.0,1.0,0.0,0.0,0.0
flow.ndy.feature.Yield.managed.HW,4,40,10,0.0,10000.0,1.0,1.0,0.0,0.0,0.0
flow.ndy.feature.Yield.managed.HW,5,50,10,0.0,10000.0,1.0,1.0,0.0,0.0,0.0
flow.ndy.feature.Yield.managed.HW,6,60,10,0.0,10000.0,1.0,1.0,0.0,0.0,0.0
flow.ndy.feature.Yield.managed.HW,7,70,10,0.0,10000.0,1.0,1.0,0.0,0.0,0.0
flow.ndy.feature.Yield.managed.HW,8,80,10,0.0,10000.0,1.0,1.0,0.0,0.0,0.0
flow.ndy.feature.Yield.managed.HW,9,90,10,0.0,10000.0,1.0,1.0,0.0,0.0,0.0
flow.ndy.feature.Yield.managed.HW,10,100,10,0.0,10000.0,1.0,1.0,0.0,0.0,0.0
flow.ndy.feature.Yield.managed.HW,11,110,10,0.0,10000.0,1.0,1.0,0.0,0.0,0.0
flow.ndy.feature.Yield.managed.HW,12,120,10,0.0,10000.0,1.0,1.0,0.0,0.0,0.0
flow.ndy.feature.Yield.managed.HW,13,130,10,0.0,10000.0,1.0,1.0,0.0,0.0,0.0
flow.ndy.feature.Yield.managed.HW,14,140,10,0.0,10000.0,1.0,1.0,0.0,0.0,0.0
flow.ndy.feature.Yield.managed.HW,15,150,10,0.0,10000.0,1.0,1.0,0.0,0.0,0.0
flow.ndy.feature.Yield.managed.HW,16,160,10,0.0,10000.0,1.0,1.0,0.0,0.0,0.0
flow.ndy.feature.Yield.managed.HW,17,170,10,0.0,10000.0,1.0,1.0,0.0,0.0,0.0
flow.ndy.feature.Yield.managed.HW,18,180,10,0.0,10000.0,1.0,1.0,0.0,0.0,0.0
flow.ndy.feature.Yield.managed.HW,19,190,10,0.0,10000.0,1.0,1.0,0.0,0.0,0.0
flow.ndy.feature.Yield.managed.HW,20,200,10,0.0,10000.0,1.0,1.0,0.0,0.0,0.0
flow.ndy.feature.Yield.managed.HW,21,210,10,0.0,10000.0,1.0,1.0,-0.2720000147819519,0.0,0.0
flow.ndy.feature.Yield.managed.HW,22,220,10,0.0,10000.0,1.0,1.0,6.103000164031982,0.0,0.0
flow.ndy.feature.Yield.managed.HW,23,230,10,0.0,10000.0,1.0,1.0,1.0529999732971191,0.0,0.0
flow.ndy.feature.Yield.managed.HW,24,240,10,0.0,10000.0,1.0,1.0,-0.5820000171661377,0.0,0.0
flow.ndy.feature.Yield.managed.HW,25,250,10,0.0,10000.0,1.0,1.0,-4.202000141143799,0.0,0.0
flow.ndy.feature.Yield.managed.HW,26,260,10,0.0,10000.0,1.0,1.0,-2.8519999980926514,0.0,0.0
flow.ndy.feature.Yield.managed.HW,27,270,10,0.0,10000.0,1.0,1.0,-0.5,0.0,0.0
flow.ndy.feature.Yield.managed.HW,28,280,10,0.0,10000.0,1.0,1.0,-4.517000198364258,0.0,0.0
flow.ndy.feature.Yield.managed.HW,29,290,10,0.0,10000.0,1.0,1.0,-3.2200000286102295,0.0,0.0
flow.ndy.feature.Yield.managed.HW,30,300,10,0.0,10000.0,1.0,1.0,-2.6059999465942383,0.0,0.0
flow.ndy.feature.Yield.managed.Total,0,0,10,0.0,10000.0,1.0,1.0,0.0,0.0,0.0
flow.ndy.feature.Yield.managed.Total,1,10,10,0.0,10000.0,1.0,1.0,0.0,0.0,0.0
flow.ndy.feature.Yield.managed.Total,2,20,10,0.0,10000.0,1.0,1.0,0.0,0.0,0.0
flow.ndy.feature.Yield.managed.Total,3,30,10,0.0,10000.0,1.0,1.0,0.0,0.0,0.0
flow.ndy.feature.Yield.managed.Total,4,40,10,0.0,10000.0,1.0,1.0,0.0,0.0,0.0
flow.ndy.feature.Yield.managed.Total,5,50,10,0.0,10000.0,1.0,1.0,0.0,0.0,0.0
flow.ndy.feature.Yield.managed.Total,6,60,10,0.0,10000.0,1.0,1.0,0.0,0.0,0.0
flow.ndy.feature.Yield.managed.Total,7,70,10,0.0,10000.0,1.0,1.0,0.0,0.0,0.0
flow.ndy.feature.Yield.managed.Total,8,80,10,0.0,10000.0,1.0,1.0,0.0,0.0,0.0
flow.ndy.feature.Yield.managed.Total,9,90,10,0.0,10000.0,1.0,1.0,0.0,0.0,0.0
flow.ndy.feature.Yield.managed.Total,10,100,10,0.0,10000.0,1.0,1.0,0.0,0.0,0.0
flow.ndy.feature.Yield.managed.Total,11,110,10,0.0,10000.0,1.0,1.0,0.0,0.0,0.0
flow.ndy.feature.Yield.managed.Total,12,120,10,0.0,10000.0,1.0,1.0,0.0,0.0,0.0
flow.ndy.feature.Yield.managed.Total,13,130,10,0.0,10000.0,1.0,1.0,0.0,0.0,0.0
flow.ndy.feature.Yield.managed.Total,14,140,10,0.0,10000.0,1.0,1.0,0.0,0.0,0.0
flow.ndy.feature.Yield.managed.Total,15,150,10,0.0,10000.0,1.0,1.0,0.0,0.0,0.0
flow.ndy.feature.Yield.managed.Total,16,160,10,0.0,10000.0,1.0,1.0,0.0,0.0,0.0
flow.ndy.feature.Yield.managed.Total,17,170,10,0.0,10000.0,1.0,1.0,0.0,0.0,0.0
flow.ndy.feature.Yield.managed.Total,18,180,10,0.0,10000.0,1.0,1.0,0.0,0.0,0.0
flow.ndy.feature.Yield.managed.Total,19,190,10,0.0,10000.0,1.0,1.0,0.0,0.0,0.0
flow.ndy.feature.Yield.managed.Total,20,200,10,0.0,10000.0,1.0,1.0,0.0,0.0,0.0
flow.ndy.feature.Yield.managed.Total,21,210,10,0.0,10000.0,1.0,1.0,-1.0210000276565552,0.0,0.0
flow.ndy.feature.Yield.managed.Total,22,220,10,0.0,10000.0,1.0,1.0,1.753000020980835,0.0,0.0
flow.ndy.feature.Yield.managed.Total,23,230,10,0.0,10000.0,1.0,1.0,1.184000015258789,0.0,0.0
flow.ndy.feature.Yield.managed.Total,24,240,10,0.0,10000.0,1.0,1.0,-0.9340000152587891,0.0,0.0
flow.ndy.feature.Yield.managed.Total,25,250,10,0.0,10000.0,1.0,1.0,-0.9319999814033508,0.0,0.0
flow.ndy.feature.Yield.managed.Total,26,260,10,0.0,10000.0,1.0,1.0,-1.1360000371932983,0.0,0.0
flow.ndy.feature.Yield.managed.Total,27,270,10,0.0,10000.0,1.0,1.0,-1.6510000228881836,0.0,0.0
flow.ndy.feature.Yield.managed.Total,28,280,10,0.0,10000.0,1.0,1.0,-1.8860000371932983,0.0,0.0
flow.ndy.feature.Yield.managed.Total,29,290,10,0.0,10000.0,1.0,1.0,-1.9639999866485596,0.0,0.0
flow.ndy.feature.Yield.managed.Total,30,300,10,0.0,10000.0,1.0,1.0,-1.8930000066757202,0.0,0.0
product.HarvestedVolume.managed.CW.CC,0,0,10,0.0,10000.0,1.0,1.0,0.0,0.0,0.0
product.HarvestedVolume.managed.CW.CC,1,10,10,0.0,10000.0,1.0,1.0,2479.050048828125,0.0,0.0
product.HarvestedVolume.managed.CW.CC,2,20,10,0.0,10000.0,1.0,1.0,7164.34912109375,0.0,0.0
product.HarvestedVolume.managed.CW.CC,3,30,10,0.0,10000.0,1.0,1.0,9524.638671875,0.0,0.0
product.HarvestedVolume.managed.CW.CC,4,40,10,0.0,10000.0,1.0,1.0,11899.658203125,0.0,0.0
product.HarvestedVolume.managed.CW.CC,5,50,10,0.0,10000.0,1.0,1.0,12015.9482421875,0.0,0.0
product.HarvestedVolume.managed.CW.CC,6,60,10,0.0,10000.0,1.0,1.0,13048.6943359375,0.0,0.0
product.HarvestedVolume.managed.CW.CC,7,70,10,0.0,10000.0,1.0,1.0,13795.72265625,0.0,0.0
product.HarvestedVolume.managed.CW.CC,8,80,10,0.0,10000.0,1.0,1.0,6255.5732421875,0.0,0.0
product.HarvestedVolume.managed.CW.CC,9,90,10,0.0,10000.0,1.0,1.0,9270.7431640625,0.0,0.0
product.HarvestedVolume.managed.CW.CC,10,100,10,0.0,10000.0,1.0,1.0,13720.8115234375,0.0,0.0
product.HarvestedVolume.managed.CW.CC,11,110,10,0.0,10000.0,1.0,1.0,12052.564453125,0.0,0.0
product.HarvestedVolume.managed.CW.CC,12,120,10,0.0,10000.0,1.0,1.0,14842.328125,0.0,0.0
product.HarvestedVolume.managed.CW.CC,13,130,10,0.0,10000.0,1.0,1.0,14804.9365234375,0.0,0.0
product.HarvestedVolume.managed.CW.CC,14,140,10,0.0,10000.0,1.0,1.0,12736.5654296875,0.0,0.0
product.HarvestedVolume.managed.CW.CC,15,150,10,0.0,10000.0,1.0,1.0,15522.392578125,0.0,0.0
product.HarvestedVolume.managed.CW.CC,16,160,10,0.0,10000.0,1.0,1.0,10242.4287109375,0.0,0.0
product.HarvestedVolume.managed.CW.CC,17,170,10,0.0,10000.0,1.0,1.0,15513.4306640625,0.0,0.0
product.HarvestedVolume.managed.CW.CC,18,180,10,0.0,10000.0,1.0,1.0,15561.8994140625,0.0,0.0
product.HarvestedVolume.managed.CW.CC,19,190,10,0.0,10000.0,1.0,1.0,15174.578125,0.0,0.0
product.HarvestedVolume.managed.CW.CC,20,200,10,0.0,10000.0,1.0,1.0,11792.46875,0.0,0.0
product.HarvestedVolume.managed.CW.CC,21,210,10,0.0,10000.0,1.0,1.0,14404.205078125,0.0,0.0
product.HarvestedVolume.managed.CW.CC,22,220,10,0.0,10000.0,1.0,1.0,7756.52587890625,0.0,0.0
product.HarvestedVolume.managed.CW.CC,23,230,10,0.0,10000.0,1.0,1.0,11593.2978515625,0.0,0.0
product.HarvestedVolume.managed.CW.CC,24,240,10,0.0,10000.0,1.0,1.0,15090.3095703125,0.0,0.0
product.HarvestedVolume.managed.CW.CC,25,250,10,0.0,10000.0,1.0,1.0,16793.5625,0.0,0.0
product.HarvestedVolume.managed.CW.CC,26,260,10,0.0,10000.0,1.0,1.0,15661.025390625,0.0,0.0
product.HarvestedVolume.managed.CW.CC,27,270,10,0.0,10000.0,1.0,1.0,13873.9404296875,0.0,0.0
product.HarvestedVolume.managed.CW.CC,28,280,10,0.0,10000.0,1.0,1.0,16330.90234375,0.0,0.0
product.HarvestedVolume.managed.CW.CC,29,290,10,0.0,10000.0,1.0,1.0,15665.0595703125,0.0,0.0
product.HarvestedVolume.managed.CW.CC,30,300,10,0.0,10000.0,1.0,1.0,15182.923828125,0.0,0.0
product.HarvestedVolume.managed.FDC.CC,0,0,10,0.0,10000.0,1.0,1.0,0.0,0.0,0.0
product.HarvestedVolume.managed.FDC.CC,1,10,10,0.0,10000.0,1.0,1.0,9917.490234375,0.0,0.0
product.HarvestedVolume.managed.FDC.CC,2,20,10,0.0,10000.0,1.0,1.0,20522.68359375,0.0,0.0
product.HarvestedVolume.managed.FDC.CC,3,30,10,0.0,10000.0,1.0,1.0,20179.8359375,0.0,0.0
product.HarvestedVolume.managed.FDC.CC,4,40,10,0.0,10000.0,1.0,1.0,20391.6796875,0.0,0.0
product.HarvestedVolume.managed.FDC.CC,5,50,10,0.0,10000.0,1.0,1.0,12320.9169921875,0.0,0.0
product.HarvestedVolume.managed.FDC.CC,6,60,10,0.0,10000.0,1.0,1.0,14122.9453125,0.0,0.0
product.HarvestedVolume.managed.FDC.CC,7,70,10,0.0,10000.0,1.0,1.0,33112.02734375,0.0,0.0
product.HarvestedVolume.managed.FDC.CC,8,80,10,0.0,10000.0,1.0,1.0,16797.203125,0.0,0.0
product.HarvestedVolume.managed.FDC.CC,9,90,10,0.0,10000.0,1.0,1.0,26808.3828125,0.0,0.0
product.HarvestedVolume.managed.FDC.CC,10,100,10,0.0,10000.0,1.0,1.0,18008.75390625,0.0,0.0
product.HarvestedVolume.managed.FDC.CC,11,110,10,0.0,10000.0,1.0,1.0,17065.955078125,0.0,0.0
product.HarvestedVolume.managed.FDC.CC,12,120,10,0.0,10000.0,1.0,1.0,21705.61328125,0.0,0.0
product.HarvestedVolume.managed.FDC.CC,13,130,10,0.0,10000.0,1.0,1.0,10988.0966796875,0.0,0.0
product.HarvestedVolume.managed.FDC.CC,14,140,10,0.0,10000.0,1.0,1.0,27254.7265625,0.0,0.0
product.HarvestedVolume.managed.FDC.CC,15,150,10,0.0,10000.0,1.0,1.0,22097.779296875,0.0,0.0
product.HarvestedVolume.managed.FDC.CC,16,160,10,0.0,10000.0,1.0,1.0,20994.38671875,0.0,0.0
product.HarvestedVolume.managed.FDC.CC,17,170,10,0.0,10000.0,1.0,1.0,18347.86328125,0.0,0.0
product.HarvestedVolume.managed.FDC.CC,18,180,10,0.0,10000.0,1.0,1.0,15730.0234375,0.0,0.0
product.HarvestedVolume.managed.FDC.CC,19,190,10,0.0,10000.0,1.0,1.0,22023.7578125,0.0,0.0
product.HarvestedVolume.managed.FDC.CC,20,200,10,0.0,10000.0,1.0,1.0,15238.3203125,0.0,0.0
product.HarvestedVolume.managed.FDC.CC,21,210,10,0.0,10000.0,1.0,1.0,28079.892578125,0.0,0.0
product.HarvestedVolume.managed.FDC.CC,22,220,10,0.0,10000.0,1.0,1.0,29232.32421875,0.0,0.0
product.HarvestedVolume.managed.FDC.CC,23,230,10,0.0,10000.0,1.0,1.0,10713.3515625,0.0,0.0
product.HarvestedVolume.managed.FDC.CC,24,240,10,0.0,10000.0,1.0,1.0,24743.41796875,0.0,0.0
product.HarvestedVolume.managed.FDC.CC,25,250,10,0.0,10000.0,1.0,1.0,9495.681640625,0.0,0.0
product.HarvestedVolume.managed.FDC.CC,26,260,10,0.0,10000.0,1.0,1.0,20140.203125,0.0,0.0
product.HarvestedVolume.managed.FDC.CC,27,270,10,0.0,10000.0,1.0,1.0,34340.93359375,0.0,0.0
product.HarvestedVolume.managed.FDC.CC,28,280,10,0.0,10000.0,1.0,1.0,14410.1728515625,0.0,0.0
product.HarvestedVolume.managed.FDC.CC,29,290,10,0.0,10000.0,1.0,1.0,21841.521484375,0.0,0.0
product.HarvestedVolume.managed.FDC.CC,30,300,10,0.0,10000.0,1.0,1.0,24041.15625,0.0,0.0
product.HarvestedVolume.managed.HW.CC,0,0,10,0.0,10000.0,1.0,1.0,0.0,0.0,0.0
product.HarvestedVolume.managed.HW.CC,1,10,10,0.0,10000.0,1.0,1.0,4132.60888671875,0.0,0.0
product.HarvestedVolume.managed.HW.CC,2,20,10,0.0,10000.0,1.0,1.0,16575.568359375,0.0,0.0
product.HarvestedVolume.managed.HW.CC,3,30,10,0.0,10000.0,1.0,1.0,25259.296875,0.0,0.0
product.HarvestedVolume.managed.HW.CC,4,40,10,0.0,10000.0,1.0,1.0,34480.0625,0.0,0.0
product.HarvestedVolume.managed.HW.CC,5,50,10,0.0,10000.0,1.0,1.0,40601.48046875,0.0,0.0
product.HarvestedVolume.managed.HW.CC,6,60,10,0.0,10000.0,1.0,1.0,42665.78125,0.0,0.0
product.HarvestedVolume.managed.HW.CC,7,70,10,0.0,10000.0,1.0,1.0,34544.60546875,0.0,0.0
product.HarvestedVolume.managed.HW.CC,8,80,10,0.0,10000.0,1.0,1.0,16738.2734375,0.0,0.0
product.HarvestedVolume.managed.HW.CC,9,90,10,0.0,10000.0,1.0,1.0,20832.271484375,0.0,0.0
product.HarvestedVolume.managed.HW.CC,10,100,10,0.0,10000.0,1.0,1.0,42177.78515625,0.0,0.0
product.HarvestedVolume.managed.HW.CC,11,110,10,0.0,10000.0,1.0,1.0,36398.4296875,0.0,0.0
product.HarvestedVolume.managed.HW.CC,12,120,10,0.0,10000.0,1.0,1.0,45129.39453125,0.0,0.0
product.HarvestedVolume.managed.HW.CC,13,130,10,0.0,10000.0,1.0,1.0,50734.51953125,0.0,0.0
product.HarvestedVolume.managed.HW.CC,14,140,10,0.0,10000.0,1.0,1.0,33642.96484375,0.0,0.0
product.HarvestedVolume.managed.HW.CC,15,150,10,0.0,10000.0,1.0,1.0,46822.7421875,0.0,0.0
product.HarvestedVolume.managed.HW.CC,16,160,10,0.0,10000.0,1.0,1.0,29679.8359375,0.0,0.0
product.HarvestedVolume.managed.HW.CC,17,170,10,0.0,10000.0,1.0,1.0,48906.7265625,0.0,0.0
product.HarvestedVolume.managed.HW.CC,18,180,10,0.0,10000.0,1.0,1.0,50300.8671875,0.0,0.0
product.HarvestedVolume.managed.HW.CC,19,190,10,0.0,10000.0,1.0,1.0,45546.1484375,0.0,0.0
product.HarvestedVolume.managed.HW.CC,20,200,10,0.0,10000.0,1.0,1.0,38653.7109375,0.0,0.0
product.HarvestedVolume.managed.HW.CC,21,210,10,0.0,10000.0,1.0,1.0,39937.4140625,0.0,0.0
product.HarvestedVolume.managed.HW.CC,22,220,10,0.0,10000.0,1.0,1.0,14642.5634765625,0.0,0.0
product.HarvestedVolume.managed.HW.CC,23,230,10,0.0,10000.0,1.0,1.0,38002.90234375,0.0,0.0
product.HarvestedVolume.managed.HW.CC,24,240,10,0.0,10000.0,1.0,1.0,43813.62109375,0.0,0.0
product.HarvestedVolume.managed.HW.CC,25,250,10,0.0,10000.0,1.0,1.0,58517.01171875,0.0,0.0
product.HarvestedVolume.managed.HW.CC,26,260,10,0.0,10000.0,1.0,1.0,49197.515625,0.0,0.0
product.HarvestedVolume.managed.HW.CC,27,270,10,0.0,10000.0,1.0,1.0,36784.56640625,0.0,0.0
product.HarvestedVolume.managed.HW.CC,28,280,10,0.0,10000.0,1.0,1.0,54082.88671875,0.0,0.0
product.HarvestedVolume.managed.HW.CC,29,290,10,0.0,10000.0,1.0,1.0,47486.66015625,0.0,0.0
product.HarvestedVolume.managed.HW.CC,30,300,10,0.0,10000.0,1.0,1.0,45756.765625,0.0,0.0
product.HarvestedVolume.managed.Total.CC,0,0,10,0.0,10000.0,1.0,1.0,0.0,0.0,0.0
product.HarvestedVolume.managed.Total.CC,1,10,10,0.0,10000.0,1.0,1.0,84969.4765625,0.0,0.0
product.HarvestedVolume.managed.Total.CC,2,20,10,0.0,10000.0,1.0,1.0,84756.1484375,0.0,0.0
product.HarvestedVolume.managed.Total.CC,3,30,10,0.0,10000.0,1.0,1.0,84963.0703125,0.0,0.0
product.HarvestedVolume.managed.Total.CC,4,40,10,0.0,10000.0,1.0,1.0,84770.6171875,0.0,0.0
product.HarvestedVolume.managed.Total.CC,5,50,10,0.0,10000.0,1.0,1.0,84239.8203125,0.0,0.0
product.HarvestedVolume.managed.Total.CC,6,60,10,0.0,10000.0,1.0,1.0,84442.1171875,0.0,0.0
product.HarvestedVolume.managed.Total.CC,7,70,10,0.0,10000.0,1.0,1.0,84294.0546875,0.0,0.0
product.HarvestedVolume.managed.Total.CC,8,80,10,0.0,10000.0,1.0,1.0,66467.109375,0.0,0.0
product.HarvestedVolume.managed.Total.CC,9,90,10,0.0,10000.0,1.0,1.0,81976.2421875,0.0,0.0
product.HarvestedVolume.managed.Total.CC,10,100,10,0.0,10000.0,1.0,1.0,73907.3671875,0.0,0.0
product.HarvestedVolume.managed.Total.CC,11,110,10,0.0,10000.0,1.0,1.0,65516.96484375,0.0,0.0
product.HarvestedVolume.managed.Total.CC,12,120,10,0.0,10000.0,1.0,1.0,81677.3515625,0.0,0.0
product.HarvestedVolume.managed.Total.CC,13,130,10,0.0,10000.0,1.0,1.0,76527.5625,0.0,0.0
product.HarvestedVolume.managed.Total.CC,14,140,10,0.0,10000.0,1.0,1.0,73634.2578125,0.0,0.0
product.HarvestedVolume.managed.Total.CC,15,150,10,0.0,10000.0,1.0,1.0,84442.9296875,0.0,0.0
product.HarvestedVolume.managed.Total.CC,16,160,10,0.0,10000.0,1.0,1.0,60916.16015625,0.0,0.0
product.HarvestedVolume.managed.Total.CC,17,170,10,0.0,10000.0,1.0,1.0,82768.0390625,0.0,0.0
product.HarvestedVolume.managed.Total.CC,18,180,10,0.0,10000.0,1.0,1.0,81592.8046875,0.0,0.0
product.HarvestedVolume.managed.Total.CC,19,190,10,0.0,10000.0,1.0,1.0,82744.4921875,0.0,0.0
product.HarvestedVolume.managed.Total.CC,20,200,10,0.0,10000.0,1.0,1.0,65684.515625,0.0,0.0
product.HarvestedVolume.managed.Total.CC,21,210,10,0.0,10000.0,1.0,1.0,82421.5234375,0.0,0.0
product.HarvestedVolume.managed.Total.CC,22,220,10,0.0,10000.0,1.0,1.0,51631.421875,0.0,0.0
product.HarvestedVolume.managed.Total.CC,23,230,10,0.0,10000.0,1.0,1.0,60309.5546875,0.0,0.0
product.HarvestedVolume.managed.Total.CC,24,240,10,0.0,10000.0,1.0,1.0,83647.359375,0.0,0.0
product.HarvestedVolume.managed.Total.CC,25,250,10,0.0,10000.0,1.0,1.0,84806.2734375,0.0,0.0
product.HarvestedVolume.managed.Total.CC,26,260,10,0.0,10000.0,1.0,1.0,84998.6875,0.0,0.0
product.HarvestedVolume.managed.Total.CC,27,270,10,0.0,10000.0,1.0,1.0,84999.453125,0.0,0.0
product.HarvestedVolume.managed.Total.CC,28,280,10,0.0,10000.0,1.0,1.0,84823.984375,0.0,0.0
product.HarvestedVolume.managed.Total.CC,29,290,10,0.0,10000.0,1.0,1.0,84992.46875,0.0,0.0
product.HarvestedVolume.managed.Total.CC,30,300,10,0.0,10000.0,1.0,1.0,84980.828125,0.0,0.0
product.Logs_Grade_D.managed.Total.CC,0,0,10,0.0,10000.0,1.0,1.0,0.0,0.0,0.0
product.Logs_Grade_D.managed.Total.CC,1,10,10,0.0,10000.0,1.0,1.0,0.0,0.0,0.0
product.Logs_Grade_D.managed.Total.CC,2,20,10,0.0,10000.0,1.0,1.0,0.0,0.0,0.0
product.Logs_Grade_D.managed.Total.CC,3,30,10,0.0,10000.0,1.0,1.0,0.0,0.0,0.0
product.Logs_Grade_D.managed.Total.CC,4,40,10,0.0,10000.0,1.0,1.0,0.0,0.0,0.0
product.Logs_Grade_D.managed.Total.CC,5,50,10,0.0,10000.0,1.0,1.0,0.0,0.0,0.0
product.Logs_Grade_D.managed.Total.CC,6,60,10,0.0,10000.0,1.0,1.0,0.0,0.0,0.0
product.Logs_Grade_D.managed.Total.CC,7,70,10,0.0,10000.0,1.0,1.0,0.0,0.0,0.0
product.Logs_Grade_D.managed.Total.CC,8,80,10,0.0,10000.0,1.0,1.0,0.0,0.0,0.0
product.Logs_Grade_D.managed.Total.CC,9,90,10,0.0,10000.0,1.0,1.0,0.0,0.0,0.0
product.Logs_Grade_D.managed.Total.CC,10,100,10,0.0,10000.0,1.0,1.0,0.0,0.0,0.0
product.Logs_Grade_D.managed.Total.CC,11,110,10,0.0,10000.0,1.0,1.0,0.0,0.0,0.0
product.Logs_Grade_D.managed.Total.CC,12,120,10,0.0,10000.0,1.0,1.0,0.0,0.0,0.0
product.Logs_Grade_D.managed.Total.CC,13,130,10,0.0,10000.0,1.0,1.0,0.0,0.0,0.0
product.Logs_Grade_D.managed.Total.CC,14,140,10,0.0,10000.0,1.0,1.0,0.0,0.0,0.0
product.Logs_Grade_D.managed.Total.CC,15,150,10,0.0,10000.0,1.0,1.0,0.0,0.0,0.0
product.Logs_Grade_D.managed.Total.CC,16,160,10,0.0,10000.0,1.0,1.0,0.0,0.0,0.0
product.Logs_Grade_D.managed.Total.CC,17,170,10,0.0,10000.0,1.0,1.0,0.0,0.0,0.0
product.Logs_Grade_D.managed.Total.CC,18,180,10,0.0,10000.0,1.0,1.0,0.0,0.0,0.0
product.Logs_Grade_D.managed.Total.CC,19,190,10,0.0,10000.0,1.0,1.0,0.0,0.0,0.0
product.Logs_Grade_D.managed.Total.CC,20,200,10,0.0,10000.0,1.0,1.0,0.0,0.0,0.0
product.Logs_Grade_D.managed.Total.CC,21,210,10,0.0,10000.0,1.0,1.0,0.0,0.0,0.0
product.Logs_Grade_D.managed.Total.CC,22,220,10,0.0,10000.0,1.0,1.0,0.0,0.0,0.0
product.Logs_Grade_D.managed.Total.CC,23,230,10,0.0,10000.0,1.0,1.0,0.0,0.0,0.0
product.Logs_Grade_D.managed.Total.CC,24,240,10,0.0,10000.0,1.0,1.0,0.0,0.0,0.0
product.Logs_Grade_D.managed.Total.CC,25,250,10,0.0,10000.0,1.0,1.0,0.0,0.0,0.0
product.Logs_Grade_D.managed.Total.CC,26,260,10,0.0,10000.0,1.0,1.0,0.0,0.0,0.0
product.Logs_Grade_D.managed.Total.CC,27,270,10,0.0,10000.0,1.0,1.0,0.0,0.0,0.0
product.Logs_Grade_D.managed.Total.CC,28,280,10,0.0,10000.0,1.0,1.0,0.0,0.0,0.0
product.Logs_Grade_D.managed.Total.CC,29,290,10,0.0,10000.0,1.0,1.0,0.0,0.0,0.0
product.Logs_Grade_D.managed.Total.CC,30,300,10,0.0,10000.0,1.0,1.0,0.0,0.0,0.0
product.Logs_Grade_F.managed.Total.CC,0,0,10,0.0,10000.0,1.0,1.0,0.0,0.0,0.0
product.Logs_Grade_F.managed.Total.CC,1,10,10,0.0,10000.0,1.0,1.0,0.0,0.0,0.0
product.Logs_Grade_F.managed.Total.CC,2,20,10,0.0,10000.0,1.0,1.0,0.0,0.0,0.0
product.Logs_Grade_F.managed.Total.CC,3,30,10,0.0,10000.0,1.0,1.0,0.0,0.0,0.0
product.Logs_Grade_F.managed.Total.CC,4,40,10,0.0,10000.0,1.0,1.0,0.0,0.0,0.0
product.Logs_Grade_F.managed.Total.CC,5,50,10,0.0,10000.0,1.0,1.0,0.0,0.0,0.0
product.Logs_Grade_F.managed.Total.CC,6,60,10,0.0,10000.0,1.0,1.0,0.0,0.0,0.0
product.Logs_Grade_F.managed.Total.CC,7,70,10,0.0,10000.0,1.0,1.0,0.0,0.0,0.0
product.Logs_Grade_F.managed.Total.CC,8,80,10,0.0,10000.0,1.0,1.0,0.0,0.0,0.0
product.Logs_Grade_F.managed.Total.CC,9,90,10,0.0,10000.0,1.0,1.0,0.0,0.0,0.0
product.Logs_Grade_F.managed.Total.CC,10,100,10,0.0,10000.0,1.0,1.0,0.0,0.0,0.0
product.Logs_Grade_F.managed.Total.CC,11,110,10,0.0,10000.0,1.0,1.0,0.0,0.0,0.0
product.Logs_Grade_F.managed.Total.CC,12,120,10,0.0,10000.0,1.0,1.0,0.0,0.0,0.0
product.Logs_Grade_F.managed.Total.CC,13,130,10,0.0,10000.0,1.0,1.0,0.0,0.0,0.0
product.Logs_Grade_F.managed.Total.CC,14,140,10,0.0,10000.0,1.0,1.0,0.0,0.0,0.0
product.Logs_Grade_F.managed.Total.CC,15,150,10,0.0,10000.0,1.0,1.0,0.0,0.0,0.0
product.Logs_Grade_F.managed.Total.CC,16,160,10,0.0,10000.0,1.0,1.0,0.0,0.0,0.0
product.Logs_Grade_F.managed.Total.CC,17,170,10,0.0,10000.0,1.0,1.0,0.0,0.0,0.0
product.Logs_Grade_F.managed.Total.CC,18,180,10,0.0,10000.0,1.0,1.0,0.0,0.0,0.0
product.Logs_Grade_F.managed.Total.CC,19,190,10,0.0,10000.0,1.0,1.0,0.0,0.0,0.0
product.Logs_Grade_F.managed.Total.CC,20,200,10,0.0,10000.0,1.0,1.0,0.0,0.0,0.0
product.Logs_Grade_F.managed.Total.CC,21,210,10,0.0,10000.0,1.0,1.0,0.0,0.0,0.0
product.Logs_Grade_F.managed.Total.CC,22,220,10,0.0,10000.0,1.0,1.0,0.0,0.0,0.0
product.Logs_Grade_F.managed.Total.CC,23,230,10,0.0,10000.0,1.0,1.0,0.0,0.0,0.0
product.Logs_Grade_F.managed.Total.CC,24,240,10,0.0,10000.0,1.0,1.0,0.0,0.0,0.0
product.Logs_Grade_F.managed.Total.CC,25,250,10,0.0,10000.0,1.0,1.0,0.0,0.0,0.0
product.Logs_Grade_F.managed.Total.CC,26,260,10,0.0,10000.0,1.0,1.0,0.0,0.0,0.0
product.Logs_Grade_F.managed.Total.CC,27,270,10,0.0,10000.0,1.0,1.0,0.0,0.0,0.0
product.Logs_Grade_F.managed.Total.CC,28,280,10,0.0,10000.0,1.0,1.0,0.0,0.0,0.0
product.Logs_Grade_F.managed.Total.CC,29,290,10,0.0,10000.0,1.0,1.0,0.0,0.0,0.0
product.Logs_Grade_F.managed.Total.CC,30,300,10,0.0,10000.0,1.0,1.0,0.0,0.0,0.0
product.Logs_Grade_H.managed.Total.CC,0,0,10,0.0,10000.0,1.0,1.0,0.0,0.0,0.0
product.Logs_Grade_H.managed.Total.CC,1,10,10,0.0,10000.0,1.0,1.0,23034.296875,0.0,0.0
product.Logs_Grade_H.managed.Total.CC,2,20,10,0.0,10000.0,1.0,1.0,23939.21875,0.0,0.0
product.Logs_Grade_H.managed.Total.CC,3,30,10,0.0,10000.0,1.0,1.0,24729.962890625,0.0,0.0
product.Logs_Grade_H.managed.Total.CC,4,40,10,0.0,10000.0,1.0,1.0,23128.65625,0.0,0.0
product.Logs_Grade_H.managed.Total.CC,5,50,10,0.0,10000.0,1.0,1.0,28452.0390625,0.0,0.0
product.Logs_Grade_H.managed.Total.CC,6,60,10,0.0,10000.0,1.0,1.0,29884.017578125,0.0,0.0
product.Logs_Grade_H.managed.Total.CC,7,70,10,0.0,10000.0,1.0,1.0,27555.9765625,0.0,0.0
product.Logs_Grade_H.managed.Total.CC,8,80,10,0.0,10000.0,1.0,1.0,22139.52734375,0.0,0.0
product.Logs_Grade_H.managed.Total.CC,9,90,10,0.0,10000.0,1.0,1.0,27131.921875,0.0,0.0
product.Logs_Grade_H.managed.Total.CC,10,100,10,0.0,10000.0,1.0,1.0,13699.994140625,0.0,0.0
product.Logs_Grade_H.managed.Total.CC,11,110,10,0.0,10000.0,1.0,1.0,9685.041015625,0.0,0.0
product.Logs_Grade_H.managed.Total.CC,12,120,10,0.0,10000.0,1.0,1.0,21187.189453125,0.0,0.0
product.Logs_Grade_H.managed.Total.CC,13,130,10,0.0,10000.0,1.0,1.0,42247.05078125,0.0,0.0
product.Logs_Grade_H.managed.Total.CC,14,140,10,0.0,10000.0,1.0,1.0,21275.30859375,0.0,0.0
product.Logs_Grade_H.managed.Total.CC,15,150,10,0.0,10000.0,1.0,1.0,21415.228515625,0.0,0.0
product.Logs_Grade_H.managed.Total.CC,16,160,10,0.0,10000.0,1.0,1.0,8303.216796875,0.0,0.0
product.Logs_Grade_H.managed.Total.CC,17,170,10,0.0,10000.0,1.0,1.0,23768.78125,0.0,0.0
product.Logs_Grade_H.managed.Total.CC,18,180,10,0.0,10000.0,1.0,1.0,19904.130859375,0.0,0.0
product.Logs_Grade_H.managed.Total.CC,19,190,10,0.0,10000.0,1.0,1.0,20606.37109375,0.0,0.0
product.Logs_Grade_H.managed.Total.CC,20,200,10,0.0,10000.0,1.0,1.0,12864.158203125,0.0,0.0
product.Logs_Grade_H.managed.Total.CC,21,210,10,0.0,10000.0,1.0,1.0,18503.16796875,0.0,0.0
product.Logs_Grade_H.managed.Total.CC,22,220,10,0.0,10000.0,1.0,1.0,13635.9111328125,0.0,0.0
product.Logs_Grade_H.managed.Total.CC,23,230,10,0.0,10000.0,1.0,1.0,18777.23046875,0.0,0.0
product.Logs_Grade_H.managed.Total.CC,24,240,10,0.0,10000.0,1.0,1.0,33914.28125,0.0,0.0
product.Logs_Grade_H.managed.Total.CC,25,250,10,0.0,10000.0,1.0,1.0,17538.611328125,0.0,0.0
product.Logs_Grade_H.managed.Total.CC,26,260,10,0.0,10000.0,1.0,1.0,8680.931640625,0.0,0.0
product.Logs_Grade_H.managed.Total.CC,27,270,10,0.0,10000.0,1.0,1.0,21421.44140625,0.0,0.0
product.Logs_Grade_H.managed.Total.CC,28,280,10,0.0,10000.0,1.0,1.0,19065.44140625,0.0,0.0
product.Logs_Grade_H.managed.Total.CC,29,290,10,0.0,10000.0,1.0,1.0,13728.1953125,0.0,0.0
product.Logs_Grade_H.managed.Total.CC,30,300,10,0.0,10000.0,1.0,1.0,15940.544921875,0.0,0.0
product.Logs_Grade_I.managed.Total.CC,0,0,10,0.0,10000.0,1.0,1.0,0.0,0.0,0.0
product.Logs_Grade_I.managed.Total.CC,1,10,10,0.0,10000.0,1.0,1.0,18503.33984375,0.0,0.0
product.Logs_Grade_I.managed.Total.CC,2,20,10,0.0,10000.0,1.0,1.0,18083.673828125,0.0,0.0
product.Logs_Grade_I.managed.Total.CC,3,30,10,0.0,10000.0,1.0,1.0,20069.900390625,0.0,0.0
product.Logs_Grade_I.managed.Total.CC,4,40,10,0.0,10000.0,1.0,1.0,20366.6796875,0.0,0.0
product.Logs_Grade_I.managed.Total.CC,5,50,10,0.0,10000.0,1.0,1.0,15324.8212890625,0.0,0.0
product.Logs_Grade_I.managed.Total.CC,6,60,10,0.0,10000.0,1.0,1.0,17355.169921875,0.0,0.0
product.Logs_Grade_I.managed.Total.CC,7,70,10,0.0,10000.0,1.0,1.0,23090.15234375,0.0,0.0
product.Logs_Grade_I.managed.Total.CC,8,80,10,0.0,10000.0,1.0,1.0,13274.4501953125,0.0,0.0
product.Logs_Grade_I.managed.Total.CC,9,90,10,0.0,10000.0,1.0,1.0,16570.91015625,0.0,0.0
product.Logs_Grade_I.managed.Total.CC,10,100,10,0.0,10000.0,1.0,1.0,18028.087890625,0.0,0.0
product.Logs_Grade_I.managed.Total.CC,11,110,10,0.0,10000.0,1.0,1.0,12785.9208984375,0.0,0.0
product.Logs_Grade_I.managed.Total.CC,12,120,10,0.0,10000.0,1.0,1.0,20359.984375,0.0,0.0
product.Logs_Grade_I.managed.Total.CC,13,130,10,0.0,10000.0,1.0,1.0,10146.4560546875,0.0,0.0
product.Logs_Grade_I.managed.Total.CC,14,140,10,0.0,10000.0,1.0,1.0,16166.8505859375,0.0,0.0
product.Logs_Grade_I.managed.Total.CC,15,150,10,0.0,10000.0,1.0,1.0,18473.359375,0.0,0.0
product.Logs_Grade_I.managed.Total.CC,16,160,10,0.0,10000.0,1.0,1.0,15289.685546875,0.0,0.0
product.Logs_Grade_I.managed.Total.CC,17,170,10,0.0,10000.0,1.0,1.0,17455.3828125,0.0,0.0
product.Logs_Grade_I.managed.Total.CC,18,180,10,0.0,10000.0,1.0,1.0,20003.525390625,0.0,0.0
product.Logs_Grade_I.managed.Total.CC,19,190,10,0.0,10000.0,1.0,1.0,19610.5234375,0.0,0.0
product.Logs_Grade_I.managed.Total.CC,20,200,10,0.0,10000.0,1.0,1.0,16555.619140625,0.0,0.0
product.Logs_Grade_I.managed.Total.CC,21,210,10,0.0,10000.0,1.0,1.0,19842.97265625,0.0,0.0
product.Logs_Grade_I.managed.Total.CC,22,220,10,0.0,10000.0,1.0,1.0,11510.8974609375,0.0,0.0
product.Logs_Grade_I.managed.Total.CC,23,230,10,0.0,10000.0,1.0,1.0,13278.0732421875,0.0,0.0
product.Logs_Grade_I.managed.Total.CC,24,240,10,0.0,10000.0,1.0,1.0,16128.4189453125,0.0,0.0
product.Logs_Grade_I.managed.Total.CC,25,250,10,0.0,10000.0,1.0,1.0,18879.8203125,0.0,0.0
product.Logs_Grade_I.managed.Total.CC,26,260,10,0.0,10000.0,1.0,1.0,19406.158203125,0.0,0.0
product.Logs_Grade_I.managed.Total.CC,27,270,10,0.0,10000.0,1.0,1.0,18384.23046875,0.0,0.0
product.Logs_Grade_I.managed.Total.CC,28,280,10,0.0,10000.0,1.0,1.0,17874.80078125,0.0,0.0
product.Logs_Grade_I.managed.Total.CC,29,290,10,0.0,10000.0,1.0,1.0,20777.77734375,0.0,0.0
product.Logs_Grade_I.managed.Total.CC,30,300,10,0.0,10000.0,1.0,1.0,18809.44140625,0.0,0.0
product.Logs_Grade_J.managed.Total.CC,0,0,10,0.0,10000.0,1.0,1.0,0.0,0.0,0.0
product.Logs_Grade_J.managed.Total.CC,1,10,10,0.0,10000.0,1.0,1.0,36980.30078125,0.0,0.0
product.Logs_Grade_J.managed.Total.CC,2,20,10,0.0,10000.0,1.0,1.0,35706.01171875,0.0,0.0
product.Logs_Grade_J.managed.Total.CC,3,30,10,0.0,10000.0,1.0,1.0,32647.23828125,0.0,0.0
product.Logs_Grade_J.managed.Total.CC,4,40,10,0.0,10000.0,1.0,1.0,34949.26953125,0.0,0.0
product.Logs_Grade_J.managed.Total.CC,5,50,10,0.0,10000.0,1.0,1.0,35005.84765625,0.0,0.0
product.Logs_Grade_J.managed.Total.CC,6,60,10,0.0,10000.0,1.0,1.0,32274.890625,0.0,0.0
product.Logs_Grade_J.managed.Total.CC,7,70,10,0.0,10000.0,1.0,1.0,27046.322265625,0.0,0.0
product.Logs_Grade_J.managed.Total.CC,8,80,10,0.0,10000.0,1.0,1.0,25829.203125,0.0,0.0
product.Logs_Grade_J.managed.Total.CC,9,90,10,0.0,10000.0,1.0,1.0,31075.564453125,0.0,0.0
product.Logs_Grade_J.managed.Total.CC,10,100,10,0.0,10000.0,1.0,1.0,35960.63671875,0.0,0.0
product.Logs_Grade_J.managed.Total.CC,11,110,10,0.0,10000.0,1.0,1.0,36628.56640625,0.0,0.0
product.Logs_Grade_J.managed.Total.CC,12,120,10,0.0,10000.0,1.0,1.0,33948.53515625,0.0,0.0
product.Logs_Grade_J.managed.Total.CC,13,130,10,0.0,10000.0,1.0,1.0,20855.1875,0.0,0.0
product.Logs_Grade_J.managed.Total.CC,14,140,10,0.0,10000.0,1.0,1.0,29558.47265625,0.0,0.0
product.Logs_Grade_J.managed.Total.CC,15,150,10,0.0,10000.0,1.0,1.0,37722.67578125,0.0,0.0
product.Logs_Grade_J.managed.Total.CC,16,160,10,0.0,10000.0,1.0,1.0,30961.62890625,0.0,0.0
product.Logs_Grade_J.managed.Total.CC,17,170,10,0.0,10000.0,1.0,1.0,35514.0703125,0.0,0.0
product.Logs_Grade_J.managed.Total.CC,18,180,10,0.0,10000.0,1.0,1.0,36160.8671875,0.0,0.0
product.Logs_Grade_J.managed.Total.CC,19,190,10,0.0,10000.0,1.0,1.0,35966.55859375,0.0,0.0
product.Logs_Grade_J.managed.Total.CC,20,200,10,0.0,10000.0,1.0,1.0,31036.103515625,0.0,0.0
product.Logs_Grade_J.managed.Total.CC,21,210,10,0.0,10000.0,1.0,1.0,36425.21875,0.0,0.0
product.Logs_Grade_J.managed.Total.CC,22,220,10,0.0,10000.0,1.0,1.0,20213.9765625,0.0,0.0
product.Logs_Grade_J.managed.Total.CC,23,230,10,0.0,10000.0,1.0,1.0,24563.55859375,0.0,0.0
product.Logs_Grade_J.managed.Total.CC,24,240,10,0.0,10000.0,1.0,1.0,27786.603515625,0.0,0.0
product.Logs_Grade_J.managed.Total.CC,25,250,10,0.0,10000.0,1.0,1.0,42829.28125,0.0,0.0
product.Logs_Grade_J.managed.Total.CC,26,260,10,0.0,10000.0,1.0,1.0,48660.49609375,0.0,0.0
product.Logs_Grade_J.managed.Total.CC,27,270,10,0.0,10000.0,1.0,1.0,36403.9140625,0.0,0.0
product.Logs_Grade_J.managed.Total.CC,28,280,10,0.0,10000.0,1.0,1.0,41486.0234375,0.0,0.0
product.Logs_Grade_J.managed.Total.CC,29,290,10,0.0,10000.0,1.0,1.0,42969.03125,0.0,0.0
product.Logs_Grade_J.managed.Total.CC,30,300,10,0.0,10000.0,1.0,1.0,42216.37890625,0.0,0.0
product.Logs_Grade_U.managed.Total.CC,0,0,10,0.0,10000.0,1.0,1.0,0.0,0.0,0.0
product.Logs_Grade_U.managed.Total.CC,1,10,10,0.0,10000.0,1.0,1.0,4365.77587890625,0.0,0.0
product.Logs_Grade_U.managed.Total.CC,2,20,10,0.0,10000.0,1.0,1.0,4782.05322265625,0.0,0.0
product.Logs_Grade_U.managed.Total.CC,3,30,10,0.0,10000.0,1.0,1.0,5000.77001953125,0.0,0.0
product.Logs_Grade_U.managed.Total.CC,4,40,10,0.0,10000.0,1.0,1.0,4143.4931640625,0.0,0.0
product.Logs_Grade_U.managed.Total.CC,5,50,10,0.0,10000.0,1.0,1.0,3600.070068359375,0.0,0.0
product.Logs_Grade_U.managed.Total.CC,6,60,10,0.0,10000.0,1.0,1.0,3192.931884765625,0.0,0.0
product.Logs_Grade_U.managed.Total.CC,7,70,10,0.0,10000.0,1.0,1.0,4225.587890625,0.0,0.0
product.Logs_Grade_U.managed.Total.CC,8,80,10,0.0,10000.0,1.0,1.0,3633.992919921875,0.0,0.0
product.Logs_Grade_U.managed.Total.CC,9,90,10,0.0,10000.0,1.0,1.0,4935.42822265625,0.0,0.0
product.Logs_Grade_U.managed.Total.CC,10,100,10,0.0,10000.0,1.0,1.0,4177.55908203125,0.0,0.0
product.Logs_Grade_U.managed.Total.CC,11,110,10,0.0,10000.0,1.0,1.0,4128.14404296875,0.0,0.0
product.Logs_Grade_U.managed.Total.CC,12,120,10,0.0,10000.0,1.0,1.0,4062.12890625,0.0,0.0
product.Logs_Grade_U.managed.Total.CC,13,130,10,0.0,10000.0,1.0,1.0,2160.888916015625,0.0,0.0
product.Logs_Grade_U.managed.Total.CC,14,140,10,0.0,10000.0,1.0,1.0,4382.623046875,0.0,0.0
product.Logs_Grade_U.managed.Total.CC,15,150,10,0.0,10000.0,1.0,1.0,4546.88720703125,0.0,0.0
product.Logs_Grade_U.managed.Total.CC,16,160,10,0.0,10000.0,1.0,1.0,4471.40380859375,0.0,0.0
product.Logs_Grade_U.managed.Total.CC,17,170,10,0.0,10000.0,1.0,1.0,3895.095947265625,0.0,0.0
product.Logs_Grade_U.managed.Total.CC,18,180,10,0.0,10000.0,1.0,1.0,3602.341064453125,0.0,0.0
product.Logs_Grade_U.managed.Total.CC,19,190,10,0.0,10000.0,1.0,1.0,4419.6162109375,0.0,0.0
product.Logs_Grade_U.managed.Total.CC,20,200,10,0.0,10000.0,1.0,1.0,3564.403076171875,0.0,0.0
product.Logs_Grade_U.managed.Total.CC,21,210,10,0.0,10000.0,1.0,1.0,5221.2841796875,0.0,0.0
product.Logs_Grade_U.managed.Total.CC,22,220,10,0.0,10000.0,1.0,1.0,4326.865234375,0.0,0.0
product.Logs_Grade_U.managed.Total.CC,23,230,10,0.0,10000.0,1.0,1.0,2444.54296875,0.0,0.0
product.Logs_Grade_U.managed.Total.CC,24,240,10,0.0,10000.0,1.0,1.0,3840.55810546875,0.0,0.0
product.Logs_Grade_U.managed.Total.CC,25,250,10,0.0,10000.0,1.0,1.0,3491.927978515625,0.0,0.0
product.Logs_Grade_U.managed.Total.CC,26,260,10,0.0,10000.0,1.0,1.0,5572.0751953125,0.0,0.0
product.Logs_Grade_U.managed.Total.CC,27,270,10,0.0,10000.0,1.0,1.0,6092.7529296875,0.0,0.0
product.Logs_Grade_U.managed.Total.CC,28,280,10,0.0,10000.0,1.0,1.0,4186.1162109375,0.0,0.0
product.Logs_Grade_U.managed.Total.CC,29,290,10,0.0,10000.0,1.0,1.0,4989.69677734375,0.0,0.0
product.Logs_Grade_U.managed.Total.CC,30,300,10,0.0,10000.0,1.0,1.0,5556.7548828125,0.0,0.0
product.Logs_Grade_X.managed.Total.CC,0,0,10,0.0,10000.0,1.0,1.0,0.0,0.0,0.0
product.Logs_Grade_X.managed.Total.CC,1,10,10,0.0,10000.0,1.0,1.0,1430.81494140625,0.0,0.0
product.Logs_Grade_X.managed.Total.CC,2,20,10,0.0,10000.0,1.0,1.0,1431.3819580078125,0.0,0.0
product.Logs_Grade_X.managed.Total.CC,3,30,10,0.0,10000.0,1.0,1.0,1418.449951171875,0.0,0.0
product.Logs_Grade_X.managed.Total.CC,4,40,10,0.0,10000.0,1.0,1.0,1414.7330322265625,0.0,0.0
product.Logs_Grade_X.managed.Total.CC,5,50,10,0.0,10000.0,1.0,1.0,1384.93603515625,0.0,0.0
product.Logs_Grade_X.managed.Total.CC,6,60,10,0.0,10000.0,1.0,1.0,1218.5460205078125,0.0,0.0
product.Logs_Grade_X.managed.Total.CC,7,70,10,0.0,10000.0,1.0,1.0,1203.9849853515625,0.0,0.0
product.Logs_Grade_X.managed.Total.CC,8,80,10,0.0,10000.0,1.0,1.0,979.5659790039062,0.0,0.0
product.Logs_Grade_X.managed.Total.CC,9,90,10,0.0,10000.0,1.0,1.0,1292.614990234375,0.0,0.0
product.Logs_Grade_X.managed.Total.CC,10,100,10,0.0,10000.0,1.0,1.0,1432.2669677734375,0.0,0.0
product.Logs_Grade_X.managed.Total.CC,11,110,10,0.0,10000.0,1.0,1.0,1692.56103515625,0.0,0.0
product.Logs_Grade_X.managed.Total.CC,12,120,10,0.0,10000.0,1.0,1.0,1369.012939453125,0.0,0.0
product.Logs_Grade_X.managed.Total.CC,13,130,10,0.0,10000.0,1.0,1.0,761.6610107421875,0.0,0.0
product.Logs_Grade_X.managed.Total.CC,14,140,10,0.0,10000.0,1.0,1.0,1317.5450439453125,0.0,0.0
product.Logs_Grade_X.managed.Total.CC,15,150,10,0.0,10000.0,1.0,1.0,1540.4520263671875,0.0,0.0
product.Logs_Grade_X.managed.Total.CC,16,160,10,0.0,10000.0,1.0,1.0,1220.81103515625,0.0,0.0
product.Logs_Grade_X.managed.Total.CC,17,170,10,0.0,10000.0,1.0,1.0,1508.4320068359375,0.0,0.0
product.Logs_Grade_X.managed.Total.CC,18,180,10,0.0,10000.0,1.0,1.0,1394.8809814453125,0.0,0.0
product.Logs_Grade_X.managed.Total.CC,19,190,10,0.0,10000.0,1.0,1.0,1410.89599609375,0.0,0.0
product.Logs_Grade_X.managed.Total.CC,20,200,10,0.0,10000.0,1.0,1.0,1176.0909423828125,0.0,0.0
product.Logs_Grade_X.managed.Total.CC,21,210,10,0.0,10000.0,1.0,1.0,1484.342041015625,0.0,0.0
product.Logs_Grade_X.managed.Total.CC,22,220,10,0.0,10000.0,1.0,1.0,942.7000122070312,0.0,0.0
product.Logs_Grade_X.managed.Total.CC,23,230,10,0.0,10000.0,1.0,1.0,899.177978515625,0.0,0.0
product.Logs_Grade_X.managed.Total.CC,24,240,10,0.0,10000.0,1.0,1.0,1148.9749755859375,0.0,0.0
product.Logs_Grade_X.managed.Total.CC,25,250,10,0.0,10000.0,1.0,1.0,1738.134033203125,0.0,0.0
product.Logs_Grade_X.managed.Total.CC,26,260,10,0.0,10000.0,1.0,1.0,2004.64697265625,0.0,0.0
product.Logs_Grade_X.managed.Total.CC,27,270,10,0.0,10000.0,1.0,1.0,1533.2750244140625,0.0,0.0
product.Logs_Grade_X.managed.Total.CC,28,280,10,0.0,10000.0,1.0,1.0,1716.654052734375,0.0,0.0
product.Logs_Grade_X.managed.Total.CC,29,290,10,0.0,10000.0,1.0,1.0,1775.7459716796875,0.0,0.0
product.Logs_Grade_X.managed.Total.CC,30,300,10,0.0,10000.0,1.0,1.0,1663.10205078125,0.0,0.0
product.Logs_Grade_Y.managed.Total.CC,0,0,10,0.0,10000.0,1.0,1.0,0.0,0.0,0.0
product.Logs_Grade_Y.managed.Total.CC,1,10,10,0.0,10000.0,1.0,1.0,658.0800170898438,0.0,0.0
product.Logs_Grade_Y.managed.Total.CC,2,20,10,0.0,10000.0,1.0,1.0,814.6699829101562,0.0,0.0
product.Logs_Grade_Y.managed.Total.CC,3,30,10,0.0,10000.0,1.0,1.0,1095.1109619140625,0.0,0.0
product.Logs_Grade_Y.managed.Total.CC,4,40,10,0.0,10000.0,1.0,1.0,766.5460205078125,0.0,0.0
product.Logs_Grade_Y.managed.Total.CC,5,50,10,0.0,10000.0,1.0,1.0,477.2229919433594,0.0,0.0
product.Logs_Grade_Y.managed.Total.CC,6,60,10,0.0,10000.0,1.0,1.0,520.3419799804688,0.0,0.0
product.Logs_Grade_Y.managed.Total.CC,7,70,10,0.0,10000.0,1.0,1.0,1177.0260009765625,0.0,0.0
product.Logs_Grade_Y.managed.Total.CC,8,80,10,0.0,10000.0,1.0,1.0,611.5689697265625,0.0,0.0
product.Logs_Grade_Y.managed.Total.CC,9,90,10,0.0,10000.0,1.0,1.0,970.47802734375,0.0,0.0
product.Logs_Grade_Y.managed.Total.CC,10,100,10,0.0,10000.0,1.0,1.0,606.7969970703125,0.0,0.0
product.Logs_Grade_Y.managed.Total.CC,11,110,10,0.0,10000.0,1.0,1.0,595.448974609375,0.0,0.0
product.Logs_Grade_Y.managed.Total.CC,12,120,10,0.0,10000.0,1.0,1.0,749.2310180664062,0.0,0.0
product.Logs_Grade_Y.managed.Total.CC,13,130,10,0.0,10000.0,1.0,1.0,358.5150146484375,0.0,0.0
product.Logs_Grade_Y.managed.Total.CC,14,140,10,0.0,10000.0,1.0,1.0,931.1409912109375,0.0,0.0
product.Logs_Grade_Y.managed.Total.CC,15,150,10,0.0,10000.0,1.0,1.0,745.968994140625,0.0,0.0
product.Logs_Grade_Y.managed.Total.CC,16,160,10,0.0,10000.0,1.0,1.0,670.9190063476562,0.0,0.0
product.Logs_Grade_Y.managed.Total.CC,17,170,10,0.0,10000.0,1.0,1.0,623.8099975585938,0.0,0.0
product.Logs_Grade_Y.managed.Total.CC,18,180,10,0.0,10000.0,1.0,1.0,527.2219848632812,0.0,0.0
product.Logs_Grade_Y.managed.Total.CC,19,190,10,0.0,10000.0,1.0,1.0,730.9730224609375,0.0,0.0
product.Logs_Grade_Y.managed.Total.CC,20,200,10,0.0,10000.0,1.0,1.0,489.6130065917969,0.0,0.0
product.Logs_Grade_Y.managed.Total.CC,21,210,10,0.0,10000.0,1.0,1.0,945.3590087890625,0.0,0.0
product.Logs_Grade_Y.managed.Total.CC,22,220,10,0.0,10000.0,1.0,1.0,997.4320068359375,0.0,0.0
product.Logs_Grade_Y.managed.Total.CC,23,230,10,0.0,10000.0,1.0,1.0,350.3659973144531,0.0,0.0
product.Logs_Grade_Y.managed.Total.CC,24,240,10,0.0,10000.0,1.0,1.0,828.7670288085938,0.0,0.0
product.Logs_Grade_Y.managed.Total.CC,25,250,10,0.0,10000.0,1.0,1.0,329.5329895019531,0.0,0.0
product.Logs_Grade_Y.managed.Total.CC,26,260,10,0.0,10000.0,1.0,1.0,676.6959838867188,0.0,0.0
product.Logs_Grade_Y.managed.Total.CC,27,270,10,0.0,10000.0,1.0,1.0,1162.594970703125,0.0,0.0
product.Logs_Grade_Y.managed.Total.CC,28,280,10,0.0,10000.0,1.0,1.0,493.7359924316406,0.0,0.0
product.Logs_Grade_Y.managed.Total.CC,29,290,10,0.0,10000.0,1.0,1.0,752.97900390625,0.0,0.0
product.Logs_Grade_Y.managed.Total.CC,30,300,10,0.0,10000.0,1.0,1.0,796.4299926757812,0.0,0.0
product.QMD.managed.CWHvm_CW_HW_M.CC,0,0,10,0.0,10000.0,1.0,1.0,0.0,0.0,0.0
product.QMD.managed.CWHvm_CW_HW_M.CC,1,10,10,0.0,10000.0,1.0,1.0,26.246999740600586,0.0,0.0
product.QMD.managed.CWHvm_CW_HW_M.CC,2,20,10,0.0,10000.0,1.0,1.0,25.12700080871582,0.0,0.0
product.QMD.managed.CWHvm_CW_HW_M.CC,3,30,10,0.0,10000.0,1.0,1.0,0.0,0.0,0.0
product.QMD.managed.CWHvm_CW_HW_M.CC,4,40,10,0.0,10000.0,1.0,1.0,26.19499969482422,0.0,0.0
product.QMD.managed.CWHvm_CW_HW_M.CC,5,50,10,0.0,10000.0,1.0,1.0,22.454999923706055,0.0,0.0
product.QMD.managed.CWHvm_CW_HW_M.CC,6,60,10,0.0,10000.0,1.0,1.0,0.0,0.0,0.0
product.QMD.managed.CWHvm_CW_HW_M.CC,7,70,10,0.0,10000.0,1.0,1.0,0.0,0.0,0.0
product.QMD.managed.CWHvm_CW_HW_M.CC,8,80,10,0.0,10000.0,1.0,1.0,0.0,0.0,0.0
product.QMD.managed.CWHvm_CW_HW_M.CC,9,90,10,0.0,10000.0,1.0,1.0,0.0,0.0,0.0
product.QMD.managed.CWHvm_CW_HW_M.CC,10,100,10,0.0,10000.0,1.0,1.0,24.198999404907227,0.0,0.0
product.QMD.managed.CWHvm_CW_HW_M.CC,11,110,10,0.0,10000.0,1.0,1.0,24.11199951171875,0.0,0.0
product.QMD.managed.CWHvm_CW_HW_M.CC,12,120,10,0.0,10000.0,1.0,1.0,0.0,0.0,0.0
product.QMD.managed.CWHvm_CW_HW_M.CC,13,130,10,0.0,10000.0,1.0,1.0,25.03499984741211,0.0,0.0
product.QMD.managed.CWHvm_CW_HW_M.CC,14,140,10,0.0,10000.0,1.0,1.0,23.55500030517578,0.0,0.0
product.QMD.managed.CWHvm_CW_HW_M.CC,15,150,10,0.0,10000.0,1.0,1.0,23.826000213623047,0.0,0.0
product.QMD.managed.CWHvm_CW_HW_M.CC,16,160,10,0.0,10000.0,1.0,1.0,24.0,0.0,0.0
product.QMD.managed.CWHvm_CW_HW_M.CC,17,170,10,0.0,10000.0,1.0,1.0,22.79199981689453,0.0,0.0
product.QMD.managed.CWHvm_CW_HW_M.CC,18,180,10,0.0,10000.0,1.0,1.0,0.0,0.0,0.0
product.QMD.managed.CWHvm_CW_HW_M.CC,19,190,10,0.0,10000.0,1.0,1.0,0.0,0.0,0.0
product.QMD.managed.CWHvm_CW_HW_M.CC,20,200,10,0.0,10000.0,1.0,1.0,0.0,0.0,0.0
product.QMD.managed.CWHvm_CW_HW_M.CC,21,210,10,0.0,10000.0,1.0,1.0,0.0,0.0,0.0
product.QMD.managed.CWHvm_CW_HW_M.CC,22,220,10,0.0,10000.0,1.0,1.0,0.0,0.0,0.0
product.QMD.managed.CWHvm_CW_HW_M.CC,23,230,10,0.0,10000.0,1.0,1.0,0.0,0.0,0.0
product.QMD.managed.CWHvm_CW_HW_M.CC,24,240,10,0.0,10000.0,1.0,1.0,0.0,0.0,0.0
product.QMD.managed.CWHvm_CW_HW_M.CC,25,250,10,0.0,10000.0,1.0,1.0,24.204999923706055,0.0,0.0
product.QMD.managed.CWHvm_CW_HW_M.CC,26,260,10,0.0,10000.0,1.0,1.0,24.198999404907227,0.0,0.0
product.QMD.managed.CWHvm_CW_HW_M.CC,27,270,10,0.0,10000.0,1.0,1.0,23.597999572753906,0.0,0.0
product.QMD.managed.CWHvm_CW_HW_M.CC,28,280,10,0.0,10000.0,1.0,1.0,22.874000549316406,0.0,0.0
product.QMD.managed.CWHvm_CW_HW_M.CC,29,290,10,0.0,10000.0,1.0,1.0,23.45400047302246,0.0,0.0
product.QMD.managed.CWHvm_CW_HW_M.CC,30,300,10,0.0,10000.0,1.0,1.0,24.507999420166016,0.0,0.0
product.QMD.managed.CWHvm_DR_HW_M.CC,0,0,10,0.0,10000.0,1.0,1.0,0.0,0.0,0.0
product.QMD.managed.CWHvm_DR_HW_M.CC,1,10,10,0.0,10000.0,1.0,1.0,0.0,0.0,0.0
product.QMD.managed.CWHvm_DR_HW_M.CC,2,20,10,0.0,10000.0,1.0,1.0,27.57200050354004,0.0,0.0
product.QMD.managed.CWHvm_DR_HW_M.CC,3,30,10,0.0,10000.0,1.0,1.0,0.0,0.0,0.0
product.QMD.managed.CWHvm_DR_HW_M.CC,4,40,10,0.0,10000.0,1.0,1.0,28.10099983215332,0.0,0.0
product.QMD.managed.CWHvm_DR_HW_M.CC,5,50,10,0.0,10000.0,1.0,1.0,29.350000381469727,0.0,0.0
product.QMD.managed.CWHvm_DR_HW_M.CC,6,60,10,0.0,10000.0,1.0,1.0,29.66699981689453,0.0,0.0
product.QMD.managed.CWHvm_DR_HW_M.CC,7,70,10,0.0,10000.0,1.0,1.0,0.0,0.0,0.0
product.QMD.managed.CWHvm_DR_HW_M.CC,8,80,10,0.0,10000.0,1.0,1.0,30.259000778198242,0.0,0.0
product.QMD.managed.CWHvm_DR_HW_M.CC,9,90,10,0.0,10000.0,1.0,1.0,0.0,0.0,0.0
product.QMD.managed.CWHvm_DR_HW_M.CC,10,100,10,0.0,10000.0,1.0,1.0,0.0,0.0,0.0
product.QMD.managed.CWHvm_DR_HW_M.CC,11,110,10,0.0,10000.0,1.0,1.0,0.0,0.0,0.0
product.QMD.managed.CWHvm_DR_HW_M.CC,12,120,10,0.0,10000.0,1.0,1.0,28.809999465942383,0.0,0.0
product.QMD.managed.CWHvm_DR_HW_M.CC,13,130,10,0.0,10000.0,1.0,1.0,28.72599983215332,0.0,0.0
product.QMD.managed.CWHvm_DR_HW_M.CC,14,140,10,0.0,10000.0,1.0,1.0,0.0,0.0,0.0
product.QMD.managed.CWHvm_DR_HW_M.CC,15,150,10,0.0,10000.0,1.0,1.0,0.0,0.0,0.0
product.QMD.managed.CWHvm_DR_HW_M.CC,16,160,10,0.0,10000.0,1.0,1.0,29.857999801635742,0.0,0.0
product.QMD.managed.CWHvm_DR_HW_M.CC,17,170,10,0.0,10000.0,1.0,1.0,30.097999572753906,0.0,0.0
product.QMD.managed.CWHvm_DR_HW_M.CC,18,180,10,0.0,10000.0,1.0,1.0,0.0,0.0,0.0
product.QMD.managed.CWHvm_DR_HW_M.CC,19,190,10,0.0,10000.0,1.0,1.0,0.0,0.0,0.0
product.QMD.managed.CWHvm_DR_HW_M.CC,20,200,10,0.0,10000.0,1.0,1.0,30.204999923706055,0.0,0.0
product.QMD.managed.CWHvm_DR_HW_M.CC,21,210,10,0.0,10000.0,1.0,1.0,29.02199935913086,0.0,0.0
product.QMD.managed.CWHvm_DR_HW_M.CC,22,220,10,0.0,10000.0,1.0,1.0,28.499000549316406,0.0,0.0
product.QMD.managed.CWHvm_DR_HW_M.CC,23,230,10,0.0,10000.0,1.0,1.0,0.0,0.0,0.0
product.QMD.managed.CWHvm_DR_HW_M.CC,24,240,10,0.0,10000.0,1.0,1.0,0.0,0.0,0.0
product.QMD.managed.CWHvm_DR_HW_M.CC,25,250,10,0.0,10000.0,1.0,1.0,29.434999465942383,0.0,0.0
product.QMD.managed.CWHvm_DR_HW_M.CC,26,260,10,0.0,10000.0,1.0,1.0,29.799999237060547,0.0,0.0
product.QMD.managed.CWHvm_DR_HW_M.CC,27,270,10,0.0,10000.0,1.0,1.0,28.66200065612793,0.0,0.0
product.QMD.managed.CWHvm_DR_HW_M.CC,28,280,10,0.0,10000.0,1.0,1.0,28.304000854492188,0.0,0.0
product.QMD.managed.CWHvm_DR_HW_M.CC,29,290,10,0.0,10000.0,1.0,1.0,0.0,0.0,0.0
product.QMD.managed.CWHvm_DR_HW_M.CC,30,300,10,0.0,10000.0,1.0,1.0,28.711999893188477,0.0,0.0
product.QMD.managed.CWHvm_FDC_HW_H.CC,0,0,10,0.0,10000.0,1.0,1.0,0.0,0.0,0.0
product.QMD.managed.CWHvm_FDC_HW_H.CC,1,10,10,0.0,10000.0,1.0,1.0,31.420000076293945,0.0,0.0
product.QMD.managed.CWHvm_FDC_HW_H.CC,2,20,10,0.0,10000.0,1.0,1.0,32.04899978637695,0.0,0.0
product.QMD.managed.CWHvm_FDC_HW_H.CC,3,30,10,0.0,10000.0,1.0,1.0,32.80699920654297,0.0,0.0
product.QMD.managed.CWHvm_FDC_HW_H.CC,4,40,10,0.0,10000.0,1.0,1.0,33.29899978637695,0.0,0.0
product.QMD.managed.CWHvm_FDC_HW_H.CC,5,50,10,0.0,10000.0,1.0,1.0,0.0,0.0,0.0
product.QMD.managed.CWHvm_FDC_HW_H.CC,6,60,10,0.0,10000.0,1.0,1.0,33.62099838256836,0.0,0.0
product.QMD.managed.CWHvm_FDC_HW_H.CC,7,70,10,0.0,10000.0,1.0,1.0,33.939998626708984,0.0,0.0
product.QMD.managed.CWHvm_FDC_HW_H.CC,8,80,10,0.0,10000.0,1.0,1.0,31.277999877929688,0.0,0.0
product.QMD.managed.CWHvm_FDC_HW_H.CC,9,90,10,0.0,10000.0,1.0,1.0,32.130001068115234,0.0,0.0
product.QMD.managed.CWHvm_FDC_HW_H.CC,10,100,10,0.0,10000.0,1.0,1.0,32.79999923706055,0.0,0.0
product.QMD.managed.CWHvm_FDC_HW_H.CC,11,110,10,0.0,10000.0,1.0,1.0,32.92399978637695,0.0,0.0
product.QMD.managed.CWHvm_FDC_HW_H.CC,12,120,10,0.0,10000.0,1.0,1.0,33.249000549316406,0.0,0.0
product.QMD.managed.CWHvm_FDC_HW_H.CC,13,130,10,0.0,10000.0,1.0,1.0,0.0,0.0,0.0
product.QMD.managed.CWHvm_FDC_HW_H.CC,14,140,10,0.0,10000.0,1.0,1.0,32.709999084472656,0.0,0.0
product.QMD.managed.CWHvm_FDC_HW_H.CC,15,150,10,0.0,10000.0,1.0,1.0,31.69099998474121,0.0,0.0
product.QMD.managed.CWHvm_FDC_HW_H.CC,16,160,10,0.0,10000.0,1.0,1.0,31.899999618530273,0.0,0.0
product.QMD.managed.CWHvm_FDC_HW_H.CC,17,170,10,0.0,10000.0,1.0,1.0,32.439998626708984,0.0,0.0
product.QMD.managed.CWHvm_FDC_HW_H.CC,18,180,10,0.0,10000.0,1.0,1.0,32.849998474121094,0.0,0.0
product.QMD.managed.CWHvm_FDC_HW_H.CC,19,190,10,0.0,10000.0,1.0,1.0,32.94900131225586,0.0,0.0
product.QMD.managed.CWHvm_FDC_HW_H.CC,20,200,10,0.0,10000.0,1.0,1.0,0.0,0.0,0.0
product.QMD.managed.CWHvm_FDC_HW_H.CC,21,210,10,0.0,10000.0,1.0,1.0,31.843000411987305,0.0,0.0
product.QMD.managed.CWHvm_FDC_HW_H.CC,22,220,10,0.0,10000.0,1.0,1.0,32.76900100708008,0.0,0.0
product.QMD.managed.CWHvm_FDC_HW_H.CC,23,230,10,0.0,10000.0,1.0,1.0,0.0,0.0,0.0
product.QMD.managed.CWHvm_FDC_HW_H.CC,24,240,10,0.0,10000.0,1.0,1.0,32.25600051879883,0.0,0.0
product.QMD.managed.CWHvm_FDC_HW_H.CC,25,250,10,0.0,10000.0,1.0,1.0,0.0,0.0,0.0
product.QMD.managed.CWHvm_FDC_HW_H.CC,26,260,10,0.0,10000.0,1.0,1.0,30.319000244140625,0.0,0.0
product.QMD.managed.CWHvm_FDC_HW_H.CC,27,270,10,0.0,10000.0,1.0,1.0,32.321998596191406,0.0,0.0
product.QMD.managed.CWHvm_FDC_HW_H.CC,28,280,10,0.0,10000.0,1.0,1.0,31.790000915527344,0.0,0.0
product.QMD.managed.CWHvm_FDC_HW_H.CC,29,290,10,0.0,10000.0,1.0,1.0,32.89899826049805,0.0,0.0
product.QMD.managed.CWHvm_FDC_HW_H.CC,30,300,10,0.0,10000.0,1.0,1.0,31.003999710083008,0.0,0.0
product.QMD.managed.CWHvm_FDC_HW_L.CC,0,0,10,0.0,10000.0,1.0,1.0,0.0,0.0,0.0
product.QMD.managed.CWHvm_FDC_HW_L.CC,1,10,10,0.0,10000.0,1.0,1.0,27.739999771118164,0.0,0.0
product.QMD.managed.CWHvm_FDC_HW_L.CC,2,20,10,0.0,10000.0,1.0,1.0,0.0,0.0,0.0
product.QMD.managed.CWHvm_FDC_HW_L.CC,3,30,10,0.0,10000.0,1.0,1.0,0.0,0.0,0.0
product.QMD.managed.CWHvm_FDC_HW_L.CC,4,40,10,0.0,10000.0,1.0,1.0,25.322999954223633,0.0,0.0
product.QMD.managed.CWHvm_FDC_HW_L.CC,5,50,10,0.0,10000.0,1.0,1.0,0.0,0.0,0.0
product.QMD.managed.CWHvm_FDC_HW_L.CC,6,60,10,0.0,10000.0,1.0,1.0,0.0,0.0,0.0
product.QMD.managed.CWHvm_FDC_HW_L.CC,7,70,10,0.0,10000.0,1.0,1.0,0.0,0.0,0.0
product.QMD.managed.CWHvm_FDC_HW_L.CC,8,80,10,0.0,10000.0,1.0,1.0,0.0,0.0,0.0
product.QMD.managed.CWHvm_FDC_HW_L.CC,9,90,10,0.0,10000.0,1.0,1.0,0.0,0.0,0.0
product.QMD.managed.CWHvm_FDC_HW_L.CC,10,100,10,0.0,10000.0,1.0,1.0,25.940000534057617,0.0,0.0
product.QMD.managed.CWHvm_FDC_HW_L.CC,11,110,10,0.0,10000.0,1.0,1.0,0.0,0.0,0.0
product.QMD.managed.CWHvm_FDC_HW_L.CC,12,120,10,0.0,10000.0,1.0,1.0,0.0,0.0,0.0
product.QMD.managed.CWHvm_FDC_HW_L.CC,13,130,10,0.0,10000.0,1.0,1.0,25.482999801635742,0.0,0.0
product.QMD.managed.CWHvm_FDC_HW_L.CC,14,140,10,0.0,10000.0,1.0,1.0,0.0,0.0,0.0
product.QMD.managed.CWHvm_FDC_HW_L.CC,15,150,10,0.0,10000.0,1.0,1.0,0.0,0.0,0.0
product.QMD.managed.CWHvm_FDC_HW_L.CC,16,160,10,0.0,10000.0,1.0,1.0,0.0,0.0,0.0
product.QMD.managed.CWHvm_FDC_HW_L.CC,17,170,10,0.0,10000.0,1.0,1.0,0.0,0.0,0.0
product.QMD.managed.CWHvm_FDC_HW_L.CC,18,180,10,0.0,10000.0,1.0,1.0,0.0,0.0,0.0
product.QMD.managed.CWHvm_FDC_HW_L.CC,19,190,10,0.0,10000.0,1.0,1.0,26.079999923706055,0.0,0.0
product.QMD.managed.CWHvm_FDC_HW_L.CC,20,200,10,0.0,10000.0,1.0,1.0,0.0,0.0,0.0
product.QMD.managed.CWHvm_FDC_HW_L.CC,21,210,10,0.0,10000.0,1.0,1.0,0.0,0.0,0.0
product.QMD.managed.CWHvm_FDC_HW_L.CC,22,220,10,0.0,10000.0,1.0,1.0,25.722999572753906,0.0,0.0
product.QMD.managed.CWHvm_FDC_HW_L.CC,23,230,10,0.0,10000.0,1.0,1.0,0.0,0.0,0.0
product.QMD.managed.CWHvm_FDC_HW_L.CC,24,240,10,0.0,10000.0,1.0,1.0,0.0,0.0,0.0
product.QMD.managed.CWHvm_FDC_HW_L.CC,25,250,10,0.0,10000.0,1.0,1.0,0.0,0.0,0.0
product.QMD.managed.CWHvm_FDC_HW_L.CC,26,260,10,0.0,10000.0,1.0,1.0,0.0,0.0,0.0
product.QMD.managed.CWHvm_FDC_HW_L.CC,27,270,10,0.0,10000.0,1.0,1.0,0.0,0.0,0.0
product.QMD.managed.CWHvm_FDC_HW_L.CC,28,280,10,0.0,10000.0,1.0,1.0,26.010000228881836,0.0,0.0
product.QMD.managed.CWHvm_FDC_HW_L.CC,29,290,10,0.0,10000.0,1.0,1.0,0.0,0.0,0.0
product.QMD.managed.CWHvm_FDC_HW_L.CC,30,300,10,0.0,10000.0,1.0,1.0,25.64299964904785,0.0,0.0
product.QMD.managed.CWHvm_FDC_HW_M.CC,0,0,10,0.0,10000.0,1.0,1.0,0.0,0.0,0.0
product.QMD.managed.CWHvm_FDC_HW_M.CC,1,10,10,0.0,10000.0,1.0,1.0,0.0,0.0,0.0
product.QMD.managed.CWHvm_FDC_HW_M.CC,2,20,10,0.0,10000.0,1.0,1.0,30.569000244140625,0.0,0.0
product.QMD.managed.CWHvm_FDC_HW_M.CC,3,30,10,0.0,10000.0,1.0,1.0,32.207000732421875,0.0,0.0
product.QMD.managed.CWHvm_FDC_HW_M.CC,4,40,10,0.0,10000.0,1.0,1.0,32.39699935913086,0.0,0.0
product.QMD.managed.CWHvm_FDC_HW_M.CC,5,50,10,0.0,10000.0,1.0,1.0,0.0,0.0,0.0
product.QMD.managed.CWHvm_FDC_HW_M.CC,6,60,10,0.0,10000.0,1.0,1.0,0.0,0.0,0.0
product.QMD.managed.CWHvm_FDC_HW_M.CC,7,70,10,0.0,10000.0,1.0,1.0,0.0,0.0,0.0
product.QMD.managed.CWHvm_FDC_HW_M.CC,8,80,10,0.0,10000.0,1.0,1.0,0.0,0.0,0.0
product.QMD.managed.CWHvm_FDC_HW_M.CC,9,90,10,0.0,10000.0,1.0,1.0,30.698999404907227,0.0,0.0
product.QMD.managed.CWHvm_FDC_HW_M.CC,10,100,10,0.0,10000.0,1.0,1.0,31.60099983215332,0.0,0.0
product.QMD.managed.CWHvm_FDC_HW_M.CC,11,110,10,0.0,10000.0,1.0,1.0,31.700000762939453,0.0,0.0
product.QMD.managed.CWHvm_FDC_HW_M.CC,12,120,10,0.0,10000.0,1.0,1.0,31.906999588012695,0.0,0.0
product.QMD.managed.CWHvm_FDC_HW_M.CC,13,130,10,0.0,10000.0,1.0,1.0,0.0,0.0,0.0
product.QMD.managed.CWHvm_FDC_HW_M.CC,14,140,10,0.0,10000.0,1.0,1.0,0.0,0.0,0.0
product.QMD.managed.CWHvm_FDC_HW_M.CC,15,150,10,0.0,10000.0,1.0,1.0,0.0,0.0,0.0
product.QMD.managed.CWHvm_FDC_HW_M.CC,16,160,10,0.0,10000.0,1.0,1.0,30.89900016784668,0.0,0.0
product.QMD.managed.CWHvm_FDC_HW_M.CC,17,170,10,0.0,10000.0,1.0,1.0,0.0,0.0,0.0
product.QMD.managed.CWHvm_FDC_HW_M.CC,18,180,10,0.0,10000.0,1.0,1.0,31.701000213623047,0.0,0.0
product.QMD.managed.CWHvm_FDC_HW_M.CC,19,190,10,0.0,10000.0,1.0,1.0,31.700000762939453,0.0,0.0
product.QMD.managed.CWHvm_FDC_HW_M.CC,20,200,10,0.0,10000.0,1.0,1.0,31.69700050354004,0.0,0.0
product.QMD.managed.CWHvm_FDC_HW_M.CC,21,210,10,0.0,10000.0,1.0,1.0,0.0,0.0,0.0
product.QMD.managed.CWHvm_FDC_HW_M.CC,22,220,10,0.0,10000.0,1.0,1.0,0.0,0.0,0.0
product.QMD.managed.CWHvm_FDC_HW_M.CC,23,230,10,0.0,10000.0,1.0,1.0,30.89900016784668,0.0,0.0
product.QMD.managed.CWHvm_FDC_HW_M.CC,24,240,10,0.0,10000.0,1.0,1.0,0.0,0.0,0.0
product.QMD.managed.CWHvm_FDC_HW_M.CC,25,250,10,0.0,10000.0,1.0,1.0,0.0,0.0,0.0
product.QMD.managed.CWHvm_FDC_HW_M.CC,26,260,10,0.0,10000.0,1.0,1.0,31.200000762939453,0.0,0.0
product.QMD.managed.CWHvm_FDC_HW_M.CC,27,270,10,0.0,10000.0,1.0,1.0,32.4010009765625,0.0,0.0
product.QMD.managed.CWHvm_FDC_HW_M.CC,28,280,10,0.0,10000.0,1.0,1.0,31.69700050354004,0.0,0.0
product.QMD.managed.CWHvm_FDC_HW_M.CC,29,290,10,0.0,10000.0,1.0,1.0,29.91900062561035,0.0,0.0
product.QMD.managed.CWHvm_FDC_HW_M.CC,30,300,10,0.0,10000.0,1.0,1.0,0.0,0.0,0.0
product.QMD.managed.CWHvm_HW_BA_M.CC,0,0,10,0.0,10000.0,1.0,1.0,0.0,0.0,0.0
product.QMD.managed.CWHvm_HW_BA_M.CC,1,10,10,0.0,10000.0,1.0,1.0,30.29599952697754,0.0,0.0
product.QMD.managed.CWHvm_HW_BA_M.CC,2,20,10,0.0,10000.0,1.0,1.0,0.0,0.0,0.0
product.QMD.managed.CWHvm_HW_BA_M.CC,3,30,10,0.0,10000.0,1.0,1.0,0.0,0.0,0.0
product.QMD.managed.CWHvm_HW_BA_M.CC,4,40,10,0.0,10000.0,1.0,1.0,0.0,0.0,0.0
product.QMD.managed.CWHvm_HW_BA_M.CC,5,50,10,0.0,10000.0,1.0,1.0,0.0,0.0,0.0
product.QMD.managed.CWHvm_HW_BA_M.CC,6,60,10,0.0,10000.0,1.0,1.0,0.0,0.0,0.0
product.QMD.managed.CWHvm_HW_BA_M.CC,7,70,10,0.0,10000.0,1.0,1.0,0.0,0.0,0.0
product.QMD.managed.CWHvm_HW_BA_M.CC,8,80,10,0.0,10000.0,1.0,1.0,0.0,0.0,0.0
product.QMD.managed.CWHvm_HW_BA_M.CC,9,90,10,0.0,10000.0,1.0,1.0,0.0,0.0,0.0
product.QMD.managed.CWHvm_HW_BA_M.CC,10,100,10,0.0,10000.0,1.0,1.0,27.461999893188477,0.0,0.0
product.QMD.managed.CWHvm_HW_BA_M.CC,11,110,10,0.0,10000.0,1.0,1.0,28.00200080871582,0.0,0.0
product.QMD.managed.CWHvm_HW_BA_M.CC,12,120,10,0.0,10000.0,1.0,1.0,0.0,0.0,0.0
product.QMD.managed.CWHvm_HW_BA_M.CC,13,130,10,0.0,10000.0,1.0,1.0,0.0,0.0,0.0
product.QMD.managed.CWHvm_HW_BA_M.CC,14,140,10,0.0,10000.0,1.0,1.0,0.0,0.0,0.0
product.QMD.managed.CWHvm_HW_BA_M.CC,15,150,10,0.0,10000.0,1.0,1.0,0.0,0.0,0.0
product.QMD.managed.CWHvm_HW_BA_M.CC,16,160,10,0.0,10000.0,1.0,1.0,0.0,0.0,0.0
product.QMD.managed.CWHvm_HW_BA_M.CC,17,170,10,0.0,10000.0,1.0,1.0,0.0,0.0,0.0
product.QMD.managed.CWHvm_HW_BA_M.CC,18,180,10,0.0,10000.0,1.0,1.0,27.0,0.0,0.0
product.QMD.managed.CWHvm_HW_BA_M.CC,19,190,10,0.0,10000.0,1.0,1.0,0.0,0.0,0.0
product.QMD.managed.CWHvm_HW_BA_M.CC,20,200,10,0.0,10000.0,1.0,1.0,27.822999954223633,0.0,0.0
product.QMD.managed.CWHvm_HW_BA_M.CC,21,210,10,0.0,10000.0,1.0,1.0,28.00200080871582,0.0,0.0
product.QMD.managed.CWHvm_HW_BA_M.CC,22,220,10,0.0,10000.0,1.0,1.0,0.0,0.0,0.0
product.QMD.managed.CWHvm_HW_BA_M.CC,23,230,10,0.0,10000.0,1.0,1.0,0.0,0.0,0.0
product.QMD.managed.CWHvm_HW_BA_M.CC,24,240,10,0.0,10000.0,1.0,1.0,0.0,0.0,0.0
product.QMD.managed.CWHvm_HW_BA_M.CC,25,250,10,0.0,10000.0,1.0,1.0,0.0,0.0,0.0
product.QMD.managed.CWHvm_HW_BA_M.CC,26,260,10,0.0,10000.0,1.0,1.0,0.0,0.0,0.0
product.QMD.managed.CWHvm_HW_BA_M.CC,27,270,10,0.0,10000.0,1.0,1.0,27.100000381469727,0.0,0.0
product.QMD.managed.CWHvm_HW_BA_M.CC,28,280,10,0.0,10000.0,1.0,1.0,0.0,0.0,0.0
product.QMD.managed.CWHvm_HW_BA_M.CC,29,290,10,0.0,10000.0,1.0,1.0,27.46299934387207,0.0,0.0
product.QMD.managed.CWHvm_HW_BA_M.CC,30,300,10,0.0,10000.0,1.0,1.0,27.91200065612793,0.0,0.0
product.QMD.managed.CWHvm_HW_CW_H.CC,0,0,10,0.0,10000.0,1.0,1.0,0.0,0.0,0.0
product.QMD.managed.CWHvm_HW_CW_H.CC,1,10,10,0.0,10000.0,1.0,1.0,30.718000411987305,0.0,0.0
product.QMD.managed.CWHvm_HW_CW_H.CC,2,20,10,0.0,10000.0,1.0,1.0,30.297000885009766,0.0,0.0
product.QMD.managed.CWHvm_HW_CW_H.CC,3,30,10,0.0,10000.0,1.0,1.0,0.0,0.0,0.0
product.QMD.managed.CWHvm_HW_CW_H.CC,4,40,10,0.0,10000.0,1.0,1.0,31.121000289916992,0.0,0.0
product.QMD.managed.CWHvm_HW_CW_H.CC,5,50,10,0.0,10000.0,1.0,1.0,0.0,0.0,0.0
product.QMD.managed.CWHvm_HW_CW_H.CC,6,60,10,0.0,10000.0,1.0,1.0,31.538999557495117,0.0,0.0
product.QMD.managed.CWHvm_HW_CW_H.CC,7,70,10,0.0,10000.0,1.0,1.0,30.39900016784668,0.0,0.0
product.QMD.managed.CWHvm_HW_CW_H.CC,8,80,10,0.0,10000.0,1.0,1.0,30.555999755859375,0.0,0.0
product.QMD.managed.CWHvm_HW_CW_H.CC,9,90,10,0.0,10000.0,1.0,1.0,0.0,0.0,0.0
product.QMD.managed.CWHvm_HW_CW_H.CC,10,100,10,0.0,10000.0,1.0,1.0,29.045000076293945,0.0,0.0
product.QMD.managed.CWHvm_HW_CW_H.CC,11,110,10,0.0,10000.0,1.0,1.0,29.229000091552734,0.0,0.0
product.QMD.managed.CWHvm_HW_CW_H.CC,12,120,10,0.0,10000.0,1.0,1.0,0.0,0.0,0.0
product.QMD.managed.CWHvm_HW_CW_H.CC,13,130,10,0.0,10000.0,1.0,1.0,0.0,0.0,0.0
product.QMD.managed.CWHvm_HW_CW_H.CC,14,140,10,0.0,10000.0,1.0,1.0,0.0,0.0,0.0
product.QMD.managed.CWHvm_HW_CW_H.CC,15,150,10,0.0,10000.0,1.0,1.0,0.0,0.0,0.0
product.QMD.managed.CWHvm_HW_CW_H.CC,16,160,10,0.0,10000.0,1.0,1.0,30.04599952697754,0.0,0.0
product.QMD.managed.CWHvm_HW_CW_H.CC,17,170,10,0.0,10000.0,1.0,1.0,0.0,0.0,0.0
product.QMD.managed.CWHvm_HW_CW_H.CC,18,180,10,0.0,10000.0,1.0,1.0,0.0,0.0,0.0
product.QMD.managed.CWHvm_HW_CW_H.CC,19,190,10,0.0,10000.0,1.0,1.0,30.152999877929688,0.0,0.0
product.QMD.managed.CWHvm_HW_CW_H.CC,20,200,10,0.0,10000.0,1.0,1.0,30.395999908447266,0.0,0.0
product.QMD.managed.CWHvm_HW_CW_H.CC,21,210,10,0.0,10000.0,1.0,1.0,29.160999298095703,0.0,0.0
product.QMD.managed.CWHvm_HW_CW_H.CC,22,220,10,0.0,10000.0,1.0,1.0,0.0,0.0,0.0
product.QMD.managed.CWHvm_HW_CW_H.CC,23,230,10,0.0,10000.0,1.0,1.0,0.0,0.0,0.0
product.QMD.managed.CWHvm_HW_CW_H.CC,24,240,10,0.0,10000.0,1.0,1.0,0.0,0.0,0.0
product.QMD.managed.CWHvm_HW_CW_H.CC,25,250,10,0.0,10000.0,1.0,1.0,0.0,0.0,0.0
product.QMD.managed.CWHvm_HW_CW_H.CC,26,260,10,0.0,10000.0,1.0,1.0,29.358999252319336,0.0,0.0
product.QMD.managed.CWHvm_HW_CW_H.CC,27,270,10,0.0,10000.0,1.0,1.0,0.0,0.0,0.0
product.QMD.managed.CWHvm_HW_CW_H.CC,28,280,10,0.0,10000.0,1.0,1.0,29.62299919128418,0.0,0.0
product.QMD.managed.CWHvm_HW_CW_H.CC,29,290,10,0.0,10000.0,1.0,1.0,29.55500030517578,0.0,0.0
product.QMD.managed.CWHvm_HW_CW_H.CC,30,300,10,0.0,10000.0,1.0,1.0,29.325000762939453,0.0,0.0
product.QMD.managed.CWHvm_HW_CW_L.CC,0,0,10,0.0,10000.0,1.0,1.0,0.0,0.0,0.0
product.QMD.managed.CWHvm_HW_CW_L.CC,1,10,10,0.0,10000.0,1.0,1.0,26.631999969482422,0.0,0.0
product.QMD.managed.CWHvm_HW_CW_L.CC,2,20,10,0.0,10000.0,1.0,1.0,0.0,0.0,0.0
product.QMD.managed.CWHvm_HW_CW_L.CC,3,30,10,0.0,10000.0,1.0,1.0,0.0,0.0,0.0
product.QMD.managed.CWHvm_HW_CW_L.CC,4,40,10,0.0,10000.0,1.0,1.0,23.900999069213867,0.0,0.0
product.QMD.managed.CWHvm_HW_CW_L.CC,5,50,10,0.0,10000.0,1.0,1.0,0.0,0.0,0.0
product.QMD.managed.CWHvm_HW_CW_L.CC,6,60,10,0.0,10000.0,1.0,1.0,0.0,0.0,0.0
product.QMD.managed.CWHvm_HW_CW_L.CC,7,70,10,0.0,10000.0,1.0,1.0,0.0,0.0,0.0
product.QMD.managed.CWHvm_HW_CW_L.CC,8,80,10,0.0,10000.0,1.0,1.0,0.0,0.0,0.0
product.QMD.managed.CWHvm_HW_CW_L.CC,9,90,10,0.0,10000.0,1.0,1.0,0.0,0.0,0.0
product.QMD.managed.CWHvm_HW_CW_L.CC,10,100,10,0.0,10000.0,1.0,1.0,0.0,0.0,0.0
product.QMD.managed.CWHvm_HW_CW_L.CC,11,110,10,0.0,10000.0,1.0,1.0,0.0,0.0,0.0
product.QMD.managed.CWHvm_HW_CW_L.CC,12,120,10,0.0,10000.0,1.0,1.0,0.0,0.0,0.0
product.QMD.managed.CWHvm_HW_CW_L.CC,13,130,10,0.0,10000.0,1.0,1.0,0.0,0.0,0.0
product.QMD.managed.CWHvm_HW_CW_L.CC,14,140,10,0.0,10000.0,1.0,1.0,23.902000427246094,0.0,0.0
product.QMD.managed.CWHvm_HW_CW_L.CC,15,150,10,0.0,10000.0,1.0,1.0,0.0,0.0,0.0
product.QMD.managed.CWHvm_HW_CW_L.CC,16,160,10,0.0,10000.0,1.0,1.0,24.795000076293945,0.0,0.0
product.QMD.managed.CWHvm_HW_CW_L.CC,17,170,10,0.0,10000.0,1.0,1.0,23.85099983215332,0.0,0.0
product.QMD.managed.CWHvm_HW_CW_L.CC,18,180,10,0.0,10000.0,1.0,1.0,0.0,0.0,0.0
product.QMD.managed.CWHvm_HW_CW_L.CC,19,190,10,0.0,10000.0,1.0,1.0,0.0,0.0,0.0
product.QMD.managed.CWHvm_HW_CW_L.CC,20,200,10,0.0,10000.0,1.0,1.0,0.0,0.0,0.0
product.QMD.managed.CWHvm_HW_CW_L.CC,21,210,10,0.0,10000.0,1.0,1.0,0.0,0.0,0.0
product.QMD.managed.CWHvm_HW_CW_L.CC,22,220,10,0.0,10000.0,1.0,1.0,0.0,0.0,0.0
product.QMD.managed.CWHvm_HW_CW_L.CC,23,230,10,0.0,10000.0,1.0,1.0,0.0,0.0,0.0
product.QMD.managed.CWHvm_HW_CW_L.CC,24,240,10,0.0,10000.0,1.0,1.0,0.0,0.0,0.0
product.QMD.managed.CWHvm_HW_CW_L.CC,25,250,10,0.0,10000.0,1.0,1.0,0.0,0.0,0.0
product.QMD.managed.CWHvm_HW_CW_L.CC,26,260,10,0.0,10000.0,1.0,1.0,0.0,0.0,0.0
product.QMD.managed.CWHvm_HW_CW_L.CC,27,270,10,0.0,10000.0,1.0,1.0,0.0,0.0,0.0
product.QMD.managed.CWHvm_HW_CW_L.CC,28,280,10,0.0,10000.0,1.0,1.0,24.761999130249023,0.0,0.0
product.QMD.managed.CWHvm_HW_CW_L.CC,29,290,10,0.0,10000.0,1.0,1.0,23.801000595092773,0.0,0.0
product.QMD.managed.CWHvm_HW_CW_L.CC,30,300,10,0.0,10000.0,1.0,1.0,24.756000518798828,0.0,0.0
product.QMD.managed.CWHvm_HW_CW_M.CC,0,0,10,0.0,10000.0,1.0,1.0,0.0,0.0,0.0
product.QMD.managed.CWHvm_HW_CW_M.CC,1,10,10,0.0,10000.0,1.0,1.0,30.261999130249023,0.0,0.0
product.QMD.managed.CWHvm_HW_CW_M.CC,2,20,10,0.0,10000.0,1.0,1.0,0.0,0.0,0.0
product.QMD.managed.CWHvm_HW_CW_M.CC,3,30,10,0.0,10000.0,1.0,1.0,29.099000930786133,0.0,0.0
product.QMD.managed.CWHvm_HW_CW_M.CC,4,40,10,0.0,10000.0,1.0,1.0,30.839000701904297,0.0,0.0
product.QMD.managed.CWHvm_HW_CW_M.CC,5,50,10,0.0,10000.0,1.0,1.0,0.0,0.0,0.0
product.QMD.managed.CWHvm_HW_CW_M.CC,6,60,10,0.0,10000.0,1.0,1.0,0.0,0.0,0.0
product.QMD.managed.CWHvm_HW_CW_M.CC,7,70,10,0.0,10000.0,1.0,1.0,0.0,0.0,0.0
product.QMD.managed.CWHvm_HW_CW_M.CC,8,80,10,0.0,10000.0,1.0,1.0,0.0,0.0,0.0
product.QMD.managed.CWHvm_HW_CW_M.CC,9,90,10,0.0,10000.0,1.0,1.0,0.0,0.0,0.0
product.QMD.managed.CWHvm_HW_CW_M.CC,10,100,10,0.0,10000.0,1.0,1.0,0.0,0.0,0.0
product.QMD.managed.CWHvm_HW_CW_M.CC,11,110,10,0.0,10000.0,1.0,1.0,0.0,0.0,0.0
product.QMD.managed.CWHvm_HW_CW_M.CC,12,120,10,0.0,10000.0,1.0,1.0,0.0,0.0,0.0
product.QMD.managed.CWHvm_HW_CW_M.CC,13,130,10,0.0,10000.0,1.0,1.0,28.601999282836914,0.0,0.0
product.QMD.managed.CWHvm_HW_CW_M.CC,14,140,10,0.0,10000.0,1.0,1.0,0.0,0.0,0.0
product.QMD.managed.CWHvm_HW_CW_M.CC,15,150,10,0.0,10000.0,1.0,1.0,28.510000228881836,0.0,0.0
product.QMD.managed.CWHvm_HW_CW_M.CC,16,160,10,0.0,10000.0,1.0,1.0,29.40399932861328,0.0,0.0
product.QMD.managed.CWHvm_HW_CW_M.CC,17,170,10,0.0,10000.0,1.0,1.0,29.125999450683594,0.0,0.0
product.QMD.managed.CWHvm_HW_CW_M.CC,18,180,10,0.0,10000.0,1.0,1.0,0.0,0.0,0.0
product.QMD.managed.CWHvm_HW_CW_M.CC,19,190,10,0.0,10000.0,1.0,1.0,0.0,0.0,0.0
product.QMD.managed.CWHvm_HW_CW_M.CC,20,200,10,0.0,10000.0,1.0,1.0,0.0,0.0,0.0
product.QMD.managed.CWHvm_HW_CW_M.CC,21,210,10,0.0,10000.0,1.0,1.0,0.0,0.0,0.0
product.QMD.managed.CWHvm_HW_CW_M.CC,22,220,10,0.0,10000.0,1.0,1.0,0.0,0.0,0.0
product.QMD.managed.CWHvm_HW_CW_M.CC,23,230,10,0.0,10000.0,1.0,1.0,0.0,0.0,0.0
product.QMD.managed.CWHvm_HW_CW_M.CC,24,240,10,0.0,10000.0,1.0,1.0,0.0,0.0,0.0
product.QMD.managed.CWHvm_HW_CW_M.CC,25,250,10,0.0,10000.0,1.0,1.0,28.70199966430664,0.0,0.0
product.QMD.managed.CWHvm_HW_CW_M.CC,26,260,10,0.0,10000.0,1.0,1.0,28.31999969482422,0.0,0.0
product.QMD.managed.CWHvm_HW_CW_M.CC,27,270,10,0.0,10000.0,1.0,1.0,0.0,0.0,0.0
product.QMD.managed.CWHvm_HW_CW_M.CC,28,280,10,0.0,10000.0,1.0,1.0,29.461000442504883,0.0,0.0
product.QMD.managed.CWHvm_HW_CW_M.CC,29,290,10,0.0,10000.0,1.0,1.0,29.099000930786133,0.0,0.0
product.QMD.managed.CWHvm_HW_CW_M.CC,30,300,10,0.0,10000.0,1.0,1.0,29.55299949645996,0.0,0.0
product.QMD.managed.CWHvm_HW_FDC_H.CC,0,0,10,0.0,10000.0,1.0,1.0,0.0,0.0,0.0
product.QMD.managed.CWHvm_HW_FDC_H.CC,1,10,10,0.0,10000.0,1.0,1.0,35.81999969482422,0.0,0.0
product.QMD.managed.CWHvm_HW_FDC_H.CC,2,20,10,0.0,10000.0,1.0,1.0,35.10599899291992,0.0,0.0
product.QMD.managed.CWHvm_HW_FDC_H.CC,3,30,10,0.0,10000.0,1.0,1.0,34.564998626708984,0.0,0.0
product.QMD.managed.CWHvm_HW_FDC_H.CC,4,40,10,0.0,10000.0,1.0,1.0,34.39799880981445,0.0,0.0
product.QMD.managed.CWHvm_HW_FDC_H.CC,5,50,10,0.0,10000.0,1.0,1.0,35.59199905395508,0.0,0.0
product.QMD.managed.CWHvm_HW_FDC_H.CC,6,60,10,0.0,10000.0,1.0,1.0,35.840999603271484,0.0,0.0
product.QMD.managed.CWHvm_HW_FDC_H.CC,7,70,10,0.0,10000.0,1.0,1.0,0.0,0.0,0.0
product.QMD.managed.CWHvm_HW_FDC_H.CC,8,80,10,0.0,10000.0,1.0,1.0,36.22100067138672,0.0,0.0
product.QMD.managed.CWHvm_HW_FDC_H.CC,9,90,10,0.0,10000.0,1.0,1.0,35.74100112915039,0.0,0.0
product.QMD.managed.CWHvm_HW_FDC_H.CC,10,100,10,0.0,10000.0,1.0,1.0,33.915000915527344,0.0,0.0
product.QMD.managed.CWHvm_HW_FDC_H.CC,11,110,10,0.0,10000.0,1.0,1.0,34.5989990234375,0.0,0.0
product.QMD.managed.CWHvm_HW_FDC_H.CC,12,120,10,0.0,10000.0,1.0,1.0,34.308998107910156,0.0,0.0
product.QMD.managed.CWHvm_HW_FDC_H.CC,13,130,10,0.0,10000.0,1.0,1.0,36.888999938964844,0.0,0.0
product.QMD.managed.CWHvm_HW_FDC_H.CC,14,140,10,0.0,10000.0,1.0,1.0,34.95000076293945,0.0,0.0
product.QMD.managed.CWHvm_HW_FDC_H.CC,15,150,10,0.0,10000.0,1.0,1.0,35.10200119018555,0.0,0.0
product.QMD.managed.CWHvm_HW_FDC_H.CC,16,160,10,0.0,10000.0,1.0,1.0,0.0,0.0,0.0
product.QMD.managed.CWHvm_HW_FDC_H.CC,17,170,10,0.0,10000.0,1.0,1.0,34.736000061035156,0.0,0.0
product.QMD.managed.CWHvm_HW_FDC_H.CC,18,180,10,0.0,10000.0,1.0,1.0,34.31100082397461,0.0,0.0
product.QMD.managed.CWHvm_HW_FDC_H.CC,19,190,10,0.0,10000.0,1.0,1.0,35.167999267578125,0.0,0.0
product.QMD.managed.CWHvm_HW_FDC_H.CC,20,200,10,0.0,10000.0,1.0,1.0,34.13199996948242,0.0,0.0
product.QMD.managed.CWHvm_HW_FDC_H.CC,21,210,10,0.0,10000.0,1.0,1.0,34.73699951171875,0.0,0.0
product.QMD.managed.CWHvm_HW_FDC_H.CC,22,220,10,0.0,10000.0,1.0,1.0,34.70199966430664,0.0,0.0
product.QMD.managed.CWHvm_HW_FDC_H.CC,23,230,10,0.0,10000.0,1.0,1.0,35.01900100708008,0.0,0.0
product.QMD.managed.CWHvm_HW_FDC_H.CC,24,240,10,0.0,10000.0,1.0,1.0,36.198001861572266,0.0,0.0
product.QMD.managed.CWHvm_HW_FDC_H.CC,25,250,10,0.0,10000.0,1.0,1.0,34.2599983215332,0.0,0.0
product.QMD.managed.CWHvm_HW_FDC_H.CC,26,260,10,0.0,10000.0,1.0,1.0,33.69200134277344,0.0,0.0
product.QMD.managed.CWHvm_HW_FDC_H.CC,27,270,10,0.0,10000.0,1.0,1.0,34.792999267578125,0.0,0.0
product.QMD.managed.CWHvm_HW_FDC_H.CC,28,280,10,0.0,10000.0,1.0,1.0,34.54800033569336,0.0,0.0
product.QMD.managed.CWHvm_HW_FDC_H.CC,29,290,10,0.0,10000.0,1.0,1.0,34.03799819946289,0.0,0.0
product.QMD.managed.CWHvm_HW_FDC_H.CC,30,300,10,0.0,10000.0,1.0,1.0,35.185001373291016,0.0,0.0
product.QMD.managed.CWHvm_HW_FDC_L.CC,0,0,10,0.0,10000.0,1.0,1.0,0.0,0.0,0.0
product.QMD.managed.CWHvm_HW_FDC_L.CC,1,10,10,0.0,10000.0,1.0,1.0,28.913999557495117,0.0,0.0
product.QMD.managed.CWHvm_HW_FDC_L.CC,2,20,10,0.0,10000.0,1.0,1.0,30.375999450683594,0.0,0.0
product.QMD.managed.CWHvm_HW_FDC_L.CC,3,30,10,0.0,10000.0,1.0,1.0,29.336000442504883,0.0,0.0
product.QMD.managed.CWHvm_HW_FDC_L.CC,4,40,10,0.0,10000.0,1.0,1.0,0.0,0.0,0.0
product.QMD.managed.CWHvm_HW_FDC_L.CC,5,50,10,0.0,10000.0,1.0,1.0,30.881999969482422,0.0,0.0
product.QMD.managed.CWHvm_HW_FDC_L.CC,6,60,10,0.0,10000.0,1.0,1.0,31.288999557495117,0.0,0.0
product.QMD.managed.CWHvm_HW_FDC_L.CC,7,70,10,0.0,10000.0,1.0,1.0,31.67799949645996,0.0,0.0
product.QMD.managed.CWHvm_HW_FDC_L.CC,8,80,10,0.0,10000.0,1.0,1.0,31.69700050354004,0.0,0.0
product.QMD.managed.CWHvm_HW_FDC_L.CC,9,90,10,0.0,10000.0,1.0,1.0,29.10099983215332,0.0,0.0
product.QMD.managed.CWHvm_HW_FDC_L.CC,10,100,10,0.0,10000.0,1.0,1.0,30.506000518798828,0.0,0.0
product.QMD.managed.CWHvm_HW_FDC_L.CC,11,110,10,0.0,10000.0,1.0,1.0,30.033000946044922,0.0,0.0
product.QMD.managed.CWHvm_HW_FDC_L.CC,12,120,10,0.0,10000.0,1.0,1.0,29.695999145507812,0.0,0.0
product.QMD.managed.CWHvm_HW_FDC_L.CC,13,130,10,0.0,10000.0,1.0,1.0,0.0,0.0,0.0
product.QMD.managed.CWHvm_HW_FDC_L.CC,14,140,10,0.0,10000.0,1.0,1.0,0.0,0.0,0.0
product.QMD.managed.CWHvm_HW_FDC_L.CC,15,150,10,0.0,10000.0,1.0,1.0,31.00200080871582,0.0,0.0
product.QMD.managed.CWHvm_HW_FDC_L.CC,16,160,10,0.0,10000.0,1.0,1.0,31.150999069213867,0.0,0.0
product.QMD.managed.CWHvm_HW_FDC_L.CC,17,170,10,0.0,10000.0,1.0,1.0,0.0,0.0,0.0
product.QMD.managed.CWHvm_HW_FDC_L.CC,18,180,10,0.0,10000.0,1.0,1.0,30.608999252319336,0.0,0.0
product.QMD.managed.CWHvm_HW_FDC_L.CC,19,190,10,0.0,10000.0,1.0,1.0,32.20100021362305,0.0,0.0
product.QMD.managed.CWHvm_HW_FDC_L.CC,20,200,10,0.0,10000.0,1.0,1.0,30.823999404907227,0.0,0.0
product.QMD.managed.CWHvm_HW_FDC_L.CC,21,210,10,0.0,10000.0,1.0,1.0,31.155000686645508,0.0,0.0
product.QMD.managed.CWHvm_HW_FDC_L.CC,22,220,10,0.0,10000.0,1.0,1.0,0.0,0.0,0.0
product.QMD.managed.CWHvm_HW_FDC_L.CC,23,230,10,0.0,10000.0,1.0,1.0,0.0,0.0,0.0
product.QMD.managed.CWHvm_HW_FDC_L.CC,24,240,10,0.0,10000.0,1.0,1.0,0.0,0.0,0.0
product.QMD.managed.CWHvm_HW_FDC_L.CC,25,250,10,0.0,10000.0,1.0,1.0,30.82200050354004,0.0,0.0
product.QMD.managed.CWHvm_HW_FDC_L.CC,26,260,10,0.0,10000.0,1.0,1.0,30.118000030517578,0.0,0.0
product.QMD.managed.CWHvm_HW_FDC_L.CC,27,270,10,0.0,10000.0,1.0,1.0,0.0,0.0,0.0
product.QMD.managed.CWHvm_HW_FDC_L.CC,28,280,10,0.0,10000.0,1.0,1.0,0.0,0.0,0.0
product.QMD.managed.CWHvm_HW_FDC_L.CC,29,290,10,0.0,10000.0,1.0,1.0,30.382999420166016,0.0,0.0
product.QMD.managed.CWHvm_HW_FDC_L.CC,30,300,10,0.0,10000.0,1.0,1.0,30.972999572753906,0.0,0.0
product.QMD.managed.CWHvm_HW_SS_M.CC,0,0,10,0.0,10000.0,1.0,1.0,0.0,0.0,0.0
product.QMD.managed.CWHvm_HW_SS_M.CC,1,10,10,0.0,10000.0,1.0,1.0,0.0,0.0,0.0
product.QMD.managed.CWHvm_HW_SS_M.CC,2,20,10,0.0,10000.0,1.0,1.0,0.0,0.0,0.0
product.QMD.managed.CWHvm_HW_SS_M.CC,3,30,10,0.0,10000.0,1.0,1.0,0.0,0.0,0.0
product.QMD.managed.CWHvm_HW_SS_M.CC,4,40,10,0.0,10000.0,1.0,1.0,33.439998626708984,0.0,0.0
product.QMD.managed.CWHvm_HW_SS_M.CC,5,50,10,0.0,10000.0,1.0,1.0,33.45199966430664,0.0,0.0
product.QMD.managed.CWHvm_HW_SS_M.CC,6,60,10,0.0,10000.0,1.0,1.0,0.0,0.0,0.0
product.QMD.managed.CWHvm_HW_SS_M.CC,7,70,10,0.0,10000.0,1.0,1.0,0.0,0.0,0.0
product.QMD.managed.CWHvm_HW_SS_M.CC,8,80,10,0.0,10000.0,1.0,1.0,36.13999938964844,0.0,0.0
product.QMD.managed.CWHvm_HW_SS_M.CC,9,90,10,0.0,10000.0,1.0,1.0,0.0,0.0,0.0
product.QMD.managed.CWHvm_HW_SS_M.CC,10,100,10,0.0,10000.0,1.0,1.0,0.0,0.0,0.0
product.QMD.managed.CWHvm_HW_SS_M.CC,11,110,10,0.0,10000.0,1.0,1.0,0.0,0.0,0.0
product.QMD.managed.CWHvm_HW_SS_M.CC,12,120,10,0.0,10000.0,1.0,1.0,33.52000045776367,0.0,0.0
product.QMD.managed.CWHvm_HW_SS_M.CC,13,130,10,0.0,10000.0,1.0,1.0,33.53200149536133,0.0,0.0
product.QMD.managed.CWHvm_HW_SS_M.CC,14,140,10,0.0,10000.0,1.0,1.0,0.0,0.0,0.0
product.QMD.managed.CWHvm_HW_SS_M.CC,15,150,10,0.0,10000.0,1.0,1.0,0.0,0.0,0.0
product.QMD.managed.CWHvm_HW_SS_M.CC,16,160,10,0.0,10000.0,1.0,1.0,0.0,0.0,0.0
product.QMD.managed.CWHvm_HW_SS_M.CC,17,170,10,0.0,10000.0,1.0,1.0,0.0,0.0,0.0
product.QMD.managed.CWHvm_HW_SS_M.CC,18,180,10,0.0,10000.0,1.0,1.0,34.81999969482422,0.0,0.0
product.QMD.managed.CWHvm_HW_SS_M.CC,19,190,10,0.0,10000.0,1.0,1.0,0.0,0.0,0.0
product.QMD.managed.CWHvm_HW_SS_M.CC,20,200,10,0.0,10000.0,1.0,1.0,0.0,0.0,0.0
product.QMD.managed.CWHvm_HW_SS_M.CC,21,210,10,0.0,10000.0,1.0,1.0,33.599998474121094,0.0,0.0
product.QMD.managed.CWHvm_HW_SS_M.CC,22,220,10,0.0,10000.0,1.0,1.0,33.45199966430664,0.0,0.0
product.QMD.managed.CWHvm_HW_SS_M.CC,23,230,10,0.0,10000.0,1.0,1.0,0.0,0.0,0.0
product.QMD.managed.CWHvm_HW_SS_M.CC,24,240,10,0.0,10000.0,1.0,1.0,0.0,0.0,0.0
product.QMD.managed.CWHvm_HW_SS_M.CC,25,250,10,0.0,10000.0,1.0,1.0,0.0,0.0,0.0
product.QMD.managed.CWHvm_HW_SS_M.CC,26,260,10,0.0,10000.0,1.0,1.0,33.03900146484375,0.0,0.0
product.QMD.managed.CWHvm_HW_SS_M.CC,27,270,10,0.0,10000.0,1.0,1.0,0.0,0.0,0.0
product.QMD.managed.CWHvm_HW_SS_M.CC,28,280,10,0.0,10000.0,1.0,1.0,0.0,0.0,0.0
product.QMD.managed.CWHvm_HW_SS_M.CC,29,290,10,0.0,10000.0,1.0,1.0,32.79999923706055,0.0,0.0
product.QMD.managed.CWHvm_HW_SS_M.CC,30,300,10,0.0,10000.0,1.0,1.0,32.97200012207031,0.0,0.0
product.QMDNumerator.managed.CWHvm_CW_HW_M.CC,0,0,10,0.0,10000.0,1.0,1.0,0.0,0.0,0.0
product.QMDNumerator.managed.CWHvm_CW_HW_M.CC,1,10,10,0.0,10000.0,1.0,1.0,486.02301025390625,0.0,0.0
product.QMDNumerator.managed.CWHvm_CW_HW_M.CC,2,20,10,0.0,10000.0,1.0,1.0,73.7239990234375,0.0,0.0
product.QMDNumerator.managed.CWHvm_CW_HW_M.CC,3,30,10,0.0,10000.0,1.0,1.0,0.0,0.0,0.0
product.QMDNumerator.managed.CWHvm_CW_HW_M.CC,4,40,10,0.0,10000.0,1.0,1.0,56.215999603271484,0.0,0.0
product.QMDNumerator.managed.CWHvm_CW_HW_M.CC,5,50,10,0.0,10000.0,1.0,1.0,435.88800048828125,0.0,0.0
product.QMDNumerator.managed.CWHvm_CW_HW_M.CC,6,60,10,0.0,10000.0,1.0,1.0,0.0,0.0,0.0
product.QMDNumerator.managed.CWHvm_CW_HW_M.CC,7,70,10,0.0,10000.0,1.0,1.0,0.0,0.0,0.0
product.QMDNumerator.managed.CWHvm_CW_HW_M.CC,8,80,10,0.0,10000.0,1.0,1.0,0.0,0.0,0.0
product.QMDNumerator.managed.CWHvm_CW_HW_M.CC,9,90,10,0.0,10000.0,1.0,1.0,0.0,0.0,0.0
product.QMDNumerator.managed.CWHvm_CW_HW_M.CC,10,100,10,0.0,10000.0,1.0,1.0,193.40199279785156,0.0,0.0
product.QMDNumerator.managed.CWHvm_CW_HW_M.CC,11,110,10,0.0,10000.0,1.0,1.0,1489.677978515625,0.0,0.0
product.QMDNumerator.managed.CWHvm_CW_HW_M.CC,12,120,10,0.0,10000.0,1.0,1.0,0.0,0.0,0.0
product.QMDNumerator.managed.CWHvm_CW_HW_M.CC,13,130,10,0.0,10000.0,1.0,1.0,173.31900024414062,0.0,0.0
product.QMDNumerator.managed.CWHvm_CW_HW_M.CC,14,140,10,0.0,10000.0,1.0,1.0,216.19000244140625,0.0,0.0
product.QMDNumerator.managed.CWHvm_CW_HW_M.CC,15,150,10,0.0,10000.0,1.0,1.0,245.62899780273438,0.0,0.0
product.QMDNumerator.managed.CWHvm_CW_HW_M.CC,16,160,10,0.0,10000.0,1.0,1.0,47.13600158691406,0.0,0.0
product.QMDNumerator.managed.CWHvm_CW_HW_M.CC,17,170,10,0.0,10000.0,1.0,1.0,491.3450012207031,0.0,0.0
product.QMDNumerator.managed.CWHvm_CW_HW_M.CC,18,180,10,0.0,10000.0,1.0,1.0,0.0,0.0,0.0
product.QMDNumerator.managed.CWHvm_CW_HW_M.CC,19,190,10,0.0,10000.0,1.0,1.0,0.0,0.0,0.0
product.QMDNumerator.managed.CWHvm_CW_HW_M.CC,20,200,10,0.0,10000.0,1.0,1.0,0.0,0.0,0.0
product.QMDNumerator.managed.CWHvm_CW_HW_M.CC,21,210,10,0.0,10000.0,1.0,1.0,0.0,0.0,0.0
product.QMDNumerator.managed.CWHvm_CW_HW_M.CC,22,220,10,0.0,10000.0,1.0,1.0,0.0,0.0,0.0
product.QMDNumerator.managed.CWHvm_CW_HW_M.CC,23,230,10,0.0,10000.0,1.0,1.0,0.0,0.0,0.0
product.QMDNumerator.managed.CWHvm_CW_HW_M.CC,24,240,10,0.0,10000.0,1.0,1.0,0.0,0.0,0.0
product.QMDNumerator.managed.CWHvm_CW_HW_M.CC,25,250,10,0.0,10000.0,1.0,1.0,1078.5159912109375,0.0,0.0
product.QMDNumerator.managed.CWHvm_CW_HW_M.CC,26,260,10,0.0,10000.0,1.0,1.0,610.2219848632812,0.0,0.0
product.QMDNumerator.managed.CWHvm_CW_HW_M.CC,27,270,10,0.0,10000.0,1.0,1.0,133.3780059814453,0.0,0.0
product.QMDNumerator.managed.CWHvm_CW_HW_M.CC,28,280,10,0.0,10000.0,1.0,1.0,662.7769775390625,0.0,0.0
product.QMDNumerator.managed.CWHvm_CW_HW_M.CC,29,290,10,0.0,10000.0,1.0,1.0,110.21199798583984,0.0,0.0
product.QMDNumerator.managed.CWHvm_CW_HW_M.CC,30,300,10,0.0,10000.0,1.0,1.0,259.9159851074219,0.0,0.0
product.QMDNumerator.managed.CWHvm_DR_HW_M.CC,0,0,10,0.0,10000.0,1.0,1.0,0.0,0.0,0.0
product.QMDNumerator.managed.CWHvm_DR_HW_M.CC,1,10,10,0.0,10000.0,1.0,1.0,0.0,0.0,0.0
product.QMDNumerator.managed.CWHvm_DR_HW_M.CC,2,20,10,0.0,10000.0,1.0,1.0,101.19200134277344,0.0,0.0
product.QMDNumerator.managed.CWHvm_DR_HW_M.CC,3,30,10,0.0,10000.0,1.0,1.0,0.0,0.0,0.0
product.QMDNumerator.managed.CWHvm_DR_HW_M.CC,4,40,10,0.0,10000.0,1.0,1.0,100.74500274658203,0.0,0.0
product.QMDNumerator.managed.CWHvm_DR_HW_M.CC,5,50,10,0.0,10000.0,1.0,1.0,413.7590026855469,0.0,0.0
product.QMDNumerator.managed.CWHvm_DR_HW_M.CC,6,60,10,0.0,10000.0,1.0,1.0,210.43299865722656,0.0,0.0
product.QMDNumerator.managed.CWHvm_DR_HW_M.CC,7,70,10,0.0,10000.0,1.0,1.0,0.0,0.0,0.0
product.QMDNumerator.managed.CWHvm_DR_HW_M.CC,8,80,10,0.0,10000.0,1.0,1.0,404.9330139160156,0.0,0.0
product.QMDNumerator.managed.CWHvm_DR_HW_M.CC,9,90,10,0.0,10000.0,1.0,1.0,0.0,0.0,0.0
product.QMDNumerator.managed.CWHvm_DR_HW_M.CC,10,100,10,0.0,10000.0,1.0,1.0,0.0,0.0,0.0
product.QMDNumerator.managed.CWHvm_DR_HW_M.CC,11,110,10,0.0,10000.0,1.0,1.0,0.0,0.0,0.0
product.QMDNumerator.managed.CWHvm_DR_HW_M.CC,12,120,10,0.0,10000.0,1.0,1.0,157.22000122070312,0.0,0.0
product.QMDNumerator.managed.CWHvm_DR_HW_M.CC,13,130,10,0.0,10000.0,1.0,1.0,191.11599731445312,0.0,0.0
product.QMDNumerator.managed.CWHvm_DR_HW_M.CC,14,140,10,0.0,10000.0,1.0,1.0,0.0,0.0,0.0
product.QMDNumerator.managed.CWHvm_DR_HW_M.CC,15,150,10,0.0,10000.0,1.0,1.0,0.0,0.0,0.0
product.QMDNumerator.managed.CWHvm_DR_HW_M.CC,16,160,10,0.0,10000.0,1.0,1.0,455.1090087890625,0.0,0.0
product.QMDNumerator.managed.CWHvm_DR_HW_M.CC,17,170,10,0.0,10000.0,1.0,1.0,32.89799880981445,0.0,0.0
product.QMDNumerator.managed.CWHvm_DR_HW_M.CC,18,180,10,0.0,10000.0,1.0,1.0,0.0,0.0,0.0
product.QMDNumerator.managed.CWHvm_DR_HW_M.CC,19,190,10,0.0,10000.0,1.0,1.0,0.0,0.0,0.0
product.QMDNumerator.managed.CWHvm_DR_HW_M.CC,20,200,10,0.0,10000.0,1.0,1.0,458.19000244140625,0.0,0.0
product.QMDNumerator.managed.CWHvm_DR_HW_M.CC,21,210,10,0.0,10000.0,1.0,1.0,106.51399993896484,0.0,0.0
product.QMDNumerator.managed.CWHvm_DR_HW_M.CC,22,220,10,0.0,10000.0,1.0,1.0,189.6060028076172,0.0,0.0
product.QMDNumerator.managed.CWHvm_DR_HW_M.CC,23,230,10,0.0,10000.0,1.0,1.0,0.0,0.0,0.0
product.QMDNumerator.managed.CWHvm_DR_HW_M.CC,24,240,10,0.0,10000.0,1.0,1.0,0.0,0.0,0.0
product.QMDNumerator.managed.CWHvm_DR_HW_M.CC,25,250,10,0.0,10000.0,1.0,1.0,71.35199737548828,0.0,0.0
product.QMDNumerator.managed.CWHvm_DR_HW_M.CC,26,260,10,0.0,10000.0,1.0,1.0,178.8000030517578,0.0,0.0
product.QMDNumerator.managed.CWHvm_DR_HW_M.CC,27,270,10,0.0,10000.0,1.0,1.0,610.3049926757812,0.0,0.0
product.QMDNumerator.managed.CWHvm_DR_HW_M.CC,28,280,10,0.0,10000.0,1.0,1.0,50.58100128173828,0.0,0.0
product.QMDNumerator.managed.CWHvm_DR_HW_M.CC,29,290,10,0.0,10000.0,1.0,1.0,0.0,0.0,0.0
product.QMDNumerator.managed.CWHvm_DR_HW_M.CC,30,300,10,0.0,10000.0,1.0,1.0,296.3940124511719,0.0,0.0
product.QMDNumerator.managed.CWHvm_FDC_HW_H.CC,0,0,10,0.0,10000.0,1.0,1.0,0.0,0.0,0.0
product.QMDNumerator.managed.CWHvm_FDC_HW_H.CC,1,10,10,0.0,10000.0,1.0,1.0,594.35302734375,0.0,0.0
product.QMDNumerator.managed.CWHvm_FDC_HW_H.CC,2,20,10,0.0,10000.0,1.0,1.0,700.4400024414062,0.0,0.0
product.QMDNumerator.managed.CWHvm_FDC_HW_H.CC,3,30,10,0.0,10000.0,1.0,1.0,886.1290283203125,0.0,0.0
product.QMDNumerator.managed.CWHvm_FDC_HW_H.CC,4,40,10,0.0,10000.0,1.0,1.0,569.2139892578125,0.0,0.0
product.QMDNumerator.managed.CWHvm_FDC_HW_H.CC,5,50,10,0.0,10000.0,1.0,1.0,0.0,0.0,0.0
product.QMDNumerator.managed.CWHvm_FDC_HW_H.CC,6,60,10,0.0,10000.0,1.0,1.0,220.45599365234375,0.0,0.0
product.QMDNumerator.managed.CWHvm_FDC_HW_H.CC,7,70,10,0.0,10000.0,1.0,1.0,1285.35498046875,0.0,0.0
product.QMDNumerator.managed.CWHvm_FDC_HW_H.CC,8,80,10,0.0,10000.0,1.0,1.0,476.06500244140625,0.0,0.0
product.QMDNumerator.managed.CWHvm_FDC_HW_H.CC,9,90,10,0.0,10000.0,1.0,1.0,1096.614990234375,0.0,0.0
product.QMDNumerator.managed.CWHvm_FDC_HW_H.CC,10,100,10,0.0,10000.0,1.0,1.0,217.63099670410156,0.0,0.0
product.QMDNumerator.managed.CWHvm_FDC_HW_H.CC,11,110,10,0.0,10000.0,1.0,1.0,388.38299560546875,0.0,0.0
product.QMDNumerator.managed.CWHvm_FDC_HW_H.CC,12,120,10,0.0,10000.0,1.0,1.0,568.3590087890625,0.0,0.0
product.QMDNumerator.managed.CWHvm_FDC_HW_H.CC,13,130,10,0.0,10000.0,1.0,1.0,0.0,0.0,0.0
product.QMDNumerator.managed.CWHvm_FDC_HW_H.CC,14,140,10,0.0,10000.0,1.0,1.0,1238.77294921875,0.0,0.0
product.QMDNumerator.managed.CWHvm_FDC_HW_H.CC,15,150,10,0.0,10000.0,1.0,1.0,938.0280151367188,0.0,0.0
product.QMDNumerator.managed.CWHvm_FDC_HW_H.CC,16,160,10,0.0,10000.0,1.0,1.0,235.80799865722656,0.0,0.0
product.QMDNumerator.managed.CWHvm_FDC_HW_H.CC,17,170,10,0.0,10000.0,1.0,1.0,613.6480102539062,0.0,0.0
product.QMDNumerator.managed.CWHvm_FDC_HW_H.CC,18,180,10,0.0,10000.0,1.0,1.0,217.96299743652344,0.0,0.0
product.QMDNumerator.managed.CWHvm_FDC_HW_H.CC,19,190,10,0.0,10000.0,1.0,1.0,388.6780090332031,0.0,0.0
product.QMDNumerator.managed.CWHvm_FDC_HW_H.CC,20,200,10,0.0,10000.0,1.0,1.0,0.0,0.0,0.0
product.QMDNumerator.managed.CWHvm_FDC_HW_H.CC,21,210,10,0.0,10000.0,1.0,1.0,1234.844970703125,0.0,0.0
product.QMDNumerator.managed.CWHvm_FDC_HW_H.CC,22,220,10,0.0,10000.0,1.0,1.0,1285.5169677734375,0.0,0.0
product.QMDNumerator.managed.CWHvm_FDC_HW_H.CC,23,230,10,0.0,10000.0,1.0,1.0,0.0,0.0,0.0
product.QMDNumerator.managed.CWHvm_FDC_HW_H.CC,24,240,10,0.0,10000.0,1.0,1.0,1060.0999755859375,0.0,0.0
product.QMDNumerator.managed.CWHvm_FDC_HW_H.CC,25,250,10,0.0,10000.0,1.0,1.0,0.0,0.0,0.0
product.QMDNumerator.managed.CWHvm_FDC_HW_H.CC,26,260,10,0.0,10000.0,1.0,1.0,420.2869873046875,0.0,0.0
product.QMDNumerator.managed.CWHvm_FDC_HW_H.CC,27,270,10,0.0,10000.0,1.0,1.0,848.5709838867188,0.0,0.0
product.QMDNumerator.managed.CWHvm_FDC_HW_H.CC,28,280,10,0.0,10000.0,1.0,1.0,43.172000885009766,0.0,0.0
product.QMDNumerator.managed.CWHvm_FDC_HW_H.CC,29,290,10,0.0,10000.0,1.0,1.0,562.3759765625,0.0,0.0
product.QMDNumerator.managed.CWHvm_FDC_HW_H.CC,30,300,10,0.0,10000.0,1.0,1.0,815.655029296875,0.0,0.0
product.QMDNumerator.managed.CWHvm_FDC_HW_L.CC,0,0,10,0.0,10000.0,1.0,1.0,0.0,0.0,0.0
product.QMDNumerator.managed.CWHvm_FDC_HW_L.CC,1,10,10,0.0,10000.0,1.0,1.0,346.7560119628906,0.0,0.0
product.QMDNumerator.managed.CWHvm_FDC_HW_L.CC,2,20,10,0.0,10000.0,1.0,1.0,0.0,0.0,0.0
product.QMDNumerator.managed.CWHvm_FDC_HW_L.CC,3,30,10,0.0,10000.0,1.0,1.0,0.0,0.0,0.0
product.QMDNumerator.managed.CWHvm_FDC_HW_L.CC,4,40,10,0.0,10000.0,1.0,1.0,91.03800201416016,0.0,0.0
product.QMDNumerator.managed.CWHvm_FDC_HW_L.CC,5,50,10,0.0,10000.0,1.0,1.0,0.0,0.0,0.0
product.QMDNumerator.managed.CWHvm_FDC_HW_L.CC,6,60,10,0.0,10000.0,1.0,1.0,0.0,0.0,0.0
product.QMDNumerator.managed.CWHvm_FDC_HW_L.CC,7,70,10,0.0,10000.0,1.0,1.0,0.0,0.0,0.0
product.QMDNumerator.managed.CWHvm_FDC_HW_L.CC,8,80,10,0.0,10000.0,1.0,1.0,0.0,0.0,0.0
product.QMDNumerator.managed.CWHvm_FDC_HW_L.CC,9,90,10,0.0,10000.0,1.0,1.0,0.0,0.0,0.0
product.QMDNumerator.managed.CWHvm_FDC_HW_L.CC,10,100,10,0.0,10000.0,1.0,1.0,324.2550048828125,0.0,0.0
product.QMDNumerator.managed.CWHvm_FDC_HW_L.CC,11,110,10,0.0,10000.0,1.0,1.0,0.0,0.0,0.0
product.QMDNumerator.managed.CWHvm_FDC_HW_L.CC,12,120,10,0.0,10000.0,1.0,1.0,0.0,0.0,0.0
product.QMDNumerator.managed.CWHvm_FDC_HW_L.CC,13,130,10,0.0,10000.0,1.0,1.0,91.61299896240234,0.0,0.0
product.QMDNumerator.managed.CWHvm_FDC_HW_L.CC,14,140,10,0.0,10000.0,1.0,1.0,0.0,0.0,0.0
product.QMDNumerator.managed.CWHvm_FDC_HW_L.CC,15,150,10,0.0,10000.0,1.0,1.0,0.0,0.0,0.0
product.QMDNumerator.managed.CWHvm_FDC_HW_L.CC,16,160,10,0.0,10000.0,1.0,1.0,0.0,0.0,0.0
product.QMDNumerator.managed.CWHvm_FDC_HW_L.CC,17,170,10,0.0,10000.0,1.0,1.0,0.0,0.0,0.0
product.QMDNumerator.managed.CWHvm_FDC_HW_L.CC,18,180,10,0.0,10000.0,1.0,1.0,0.0,0.0,0.0
product.QMDNumerator.managed.CWHvm_FDC_HW_L.CC,19,190,10,0.0,10000.0,1.0,1.0,326.0050048828125,0.0,0.0
product.QMDNumerator.managed.CWHvm_FDC_HW_L.CC,20,200,10,0.0,10000.0,1.0,1.0,0.0,0.0,0.0
product.QMDNumerator.managed.CWHvm_FDC_HW_L.CC,21,210,10,0.0,10000.0,1.0,1.0,0.0,0.0,0.0
product.QMDNumerator.managed.CWHvm_FDC_HW_L.CC,22,220,10,0.0,10000.0,1.0,1.0,92.47599792480469,0.0,0.0
product.QMDNumerator.managed.CWHvm_FDC_HW_L.CC,23,230,10,0.0,10000.0,1.0,1.0,0.0,0.0,0.0
product.QMDNumerator.managed.CWHvm_FDC_HW_L.CC,24,240,10,0.0,10000.0,1.0,1.0,0.0,0.0,0.0
product.QMDNumerator.managed.CWHvm_FDC_HW_L.CC,25,250,10,0.0,10000.0,1.0,1.0,0.0,0.0,0.0
product.QMDNumerator.managed.CWHvm_FDC_HW_L.CC,26,260,10,0.0,10000.0,1.0,1.0,0.0,0.0,0.0
product.QMDNumerator.managed.CWHvm_FDC_HW_L.CC,27,270,10,0.0,10000.0,1.0,1.0,0.0,0.0,0.0
product.QMDNumerator.managed.CWHvm_FDC_HW_L.CC,28,280,10,0.0,10000.0,1.0,1.0,325.1300048828125,0.0,0.0
product.QMDNumerator.managed.CWHvm_FDC_HW_L.CC,29,290,10,0.0,10000.0,1.0,1.0,0.0,0.0,0.0
product.QMDNumerator.managed.CWHvm_FDC_HW_L.CC,30,300,10,0.0,10000.0,1.0,1.0,92.18800354003906,0.0,0.0
product.QMDNumerator.managed.CWHvm_FDC_HW_M.CC,0,0,10,0.0,10000.0,1.0,1.0,0.0,0.0,0.0
product.QMDNumerator.managed.CWHvm_FDC_HW_M.CC,1,10,10,0.0,10000.0,1.0,1.0,0.0,0.0,0.0
product.QMDNumerator.managed.CWHvm_FDC_HW_M.CC,2,20,10,0.0,10000.0,1.0,1.0,350.8489990234375,0.0,0.0
product.QMDNumerator.managed.CWHvm_FDC_HW_M.CC,3,30,10,0.0,10000.0,1.0,1.0,571.3989868164062,0.0,0.0
product.QMDNumerator.managed.CWHvm_FDC_HW_M.CC,4,40,10,0.0,10000.0,1.0,1.0,106.36100006103516,0.0,0.0
product.QMDNumerator.managed.CWHvm_FDC_HW_M.CC,5,50,10,0.0,10000.0,1.0,1.0,0.0,0.0,0.0
product.QMDNumerator.managed.CWHvm_FDC_HW_M.CC,6,60,10,0.0,10000.0,1.0,1.0,0.0,0.0,0.0
product.QMDNumerator.managed.CWHvm_FDC_HW_M.CC,7,70,10,0.0,10000.0,1.0,1.0,0.0,0.0,0.0
product.QMDNumerator.managed.CWHvm_FDC_HW_M.CC,8,80,10,0.0,10000.0,1.0,1.0,0.0,0.0,0.0
product.QMDNumerator.managed.CWHvm_FDC_HW_M.CC,9,90,10,0.0,10000.0,1.0,1.0,352.34100341796875,0.0,0.0
product.QMDNumerator.managed.CWHvm_FDC_HW_M.CC,10,100,10,0.0,10000.0,1.0,1.0,277.5840148925781,0.0,0.0
product.QMDNumerator.managed.CWHvm_FDC_HW_M.CC,11,110,10,0.0,10000.0,1.0,1.0,283.94000244140625,0.0,0.0
product.QMDNumerator.managed.CWHvm_FDC_HW_M.CC,12,120,10,0.0,10000.0,1.0,1.0,104.75299835205078,0.0,0.0
product.QMDNumerator.managed.CWHvm_FDC_HW_M.CC,13,130,10,0.0,10000.0,1.0,1.0,0.0,0.0,0.0
product.QMDNumerator.managed.CWHvm_FDC_HW_M.CC,14,140,10,0.0,10000.0,1.0,1.0,0.0,0.0,0.0
product.QMDNumerator.managed.CWHvm_FDC_HW_M.CC,15,150,10,0.0,10000.0,1.0,1.0,0.0,0.0,0.0
product.QMDNumerator.managed.CWHvm_FDC_HW_M.CC,16,160,10,0.0,10000.0,1.0,1.0,354.635986328125,0.0,0.0
product.QMDNumerator.managed.CWHvm_FDC_HW_M.CC,17,170,10,0.0,10000.0,1.0,1.0,0.0,0.0,0.0
product.QMDNumerator.managed.CWHvm_FDC_HW_M.CC,18,180,10,0.0,10000.0,1.0,1.0,278.4620056152344,0.0,0.0
product.QMDNumerator.managed.CWHvm_FDC_HW_M.CC,19,190,10,0.0,10000.0,1.0,1.0,283.94000244140625,0.0,0.0
product.QMDNumerator.managed.CWHvm_FDC_HW_M.CC,20,200,10,0.0,10000.0,1.0,1.0,104.06300354003906,0.0,0.0
product.QMDNumerator.managed.CWHvm_FDC_HW_M.CC,21,210,10,0.0,10000.0,1.0,1.0,0.0,0.0,0.0
product.QMDNumerator.managed.CWHvm_FDC_HW_M.CC,22,220,10,0.0,10000.0,1.0,1.0,0.0,0.0,0.0
product.QMDNumerator.managed.CWHvm_FDC_HW_M.CC,23,230,10,0.0,10000.0,1.0,1.0,354.635986328125,0.0,0.0
product.QMDNumerator.managed.CWHvm_FDC_HW_M.CC,24,240,10,0.0,10000.0,1.0,1.0,0.0,0.0,0.0
product.QMDNumerator.managed.CWHvm_FDC_HW_M.CC,25,250,10,0.0,10000.0,1.0,1.0,0.0,0.0,0.0
product.QMDNumerator.managed.CWHvm_FDC_HW_M.CC,26,260,10,0.0,10000.0,1.0,1.0,279.4620056152344,0.0,0.0
product.QMDNumerator.managed.CWHvm_FDC_HW_M.CC,27,270,10,0.0,10000.0,1.0,1.0,284.6109924316406,0.0,0.0
product.QMDNumerator.managed.CWHvm_FDC_HW_M.CC,28,280,10,0.0,10000.0,1.0,1.0,104.06300354003906,0.0,0.0
product.QMDNumerator.managed.CWHvm_FDC_HW_M.CC,29,290,10,0.0,10000.0,1.0,1.0,343.3890075683594,0.0,0.0
product.QMDNumerator.managed.CWHvm_FDC_HW_M.CC,30,300,10,0.0,10000.0,1.0,1.0,0.0,0.0,0.0
product.QMDNumerator.managed.CWHvm_HW_BA_M.CC,0,0,10,0.0,10000.0,1.0,1.0,0.0,0.0,0.0
product.QMDNumerator.managed.CWHvm_HW_BA_M.CC,1,10,10,0.0,10000.0,1.0,1.0,286.23699951171875,0.0,0.0
product.QMDNumerator.managed.CWHvm_HW_BA_M.CC,2,20,10,0.0,10000.0,1.0,1.0,0.0,0.0,0.0
product.QMDNumerator.managed.CWHvm_HW_BA_M.CC,3,30,10,0.0,10000.0,1.0,1.0,0.0,0.0,0.0
product.QMDNumerator.managed.CWHvm_HW_BA_M.CC,4,40,10,0.0,10000.0,1.0,1.0,0.0,0.0,0.0
product.QMDNumerator.managed.CWHvm_HW_BA_M.CC,5,50,10,0.0,10000.0,1.0,1.0,0.0,0.0,0.0
product.QMDNumerator.managed.CWHvm_HW_BA_M.CC,6,60,10,0.0,10000.0,1.0,1.0,0.0,0.0,0.0
product.QMDNumerator.managed.CWHvm_HW_BA_M.CC,7,70,10,0.0,10000.0,1.0,1.0,0.0,0.0,0.0
product.QMDNumerator.managed.CWHvm_HW_BA_M.CC,8,80,10,0.0,10000.0,1.0,1.0,0.0,0.0,0.0
product.QMDNumerator.managed.CWHvm_HW_BA_M.CC,9,90,10,0.0,10000.0,1.0,1.0,0.0,0.0,0.0
product.QMDNumerator.managed.CWHvm_HW_BA_M.CC,10,100,10,0.0,10000.0,1.0,1.0,145.38800048828125,0.0,0.0
product.QMDNumerator.managed.CWHvm_HW_BA_M.CC,11,110,10,0.0,10000.0,1.0,1.0,116.3219985961914,0.0,0.0
product.QMDNumerator.managed.CWHvm_HW_BA_M.CC,12,120,10,0.0,10000.0,1.0,1.0,0.0,0.0,0.0
product.QMDNumerator.managed.CWHvm_HW_BA_M.CC,13,130,10,0.0,10000.0,1.0,1.0,0.0,0.0,0.0
product.QMDNumerator.managed.CWHvm_HW_BA_M.CC,14,140,10,0.0,10000.0,1.0,1.0,0.0,0.0,0.0
product.QMDNumerator.managed.CWHvm_HW_BA_M.CC,15,150,10,0.0,10000.0,1.0,1.0,0.0,0.0,0.0
product.QMDNumerator.managed.CWHvm_HW_BA_M.CC,16,160,10,0.0,10000.0,1.0,1.0,0.0,0.0,0.0
product.QMDNumerator.managed.CWHvm_HW_BA_M.CC,17,170,10,0.0,10000.0,1.0,1.0,0.0,0.0,0.0
product.QMDNumerator.managed.CWHvm_HW_BA_M.CC,18,180,10,0.0,10000.0,1.0,1.0,61.18299865722656,0.0,0.0
product.QMDNumerator.managed.CWHvm_HW_BA_M.CC,19,190,10,0.0,10000.0,1.0,1.0,0.0,0.0,0.0
product.QMDNumerator.managed.CWHvm_HW_BA_M.CC,20,200,10,0.0,10000.0,1.0,1.0,84.25,0.0,0.0
product.QMDNumerator.managed.CWHvm_HW_BA_M.CC,21,210,10,0.0,10000.0,1.0,1.0,116.3219985961914,0.0,0.0
product.QMDNumerator.managed.CWHvm_HW_BA_M.CC,22,220,10,0.0,10000.0,1.0,1.0,0.0,0.0,0.0
product.QMDNumerator.managed.CWHvm_HW_BA_M.CC,23,230,10,0.0,10000.0,1.0,1.0,0.0,0.0,0.0
product.QMDNumerator.managed.CWHvm_HW_BA_M.CC,24,240,10,0.0,10000.0,1.0,1.0,0.0,0.0,0.0
product.QMDNumerator.managed.CWHvm_HW_BA_M.CC,25,250,10,0.0,10000.0,1.0,1.0,0.0,0.0,0.0
product.QMDNumerator.managed.CWHvm_HW_BA_M.CC,26,260,10,0.0,10000.0,1.0,1.0,0.0,0.0,0.0
product.QMDNumerator.managed.CWHvm_HW_BA_M.CC,27,270,10,0.0,10000.0,1.0,1.0,61.40999984741211,0.0,0.0
product.QMDNumerator.managed.CWHvm_HW_BA_M.CC,28,280,10,0.0,10000.0,1.0,1.0,0.0,0.0,0.0
product.QMDNumerator.managed.CWHvm_HW_BA_M.CC,29,290,10,0.0,10000.0,1.0,1.0,83.16000366210938,0.0,0.0
product.QMDNumerator.managed.CWHvm_HW_BA_M.CC,30,300,10,0.0,10000.0,1.0,1.0,115.947998046875,0.0,0.0
product.QMDNumerator.managed.CWHvm_HW_CW_H.CC,0,0,10,0.0,10000.0,1.0,1.0,0.0,0.0,0.0
product.QMDNumerator.managed.CWHvm_HW_CW_H.CC,1,10,10,0.0,10000.0,1.0,1.0,360.1180114746094,0.0,0.0
product.QMDNumerator.managed.CWHvm_HW_CW_H.CC,2,20,10,0.0,10000.0,1.0,1.0,83.37799835205078,0.0,0.0
product.QMDNumerator.managed.CWHvm_HW_CW_H.CC,3,30,10,0.0,10000.0,1.0,1.0,0.0,0.0,0.0
product.QMDNumerator.managed.CWHvm_HW_CW_H.CC,4,40,10,0.0,10000.0,1.0,1.0,194.94200134277344,0.0,0.0
product.QMDNumerator.managed.CWHvm_HW_CW_H.CC,5,50,10,0.0,10000.0,1.0,1.0,0.0,0.0,0.0
product.QMDNumerator.managed.CWHvm_HW_CW_H.CC,6,60,10,0.0,10000.0,1.0,1.0,468.489013671875,0.0,0.0
product.QMDNumerator.managed.CWHvm_HW_CW_H.CC,7,70,10,0.0,10000.0,1.0,1.0,944.8200073242188,0.0,0.0
product.QMDNumerator.managed.CWHvm_HW_CW_H.CC,8,80,10,0.0,10000.0,1.0,1.0,114.37200164794922,0.0,0.0
product.QMDNumerator.managed.CWHvm_HW_CW_H.CC,9,90,10,0.0,10000.0,1.0,1.0,0.0,0.0,0.0
product.QMDNumerator.managed.CWHvm_HW_CW_H.CC,10,100,10,0.0,10000.0,1.0,1.0,173.43299865722656,0.0,0.0
product.QMDNumerator.managed.CWHvm_HW_CW_H.CC,11,110,10,0.0,10000.0,1.0,1.0,248.5679931640625,0.0,0.0
product.QMDNumerator.managed.CWHvm_HW_CW_H.CC,12,120,10,0.0,10000.0,1.0,1.0,0.0,0.0,0.0
product.QMDNumerator.managed.CWHvm_HW_CW_H.CC,13,130,10,0.0,10000.0,1.0,1.0,0.0,0.0,0.0
product.QMDNumerator.managed.CWHvm_HW_CW_H.CC,14,140,10,0.0,10000.0,1.0,1.0,0.0,0.0,0.0
product.QMDNumerator.managed.CWHvm_HW_CW_H.CC,15,150,10,0.0,10000.0,1.0,1.0,0.0,0.0,0.0
product.QMDNumerator.managed.CWHvm_HW_CW_H.CC,16,160,10,0.0,10000.0,1.0,1.0,634.531982421875,0.0,0.0
product.QMDNumerator.managed.CWHvm_HW_CW_H.CC,17,170,10,0.0,10000.0,1.0,1.0,0.0,0.0,0.0
product.QMDNumerator.managed.CWHvm_HW_CW_H.CC,18,180,10,0.0,10000.0,1.0,1.0,0.0,0.0,0.0
product.QMDNumerator.managed.CWHvm_HW_CW_H.CC,19,190,10,0.0,10000.0,1.0,1.0,1117.2010498046875,0.0,0.0
product.QMDNumerator.managed.CWHvm_HW_CW_H.CC,20,200,10,0.0,10000.0,1.0,1.0,113.77400207519531,0.0,0.0
product.QMDNumerator.managed.CWHvm_HW_CW_H.CC,21,210,10,0.0,10000.0,1.0,1.0,247.99000549316406,0.0,0.0
product.QMDNumerator.managed.CWHvm_HW_CW_H.CC,22,220,10,0.0,10000.0,1.0,1.0,0.0,0.0,0.0
product.QMDNumerator.managed.CWHvm_HW_CW_H.CC,23,230,10,0.0,10000.0,1.0,1.0,0.0,0.0,0.0
product.QMDNumerator.managed.CWHvm_HW_CW_H.CC,24,240,10,0.0,10000.0,1.0,1.0,0.0,0.0,0.0
product.QMDNumerator.managed.CWHvm_HW_CW_H.CC,25,250,10,0.0,10000.0,1.0,1.0,0.0,0.0,0.0
product.QMDNumerator.managed.CWHvm_HW_CW_H.CC,26,260,10,0.0,10000.0,1.0,1.0,436.1080017089844,0.0,0.0
product.QMDNumerator.managed.CWHvm_HW_CW_H.CC,27,270,10,0.0,10000.0,1.0,1.0,0.0,0.0,0.0
product.QMDNumerator.managed.CWHvm_HW_CW_H.CC,28,280,10,0.0,10000.0,1.0,1.0,362.43798828125,0.0,0.0
product.QMDNumerator.managed.CWHvm_HW_CW_H.CC,29,290,10,0.0,10000.0,1.0,1.0,999.9149780273438,0.0,0.0
product.QMDNumerator.managed.CWHvm_HW_CW_H.CC,30,300,10,0.0,10000.0,1.0,1.0,278.447998046875,0.0,0.0
product.QMDNumerator.managed.CWHvm_HW_CW_L.CC,0,0,10,0.0,10000.0,1.0,1.0,0.0,0.0,0.0
product.QMDNumerator.managed.CWHvm_HW_CW_L.CC,1,10,10,0.0,10000.0,1.0,1.0,122.69400024414062,0.0,0.0
product.QMDNumerator.managed.CWHvm_HW_CW_L.CC,2,20,10,0.0,10000.0,1.0,1.0,0.0,0.0,0.0
product.QMDNumerator.managed.CWHvm_HW_CW_L.CC,3,30,10,0.0,10000.0,1.0,1.0,0.0,0.0,0.0
product.QMDNumerator.managed.CWHvm_HW_CW_L.CC,4,40,10,0.0,10000.0,1.0,1.0,49.33300018310547,0.0,0.0
product.QMDNumerator.managed.CWHvm_HW_CW_L.CC,5,50,10,0.0,10000.0,1.0,1.0,0.0,0.0,0.0
product.QMDNumerator.managed.CWHvm_HW_CW_L.CC,6,60,10,0.0,10000.0,1.0,1.0,0.0,0.0,0.0
product.QMDNumerator.managed.CWHvm_HW_CW_L.CC,7,70,10,0.0,10000.0,1.0,1.0,0.0,0.0,0.0
product.QMDNumerator.managed.CWHvm_HW_CW_L.CC,8,80,10,0.0,10000.0,1.0,1.0,0.0,0.0,0.0
product.QMDNumerator.managed.CWHvm_HW_CW_L.CC,9,90,10,0.0,10000.0,1.0,1.0,0.0,0.0,0.0
product.QMDNumerator.managed.CWHvm_HW_CW_L.CC,10,100,10,0.0,10000.0,1.0,1.0,0.0,0.0,0.0
product.QMDNumerator.managed.CWHvm_HW_CW_L.CC,11,110,10,0.0,10000.0,1.0,1.0,0.0,0.0,0.0
product.QMDNumerator.managed.CWHvm_HW_CW_L.CC,12,120,10,0.0,10000.0,1.0,1.0,0.0,0.0,0.0
product.QMDNumerator.managed.CWHvm_HW_CW_L.CC,13,130,10,0.0,10000.0,1.0,1.0,0.0,0.0,0.0
product.QMDNumerator.managed.CWHvm_HW_CW_L.CC,14,140,10,0.0,10000.0,1.0,1.0,92.81300354003906,0.0,0.0
product.QMDNumerator.managed.CWHvm_HW_CW_L.CC,15,150,10,0.0,10000.0,1.0,1.0,0.0,0.0,0.0
product.QMDNumerator.managed.CWHvm_HW_CW_L.CC,16,160,10,0.0,10000.0,1.0,1.0,17.95199966430664,0.0,0.0
product.QMDNumerator.managed.CWHvm_HW_CW_L.CC,17,170,10,0.0,10000.0,1.0,1.0,49.22999954223633,0.0,0.0
product.QMDNumerator.managed.CWHvm_HW_CW_L.CC,18,180,10,0.0,10000.0,1.0,1.0,0.0,0.0,0.0
product.QMDNumerator.managed.CWHvm_HW_CW_L.CC,19,190,10,0.0,10000.0,1.0,1.0,0.0,0.0,0.0
product.QMDNumerator.managed.CWHvm_HW_CW_L.CC,20,200,10,0.0,10000.0,1.0,1.0,0.0,0.0,0.0
product.QMDNumerator.managed.CWHvm_HW_CW_L.CC,21,210,10,0.0,10000.0,1.0,1.0,0.0,0.0,0.0
product.QMDNumerator.managed.CWHvm_HW_CW_L.CC,22,220,10,0.0,10000.0,1.0,1.0,0.0,0.0,0.0
product.QMDNumerator.managed.CWHvm_HW_CW_L.CC,23,230,10,0.0,10000.0,1.0,1.0,0.0,0.0,0.0
product.QMDNumerator.managed.CWHvm_HW_CW_L.CC,24,240,10,0.0,10000.0,1.0,1.0,0.0,0.0,0.0
product.QMDNumerator.managed.CWHvm_HW_CW_L.CC,25,250,10,0.0,10000.0,1.0,1.0,0.0,0.0,0.0
product.QMDNumerator.managed.CWHvm_HW_CW_L.CC,26,260,10,0.0,10000.0,1.0,1.0,0.0,0.0,0.0
product.QMDNumerator.managed.CWHvm_HW_CW_L.CC,27,270,10,0.0,10000.0,1.0,1.0,0.0,0.0,0.0
product.QMDNumerator.managed.CWHvm_HW_CW_L.CC,28,280,10,0.0,10000.0,1.0,1.0,96.15299987792969,0.0,0.0
product.QMDNumerator.managed.CWHvm_HW_CW_L.CC,29,290,10,0.0,10000.0,1.0,1.0,49.12699890136719,0.0,0.0
product.QMDNumerator.managed.CWHvm_HW_CW_L.CC,30,300,10,0.0,10000.0,1.0,1.0,17.923999786376953,0.0,0.0
product.QMDNumerator.managed.CWHvm_HW_CW_M.CC,0,0,10,0.0,10000.0,1.0,1.0,0.0,0.0,0.0
product.QMDNumerator.managed.CWHvm_HW_CW_M.CC,1,10,10,0.0,10000.0,1.0,1.0,208.1439971923828,0.0,0.0
product.QMDNumerator.managed.CWHvm_HW_CW_M.CC,2,20,10,0.0,10000.0,1.0,1.0,0.0,0.0,0.0
product.QMDNumerator.managed.CWHvm_HW_CW_M.CC,3,30,10,0.0,10000.0,1.0,1.0,153.44400024414062,0.0,0.0
product.QMDNumerator.managed.CWHvm_HW_CW_M.CC,4,40,10,0.0,10000.0,1.0,1.0,366.9939880371094,0.0,0.0
product.QMDNumerator.managed.CWHvm_HW_CW_M.CC,5,50,10,0.0,10000.0,1.0,1.0,0.0,0.0,0.0
product.QMDNumerator.managed.CWHvm_HW_CW_M.CC,6,60,10,0.0,10000.0,1.0,1.0,0.0,0.0,0.0
product.QMDNumerator.managed.CWHvm_HW_CW_M.CC,7,70,10,0.0,10000.0,1.0,1.0,0.0,0.0,0.0
product.QMDNumerator.managed.CWHvm_HW_CW_M.CC,8,80,10,0.0,10000.0,1.0,1.0,0.0,0.0,0.0
product.QMDNumerator.managed.CWHvm_HW_CW_M.CC,9,90,10,0.0,10000.0,1.0,1.0,0.0,0.0,0.0
product.QMDNumerator.managed.CWHvm_HW_CW_M.CC,10,100,10,0.0,10000.0,1.0,1.0,0.0,0.0,0.0
product.QMDNumerator.managed.CWHvm_HW_CW_M.CC,11,110,10,0.0,10000.0,1.0,1.0,0.0,0.0,0.0
product.QMDNumerator.managed.CWHvm_HW_CW_M.CC,12,120,10,0.0,10000.0,1.0,1.0,0.0,0.0,0.0
product.QMDNumerator.managed.CWHvm_HW_CW_M.CC,13,130,10,0.0,10000.0,1.0,1.0,47.880001068115234,0.0,0.0
product.QMDNumerator.managed.CWHvm_HW_CW_M.CC,14,140,10,0.0,10000.0,1.0,1.0,0.0,0.0,0.0
product.QMDNumerator.managed.CWHvm_HW_CW_M.CC,15,150,10,0.0,10000.0,1.0,1.0,433.3580017089844,0.0,0.0
product.QMDNumerator.managed.CWHvm_HW_CW_M.CC,16,160,10,0.0,10000.0,1.0,1.0,179.6929931640625,0.0,0.0
product.QMDNumerator.managed.CWHvm_HW_CW_M.CC,17,170,10,0.0,10000.0,1.0,1.0,31.048999786376953,0.0,0.0
product.QMDNumerator.managed.CWHvm_HW_CW_M.CC,18,180,10,0.0,10000.0,1.0,1.0,0.0,0.0,0.0
product.QMDNumerator.managed.CWHvm_HW_CW_M.CC,19,190,10,0.0,10000.0,1.0,1.0,0.0,0.0,0.0
product.QMDNumerator.managed.CWHvm_HW_CW_M.CC,20,200,10,0.0,10000.0,1.0,1.0,0.0,0.0,0.0
product.QMDNumerator.managed.CWHvm_HW_CW_M.CC,21,210,10,0.0,10000.0,1.0,1.0,0.0,0.0,0.0
product.QMDNumerator.managed.CWHvm_HW_CW_M.CC,22,220,10,0.0,10000.0,1.0,1.0,0.0,0.0,0.0
product.QMDNumerator.managed.CWHvm_HW_CW_M.CC,23,230,10,0.0,10000.0,1.0,1.0,0.0,0.0,0.0
product.QMDNumerator.managed.CWHvm_HW_CW_M.CC,24,240,10,0.0,10000.0,1.0,1.0,0.0,0.0,0.0
product.QMDNumerator.managed.CWHvm_HW_CW_M.CC,25,250,10,0.0,10000.0,1.0,1.0,48.04800033569336,0.0,0.0
product.QMDNumerator.managed.CWHvm_HW_CW_M.CC,26,260,10,0.0,10000.0,1.0,1.0,306.8269958496094,0.0,0.0
product.QMDNumerator.managed.CWHvm_HW_CW_M.CC,27,270,10,0.0,10000.0,1.0,1.0,0.0,0.0,0.0
product.QMDNumerator.managed.CWHvm_HW_CW_M.CC,28,280,10,0.0,10000.0,1.0,1.0,128.63099670410156,0.0,0.0
product.QMDNumerator.managed.CWHvm_HW_CW_M.CC,29,290,10,0.0,10000.0,1.0,1.0,153.44400024414062,0.0,0.0
product.QMDNumerator.managed.CWHvm_HW_CW_M.CC,30,300,10,0.0,10000.0,1.0,1.0,56.27000045776367,0.0,0.0
product.QMDNumerator.managed.CWHvm_HW_FDC_H.CC,0,0,10,0.0,10000.0,1.0,1.0,0.0,0.0,0.0
product.QMDNumerator.managed.CWHvm_HW_FDC_H.CC,1,10,10,0.0,10000.0,1.0,1.0,492.09600830078125,0.0,0.0
product.QMDNumerator.managed.CWHvm_HW_FDC_H.CC,2,20,10,0.0,10000.0,1.0,1.0,1225.7760009765625,0.0,0.0
product.QMDNumerator.managed.CWHvm_HW_FDC_H.CC,3,30,10,0.0,10000.0,1.0,1.0,1004.3280029296875,0.0,0.0
product.QMDNumerator.managed.CWHvm_HW_FDC_H.CC,4,40,10,0.0,10000.0,1.0,1.0,1148.10302734375,0.0,0.0
product.QMDNumerator.managed.CWHvm_HW_FDC_H.CC,5,50,10,0.0,10000.0,1.0,1.0,1720.843017578125,0.0,0.0
product.QMDNumerator.managed.CWHvm_HW_FDC_H.CC,6,60,10,0.0,10000.0,1.0,1.0,1075.4219970703125,0.0,0.0
product.QMDNumerator.managed.CWHvm_HW_FDC_H.CC,7,70,10,0.0,10000.0,1.0,1.0,0.0,0.0,0.0
product.QMDNumerator.managed.CWHvm_HW_FDC_H.CC,8,80,10,0.0,10000.0,1.0,1.0,231.63800048828125,0.0,0.0
product.QMDNumerator.managed.CWHvm_HW_FDC_H.CC,9,90,10,0.0,10000.0,1.0,1.0,949.093017578125,0.0,0.0
product.QMDNumerator.managed.CWHvm_HW_FDC_H.CC,10,100,10,0.0,10000.0,1.0,1.0,1381.29296875,0.0,0.0
product.QMDNumerator.managed.CWHvm_HW_FDC_H.CC,11,110,10,0.0,10000.0,1.0,1.0,202.30299377441406,0.0,0.0
product.QMDNumerator.managed.CWHvm_HW_FDC_H.CC,12,120,10,0.0,10000.0,1.0,1.0,1606.927978515625,0.0,0.0
product.QMDNumerator.managed.CWHvm_HW_FDC_H.CC,13,130,10,0.0,10000.0,1.0,1.0,1477.8819580078125,0.0,0.0
product.QMDNumerator.managed.CWHvm_HW_FDC_H.CC,14,140,10,0.0,10000.0,1.0,1.0,877.5709838867188,0.0,0.0
product.QMDNumerator.managed.CWHvm_HW_FDC_H.CC,15,150,10,0.0,10000.0,1.0,1.0,1203.9580078125,0.0,0.0
product.QMDNumerator.managed.CWHvm_HW_FDC_H.CC,16,160,10,0.0,10000.0,1.0,1.0,0.0,0.0,0.0
product.QMDNumerator.managed.CWHvm_HW_FDC_H.CC,17,170,10,0.0,10000.0,1.0,1.0,1638.6259765625,0.0,0.0
product.QMDNumerator.managed.CWHvm_HW_FDC_H.CC,18,180,10,0.0,10000.0,1.0,1.0,1082.3270263671875,0.0,0.0
product.QMDNumerator.managed.CWHvm_HW_FDC_H.CC,19,190,10,0.0,10000.0,1.0,1.0,489.0840148925781,0.0,0.0
product.QMDNumerator.managed.CWHvm_HW_FDC_H.CC,20,200,10,0.0,10000.0,1.0,1.0,1212.6719970703125,0.0,0.0
product.QMDNumerator.managed.CWHvm_HW_FDC_H.CC,21,210,10,0.0,10000.0,1.0,1.0,727.3400268554688,0.0,0.0
product.QMDNumerator.managed.CWHvm_HW_FDC_H.CC,22,220,10,0.0,10000.0,1.0,1.0,102.99700164794922,0.0,0.0
product.QMDNumerator.managed.CWHvm_HW_FDC_H.CC,23,230,10,0.0,10000.0,1.0,1.0,1513.9610595703125,0.0,0.0
product.QMDNumerator.managed.CWHvm_HW_FDC_H.CC,24,240,10,0.0,10000.0,1.0,1.0,1312.2900390625,0.0,0.0
product.QMDNumerator.managed.CWHvm_HW_FDC_H.CC,25,250,10,0.0,10000.0,1.0,1.0,1955.8590087890625,0.0,0.0
product.QMDNumerator.managed.CWHvm_HW_FDC_H.CC,26,260,10,0.0,10000.0,1.0,1.0,158.32000732421875,0.0,0.0
product.QMDNumerator.managed.CWHvm_HW_FDC_H.CC,27,270,10,0.0,10000.0,1.0,1.0,992.10400390625,0.0,0.0
product.QMDNumerator.managed.CWHvm_HW_FDC_H.CC,28,280,10,0.0,10000.0,1.0,1.0,1543.93701171875,0.0,0.0
product.QMDNumerator.managed.CWHvm_HW_FDC_H.CC,29,290,10,0.0,10000.0,1.0,1.0,309.0050048828125,0.0,0.0
product.QMDNumerator.managed.CWHvm_HW_FDC_H.CC,30,300,10,0.0,10000.0,1.0,1.0,746.7440185546875,0.0,0.0
product.QMDNumerator.managed.CWHvm_HW_FDC_L.CC,0,0,10,0.0,10000.0,1.0,1.0,0.0,0.0,0.0
product.QMDNumerator.managed.CWHvm_HW_FDC_L.CC,1,10,10,0.0,10000.0,1.0,1.0,189.62399291992188,0.0,0.0
product.QMDNumerator.managed.CWHvm_HW_FDC_L.CC,2,20,10,0.0,10000.0,1.0,1.0,273.68798828125,0.0,0.0
product.QMDNumerator.managed.CWHvm_HW_FDC_L.CC,3,30,10,0.0,10000.0,1.0,1.0,61.577999114990234,0.0,0.0
product.QMDNumerator.managed.CWHvm_HW_FDC_L.CC,4,40,10,0.0,10000.0,1.0,1.0,0.0,0.0,0.0
product.QMDNumerator.managed.CWHvm_HW_FDC_L.CC,5,50,10,0.0,10000.0,1.0,1.0,235.8820037841797,0.0,0.0
product.QMDNumerator.managed.CWHvm_HW_FDC_L.CC,6,60,10,0.0,10000.0,1.0,1.0,653.0089721679688,0.0,0.0
product.QMDNumerator.managed.CWHvm_HW_FDC_L.CC,7,70,10,0.0,10000.0,1.0,1.0,327.14898681640625,0.0,0.0
product.QMDNumerator.managed.CWHvm_HW_FDC_L.CC,8,80,10,0.0,10000.0,1.0,1.0,152.5590057373047,0.0,0.0
product.QMDNumerator.managed.CWHvm_HW_FDC_L.CC,9,90,10,0.0,10000.0,1.0,1.0,161.4239959716797,0.0,0.0
product.QMDNumerator.managed.CWHvm_HW_FDC_L.CC,10,100,10,0.0,10000.0,1.0,1.0,30.841999053955078,0.0,0.0
product.QMDNumerator.managed.CWHvm_HW_FDC_L.CC,11,110,10,0.0,10000.0,1.0,1.0,270.5989990234375,0.0,0.0
product.QMDNumerator.managed.CWHvm_HW_FDC_L.CC,12,120,10,0.0,10000.0,1.0,1.0,62.33300018310547,0.0,0.0
product.QMDNumerator.managed.CWHvm_HW_FDC_L.CC,13,130,10,0.0,10000.0,1.0,1.0,0.0,0.0,0.0
product.QMDNumerator.managed.CWHvm_HW_FDC_L.CC,14,140,10,0.0,10000.0,1.0,1.0,0.0,0.0,0.0
product.QMDNumerator.managed.CWHvm_HW_FDC_L.CC,15,150,10,0.0,10000.0,1.0,1.0,134.17999267578125,0.0,0.0
product.QMDNumerator.managed.CWHvm_HW_FDC_L.CC,16,160,10,0.0,10000.0,1.0,1.0,461.7919921875,0.0,0.0
product.QMDNumerator.managed.CWHvm_HW_FDC_L.CC,17,170,10,0.0,10000.0,1.0,1.0,0.0,0.0,0.0
product.QMDNumerator.managed.CWHvm_HW_FDC_L.CC,18,180,10,0.0,10000.0,1.0,1.0,378.1830139160156,0.0,0.0
product.QMDNumerator.managed.CWHvm_HW_FDC_L.CC,19,190,10,0.0,10000.0,1.0,1.0,301.2799987792969,0.0,0.0
product.QMDNumerator.managed.CWHvm_HW_FDC_L.CC,20,200,10,0.0,10000.0,1.0,1.0,338.02398681640625,0.0,0.0
product.QMDNumerator.managed.CWHvm_HW_FDC_L.CC,21,210,10,0.0,10000.0,1.0,1.0,295.54400634765625,0.0,0.0
product.QMDNumerator.managed.CWHvm_HW_FDC_L.CC,22,220,10,0.0,10000.0,1.0,1.0,0.0,0.0,0.0
product.QMDNumerator.managed.CWHvm_HW_FDC_L.CC,23,230,10,0.0,10000.0,1.0,1.0,0.0,0.0,0.0
product.QMDNumerator.managed.CWHvm_HW_FDC_L.CC,24,240,10,0.0,10000.0,1.0,1.0,0.0,0.0,0.0
product.QMDNumerator.managed.CWHvm_HW_FDC_L.CC,25,250,10,0.0,10000.0,1.0,1.0,133.4010009765625,0.0,0.0
product.QMDNumerator.managed.CWHvm_HW_FDC_L.CC,26,260,10,0.0,10000.0,1.0,1.0,613.5479736328125,0.0,0.0
product.QMDNumerator.managed.CWHvm_HW_FDC_L.CC,27,270,10,0.0,10000.0,1.0,1.0,0.0,0.0,0.0
product.QMDNumerator.managed.CWHvm_HW_FDC_L.CC,28,280,10,0.0,10000.0,1.0,1.0,0.0,0.0,0.0
product.QMDNumerator.managed.CWHvm_HW_FDC_L.CC,29,290,10,0.0,10000.0,1.0,1.0,583.2760009765625,0.0,0.0
product.QMDNumerator.managed.CWHvm_HW_FDC_L.CC,30,300,10,0.0,10000.0,1.0,1.0,539.5339965820312,0.0,0.0
product.QMDNumerator.managed.CWHvm_HW_SS_M.CC,0,0,10,0.0,10000.0,1.0,1.0,0.0,0.0,0.0
product.QMDNumerator.managed.CWHvm_HW_SS_M.CC,1,10,10,0.0,10000.0,1.0,1.0,0.0,0.0,0.0
product.QMDNumerator.managed.CWHvm_HW_SS_M.CC,2,20,10,0.0,10000.0,1.0,1.0,0.0,0.0,0.0
product.QMDNumerator.managed.CWHvm_HW_SS_M.CC,3,30,10,0.0,10000.0,1.0,1.0,0.0,0.0,0.0
product.QMDNumerator.managed.CWHvm_HW_SS_M.CC,4,40,10,0.0,10000.0,1.0,1.0,119.6500015258789,0.0,0.0
product.QMDNumerator.managed.CWHvm_HW_SS_M.CC,5,50,10,0.0,10000.0,1.0,1.0,33.720001220703125,0.0,0.0
product.QMDNumerator.managed.CWHvm_HW_SS_M.CC,6,60,10,0.0,10000.0,1.0,1.0,0.0,0.0,0.0
product.QMDNumerator.managed.CWHvm_HW_SS_M.CC,7,70,10,0.0,10000.0,1.0,1.0,0.0,0.0,0.0
product.QMDNumerator.managed.CWHvm_HW_SS_M.CC,8,80,10,0.0,10000.0,1.0,1.0,704.947021484375,0.0,0.0
product.QMDNumerator.managed.CWHvm_HW_SS_M.CC,9,90,10,0.0,10000.0,1.0,1.0,0.0,0.0,0.0
product.QMDNumerator.managed.CWHvm_HW_SS_M.CC,10,100,10,0.0,10000.0,1.0,1.0,0.0,0.0,0.0
product.QMDNumerator.managed.CWHvm_HW_SS_M.CC,11,110,10,0.0,10000.0,1.0,1.0,0.0,0.0,0.0
product.QMDNumerator.managed.CWHvm_HW_SS_M.CC,12,120,10,0.0,10000.0,1.0,1.0,119.93599700927734,0.0,0.0
product.QMDNumerator.managed.CWHvm_HW_SS_M.CC,13,130,10,0.0,10000.0,1.0,1.0,33.80099868774414,0.0,0.0
product.QMDNumerator.managed.CWHvm_HW_SS_M.CC,14,140,10,0.0,10000.0,1.0,1.0,0.0,0.0,0.0
product.QMDNumerator.managed.CWHvm_HW_SS_M.CC,15,150,10,0.0,10000.0,1.0,1.0,0.0,0.0,0.0
product.QMDNumerator.managed.CWHvm_HW_SS_M.CC,16,160,10,0.0,10000.0,1.0,1.0,0.0,0.0,0.0
product.QMDNumerator.managed.CWHvm_HW_SS_M.CC,17,170,10,0.0,10000.0,1.0,1.0,0.0,0.0,0.0
product.QMDNumerator.managed.CWHvm_HW_SS_M.CC,18,180,10,0.0,10000.0,1.0,1.0,679.198974609375,0.0,0.0
product.QMDNumerator.managed.CWHvm_HW_SS_M.CC,19,190,10,0.0,10000.0,1.0,1.0,0.0,0.0,0.0
product.QMDNumerator.managed.CWHvm_HW_SS_M.CC,20,200,10,0.0,10000.0,1.0,1.0,0.0,0.0,0.0
product.QMDNumerator.managed.CWHvm_HW_SS_M.CC,21,210,10,0.0,10000.0,1.0,1.0,120.22200012207031,0.0,0.0
product.QMDNumerator.managed.CWHvm_HW_SS_M.CC,22,220,10,0.0,10000.0,1.0,1.0,33.720001220703125,0.0,0.0
product.QMDNumerator.managed.CWHvm_HW_SS_M.CC,23,230,10,0.0,10000.0,1.0,1.0,0.0,0.0,0.0
product.QMDNumerator.managed.CWHvm_HW_SS_M.CC,24,240,10,0.0,10000.0,1.0,1.0,0.0,0.0,0.0
product.QMDNumerator.managed.CWHvm_HW_SS_M.CC,25,250,10,0.0,10000.0,1.0,1.0,0.0,0.0,0.0
product.QMDNumerator.managed.CWHvm_HW_SS_M.CC,26,260,10,0.0,10000.0,1.0,1.0,644.47802734375,0.0,0.0
product.QMDNumerator.managed.CWHvm_HW_SS_M.CC,27,270,10,0.0,10000.0,1.0,1.0,0.0,0.0,0.0
product.QMDNumerator.managed.CWHvm_HW_SS_M.CC,28,280,10,0.0,10000.0,1.0,1.0,0.0,0.0,0.0
product.QMDNumerator.managed.CWHvm_HW_SS_M.CC,29,290,10,0.0,10000.0,1.0,1.0,117.36000061035156,0.0,0.0
product.QMDNumerator.managed.CWHvm_HW_SS_M.CC,30,300,10,0.0,10000.0,1.0,1.0,33.236000061035156,0.0,0.0
product.Seral.area.immature.CWHvm_CW_HW_M.CC,0,0,10,0.0,10000.0,1.0,1.0,0.0,0.0,0.0
product.Seral.area.immature.CWHvm_CW_HW_M.CC,1,10,10,0.0,10000.0,1.0,1.0,0.8209999799728394,0.0,0.0
product.Seral.area.immature.CWHvm_CW_HW_M.CC,2,20,10,0.0,10000.0,1.0,1.0,0.0,0.0,0.0
product.Seral.area.immature.CWHvm_CW_HW_M.CC,3,30,10,0.0,10000.0,1.0,1.0,0.0,0.0,0.0
product.Seral.area.immature.CWHvm_CW_HW_M.CC,4,40,10,0.0,10000.0,1.0,1.0,0.0,0.0,0.0
product.Seral.area.immature.CWHvm_CW_HW_M.CC,5,50,10,0.0,10000.0,1.0,1.0,19.410999298095703,0.0,0.0
product.Seral.area.immature.CWHvm_CW_HW_M.CC,6,60,10,0.0,10000.0,1.0,1.0,0.0,0.0,0.0
product.Seral.area.immature.CWHvm_CW_HW_M.CC,7,70,10,0.0,10000.0,1.0,1.0,0.0,0.0,0.0
product.Seral.area.immature.CWHvm_CW_HW_M.CC,8,80,10,0.0,10000.0,1.0,1.0,0.0,0.0,0.0
product.Seral.area.immature.CWHvm_CW_HW_M.CC,9,90,10,0.0,10000.0,1.0,1.0,0.0,0.0,0.0
product.Seral.area.immature.CWHvm_CW_HW_M.CC,10,100,10,0.0,10000.0,1.0,1.0,0.0,0.0,0.0
product.Seral.area.immature.CWHvm_CW_HW_M.CC,11,110,10,0.0,10000.0,1.0,1.0,0.0,0.0,0.0
product.Seral.area.immature.CWHvm_CW_HW_M.CC,12,120,10,0.0,10000.0,1.0,1.0,0.0,0.0,0.0
product.Seral.area.immature.CWHvm_CW_HW_M.CC,13,130,10,0.0,10000.0,1.0,1.0,0.0,0.0,0.0
product.Seral.area.immature.CWHvm_CW_HW_M.CC,14,140,10,0.0,10000.0,1.0,1.0,0.0,0.0,0.0
product.Seral.area.immature.CWHvm_CW_HW_M.CC,15,150,10,0.0,10000.0,1.0,1.0,0.0,0.0,0.0
product.Seral.area.immature.CWHvm_CW_HW_M.CC,16,160,10,0.0,10000.0,1.0,1.0,0.0,0.0,0.0
product.Seral.area.immature.CWHvm_CW_HW_M.CC,17,170,10,0.0,10000.0,1.0,1.0,19.410999298095703,0.0,0.0
product.Seral.area.immature.CWHvm_CW_HW_M.CC,18,180,10,0.0,10000.0,1.0,1.0,0.0,0.0,0.0
product.Seral.area.immature.CWHvm_CW_HW_M.CC,19,190,10,0.0,10000.0,1.0,1.0,0.0,0.0,0.0
product.Seral.area.immature.CWHvm_CW_HW_M.CC,20,200,10,0.0,10000.0,1.0,1.0,0.0,0.0,0.0
product.Seral.area.immature.CWHvm_CW_HW_M.CC,21,210,10,0.0,10000.0,1.0,1.0,0.0,0.0,0.0
product.Seral.area.immature.CWHvm_CW_HW_M.CC,22,220,10,0.0,10000.0,1.0,1.0,0.0,0.0,0.0
product.Seral.area.immature.CWHvm_CW_HW_M.CC,23,230,10,0.0,10000.0,1.0,1.0,0.0,0.0,0.0
product.Seral.area.immature.CWHvm_CW_HW_M.CC,24,240,10,0.0,10000.0,1.0,1.0,0.0,0.0,0.0
product.Seral.area.immature.CWHvm_CW_HW_M.CC,25,250,10,0.0,10000.0,1.0,1.0,0.0,0.0,0.0
product.Seral.area.immature.CWHvm_CW_HW_M.CC,26,260,10,0.0,10000.0,1.0,1.0,0.0,0.0,0.0
product.Seral.area.immature.CWHvm_CW_HW_M.CC,27,270,10,0.0,10000.0,1.0,1.0,0.0,0.0,0.0
product.Seral.area.immature.CWHvm_CW_HW_M.CC,28,280,10,0.0,10000.0,1.0,1.0,17.594999313354492,0.0,0.0
product.Seral.area.immature.CWHvm_CW_HW_M.CC,29,290,10,0.0,10000.0,1.0,1.0,1.815999984741211,0.0,0.0
product.Seral.area.immature.CWHvm_CW_HW_M.CC,30,300,10,0.0,10000.0,1.0,1.0,0.0,0.0,0.0
product.Seral.area.immature.CWHvm_DR_HW_M.CC,0,0,10,0.0,10000.0,1.0,1.0,0.0,0.0,0.0
product.Seral.area.immature.CWHvm_DR_HW_M.CC,1,10,10,0.0,10000.0,1.0,1.0,0.0,0.0,0.0
product.Seral.area.immature.CWHvm_DR_HW_M.CC,2,20,10,0.0,10000.0,1.0,1.0,3.6700000762939453,0.0,0.0
product.Seral.area.immature.CWHvm_DR_HW_M.CC,3,30,10,0.0,10000.0,1.0,1.0,0.0,0.0,0.0
product.Seral.area.immature.CWHvm_DR_HW_M.CC,4,40,10,0.0,10000.0,1.0,1.0,3.5850000381469727,0.0,0.0
product.Seral.area.immature.CWHvm_DR_HW_M.CC,5,50,10,0.0,10000.0,1.0,1.0,4.855000019073486,0.0,0.0
product.Seral.area.immature.CWHvm_DR_HW_M.CC,6,60,10,0.0,10000.0,1.0,1.0,0.0,0.0,0.0
product.Seral.area.immature.CWHvm_DR_HW_M.CC,7,70,10,0.0,10000.0,1.0,1.0,0.0,0.0,0.0
product.Seral.area.immature.CWHvm_DR_HW_M.CC,8,80,10,0.0,10000.0,1.0,1.0,0.0,0.0,0.0
product.Seral.area.immature.CWHvm_DR_HW_M.CC,9,90,10,0.0,10000.0,1.0,1.0,0.0,0.0,0.0
product.Seral.area.immature.CWHvm_DR_HW_M.CC,10,100,10,0.0,10000.0,1.0,1.0,0.0,0.0,0.0
product.Seral.area.immature.CWHvm_DR_HW_M.CC,11,110,10,0.0,10000.0,1.0,1.0,0.0,0.0,0.0
product.Seral.area.immature.CWHvm_DR_HW_M.CC,12,120,10,0.0,10000.0,1.0,1.0,1.7869999408721924,0.0,0.0
product.Seral.area.immature.CWHvm_DR_HW_M.CC,13,130,10,0.0,10000.0,1.0,1.0,6.6529998779296875,0.0,0.0
product.Seral.area.immature.CWHvm_DR_HW_M.CC,14,140,10,0.0,10000.0,1.0,1.0,0.0,0.0,0.0
product.Seral.area.immature.CWHvm_DR_HW_M.CC,15,150,10,0.0,10000.0,1.0,1.0,0.0,0.0,0.0
product.Seral.area.immature.CWHvm_DR_HW_M.CC,16,160,10,0.0,10000.0,1.0,1.0,0.0,0.0,0.0
product.Seral.area.immature.CWHvm_DR_HW_M.CC,17,170,10,0.0,10000.0,1.0,1.0,0.0,0.0,0.0
product.Seral.area.immature.CWHvm_DR_HW_M.CC,18,180,10,0.0,10000.0,1.0,1.0,0.0,0.0,0.0
product.Seral.area.immature.CWHvm_DR_HW_M.CC,19,190,10,0.0,10000.0,1.0,1.0,0.0,0.0,0.0
product.Seral.area.immature.CWHvm_DR_HW_M.CC,20,200,10,0.0,10000.0,1.0,1.0,1.7869999408721924,0.0,0.0
product.Seral.area.immature.CWHvm_DR_HW_M.CC,21,210,10,0.0,10000.0,1.0,1.0,0.0,0.0,0.0
product.Seral.area.immature.CWHvm_DR_HW_M.CC,22,220,10,0.0,10000.0,1.0,1.0,6.6529998779296875,0.0,0.0
product.Seral.area.immature.CWHvm_DR_HW_M.CC,23,230,10,0.0,10000.0,1.0,1.0,0.0,0.0,0.0
product.Seral.area.immature.CWHvm_DR_HW_M.CC,24,240,10,0.0,10000.0,1.0,1.0,0.0,0.0,0.0
product.Seral.area.immature.CWHvm_DR_HW_M.CC,25,250,10,0.0,10000.0,1.0,1.0,0.0,0.0,0.0
product.Seral.area.immature.CWHvm_DR_HW_M.CC,26,260,10,0.0,10000.0,1.0,1.0,0.0,0.0,0.0
product.Seral.area.immature.CWHvm_DR_HW_M.CC,27,270,10,0.0,10000.0,1.0,1.0,13.381999969482422,0.0,0.0
product.Seral.area.immature.CWHvm_DR_HW_M.CC,28,280,10,0.0,10000.0,1.0,1.0,1.7869999408721924,0.0,0.0
product.Seral.area.immature.CWHvm_DR_HW_M.CC,29,290,10,0.0,10000.0,1.0,1.0,0.0,0.0,0.0
product.Seral.area.immature.CWHvm_DR_HW_M.CC,30,300,10,0.0,10000.0,1.0,1.0,6.6529998779296875,0.0,0.0
product.Seral.area.immature.CWHvm_FDC_HW_H.CC,0,0,10,0.0,10000.0,1.0,1.0,0.0,0.0,0.0
product.Seral.area.immature.CWHvm_FDC_HW_H.CC,1,10,10,0.0,10000.0,1.0,1.0,18.916000366210938,0.0,0.0
product.Seral.area.immature.CWHvm_FDC_HW_H.CC,2,20,10,0.0,10000.0,1.0,1.0,15.220000267028809,0.0,0.0
product.Seral.area.immature.CWHvm_FDC_HW_H.CC,3,30,10,0.0,10000.0,1.0,1.0,0.0,0.0,0.0
product.Seral.area.immature.CWHvm_FDC_HW_H.CC,4,40,10,0.0,10000.0,1.0,1.0,0.0,0.0,0.0
product.Seral.area.immature.CWHvm_FDC_HW_H.CC,5,50,10,0.0,10000.0,1.0,1.0,0.0,0.0,0.0
product.Seral.area.immature.CWHvm_FDC_HW_H.CC,6,60,10,0.0,10000.0,1.0,1.0,0.0,0.0,0.0
product.Seral.area.immature.CWHvm_FDC_HW_H.CC,7,70,10,0.0,10000.0,1.0,1.0,0.0,0.0,0.0
product.Seral.area.immature.CWHvm_FDC_HW_H.CC,8,80,10,0.0,10000.0,1.0,1.0,15.220000267028809,0.0,0.0
product.Seral.area.immature.CWHvm_FDC_HW_H.CC,9,90,10,0.0,10000.0,1.0,1.0,15.21399974822998,0.0,0.0
product.Seral.area.immature.CWHvm_FDC_HW_H.CC,10,100,10,0.0,10000.0,1.0,1.0,0.0,0.0,0.0
product.Seral.area.immature.CWHvm_FDC_HW_H.CC,11,110,10,0.0,10000.0,1.0,1.0,0.0,0.0,0.0
product.Seral.area.immature.CWHvm_FDC_HW_H.CC,12,120,10,0.0,10000.0,1.0,1.0,0.0,0.0,0.0
product.Seral.area.immature.CWHvm_FDC_HW_H.CC,13,130,10,0.0,10000.0,1.0,1.0,0.0,0.0,0.0
product.Seral.area.immature.CWHvm_FDC_HW_H.CC,14,140,10,0.0,10000.0,1.0,1.0,0.0,0.0,0.0
product.Seral.area.immature.CWHvm_FDC_HW_H.CC,15,150,10,0.0,10000.0,1.0,1.0,23.04199981689453,0.0,0.0
product.Seral.area.immature.CWHvm_FDC_HW_H.CC,16,160,10,0.0,10000.0,1.0,1.0,7.392000198364258,0.0,0.0
product.Seral.area.immature.CWHvm_FDC_HW_H.CC,17,170,10,0.0,10000.0,1.0,1.0,0.0,0.0,0.0
product.Seral.area.immature.CWHvm_FDC_HW_H.CC,18,180,10,0.0,10000.0,1.0,1.0,0.0,0.0,0.0
product.Seral.area.immature.CWHvm_FDC_HW_H.CC,19,190,10,0.0,10000.0,1.0,1.0,0.0,0.0,0.0
product.Seral.area.immature.CWHvm_FDC_HW_H.CC,20,200,10,0.0,10000.0,1.0,1.0,0.0,0.0,0.0
product.Seral.area.immature.CWHvm_FDC_HW_H.CC,21,210,10,0.0,10000.0,1.0,1.0,21.68400001525879,0.0,0.0
product.Seral.area.immature.CWHvm_FDC_HW_H.CC,22,220,10,0.0,10000.0,1.0,1.0,1.3580000400543213,0.0,0.0
product.Seral.area.immature.CWHvm_FDC_HW_H.CC,23,230,10,0.0,10000.0,1.0,1.0,0.0,0.0,0.0
product.Seral.area.immature.CWHvm_FDC_HW_H.CC,24,240,10,0.0,10000.0,1.0,1.0,18.916000366210938,0.0,0.0
product.Seral.area.immature.CWHvm_FDC_HW_H.CC,25,250,10,0.0,10000.0,1.0,1.0,0.0,0.0,0.0
product.Seral.area.immature.CWHvm_FDC_HW_H.CC,26,260,10,0.0,10000.0,1.0,1.0,13.862000465393066,0.0,0.0
product.Seral.area.immature.CWHvm_FDC_HW_H.CC,27,270,10,0.0,10000.0,1.0,1.0,7.822000026702881,0.0,0.0
product.Seral.area.immature.CWHvm_FDC_HW_H.CC,28,280,10,0.0,10000.0,1.0,1.0,1.3580000400543213,0.0,0.0
product.Seral.area.immature.CWHvm_FDC_HW_H.CC,29,290,10,0.0,10000.0,1.0,1.0,0.0,0.0,0.0
product.Seral.area.immature.CWHvm_FDC_HW_H.CC,30,300,10,0.0,10000.0,1.0,1.0,26.308000564575195,0.0,0.0
product.Seral.area.immature.CWHvm_FDC_HW_L.CC,0,0,10,0.0,10000.0,1.0,1.0,0.0,0.0,0.0
product.Seral.area.immature.CWHvm_FDC_HW_L.CC,1,10,10,0.0,10000.0,1.0,1.0,0.0,0.0,0.0
product.Seral.area.immature.CWHvm_FDC_HW_L.CC,2,20,10,0.0,10000.0,1.0,1.0,0.0,0.0,0.0
product.Seral.area.immature.CWHvm_FDC_HW_L.CC,3,30,10,0.0,10000.0,1.0,1.0,0.0,0.0,0.0
product.Seral.area.immature.CWHvm_FDC_HW_L.CC,4,40,10,0.0,10000.0,1.0,1.0,3.5950000286102295,0.0,0.0
product.Seral.area.immature.CWHvm_FDC_HW_L.CC,5,50,10,0.0,10000.0,1.0,1.0,0.0,0.0,0.0
product.Seral.area.immature.CWHvm_FDC_HW_L.CC,6,60,10,0.0,10000.0,1.0,1.0,0.0,0.0,0.0
product.Seral.area.immature.CWHvm_FDC_HW_L.CC,7,70,10,0.0,10000.0,1.0,1.0,0.0,0.0,0.0
product.Seral.area.immature.CWHvm_FDC_HW_L.CC,8,80,10,0.0,10000.0,1.0,1.0,0.0,0.0,0.0
product.Seral.area.immature.CWHvm_FDC_HW_L.CC,9,90,10,0.0,10000.0,1.0,1.0,0.0,0.0,0.0
product.Seral.area.immature.CWHvm_FDC_HW_L.CC,10,100,10,0.0,10000.0,1.0,1.0,12.5,0.0,0.0
product.Seral.area.immature.CWHvm_FDC_HW_L.CC,11,110,10,0.0,10000.0,1.0,1.0,0.0,0.0,0.0
product.Seral.area.immature.CWHvm_FDC_HW_L.CC,12,120,10,0.0,10000.0,1.0,1.0,0.0,0.0,0.0
product.Seral.area.immature.CWHvm_FDC_HW_L.CC,13,130,10,0.0,10000.0,1.0,1.0,3.5950000286102295,0.0,0.0
product.Seral.area.immature.CWHvm_FDC_HW_L.CC,14,140,10,0.0,10000.0,1.0,1.0,0.0,0.0,0.0
product.Seral.area.immature.CWHvm_FDC_HW_L.CC,15,150,10,0.0,10000.0,1.0,1.0,0.0,0.0,0.0
product.Seral.area.immature.CWHvm_FDC_HW_L.CC,16,160,10,0.0,10000.0,1.0,1.0,0.0,0.0,0.0
product.Seral.area.immature.CWHvm_FDC_HW_L.CC,17,170,10,0.0,10000.0,1.0,1.0,0.0,0.0,0.0
product.Seral.area.immature.CWHvm_FDC_HW_L.CC,18,180,10,0.0,10000.0,1.0,1.0,0.0,0.0,0.0
product.Seral.area.immature.CWHvm_FDC_HW_L.CC,19,190,10,0.0,10000.0,1.0,1.0,12.5,0.0,0.0
product.Seral.area.immature.CWHvm_FDC_HW_L.CC,20,200,10,0.0,10000.0,1.0,1.0,0.0,0.0,0.0
product.Seral.area.immature.CWHvm_FDC_HW_L.CC,21,210,10,0.0,10000.0,1.0,1.0,0.0,0.0,0.0
product.Seral.area.immature.CWHvm_FDC_HW_L.CC,22,220,10,0.0,10000.0,1.0,1.0,3.5950000286102295,0.0,0.0
product.Seral.area.immature.CWHvm_FDC_HW_L.CC,23,230,10,0.0,10000.0,1.0,1.0,0.0,0.0,0.0
product.Seral.area.immature.CWHvm_FDC_HW_L.CC,24,240,10,0.0,10000.0,1.0,1.0,0.0,0.0,0.0
product.Seral.area.immature.CWHvm_FDC_HW_L.CC,25,250,10,0.0,10000.0,1.0,1.0,0.0,0.0,0.0
product.Seral.area.immature.CWHvm_FDC_HW_L.CC,26,260,10,0.0,10000.0,1.0,1.0,0.0,0.0,0.0
product.Seral.area.immature.CWHvm_FDC_HW_L.CC,27,270,10,0.0,10000.0,1.0,1.0,0.0,0.0,0.0
product.Seral.area.immature.CWHvm_FDC_HW_L.CC,28,280,10,0.0,10000.0,1.0,1.0,12.5,0.0,0.0
product.Seral.area.immature.CWHvm_FDC_HW_L.CC,29,290,10,0.0,10000.0,1.0,1.0,0.0,0.0,0.0
product.Seral.area.immature.CWHvm_FDC_HW_L.CC,30,300,10,0.0,10000.0,1.0,1.0,3.5950000286102295,0.0,0.0
product.Seral.area.immature.CWHvm_FDC_HW_M.CC,0,0,10,0.0,10000.0,1.0,1.0,0.0,0.0,0.0
product.Seral.area.immature.CWHvm_FDC_HW_M.CC,1,10,10,0.0,10000.0,1.0,1.0,0.0,0.0,0.0
product.Seral.area.immature.CWHvm_FDC_HW_M.CC,2,20,10,0.0,10000.0,1.0,1.0,11.47700023651123,0.0,0.0
product.Seral.area.immature.CWHvm_FDC_HW_M.CC,3,30,10,0.0,10000.0,1.0,1.0,8.956999778747559,0.0,0.0
product.Seral.area.immature.CWHvm_FDC_HW_M.CC,4,40,10,0.0,10000.0,1.0,1.0,0.0,0.0,0.0
product.Seral.area.immature.CWHvm_FDC_HW_M.CC,5,50,10,0.0,10000.0,1.0,1.0,0.0,0.0,0.0
product.Seral.area.immature.CWHvm_FDC_HW_M.CC,6,60,10,0.0,10000.0,1.0,1.0,0.0,0.0,0.0
product.Seral.area.immature.CWHvm_FDC_HW_M.CC,7,70,10,0.0,10000.0,1.0,1.0,0.0,0.0,0.0
product.Seral.area.immature.CWHvm_FDC_HW_M.CC,8,80,10,0.0,10000.0,1.0,1.0,0.0,0.0,0.0
product.Seral.area.immature.CWHvm_FDC_HW_M.CC,9,90,10,0.0,10000.0,1.0,1.0,11.47700023651123,0.0,0.0
product.Seral.area.immature.CWHvm_FDC_HW_M.CC,10,100,10,0.0,10000.0,1.0,1.0,8.784000396728516,0.0,0.0
product.Seral.area.immature.CWHvm_FDC_HW_M.CC,11,110,10,0.0,10000.0,1.0,1.0,8.956999778747559,0.0,0.0
product.Seral.area.immature.CWHvm_FDC_HW_M.CC,12,120,10,0.0,10000.0,1.0,1.0,0.0,0.0,0.0
product.Seral.area.immature.CWHvm_FDC_HW_M.CC,13,130,10,0.0,10000.0,1.0,1.0,0.0,0.0,0.0
product.Seral.area.immature.CWHvm_FDC_HW_M.CC,14,140,10,0.0,10000.0,1.0,1.0,0.0,0.0,0.0
product.Seral.area.immature.CWHvm_FDC_HW_M.CC,15,150,10,0.0,10000.0,1.0,1.0,0.0,0.0,0.0
product.Seral.area.immature.CWHvm_FDC_HW_M.CC,16,160,10,0.0,10000.0,1.0,1.0,11.47700023651123,0.0,0.0
product.Seral.area.immature.CWHvm_FDC_HW_M.CC,17,170,10,0.0,10000.0,1.0,1.0,0.0,0.0,0.0
product.Seral.area.immature.CWHvm_FDC_HW_M.CC,18,180,10,0.0,10000.0,1.0,1.0,8.784000396728516,0.0,0.0
product.Seral.area.immature.CWHvm_FDC_HW_M.CC,19,190,10,0.0,10000.0,1.0,1.0,8.956999778747559,0.0,0.0
product.Seral.area.immature.CWHvm_FDC_HW_M.CC,20,200,10,0.0,10000.0,1.0,1.0,3.2829999923706055,0.0,0.0
product.Seral.area.immature.CWHvm_FDC_HW_M.CC,21,210,10,0.0,10000.0,1.0,1.0,0.0,0.0,0.0
product.Seral.area.immature.CWHvm_FDC_HW_M.CC,22,220,10,0.0,10000.0,1.0,1.0,0.0,0.0,0.0
product.Seral.area.immature.CWHvm_FDC_HW_M.CC,23,230,10,0.0,10000.0,1.0,1.0,11.47700023651123,0.0,0.0
product.Seral.area.immature.CWHvm_FDC_HW_M.CC,24,240,10,0.0,10000.0,1.0,1.0,0.0,0.0,0.0
product.Seral.area.immature.CWHvm_FDC_HW_M.CC,25,250,10,0.0,10000.0,1.0,1.0,0.0,0.0,0.0
product.Seral.area.immature.CWHvm_FDC_HW_M.CC,26,260,10,0.0,10000.0,1.0,1.0,8.956999778747559,0.0,0.0
product.Seral.area.immature.CWHvm_FDC_HW_M.CC,27,270,10,0.0,10000.0,1.0,1.0,0.0,0.0,0.0
product.Seral.area.immature.CWHvm_FDC_HW_M.CC,28,280,10,0.0,10000.0,1.0,1.0,3.2829999923706055,0.0,0.0
product.Seral.area.immature.CWHvm_FDC_HW_M.CC,29,290,10,0.0,10000.0,1.0,1.0,11.47700023651123,0.0,0.0
product.Seral.area.immature.CWHvm_FDC_HW_M.CC,30,300,10,0.0,10000.0,1.0,1.0,0.0,0.0,0.0
product.Seral.area.immature.CWHvm_HW_BA_M.CC,0,0,10,0.0,10000.0,1.0,1.0,0.0,0.0,0.0
product.Seral.area.immature.CWHvm_HW_BA_M.CC,1,10,10,0.0,10000.0,1.0,1.0,0.0,0.0,0.0
product.Seral.area.immature.CWHvm_HW_BA_M.CC,2,20,10,0.0,10000.0,1.0,1.0,0.0,0.0,0.0
product.Seral.area.immature.CWHvm_HW_BA_M.CC,3,30,10,0.0,10000.0,1.0,1.0,0.0,0.0,0.0
product.Seral.area.immature.CWHvm_HW_BA_M.CC,4,40,10,0.0,10000.0,1.0,1.0,0.0,0.0,0.0
product.Seral.area.immature.CWHvm_HW_BA_M.CC,5,50,10,0.0,10000.0,1.0,1.0,0.0,0.0,0.0
product.Seral.area.immature.CWHvm_HW_BA_M.CC,6,60,10,0.0,10000.0,1.0,1.0,0.0,0.0,0.0
product.Seral.area.immature.CWHvm_HW_BA_M.CC,7,70,10,0.0,10000.0,1.0,1.0,0.0,0.0,0.0
product.Seral.area.immature.CWHvm_HW_BA_M.CC,8,80,10,0.0,10000.0,1.0,1.0,0.0,0.0,0.0
product.Seral.area.immature.CWHvm_HW_BA_M.CC,9,90,10,0.0,10000.0,1.0,1.0,0.0,0.0,0.0
product.Seral.area.immature.CWHvm_HW_BA_M.CC,10,100,10,0.0,10000.0,1.0,1.0,5.294000148773193,0.0,0.0
product.Seral.area.immature.CWHvm_HW_BA_M.CC,11,110,10,0.0,10000.0,1.0,1.0,4.1539998054504395,0.0,0.0
product.Seral.area.immature.CWHvm_HW_BA_M.CC,12,120,10,0.0,10000.0,1.0,1.0,0.0,0.0,0.0
product.Seral.area.immature.CWHvm_HW_BA_M.CC,13,130,10,0.0,10000.0,1.0,1.0,0.0,0.0,0.0
product.Seral.area.immature.CWHvm_HW_BA_M.CC,14,140,10,0.0,10000.0,1.0,1.0,0.0,0.0,0.0
product.Seral.area.immature.CWHvm_HW_BA_M.CC,15,150,10,0.0,10000.0,1.0,1.0,0.0,0.0,0.0
product.Seral.area.immature.CWHvm_HW_BA_M.CC,16,160,10,0.0,10000.0,1.0,1.0,0.0,0.0,0.0
product.Seral.area.immature.CWHvm_HW_BA_M.CC,17,170,10,0.0,10000.0,1.0,1.0,0.0,0.0,0.0
product.Seral.area.immature.CWHvm_HW_BA_M.CC,18,180,10,0.0,10000.0,1.0,1.0,2.2660000324249268,0.0,0.0
product.Seral.area.immature.CWHvm_HW_BA_M.CC,19,190,10,0.0,10000.0,1.0,1.0,0.0,0.0,0.0
product.Seral.area.immature.CWHvm_HW_BA_M.CC,20,200,10,0.0,10000.0,1.0,1.0,3.0280001163482666,0.0,0.0
product.Seral.area.immature.CWHvm_HW_BA_M.CC,21,210,10,0.0,10000.0,1.0,1.0,4.1539998054504395,0.0,0.0
product.Seral.area.immature.CWHvm_HW_BA_M.CC,22,220,10,0.0,10000.0,1.0,1.0,0.0,0.0,0.0
product.Seral.area.immature.CWHvm_HW_BA_M.CC,23,230,10,0.0,10000.0,1.0,1.0,0.0,0.0,0.0
product.Seral.area.immature.CWHvm_HW_BA_M.CC,24,240,10,0.0,10000.0,1.0,1.0,0.0,0.0,0.0
product.Seral.area.immature.CWHvm_HW_BA_M.CC,25,250,10,0.0,10000.0,1.0,1.0,0.0,0.0,0.0
product.Seral.area.immature.CWHvm_HW_BA_M.CC,26,260,10,0.0,10000.0,1.0,1.0,0.0,0.0,0.0
product.Seral.area.immature.CWHvm_HW_BA_M.CC,27,270,10,0.0,10000.0,1.0,1.0,2.2660000324249268,0.0,0.0
product.Seral.area.immature.CWHvm_HW_BA_M.CC,28,280,10,0.0,10000.0,1.0,1.0,0.0,0.0,0.0
product.Seral.area.immature.CWHvm_HW_BA_M.CC,29,290,10,0.0,10000.0,1.0,1.0,3.0280001163482666,0.0,0.0
product.Seral.area.immature.CWHvm_HW_BA_M.CC,30,300,10,0.0,10000.0,1.0,1.0,4.1539998054504395,0.0,0.0
product.Seral.area.immature.CWHvm_HW_CW_H.CC,0,0,10,0.0,10000.0,1.0,1.0,0.0,0.0,0.0
product.Seral.area.immature.CWHvm_HW_CW_H.CC,1,10,10,0.0,10000.0,1.0,1.0,0.0,0.0,0.0
product.Seral.area.immature.CWHvm_HW_CW_H.CC,2,20,10,0.0,10000.0,1.0,1.0,0.0,0.0,0.0
product.Seral.area.immature.CWHvm_HW_CW_H.CC,3,30,10,0.0,10000.0,1.0,1.0,0.0,0.0,0.0
product.Seral.area.immature.CWHvm_HW_CW_H.CC,4,40,10,0.0,10000.0,1.0,1.0,0.0,0.0,0.0
product.Seral.area.immature.CWHvm_HW_CW_H.CC,5,50,10,0.0,10000.0,1.0,1.0,0.0,0.0,0.0
product.Seral.area.immature.CWHvm_HW_CW_H.CC,6,60,10,0.0,10000.0,1.0,1.0,0.0,0.0,0.0
product.Seral.area.immature.CWHvm_HW_CW_H.CC,7,70,10,0.0,10000.0,1.0,1.0,0.0,0.0,0.0
product.Seral.area.immature.CWHvm_HW_CW_H.CC,8,80,10,0.0,10000.0,1.0,1.0,0.0,0.0,0.0
product.Seral.area.immature.CWHvm_HW_CW_H.CC,9,90,10,0.0,10000.0,1.0,1.0,0.0,0.0,0.0
product.Seral.area.immature.CWHvm_HW_CW_H.CC,10,100,10,0.0,10000.0,1.0,1.0,5.9710001945495605,0.0,0.0
product.Seral.area.immature.CWHvm_HW_CW_H.CC,11,110,10,0.0,10000.0,1.0,1.0,8.503999710083008,0.0,0.0
product.Seral.area.immature.CWHvm_HW_CW_H.CC,12,120,10,0.0,10000.0,1.0,1.0,0.0,0.0,0.0
product.Seral.area.immature.CWHvm_HW_CW_H.CC,13,130,10,0.0,10000.0,1.0,1.0,0.0,0.0,0.0
product.Seral.area.immature.CWHvm_HW_CW_H.CC,14,140,10,0.0,10000.0,1.0,1.0,0.0,0.0,0.0
product.Seral.area.immature.CWHvm_HW_CW_H.CC,15,150,10,0.0,10000.0,1.0,1.0,0.0,0.0,0.0
product.Seral.area.immature.CWHvm_HW_CW_H.CC,16,160,10,0.0,10000.0,1.0,1.0,0.0,0.0,0.0
product.Seral.area.immature.CWHvm_HW_CW_H.CC,17,170,10,0.0,10000.0,1.0,1.0,0.0,0.0,0.0
product.Seral.area.immature.CWHvm_HW_CW_H.CC,18,180,10,0.0,10000.0,1.0,1.0,0.0,0.0,0.0
product.Seral.area.immature.CWHvm_HW_CW_H.CC,19,190,10,0.0,10000.0,1.0,1.0,5.9710001945495605,0.0,0.0
product.Seral.area.immature.CWHvm_HW_CW_H.CC,20,200,10,0.0,10000.0,1.0,1.0,0.0,0.0,0.0
product.Seral.area.immature.CWHvm_HW_CW_H.CC,21,210,10,0.0,10000.0,1.0,1.0,8.503999710083008,0.0,0.0
product.Seral.area.immature.CWHvm_HW_CW_H.CC,22,220,10,0.0,10000.0,1.0,1.0,0.0,0.0,0.0
product.Seral.area.immature.CWHvm_HW_CW_H.CC,23,230,10,0.0,10000.0,1.0,1.0,0.0,0.0,0.0
product.Seral.area.immature.CWHvm_HW_CW_H.CC,24,240,10,0.0,10000.0,1.0,1.0,0.0,0.0,0.0
product.Seral.area.immature.CWHvm_HW_CW_H.CC,25,250,10,0.0,10000.0,1.0,1.0,0.0,0.0,0.0
product.Seral.area.immature.CWHvm_HW_CW_H.CC,26,260,10,0.0,10000.0,1.0,1.0,0.0,0.0,0.0
product.Seral.area.immature.CWHvm_HW_CW_H.CC,27,270,10,0.0,10000.0,1.0,1.0,0.0,0.0,0.0
product.Seral.area.immature.CWHvm_HW_CW_H.CC,28,280,10,0.0,10000.0,1.0,1.0,5.9710001945495605,0.0,0.0
product.Seral.area.immature.CWHvm_HW_CW_H.CC,29,290,10,0.0,10000.0,1.0,1.0,2.752000093460083,0.0,0.0
product.Seral.area.immature.CWHvm_HW_CW_H.CC,30,300,10,0.0,10000.0,1.0,1.0,5.751999855041504,0.0,0.0
product.Seral.area.immature.CWHvm_HW_CW_L.CC,0,0,10,0.0,10000.0,1.0,1.0,0.0,0.0,0.0
product.Seral.area.immature.CWHvm_HW_CW_L.CC,1,10,10,0.0,10000.0,1.0,1.0,0.0,0.0,0.0
product.Seral.area.immature.CWHvm_HW_CW_L.CC,2,20,10,0.0,10000.0,1.0,1.0,0.0,0.0,0.0
product.Seral.area.immature.CWHvm_HW_CW_L.CC,3,30,10,0.0,10000.0,1.0,1.0,0.0,0.0,0.0
product.Seral.area.immature.CWHvm_HW_CW_L.CC,4,40,10,0.0,10000.0,1.0,1.0,2.063999891281128,0.0,0.0
product.Seral.area.immature.CWHvm_HW_CW_L.CC,5,50,10,0.0,10000.0,1.0,1.0,0.0,0.0,0.0
product.Seral.area.immature.CWHvm_HW_CW_L.CC,6,60,10,0.0,10000.0,1.0,1.0,0.0,0.0,0.0
product.Seral.area.immature.CWHvm_HW_CW_L.CC,7,70,10,0.0,10000.0,1.0,1.0,0.0,0.0,0.0
product.Seral.area.immature.CWHvm_HW_CW_L.CC,8,80,10,0.0,10000.0,1.0,1.0,0.0,0.0,0.0
product.Seral.area.immature.CWHvm_HW_CW_L.CC,9,90,10,0.0,10000.0,1.0,1.0,0.0,0.0,0.0
product.Seral.area.immature.CWHvm_HW_CW_L.CC,10,100,10,0.0,10000.0,1.0,1.0,0.0,0.0,0.0
product.Seral.area.immature.CWHvm_HW_CW_L.CC,11,110,10,0.0,10000.0,1.0,1.0,0.0,0.0,0.0
product.Seral.area.immature.CWHvm_HW_CW_L.CC,12,120,10,0.0,10000.0,1.0,1.0,0.0,0.0,0.0
product.Seral.area.immature.CWHvm_HW_CW_L.CC,13,130,10,0.0,10000.0,1.0,1.0,0.0,0.0,0.0
product.Seral.area.immature.CWHvm_HW_CW_L.CC,14,140,10,0.0,10000.0,1.0,1.0,3.882999897003174,0.0,0.0
product.Seral.area.immature.CWHvm_HW_CW_L.CC,15,150,10,0.0,10000.0,1.0,1.0,0.0,0.0,0.0
product.Seral.area.immature.CWHvm_HW_CW_L.CC,16,160,10,0.0,10000.0,1.0,1.0,0.0,0.0,0.0
product.Seral.area.immature.CWHvm_HW_CW_L.CC,17,170,10,0.0,10000.0,1.0,1.0,2.063999891281128,0.0,0.0
product.Seral.area.immature.CWHvm_HW_CW_L.CC,18,180,10,0.0,10000.0,1.0,1.0,0.0,0.0,0.0
product.Seral.area.immature.CWHvm_HW_CW_L.CC,19,190,10,0.0,10000.0,1.0,1.0,0.0,0.0,0.0
product.Seral.area.immature.CWHvm_HW_CW_L.CC,20,200,10,0.0,10000.0,1.0,1.0,0.0,0.0,0.0
product.Seral.area.immature.CWHvm_HW_CW_L.CC,21,210,10,0.0,10000.0,1.0,1.0,0.0,0.0,0.0
product.Seral.area.immature.CWHvm_HW_CW_L.CC,22,220,10,0.0,10000.0,1.0,1.0,0.0,0.0,0.0
product.Seral.area.immature.CWHvm_HW_CW_L.CC,23,230,10,0.0,10000.0,1.0,1.0,0.0,0.0,0.0
product.Seral.area.immature.CWHvm_HW_CW_L.CC,24,240,10,0.0,10000.0,1.0,1.0,0.0,0.0,0.0
product.Seral.area.immature.CWHvm_HW_CW_L.CC,25,250,10,0.0,10000.0,1.0,1.0,0.0,0.0,0.0
product.Seral.area.immature.CWHvm_HW_CW_L.CC,26,260,10,0.0,10000.0,1.0,1.0,0.0,0.0,0.0
product.Seral.area.immature.CWHvm_HW_CW_L.CC,27,270,10,0.0,10000.0,1.0,1.0,0.0,0.0,0.0
product.Seral.area.immature.CWHvm_HW_CW_L.CC,28,280,10,0.0,10000.0,1.0,1.0,0.0,0.0,0.0
product.Seral.area.immature.CWHvm_HW_CW_L.CC,29,290,10,0.0,10000.0,1.0,1.0,2.063999891281128,0.0,0.0
product.Seral.area.immature.CWHvm_HW_CW_L.CC,30,300,10,0.0,10000.0,1.0,1.0,0.0,0.0,0.0
product.Seral.area.immature.CWHvm_HW_CW_M.CC,0,0,10,0.0,10000.0,1.0,1.0,0.0,0.0,0.0
product.Seral.area.immature.CWHvm_HW_CW_M.CC,1,10,10,0.0,10000.0,1.0,1.0,1.6740000247955322,0.0,0.0
product.Seral.area.immature.CWHvm_HW_CW_M.CC,2,20,10,0.0,10000.0,1.0,1.0,0.0,0.0,0.0
product.Seral.area.immature.CWHvm_HW_CW_M.CC,3,30,10,0.0,10000.0,1.0,1.0,0.0,0.0,0.0
product.Seral.area.immature.CWHvm_HW_CW_M.CC,4,40,10,0.0,10000.0,1.0,1.0,0.0,0.0,0.0
product.Seral.area.immature.CWHvm_HW_CW_M.CC,5,50,10,0.0,10000.0,1.0,1.0,0.0,0.0,0.0
product.Seral.area.immature.CWHvm_HW_CW_M.CC,6,60,10,0.0,10000.0,1.0,1.0,0.0,0.0,0.0
product.Seral.area.immature.CWHvm_HW_CW_M.CC,7,70,10,0.0,10000.0,1.0,1.0,0.0,0.0,0.0
product.Seral.area.immature.CWHvm_HW_CW_M.CC,8,80,10,0.0,10000.0,1.0,1.0,0.0,0.0,0.0
product.Seral.area.immature.CWHvm_HW_CW_M.CC,9,90,10,0.0,10000.0,1.0,1.0,0.0,0.0,0.0
product.Seral.area.immature.CWHvm_HW_CW_M.CC,10,100,10,0.0,10000.0,1.0,1.0,0.0,0.0,0.0
product.Seral.area.immature.CWHvm_HW_CW_M.CC,11,110,10,0.0,10000.0,1.0,1.0,0.0,0.0,0.0
product.Seral.area.immature.CWHvm_HW_CW_M.CC,12,120,10,0.0,10000.0,1.0,1.0,0.0,0.0,0.0
product.Seral.area.immature.CWHvm_HW_CW_M.CC,13,130,10,0.0,10000.0,1.0,1.0,1.6740000247955322,0.0,0.0
product.Seral.area.immature.CWHvm_HW_CW_M.CC,14,140,10,0.0,10000.0,1.0,1.0,0.0,0.0,0.0
product.Seral.area.immature.CWHvm_HW_CW_M.CC,15,150,10,0.0,10000.0,1.0,1.0,10.833999633789062,0.0,0.0
product.Seral.area.immature.CWHvm_HW_CW_M.CC,16,160,10,0.0,10000.0,1.0,1.0,0.0,0.0,0.0
product.Seral.area.immature.CWHvm_HW_CW_M.CC,17,170,10,0.0,10000.0,1.0,1.0,0.0,0.0,0.0
product.Seral.area.immature.CWHvm_HW_CW_M.CC,18,180,10,0.0,10000.0,1.0,1.0,0.0,0.0,0.0
product.Seral.area.immature.CWHvm_HW_CW_M.CC,19,190,10,0.0,10000.0,1.0,1.0,0.0,0.0,0.0
product.Seral.area.immature.CWHvm_HW_CW_M.CC,20,200,10,0.0,10000.0,1.0,1.0,0.0,0.0,0.0
product.Seral.area.immature.CWHvm_HW_CW_M.CC,21,210,10,0.0,10000.0,1.0,1.0,0.0,0.0,0.0
product.Seral.area.immature.CWHvm_HW_CW_M.CC,22,220,10,0.0,10000.0,1.0,1.0,0.0,0.0,0.0
product.Seral.area.immature.CWHvm_HW_CW_M.CC,23,230,10,0.0,10000.0,1.0,1.0,0.0,0.0,0.0
product.Seral.area.immature.CWHvm_HW_CW_M.CC,24,240,10,0.0,10000.0,1.0,1.0,0.0,0.0,0.0
product.Seral.area.immature.CWHvm_HW_CW_M.CC,25,250,10,0.0,10000.0,1.0,1.0,0.0,0.0,0.0
product.Seral.area.immature.CWHvm_HW_CW_M.CC,26,260,10,0.0,10000.0,1.0,1.0,10.833999633789062,0.0,0.0
product.Seral.area.immature.CWHvm_HW_CW_M.CC,27,270,10,0.0,10000.0,1.0,1.0,0.0,0.0,0.0
product.Seral.area.immature.CWHvm_HW_CW_M.CC,28,280,10,0.0,10000.0,1.0,1.0,0.0,0.0,0.0
product.Seral.area.immature.CWHvm_HW_CW_M.CC,29,290,10,0.0,10000.0,1.0,1.0,0.0,0.0,0.0
product.Seral.area.immature.CWHvm_HW_CW_M.CC,30,300,10,0.0,10000.0,1.0,1.0,0.0,0.0,0.0
product.Seral.area.immature.CWHvm_HW_FDC_H.CC,0,0,10,0.0,10000.0,1.0,1.0,0.0,0.0,0.0
product.Seral.area.immature.CWHvm_HW_FDC_H.CC,1,10,10,0.0,10000.0,1.0,1.0,0.0,0.0,0.0
product.Seral.area.immature.CWHvm_HW_FDC_H.CC,2,20,10,0.0,10000.0,1.0,1.0,12.916000366210938,0.0,0.0
product.Seral.area.immature.CWHvm_HW_FDC_H.CC,3,30,10,0.0,10000.0,1.0,1.0,23.208999633789062,0.0,0.0
product.Seral.area.immature.CWHvm_HW_FDC_H.CC,4,40,10,0.0,10000.0,1.0,1.0,33.37699890136719,0.0,0.0
product.Seral.area.immature.CWHvm_HW_FDC_H.CC,5,50,10,0.0,10000.0,1.0,1.0,2.941999912261963,0.0,0.0
product.Seral.area.immature.CWHvm_HW_FDC_H.CC,6,60,10,0.0,10000.0,1.0,1.0,0.0,0.0,0.0
product.Seral.area.immature.CWHvm_HW_FDC_H.CC,7,70,10,0.0,10000.0,1.0,1.0,0.0,0.0,0.0
product.Seral.area.immature.CWHvm_HW_FDC_H.CC,8,80,10,0.0,10000.0,1.0,1.0,0.0,0.0,0.0
product.Seral.area.immature.CWHvm_HW_FDC_H.CC,9,90,10,0.0,10000.0,1.0,1.0,10.925000190734863,0.0,0.0
product.Seral.area.immature.CWHvm_HW_FDC_H.CC,10,100,10,0.0,10000.0,1.0,1.0,40.72800064086914,0.0,0.0
product.Seral.area.immature.CWHvm_HW_FDC_H.CC,11,110,10,0.0,10000.0,1.0,1.0,5.8470001220703125,0.0,0.0
product.Seral.area.immature.CWHvm_HW_FDC_H.CC,12,120,10,0.0,10000.0,1.0,1.0,39.194000244140625,0.0,0.0
product.Seral.area.immature.CWHvm_HW_FDC_H.CC,13,130,10,0.0,10000.0,1.0,1.0,6.750999927520752,0.0,0.0
product.Seral.area.immature.CWHvm_HW_FDC_H.CC,14,140,10,0.0,10000.0,1.0,1.0,0.0,0.0,0.0
product.Seral.area.immature.CWHvm_HW_FDC_H.CC,15,150,10,0.0,10000.0,1.0,1.0,21.065000534057617,0.0,0.0
product.Seral.area.immature.CWHvm_HW_FDC_H.CC,16,160,10,0.0,10000.0,1.0,1.0,0.0,0.0,0.0
product.Seral.area.immature.CWHvm_HW_FDC_H.CC,17,170,10,0.0,10000.0,1.0,1.0,28.22599983215332,0.0,0.0
product.Seral.area.immature.CWHvm_HW_FDC_H.CC,18,180,10,0.0,10000.0,1.0,1.0,31.54400062561035,0.0,0.0
product.Seral.area.immature.CWHvm_HW_FDC_H.CC,19,190,10,0.0,10000.0,1.0,1.0,7.51200008392334,0.0,0.0
product.Seral.area.immature.CWHvm_HW_FDC_H.CC,20,200,10,0.0,10000.0,1.0,1.0,35.52799987792969,0.0,0.0
product.Seral.area.immature.CWHvm_HW_FDC_H.CC,21,210,10,0.0,10000.0,1.0,1.0,13.295999526977539,0.0,0.0
product.Seral.area.immature.CWHvm_HW_FDC_H.CC,22,220,10,0.0,10000.0,1.0,1.0,2.9679999351501465,0.0,0.0
product.Seral.area.immature.CWHvm_HW_FDC_H.CC,23,230,10,0.0,10000.0,1.0,1.0,21.065000534057617,0.0,0.0
product.Seral.area.immature.CWHvm_HW_FDC_H.CC,24,240,10,0.0,10000.0,1.0,1.0,0.0,0.0,0.0
product.Seral.area.immature.CWHvm_HW_FDC_H.CC,25,250,10,0.0,10000.0,1.0,1.0,43.85499954223633,0.0,0.0
product.Seral.area.immature.CWHvm_HW_FDC_H.CC,26,260,10,0.0,10000.0,1.0,1.0,4.698999881744385,0.0,0.0
product.Seral.area.immature.CWHvm_HW_FDC_H.CC,27,270,10,0.0,10000.0,1.0,1.0,22.940000534057617,0.0,0.0
product.Seral.area.immature.CWHvm_HW_FDC_H.CC,28,280,10,0.0,10000.0,1.0,1.0,31.31599998474121,0.0,0.0
product.Seral.area.immature.CWHvm_HW_FDC_H.CC,29,290,10,0.0,10000.0,1.0,1.0,9.07800006866455,0.0,0.0
product.Seral.area.immature.CWHvm_HW_FDC_H.CC,30,300,10,0.0,10000.0,1.0,1.0,7.185999870300293,0.0,0.0
product.Seral.area.immature.CWHvm_HW_FDC_L.CC,0,0,10,0.0,10000.0,1.0,1.0,0.0,0.0,0.0
product.Seral.area.immature.CWHvm_HW_FDC_L.CC,1,10,10,0.0,10000.0,1.0,1.0,5.546999931335449,0.0,0.0
product.Seral.area.immature.CWHvm_HW_FDC_L.CC,2,20,10,0.0,10000.0,1.0,1.0,6.435999870300293,0.0,0.0
product.Seral.area.immature.CWHvm_HW_FDC_L.CC,3,30,10,0.0,10000.0,1.0,1.0,2.0989999771118164,0.0,0.0
product.Seral.area.immature.CWHvm_HW_FDC_L.CC,4,40,10,0.0,10000.0,1.0,1.0,0.0,0.0,0.0
product.Seral.area.immature.CWHvm_HW_FDC_L.CC,5,50,10,0.0,10000.0,1.0,1.0,4.328000068664551,0.0,0.0
product.Seral.area.immature.CWHvm_HW_FDC_L.CC,6,60,10,0.0,10000.0,1.0,1.0,0.0,0.0,0.0
product.Seral.area.immature.CWHvm_HW_FDC_L.CC,7,70,10,0.0,10000.0,1.0,1.0,0.0,0.0,0.0
product.Seral.area.immature.CWHvm_HW_FDC_L.CC,8,80,10,0.0,10000.0,1.0,1.0,0.0,0.0,0.0
product.Seral.area.immature.CWHvm_HW_FDC_L.CC,9,90,10,0.0,10000.0,1.0,1.0,5.546999931335449,0.0,0.0
product.Seral.area.immature.CWHvm_HW_FDC_L.CC,10,100,10,0.0,10000.0,1.0,1.0,1.0110000371932983,0.0,0.0
product.Seral.area.immature.CWHvm_HW_FDC_L.CC,11,110,10,0.0,10000.0,1.0,1.0,9.010000228881836,0.0,0.0
product.Seral.area.immature.CWHvm_HW_FDC_L.CC,12,120,10,0.0,10000.0,1.0,1.0,2.0989999771118164,0.0,0.0
product.Seral.area.immature.CWHvm_HW_FDC_L.CC,13,130,10,0.0,10000.0,1.0,1.0,0.0,0.0,0.0
product.Seral.area.immature.CWHvm_HW_FDC_L.CC,14,140,10,0.0,10000.0,1.0,1.0,0.0,0.0,0.0
product.Seral.area.immature.CWHvm_HW_FDC_L.CC,15,150,10,0.0,10000.0,1.0,1.0,0.0,0.0,0.0
product.Seral.area.immature.CWHvm_HW_FDC_L.CC,16,160,10,0.0,10000.0,1.0,1.0,0.0,0.0,0.0
product.Seral.area.immature.CWHvm_HW_FDC_L.CC,17,170,10,0.0,10000.0,1.0,1.0,0.0,0.0,0.0
product.Seral.area.immature.CWHvm_HW_FDC_L.CC,18,180,10,0.0,10000.0,1.0,1.0,5.546999931335449,0.0,0.0
product.Seral.area.immature.CWHvm_HW_FDC_L.CC,19,190,10,0.0,10000.0,1.0,1.0,0.0,0.0,0.0
product.Seral.area.immature.CWHvm_HW_FDC_L.CC,20,200,10,0.0,10000.0,1.0,1.0,7.447000026702881,0.0,0.0
product.Seral.area.immature.CWHvm_HW_FDC_L.CC,21,210,10,0.0,10000.0,1.0,1.0,4.672999858856201,0.0,0.0
product.Seral.area.immature.CWHvm_HW_FDC_L.CC,22,220,10,0.0,10000.0,1.0,1.0,0.0,0.0,0.0
product.Seral.area.immature.CWHvm_HW_FDC_L.CC,23,230,10,0.0,10000.0,1.0,1.0,0.0,0.0,0.0
product.Seral.area.immature.CWHvm_HW_FDC_L.CC,24,240,10,0.0,10000.0,1.0,1.0,0.0,0.0,0.0
product.Seral.area.immature.CWHvm_HW_FDC_L.CC,25,250,10,0.0,10000.0,1.0,1.0,0.0,0.0,0.0
product.Seral.area.immature.CWHvm_HW_FDC_L.CC,26,260,10,0.0,10000.0,1.0,1.0,17.06100082397461,0.0,0.0
product.Seral.area.immature.CWHvm_HW_FDC_L.CC,27,270,10,0.0,10000.0,1.0,1.0,0.0,0.0,0.0
product.Seral.area.immature.CWHvm_HW_FDC_L.CC,28,280,10,0.0,10000.0,1.0,1.0,0.0,0.0,0.0
product.Seral.area.immature.CWHvm_HW_FDC_L.CC,29,290,10,0.0,10000.0,1.0,1.0,12.388999938964844,0.0,0.0
product.Seral.area.immature.CWHvm_HW_FDC_L.CC,30,300,10,0.0,10000.0,1.0,1.0,8.062999725341797,0.0,0.0
product.Seral.area.immature.CWHvm_HW_SS_M.CC,0,0,10,0.0,10000.0,1.0,1.0,0.0,0.0,0.0
product.Seral.area.immature.CWHvm_HW_SS_M.CC,1,10,10,0.0,10000.0,1.0,1.0,0.0,0.0,0.0
product.Seral.area.immature.CWHvm_HW_SS_M.CC,2,20,10,0.0,10000.0,1.0,1.0,0.0,0.0,0.0
product.Seral.area.immature.CWHvm_HW_SS_M.CC,3,30,10,0.0,10000.0,1.0,1.0,0.0,0.0,0.0
product.Seral.area.immature.CWHvm_HW_SS_M.CC,4,40,10,0.0,10000.0,1.0,1.0,3.578000068664551,0.0,0.0
product.Seral.area.immature.CWHvm_HW_SS_M.CC,5,50,10,0.0,10000.0,1.0,1.0,1.0080000162124634,0.0,0.0
product.Seral.area.immature.CWHvm_HW_SS_M.CC,6,60,10,0.0,10000.0,1.0,1.0,0.0,0.0,0.0
product.Seral.area.immature.CWHvm_HW_SS_M.CC,7,70,10,0.0,10000.0,1.0,1.0,0.0,0.0,0.0
product.Seral.area.immature.CWHvm_HW_SS_M.CC,8,80,10,0.0,10000.0,1.0,1.0,0.0,0.0,0.0
product.Seral.area.immature.CWHvm_HW_SS_M.CC,9,90,10,0.0,10000.0,1.0,1.0,0.0,0.0,0.0
product.Seral.area.immature.CWHvm_HW_SS_M.CC,10,100,10,0.0,10000.0,1.0,1.0,0.0,0.0,0.0
product.Seral.area.immature.CWHvm_HW_SS_M.CC,11,110,10,0.0,10000.0,1.0,1.0,0.0,0.0,0.0
product.Seral.area.immature.CWHvm_HW_SS_M.CC,12,120,10,0.0,10000.0,1.0,1.0,3.578000068664551,0.0,0.0
product.Seral.area.immature.CWHvm_HW_SS_M.CC,13,130,10,0.0,10000.0,1.0,1.0,1.0080000162124634,0.0,0.0
product.Seral.area.immature.CWHvm_HW_SS_M.CC,14,140,10,0.0,10000.0,1.0,1.0,0.0,0.0,0.0
product.Seral.area.immature.CWHvm_HW_SS_M.CC,15,150,10,0.0,10000.0,1.0,1.0,0.0,0.0,0.0
product.Seral.area.immature.CWHvm_HW_SS_M.CC,16,160,10,0.0,10000.0,1.0,1.0,0.0,0.0,0.0
product.Seral.area.immature.CWHvm_HW_SS_M.CC,17,170,10,0.0,10000.0,1.0,1.0,0.0,0.0,0.0
product.Seral.area.immature.CWHvm_HW_SS_M.CC,18,180,10,0.0,10000.0,1.0,1.0,0.0,0.0,0.0
product.Seral.area.immature.CWHvm_HW_SS_M.CC,19,190,10,0.0,10000.0,1.0,1.0,0.0,0.0,0.0
product.Seral.area.immature.CWHvm_HW_SS_M.CC,20,200,10,0.0,10000.0,1.0,1.0,0.0,0.0,0.0
product.Seral.area.immature.CWHvm_HW_SS_M.CC,21,210,10,0.0,10000.0,1.0,1.0,3.578000068664551,0.0,0.0
product.Seral.area.immature.CWHvm_HW_SS_M.CC,22,220,10,0.0,10000.0,1.0,1.0,1.0080000162124634,0.0,0.0
product.Seral.area.immature.CWHvm_HW_SS_M.CC,23,230,10,0.0,10000.0,1.0,1.0,0.0,0.0,0.0
product.Seral.area.immature.CWHvm_HW_SS_M.CC,24,240,10,0.0,10000.0,1.0,1.0,0.0,0.0,0.0
product.Seral.area.immature.CWHvm_HW_SS_M.CC,25,250,10,0.0,10000.0,1.0,1.0,0.0,0.0,0.0
product.Seral.area.immature.CWHvm_HW_SS_M.CC,26,260,10,0.0,10000.0,1.0,1.0,19.506000518798828,0.0,0.0
product.Seral.area.immature.CWHvm_HW_SS_M.CC,27,270,10,0.0,10000.0,1.0,1.0,0.0,0.0,0.0
product.Seral.area.immature.CWHvm_HW_SS_M.CC,28,280,10,0.0,10000.0,1.0,1.0,0.0,0.0,0.0
product.Seral.area.immature.CWHvm_HW_SS_M.CC,29,290,10,0.0,10000.0,1.0,1.0,3.578000068664551,0.0,0.0
product.Seral.area.immature.CWHvm_HW_SS_M.CC,30,300,10,0.0,10000.0,1.0,1.0,1.0080000162124634,0.0,0.0
product.Seral.area.mature.CWHvm_CW_HW_M.CC,0,0,10,0.0,10000.0,1.0,1.0,0.0,0.0,0.0
product.Seral.area.mature.CWHvm_CW_HW_M.CC,1,10,10,0.0,10000.0,1.0,1.0,0.0,0.0,0.0
product.Seral.area.mature.CWHvm_CW_HW_M.CC,2,20,10,0.0,10000.0,1.0,1.0,1.4229999780654907,0.0,0.0
product.Seral.area.mature.CWHvm_CW_HW_M.CC,3,30,10,0.0,10000.0,1.0,1.0,0.0,0.0,0.0
product.Seral.area.mature.CWHvm_CW_HW_M.CC,4,40,10,0.0,10000.0,1.0,1.0,0.0,0.0,0.0
product.Seral.area.mature.CWHvm_CW_HW_M.CC,5,50,10,0.0,10000.0,1.0,1.0,0.0,0.0,0.0
product.Seral.area.mature.CWHvm_CW_HW_M.CC,6,60,10,0.0,10000.0,1.0,1.0,0.0,0.0,0.0
product.Seral.area.mature.CWHvm_CW_HW_M.CC,7,70,10,0.0,10000.0,1.0,1.0,0.0,0.0,0.0
product.Seral.area.mature.CWHvm_CW_HW_M.CC,8,80,10,0.0,10000.0,1.0,1.0,0.0,0.0,0.0
product.Seral.area.mature.CWHvm_CW_HW_M.CC,9,90,10,0.0,10000.0,1.0,1.0,0.0,0.0,0.0
product.Seral.area.mature.CWHvm_CW_HW_M.CC,10,100,10,0.0,10000.0,1.0,1.0,7.992000102996826,0.0,0.0
product.Seral.area.mature.CWHvm_CW_HW_M.CC,11,110,10,0.0,10000.0,1.0,1.0,61.78099822998047,0.0,0.0
product.Seral.area.mature.CWHvm_CW_HW_M.CC,12,120,10,0.0,10000.0,1.0,1.0,0.0,0.0,0.0
product.Seral.area.mature.CWHvm_CW_HW_M.CC,13,130,10,0.0,10000.0,1.0,1.0,6.922999858856201,0.0,0.0
product.Seral.area.mature.CWHvm_CW_HW_M.CC,14,140,10,0.0,10000.0,1.0,1.0,9.178000450134277,0.0,0.0
product.Seral.area.mature.CWHvm_CW_HW_M.CC,15,150,10,0.0,10000.0,1.0,1.0,10.309000015258789,0.0,0.0
product.Seral.area.mature.CWHvm_CW_HW_M.CC,16,160,10,0.0,10000.0,1.0,1.0,1.9639999866485596,0.0,0.0
product.Seral.area.mature.CWHvm_CW_HW_M.CC,17,170,10,0.0,10000.0,1.0,1.0,2.1459999084472656,0.0,0.0
product.Seral.area.mature.CWHvm_CW_HW_M.CC,18,180,10,0.0,10000.0,1.0,1.0,0.0,0.0,0.0
product.Seral.area.mature.CWHvm_CW_HW_M.CC,19,190,10,0.0,10000.0,1.0,1.0,0.0,0.0,0.0
product.Seral.area.mature.CWHvm_CW_HW_M.CC,20,200,10,0.0,10000.0,1.0,1.0,0.0,0.0,0.0
product.Seral.area.mature.CWHvm_CW_HW_M.CC,21,210,10,0.0,10000.0,1.0,1.0,0.0,0.0,0.0
product.Seral.area.mature.CWHvm_CW_HW_M.CC,22,220,10,0.0,10000.0,1.0,1.0,0.0,0.0,0.0
product.Seral.area.mature.CWHvm_CW_HW_M.CC,23,230,10,0.0,10000.0,1.0,1.0,0.0,0.0,0.0
product.Seral.area.mature.CWHvm_CW_HW_M.CC,24,240,10,0.0,10000.0,1.0,1.0,0.0,0.0,0.0
product.Seral.area.mature.CWHvm_CW_HW_M.CC,25,250,10,0.0,10000.0,1.0,1.0,44.55699920654297,0.0,0.0
product.Seral.area.mature.CWHvm_CW_HW_M.CC,26,260,10,0.0,10000.0,1.0,1.0,25.215999603271484,0.0,0.0
product.Seral.area.mature.CWHvm_CW_HW_M.CC,27,270,10,0.0,10000.0,1.0,1.0,5.6519999504089355,0.0,0.0
product.Seral.area.mature.CWHvm_CW_HW_M.CC,28,280,10,0.0,10000.0,1.0,1.0,11.380000114440918,0.0,0.0
product.Seral.area.mature.CWHvm_CW_HW_M.CC,29,290,10,0.0,10000.0,1.0,1.0,2.882999897003174,0.0,0.0
product.Seral.area.mature.CWHvm_CW_HW_M.CC,30,300,10,0.0,10000.0,1.0,1.0,10.604999542236328,0.0,0.0
product.Seral.area.mature.CWHvm_DR_HW_M.CC,0,0,10,0.0,10000.0,1.0,1.0,0.0,0.0,0.0
product.Seral.area.mature.CWHvm_DR_HW_M.CC,1,10,10,0.0,10000.0,1.0,1.0,0.0,0.0,0.0
product.Seral.area.mature.CWHvm_DR_HW_M.CC,2,20,10,0.0,10000.0,1.0,1.0,0.0,0.0,0.0
product.Seral.area.mature.CWHvm_DR_HW_M.CC,3,30,10,0.0,10000.0,1.0,1.0,0.0,0.0,0.0
product.Seral.area.mature.CWHvm_DR_HW_M.CC,4,40,10,0.0,10000.0,1.0,1.0,0.0,0.0,0.0
product.Seral.area.mature.CWHvm_DR_HW_M.CC,5,50,10,0.0,10000.0,1.0,1.0,9.241999626159668,0.0,0.0
product.Seral.area.mature.CWHvm_DR_HW_M.CC,6,60,10,0.0,10000.0,1.0,1.0,7.0929999351501465,0.0,0.0
product.Seral.area.mature.CWHvm_DR_HW_M.CC,7,70,10,0.0,10000.0,1.0,1.0,0.0,0.0,0.0
product.Seral.area.mature.CWHvm_DR_HW_M.CC,8,80,10,0.0,10000.0,1.0,1.0,13.381999969482422,0.0,0.0
product.Seral.area.mature.CWHvm_DR_HW_M.CC,9,90,10,0.0,10000.0,1.0,1.0,0.0,0.0,0.0
product.Seral.area.mature.CWHvm_DR_HW_M.CC,10,100,10,0.0,10000.0,1.0,1.0,0.0,0.0,0.0
product.Seral.area.mature.CWHvm_DR_HW_M.CC,11,110,10,0.0,10000.0,1.0,1.0,0.0,0.0,0.0
product.Seral.area.mature.CWHvm_DR_HW_M.CC,12,120,10,0.0,10000.0,1.0,1.0,3.6700000762939453,0.0,0.0
product.Seral.area.mature.CWHvm_DR_HW_M.CC,13,130,10,0.0,10000.0,1.0,1.0,0.0,0.0,0.0
product.Seral.area.mature.CWHvm_DR_HW_M.CC,14,140,10,0.0,10000.0,1.0,1.0,0.0,0.0,0.0
product.Seral.area.mature.CWHvm_DR_HW_M.CC,15,150,10,0.0,10000.0,1.0,1.0,0.0,0.0,0.0
product.Seral.area.mature.CWHvm_DR_HW_M.CC,16,160,10,0.0,10000.0,1.0,1.0,15.241999626159668,0.0,0.0
product.Seral.area.mature.CWHvm_DR_HW_M.CC,17,170,10,0.0,10000.0,1.0,1.0,1.093000054359436,0.0,0.0
product.Seral.area.mature.CWHvm_DR_HW_M.CC,18,180,10,0.0,10000.0,1.0,1.0,0.0,0.0,0.0
product.Seral.area.mature.CWHvm_DR_HW_M.CC,19,190,10,0.0,10000.0,1.0,1.0,0.0,0.0,0.0
product.Seral.area.mature.CWHvm_DR_HW_M.CC,20,200,10,0.0,10000.0,1.0,1.0,13.381999969482422,0.0,0.0
product.Seral.area.mature.CWHvm_DR_HW_M.CC,21,210,10,0.0,10000.0,1.0,1.0,3.6700000762939453,0.0,0.0
product.Seral.area.mature.CWHvm_DR_HW_M.CC,22,220,10,0.0,10000.0,1.0,1.0,0.0,0.0,0.0
product.Seral.area.mature.CWHvm_DR_HW_M.CC,23,230,10,0.0,10000.0,1.0,1.0,0.0,0.0,0.0
product.Seral.area.mature.CWHvm_DR_HW_M.CC,24,240,10,0.0,10000.0,1.0,1.0,0.0,0.0,0.0
product.Seral.area.mature.CWHvm_DR_HW_M.CC,25,250,10,0.0,10000.0,1.0,1.0,2.4240000247955322,0.0,0.0
product.Seral.area.mature.CWHvm_DR_HW_M.CC,26,260,10,0.0,10000.0,1.0,1.0,6.0,0.0,0.0
product.Seral.area.mature.CWHvm_DR_HW_M.CC,27,270,10,0.0,10000.0,1.0,1.0,7.910999774932861,0.0,0.0
product.Seral.area.mature.CWHvm_DR_HW_M.CC,28,280,10,0.0,10000.0,1.0,1.0,0.0,0.0,0.0
product.Seral.area.mature.CWHvm_DR_HW_M.CC,29,290,10,0.0,10000.0,1.0,1.0,0.0,0.0,0.0
product.Seral.area.mature.CWHvm_DR_HW_M.CC,30,300,10,0.0,10000.0,1.0,1.0,3.6700000762939453,0.0,0.0
product.Seral.area.mature.CWHvm_FDC_HW_H.CC,0,0,10,0.0,10000.0,1.0,1.0,0.0,0.0,0.0
product.Seral.area.mature.CWHvm_FDC_HW_H.CC,1,10,10,0.0,10000.0,1.0,1.0,0.0,0.0,0.0
product.Seral.area.mature.CWHvm_FDC_HW_H.CC,2,20,10,0.0,10000.0,1.0,1.0,6.635000228881836,0.0,0.0
product.Seral.area.mature.CWHvm_FDC_HW_H.CC,3,30,10,0.0,10000.0,1.0,1.0,27.010000228881836,0.0,0.0
product.Seral.area.mature.CWHvm_FDC_HW_H.CC,4,40,10,0.0,10000.0,1.0,1.0,17.0939998626709,0.0,0.0
product.Seral.area.mature.CWHvm_FDC_HW_H.CC,5,50,10,0.0,10000.0,1.0,1.0,0.0,0.0,0.0
product.Seral.area.mature.CWHvm_FDC_HW_H.CC,6,60,10,0.0,10000.0,1.0,1.0,6.557000160217285,0.0,0.0
product.Seral.area.mature.CWHvm_FDC_HW_H.CC,7,70,10,0.0,10000.0,1.0,1.0,37.87099838256836,0.0,0.0
product.Seral.area.mature.CWHvm_FDC_HW_H.CC,8,80,10,0.0,10000.0,1.0,1.0,0.0,0.0,0.0
product.Seral.area.mature.CWHvm_FDC_HW_H.CC,9,90,10,0.0,10000.0,1.0,1.0,18.916000366210938,0.0,0.0
product.Seral.area.mature.CWHvm_FDC_HW_H.CC,10,100,10,0.0,10000.0,1.0,1.0,6.635000228881836,0.0,0.0
product.Seral.area.mature.CWHvm_FDC_HW_H.CC,11,110,10,0.0,10000.0,1.0,1.0,11.795999526977539,0.0,0.0
product.Seral.area.mature.CWHvm_FDC_HW_H.CC,12,120,10,0.0,10000.0,1.0,1.0,17.0939998626709,0.0,0.0
product.Seral.area.mature.CWHvm_FDC_HW_H.CC,13,130,10,0.0,10000.0,1.0,1.0,0.0,0.0,0.0
product.Seral.area.mature.CWHvm_FDC_HW_H.CC,14,140,10,0.0,10000.0,1.0,1.0,37.87099838256836,0.0,0.0
product.Seral.area.mature.CWHvm_FDC_HW_H.CC,15,150,10,0.0,10000.0,1.0,1.0,6.557000160217285,0.0,0.0
product.Seral.area.mature.CWHvm_FDC_HW_H.CC,16,160,10,0.0,10000.0,1.0,1.0,0.0,0.0,0.0
product.Seral.area.mature.CWHvm_FDC_HW_H.CC,17,170,10,0.0,10000.0,1.0,1.0,18.916000366210938,0.0,0.0
product.Seral.area.mature.CWHvm_FDC_HW_H.CC,18,180,10,0.0,10000.0,1.0,1.0,6.635000228881836,0.0,0.0
product.Seral.area.mature.CWHvm_FDC_HW_H.CC,19,190,10,0.0,10000.0,1.0,1.0,11.795999526977539,0.0,0.0
product.Seral.area.mature.CWHvm_FDC_HW_H.CC,20,200,10,0.0,10000.0,1.0,1.0,0.0,0.0,0.0
product.Seral.area.mature.CWHvm_FDC_HW_H.CC,21,210,10,0.0,10000.0,1.0,1.0,17.0939998626709,0.0,0.0
product.Seral.area.mature.CWHvm_FDC_HW_H.CC,22,220,10,0.0,10000.0,1.0,1.0,37.87099838256836,0.0,0.0
product.Seral.area.mature.CWHvm_FDC_HW_H.CC,23,230,10,0.0,10000.0,1.0,1.0,0.0,0.0,0.0
product.Seral.area.mature.CWHvm_FDC_HW_H.CC,24,240,10,0.0,10000.0,1.0,1.0,13.949000358581543,0.0,0.0
product.Seral.area.mature.CWHvm_FDC_HW_H.CC,25,250,10,0.0,10000.0,1.0,1.0,0.0,0.0,0.0
product.Seral.area.mature.CWHvm_FDC_HW_H.CC,26,260,10,0.0,10000.0,1.0,1.0,0.0,0.0,0.0
product.Seral.area.mature.CWHvm_FDC_HW_H.CC,27,270,10,0.0,10000.0,1.0,1.0,18.430999755859375,0.0,0.0
product.Seral.area.mature.CWHvm_FDC_HW_H.CC,28,280,10,0.0,10000.0,1.0,1.0,0.0,0.0,0.0
product.Seral.area.mature.CWHvm_FDC_HW_H.CC,29,290,10,0.0,10000.0,1.0,1.0,17.0939998626709,0.0,0.0
product.Seral.area.mature.CWHvm_FDC_HW_H.CC,30,300,10,0.0,10000.0,1.0,1.0,0.0,0.0,0.0
product.Seral.area.mature.CWHvm_FDC_HW_L.CC,0,0,10,0.0,10000.0,1.0,1.0,0.0,0.0,0.0
product.Seral.area.mature.CWHvm_FDC_HW_L.CC,1,10,10,0.0,10000.0,1.0,1.0,12.5,0.0,0.0
product.Seral.area.mature.CWHvm_FDC_HW_L.CC,2,20,10,0.0,10000.0,1.0,1.0,0.0,0.0,0.0
product.Seral.area.mature.CWHvm_FDC_HW_L.CC,3,30,10,0.0,10000.0,1.0,1.0,0.0,0.0,0.0
product.Seral.area.mature.CWHvm_FDC_HW_L.CC,4,40,10,0.0,10000.0,1.0,1.0,0.0,0.0,0.0
product.Seral.area.mature.CWHvm_FDC_HW_L.CC,5,50,10,0.0,10000.0,1.0,1.0,0.0,0.0,0.0
product.Seral.area.mature.CWHvm_FDC_HW_L.CC,6,60,10,0.0,10000.0,1.0,1.0,0.0,0.0,0.0
product.Seral.area.mature.CWHvm_FDC_HW_L.CC,7,70,10,0.0,10000.0,1.0,1.0,0.0,0.0,0.0
product.Seral.area.mature.CWHvm_FDC_HW_L.CC,8,80,10,0.0,10000.0,1.0,1.0,0.0,0.0,0.0
product.Seral.area.mature.CWHvm_FDC_HW_L.CC,9,90,10,0.0,10000.0,1.0,1.0,0.0,0.0,0.0
product.Seral.area.mature.CWHvm_FDC_HW_L.CC,10,100,10,0.0,10000.0,1.0,1.0,0.0,0.0,0.0
product.Seral.area.mature.CWHvm_FDC_HW_L.CC,11,110,10,0.0,10000.0,1.0,1.0,0.0,0.0,0.0
product.Seral.area.mature.CWHvm_FDC_HW_L.CC,12,120,10,0.0,10000.0,1.0,1.0,0.0,0.0,0.0
product.Seral.area.mature.CWHvm_FDC_HW_L.CC,13,130,10,0.0,10000.0,1.0,1.0,0.0,0.0,0.0
product.Seral.area.mature.CWHvm_FDC_HW_L.CC,14,140,10,0.0,10000.0,1.0,1.0,0.0,0.0,0.0
product.Seral.area.mature.CWHvm_FDC_HW_L.CC,15,150,10,0.0,10000.0,1.0,1.0,0.0,0.0,0.0
product.Seral.area.mature.CWHvm_FDC_HW_L.CC,16,160,10,0.0,10000.0,1.0,1.0,0.0,0.0,0.0
product.Seral.area.mature.CWHvm_FDC_HW_L.CC,17,170,10,0.0,10000.0,1.0,1.0,0.0,0.0,0.0
product.Seral.area.mature.CWHvm_FDC_HW_L.CC,18,180,10,0.0,10000.0,1.0,1.0,0.0,0.0,0.0
product.Seral.area.mature.CWHvm_FDC_HW_L.CC,19,190,10,0.0,10000.0,1.0,1.0,0.0,0.0,0.0
product.Seral.area.mature.CWHvm_FDC_HW_L.CC,20,200,10,0.0,10000.0,1.0,1.0,0.0,0.0,0.0
product.Seral.area.mature.CWHvm_FDC_HW_L.CC,21,210,10,0.0,10000.0,1.0,1.0,0.0,0.0,0.0
product.Seral.area.mature.CWHvm_FDC_HW_L.CC,22,220,10,0.0,10000.0,1.0,1.0,0.0,0.0,0.0
product.Seral.area.mature.CWHvm_FDC_HW_L.CC,23,230,10,0.0,10000.0,1.0,1.0,0.0,0.0,0.0
product.Seral.area.mature.CWHvm_FDC_HW_L.CC,24,240,10,0.0,10000.0,1.0,1.0,0.0,0.0,0.0
product.Seral.area.mature.CWHvm_FDC_HW_L.CC,25,250,10,0.0,10000.0,1.0,1.0,0.0,0.0,0.0
product.Seral.area.mature.CWHvm_FDC_HW_L.CC,26,260,10,0.0,10000.0,1.0,1.0,0.0,0.0,0.0
product.Seral.area.mature.CWHvm_FDC_HW_L.CC,27,270,10,0.0,10000.0,1.0,1.0,0.0,0.0,0.0
product.Seral.area.mature.CWHvm_FDC_HW_L.CC,28,280,10,0.0,10000.0,1.0,1.0,0.0,0.0,0.0
product.Seral.area.mature.CWHvm_FDC_HW_L.CC,29,290,10,0.0,10000.0,1.0,1.0,0.0,0.0,0.0
product.Seral.area.mature.CWHvm_FDC_HW_L.CC,30,300,10,0.0,10000.0,1.0,1.0,0.0,0.0,0.0
product.Seral.area.mature.CWHvm_FDC_HW_M.CC,0,0,10,0.0,10000.0,1.0,1.0,0.0,0.0,0.0
product.Seral.area.mature.CWHvm_FDC_HW_M.CC,1,10,10,0.0,10000.0,1.0,1.0,0.0,0.0,0.0
product.Seral.area.mature.CWHvm_FDC_HW_M.CC,2,20,10,0.0,10000.0,1.0,1.0,0.0,0.0,0.0
product.Seral.area.mature.CWHvm_FDC_HW_M.CC,3,30,10,0.0,10000.0,1.0,1.0,8.784000396728516,0.0,0.0
product.Seral.area.mature.CWHvm_FDC_HW_M.CC,4,40,10,0.0,10000.0,1.0,1.0,3.2829999923706055,0.0,0.0
product.Seral.area.mature.CWHvm_FDC_HW_M.CC,5,50,10,0.0,10000.0,1.0,1.0,0.0,0.0,0.0
product.Seral.area.mature.CWHvm_FDC_HW_M.CC,6,60,10,0.0,10000.0,1.0,1.0,0.0,0.0,0.0
product.Seral.area.mature.CWHvm_FDC_HW_M.CC,7,70,10,0.0,10000.0,1.0,1.0,0.0,0.0,0.0
product.Seral.area.mature.CWHvm_FDC_HW_M.CC,8,80,10,0.0,10000.0,1.0,1.0,0.0,0.0,0.0
product.Seral.area.mature.CWHvm_FDC_HW_M.CC,9,90,10,0.0,10000.0,1.0,1.0,0.0,0.0,0.0
product.Seral.area.mature.CWHvm_FDC_HW_M.CC,10,100,10,0.0,10000.0,1.0,1.0,0.0,0.0,0.0
product.Seral.area.mature.CWHvm_FDC_HW_M.CC,11,110,10,0.0,10000.0,1.0,1.0,0.0,0.0,0.0
product.Seral.area.mature.CWHvm_FDC_HW_M.CC,12,120,10,0.0,10000.0,1.0,1.0,3.2829999923706055,0.0,0.0
product.Seral.area.mature.CWHvm_FDC_HW_M.CC,13,130,10,0.0,10000.0,1.0,1.0,0.0,0.0,0.0
product.Seral.area.mature.CWHvm_FDC_HW_M.CC,14,140,10,0.0,10000.0,1.0,1.0,0.0,0.0,0.0
product.Seral.area.mature.CWHvm_FDC_HW_M.CC,15,150,10,0.0,10000.0,1.0,1.0,0.0,0.0,0.0
product.Seral.area.mature.CWHvm_FDC_HW_M.CC,16,160,10,0.0,10000.0,1.0,1.0,0.0,0.0,0.0
product.Seral.area.mature.CWHvm_FDC_HW_M.CC,17,170,10,0.0,10000.0,1.0,1.0,0.0,0.0,0.0
product.Seral.area.mature.CWHvm_FDC_HW_M.CC,18,180,10,0.0,10000.0,1.0,1.0,0.0,0.0,0.0
product.Seral.area.mature.CWHvm_FDC_HW_M.CC,19,190,10,0.0,10000.0,1.0,1.0,0.0,0.0,0.0
product.Seral.area.mature.CWHvm_FDC_HW_M.CC,20,200,10,0.0,10000.0,1.0,1.0,0.0,0.0,0.0
product.Seral.area.mature.CWHvm_FDC_HW_M.CC,21,210,10,0.0,10000.0,1.0,1.0,0.0,0.0,0.0
product.Seral.area.mature.CWHvm_FDC_HW_M.CC,22,220,10,0.0,10000.0,1.0,1.0,0.0,0.0,0.0
product.Seral.area.mature.CWHvm_FDC_HW_M.CC,23,230,10,0.0,10000.0,1.0,1.0,0.0,0.0,0.0
product.Seral.area.mature.CWHvm_FDC_HW_M.CC,24,240,10,0.0,10000.0,1.0,1.0,0.0,0.0,0.0
product.Seral.area.mature.CWHvm_FDC_HW_M.CC,25,250,10,0.0,10000.0,1.0,1.0,0.0,0.0,0.0
product.Seral.area.mature.CWHvm_FDC_HW_M.CC,26,260,10,0.0,10000.0,1.0,1.0,0.0,0.0,0.0
product.Seral.area.mature.CWHvm_FDC_HW_M.CC,27,270,10,0.0,10000.0,1.0,1.0,8.784000396728516,0.0,0.0
product.Seral.area.mature.CWHvm_FDC_HW_M.CC,28,280,10,0.0,10000.0,1.0,1.0,0.0,0.0,0.0
product.Seral.area.mature.CWHvm_FDC_HW_M.CC,29,290,10,0.0,10000.0,1.0,1.0,0.0,0.0,0.0
product.Seral.area.mature.CWHvm_FDC_HW_M.CC,30,300,10,0.0,10000.0,1.0,1.0,0.0,0.0,0.0
product.Seral.area.mature.CWHvm_HW_BA_M.CC,0,0,10,0.0,10000.0,1.0,1.0,0.0,0.0,0.0
product.Seral.area.mature.CWHvm_HW_BA_M.CC,1,10,10,0.0,10000.0,1.0,1.0,4.1539998054504395,0.0,0.0
product.Seral.area.mature.CWHvm_HW_BA_M.CC,2,20,10,0.0,10000.0,1.0,1.0,0.0,0.0,0.0
product.Seral.area.mature.CWHvm_HW_BA_M.CC,3,30,10,0.0,10000.0,1.0,1.0,0.0,0.0,0.0
product.Seral.area.mature.CWHvm_HW_BA_M.CC,4,40,10,0.0,10000.0,1.0,1.0,0.0,0.0,0.0
product.Seral.area.mature.CWHvm_HW_BA_M.CC,5,50,10,0.0,10000.0,1.0,1.0,0.0,0.0,0.0
product.Seral.area.mature.CWHvm_HW_BA_M.CC,6,60,10,0.0,10000.0,1.0,1.0,0.0,0.0,0.0
product.Seral.area.mature.CWHvm_HW_BA_M.CC,7,70,10,0.0,10000.0,1.0,1.0,0.0,0.0,0.0
product.Seral.area.mature.CWHvm_HW_BA_M.CC,8,80,10,0.0,10000.0,1.0,1.0,0.0,0.0,0.0
product.Seral.area.mature.CWHvm_HW_BA_M.CC,9,90,10,0.0,10000.0,1.0,1.0,0.0,0.0,0.0
product.Seral.area.mature.CWHvm_HW_BA_M.CC,10,100,10,0.0,10000.0,1.0,1.0,0.0,0.0,0.0
product.Seral.area.mature.CWHvm_HW_BA_M.CC,11,110,10,0.0,10000.0,1.0,1.0,0.0,0.0,0.0
product.Seral.area.mature.CWHvm_HW_BA_M.CC,12,120,10,0.0,10000.0,1.0,1.0,0.0,0.0,0.0
product.Seral.area.mature.CWHvm_HW_BA_M.CC,13,130,10,0.0,10000.0,1.0,1.0,0.0,0.0,0.0
product.Seral.area.mature.CWHvm_HW_BA_M.CC,14,140,10,0.0,10000.0,1.0,1.0,0.0,0.0,0.0
product.Seral.area.mature.CWHvm_HW_BA_M.CC,15,150,10,0.0,10000.0,1.0,1.0,0.0,0.0,0.0
product.Seral.area.mature.CWHvm_HW_BA_M.CC,16,160,10,0.0,10000.0,1.0,1.0,0.0,0.0,0.0
product.Seral.area.mature.CWHvm_HW_BA_M.CC,17,170,10,0.0,10000.0,1.0,1.0,0.0,0.0,0.0
product.Seral.area.mature.CWHvm_HW_BA_M.CC,18,180,10,0.0,10000.0,1.0,1.0,0.0,0.0,0.0
product.Seral.area.mature.CWHvm_HW_BA_M.CC,19,190,10,0.0,10000.0,1.0,1.0,0.0,0.0,0.0
product.Seral.area.mature.CWHvm_HW_BA_M.CC,20,200,10,0.0,10000.0,1.0,1.0,0.0,0.0,0.0
product.Seral.area.mature.CWHvm_HW_BA_M.CC,21,210,10,0.0,10000.0,1.0,1.0,0.0,0.0,0.0
product.Seral.area.mature.CWHvm_HW_BA_M.CC,22,220,10,0.0,10000.0,1.0,1.0,0.0,0.0,0.0
product.Seral.area.mature.CWHvm_HW_BA_M.CC,23,230,10,0.0,10000.0,1.0,1.0,0.0,0.0,0.0
product.Seral.area.mature.CWHvm_HW_BA_M.CC,24,240,10,0.0,10000.0,1.0,1.0,0.0,0.0,0.0
product.Seral.area.mature.CWHvm_HW_BA_M.CC,25,250,10,0.0,10000.0,1.0,1.0,0.0,0.0,0.0
product.Seral.area.mature.CWHvm_HW_BA_M.CC,26,260,10,0.0,10000.0,1.0,1.0,0.0,0.0,0.0
product.Seral.area.mature.CWHvm_HW_BA_M.CC,27,270,10,0.0,10000.0,1.0,1.0,0.0,0.0,0.0
product.Seral.area.mature.CWHvm_HW_BA_M.CC,28,280,10,0.0,10000.0,1.0,1.0,0.0,0.0,0.0
product.Seral.area.mature.CWHvm_HW_BA_M.CC,29,290,10,0.0,10000.0,1.0,1.0,0.0,0.0,0.0
product.Seral.area.mature.CWHvm_HW_BA_M.CC,30,300,10,0.0,10000.0,1.0,1.0,0.0,0.0,0.0
product.Seral.area.mature.CWHvm_HW_CW_H.CC,0,0,10,0.0,10000.0,1.0,1.0,0.0,0.0,0.0
product.Seral.area.mature.CWHvm_HW_CW_H.CC,1,10,10,0.0,10000.0,1.0,1.0,11.722999572753906,0.0,0.0
product.Seral.area.mature.CWHvm_HW_CW_H.CC,2,20,10,0.0,10000.0,1.0,1.0,2.752000093460083,0.0,0.0
product.Seral.area.mature.CWHvm_HW_CW_H.CC,3,30,10,0.0,10000.0,1.0,1.0,0.0,0.0,0.0
product.Seral.area.mature.CWHvm_HW_CW_H.CC,4,40,10,0.0,10000.0,1.0,1.0,6.263999938964844,0.0,0.0
product.Seral.area.mature.CWHvm_HW_CW_H.CC,5,50,10,0.0,10000.0,1.0,1.0,0.0,0.0,0.0
product.Seral.area.mature.CWHvm_HW_CW_H.CC,6,60,10,0.0,10000.0,1.0,1.0,14.854000091552734,0.0,0.0
product.Seral.area.mature.CWHvm_HW_CW_H.CC,7,70,10,0.0,10000.0,1.0,1.0,31.079999923706055,0.0,0.0
product.Seral.area.mature.CWHvm_HW_CW_H.CC,8,80,10,0.0,10000.0,1.0,1.0,3.743000030517578,0.0,0.0
product.Seral.area.mature.CWHvm_HW_CW_H.CC,9,90,10,0.0,10000.0,1.0,1.0,0.0,0.0,0.0
product.Seral.area.mature.CWHvm_HW_CW_H.CC,10,100,10,0.0,10000.0,1.0,1.0,0.0,0.0,0.0
product.Seral.area.mature.CWHvm_HW_CW_H.CC,11,110,10,0.0,10000.0,1.0,1.0,0.0,0.0,0.0
product.Seral.area.mature.CWHvm_HW_CW_H.CC,12,120,10,0.0,10000.0,1.0,1.0,0.0,0.0,0.0
product.Seral.area.mature.CWHvm_HW_CW_H.CC,13,130,10,0.0,10000.0,1.0,1.0,0.0,0.0,0.0
product.Seral.area.mature.CWHvm_HW_CW_H.CC,14,140,10,0.0,10000.0,1.0,1.0,0.0,0.0,0.0
product.Seral.area.mature.CWHvm_HW_CW_H.CC,15,150,10,0.0,10000.0,1.0,1.0,0.0,0.0,0.0
product.Seral.area.mature.CWHvm_HW_CW_H.CC,16,160,10,0.0,10000.0,1.0,1.0,21.118000030517578,0.0,0.0
product.Seral.area.mature.CWHvm_HW_CW_H.CC,17,170,10,0.0,10000.0,1.0,1.0,0.0,0.0,0.0
product.Seral.area.mature.CWHvm_HW_CW_H.CC,18,180,10,0.0,10000.0,1.0,1.0,0.0,0.0,0.0
product.Seral.area.mature.CWHvm_HW_CW_H.CC,19,190,10,0.0,10000.0,1.0,1.0,31.079999923706055,0.0,0.0
product.Seral.area.mature.CWHvm_HW_CW_H.CC,20,200,10,0.0,10000.0,1.0,1.0,3.743000030517578,0.0,0.0
product.Seral.area.mature.CWHvm_HW_CW_H.CC,21,210,10,0.0,10000.0,1.0,1.0,0.0,0.0,0.0
product.Seral.area.mature.CWHvm_HW_CW_H.CC,22,220,10,0.0,10000.0,1.0,1.0,0.0,0.0,0.0
product.Seral.area.mature.CWHvm_HW_CW_H.CC,23,230,10,0.0,10000.0,1.0,1.0,0.0,0.0,0.0
product.Seral.area.mature.CWHvm_HW_CW_H.CC,24,240,10,0.0,10000.0,1.0,1.0,0.0,0.0,0.0
product.Seral.area.mature.CWHvm_HW_CW_H.CC,25,250,10,0.0,10000.0,1.0,1.0,0.0,0.0,0.0
product.Seral.area.mature.CWHvm_HW_CW_H.CC,26,260,10,0.0,10000.0,1.0,1.0,14.854000091552734,0.0,0.0
product.Seral.area.mature.CWHvm_HW_CW_H.CC,27,270,10,0.0,10000.0,1.0,1.0,0.0,0.0,0.0
product.Seral.area.mature.CWHvm_HW_CW_H.CC,28,280,10,0.0,10000.0,1.0,1.0,6.263999938964844,0.0,0.0
product.Seral.area.mature.CWHvm_HW_CW_H.CC,29,290,10,0.0,10000.0,1.0,1.0,31.079999923706055,0.0,0.0
product.Seral.area.mature.CWHvm_HW_CW_H.CC,30,300,10,0.0,10000.0,1.0,1.0,3.743000030517578,0.0,0.0
product.Seral.area.mature.CWHvm_HW_CW_L.CC,0,0,10,0.0,10000.0,1.0,1.0,0.0,0.0,0.0
product.Seral.area.mature.CWHvm_HW_CW_L.CC,1,10,10,0.0,10000.0,1.0,1.0,0.0,0.0,0.0
product.Seral.area.mature.CWHvm_HW_CW_L.CC,2,20,10,0.0,10000.0,1.0,1.0,0.0,0.0,0.0
product.Seral.area.mature.CWHvm_HW_CW_L.CC,3,30,10,0.0,10000.0,1.0,1.0,0.0,0.0,0.0
product.Seral.area.mature.CWHvm_HW_CW_L.CC,4,40,10,0.0,10000.0,1.0,1.0,0.0,0.0,0.0
product.Seral.area.mature.CWHvm_HW_CW_L.CC,5,50,10,0.0,10000.0,1.0,1.0,0.0,0.0,0.0
product.Seral.area.mature.CWHvm_HW_CW_L.CC,6,60,10,0.0,10000.0,1.0,1.0,0.0,0.0,0.0
product.Seral.area.mature.CWHvm_HW_CW_L.CC,7,70,10,0.0,10000.0,1.0,1.0,0.0,0.0,0.0
product.Seral.area.mature.CWHvm_HW_CW_L.CC,8,80,10,0.0,10000.0,1.0,1.0,0.0,0.0,0.0
product.Seral.area.mature.CWHvm_HW_CW_L.CC,9,90,10,0.0,10000.0,1.0,1.0,0.0,0.0,0.0
product.Seral.area.mature.CWHvm_HW_CW_L.CC,10,100,10,0.0,10000.0,1.0,1.0,0.0,0.0,0.0
product.Seral.area.mature.CWHvm_HW_CW_L.CC,11,110,10,0.0,10000.0,1.0,1.0,0.0,0.0,0.0
product.Seral.area.mature.CWHvm_HW_CW_L.CC,12,120,10,0.0,10000.0,1.0,1.0,0.0,0.0,0.0
product.Seral.area.mature.CWHvm_HW_CW_L.CC,13,130,10,0.0,10000.0,1.0,1.0,0.0,0.0,0.0
product.Seral.area.mature.CWHvm_HW_CW_L.CC,14,140,10,0.0,10000.0,1.0,1.0,0.0,0.0,0.0
product.Seral.area.mature.CWHvm_HW_CW_L.CC,15,150,10,0.0,10000.0,1.0,1.0,0.0,0.0,0.0
product.Seral.area.mature.CWHvm_HW_CW_L.CC,16,160,10,0.0,10000.0,1.0,1.0,0.7239999771118164,0.0,0.0
product.Seral.area.mature.CWHvm_HW_CW_L.CC,17,170,10,0.0,10000.0,1.0,1.0,0.0,0.0,0.0
product.Seral.area.mature.CWHvm_HW_CW_L.CC,18,180,10,0.0,10000.0,1.0,1.0,0.0,0.0,0.0
product.Seral.area.mature.CWHvm_HW_CW_L.CC,19,190,10,0.0,10000.0,1.0,1.0,0.0,0.0,0.0
product.Seral.area.mature.CWHvm_HW_CW_L.CC,20,200,10,0.0,10000.0,1.0,1.0,0.0,0.0,0.0
product.Seral.area.mature.CWHvm_HW_CW_L.CC,21,210,10,0.0,10000.0,1.0,1.0,0.0,0.0,0.0
product.Seral.area.mature.CWHvm_HW_CW_L.CC,22,220,10,0.0,10000.0,1.0,1.0,0.0,0.0,0.0
product.Seral.area.mature.CWHvm_HW_CW_L.CC,23,230,10,0.0,10000.0,1.0,1.0,0.0,0.0,0.0
product.Seral.area.mature.CWHvm_HW_CW_L.CC,24,240,10,0.0,10000.0,1.0,1.0,0.0,0.0,0.0
product.Seral.area.mature.CWHvm_HW_CW_L.CC,25,250,10,0.0,10000.0,1.0,1.0,0.0,0.0,0.0
product.Seral.area.mature.CWHvm_HW_CW_L.CC,26,260,10,0.0,10000.0,1.0,1.0,0.0,0.0,0.0
product.Seral.area.mature.CWHvm_HW_CW_L.CC,27,270,10,0.0,10000.0,1.0,1.0,0.0,0.0,0.0
product.Seral.area.mature.CWHvm_HW_CW_L.CC,28,280,10,0.0,10000.0,1.0,1.0,3.882999897003174,0.0,0.0
product.Seral.area.mature.CWHvm_HW_CW_L.CC,29,290,10,0.0,10000.0,1.0,1.0,0.0,0.0,0.0
product.Seral.area.mature.CWHvm_HW_CW_L.CC,30,300,10,0.0,10000.0,1.0,1.0,0.7239999771118164,0.0,0.0
product.Seral.area.mature.CWHvm_HW_CW_M.CC,0,0,10,0.0,10000.0,1.0,1.0,0.0,0.0,0.0
product.Seral.area.mature.CWHvm_HW_CW_M.CC,1,10,10,0.0,10000.0,1.0,1.0,0.8379999995231628,0.0,0.0
product.Seral.area.mature.CWHvm_HW_CW_M.CC,2,20,10,0.0,10000.0,1.0,1.0,0.0,0.0,0.0
product.Seral.area.mature.CWHvm_HW_CW_M.CC,3,30,10,0.0,10000.0,1.0,1.0,5.2729997634887695,0.0,0.0
product.Seral.area.mature.CWHvm_HW_CW_M.CC,4,40,10,0.0,10000.0,1.0,1.0,1.065999984741211,0.0,0.0
product.Seral.area.mature.CWHvm_HW_CW_M.CC,5,50,10,0.0,10000.0,1.0,1.0,0.0,0.0,0.0
product.Seral.area.mature.CWHvm_HW_CW_M.CC,6,60,10,0.0,10000.0,1.0,1.0,0.0,0.0,0.0
product.Seral.area.mature.CWHvm_HW_CW_M.CC,7,70,10,0.0,10000.0,1.0,1.0,0.0,0.0,0.0
product.Seral.area.mature.CWHvm_HW_CW_M.CC,8,80,10,0.0,10000.0,1.0,1.0,0.0,0.0,0.0
product.Seral.area.mature.CWHvm_HW_CW_M.CC,9,90,10,0.0,10000.0,1.0,1.0,0.0,0.0,0.0
product.Seral.area.mature.CWHvm_HW_CW_M.CC,10,100,10,0.0,10000.0,1.0,1.0,0.0,0.0,0.0
product.Seral.area.mature.CWHvm_HW_CW_M.CC,11,110,10,0.0,10000.0,1.0,1.0,0.0,0.0,0.0
product.Seral.area.mature.CWHvm_HW_CW_M.CC,12,120,10,0.0,10000.0,1.0,1.0,0.0,0.0,0.0
product.Seral.area.mature.CWHvm_HW_CW_M.CC,13,130,10,0.0,10000.0,1.0,1.0,0.0,0.0,0.0
product.Seral.area.mature.CWHvm_HW_CW_M.CC,14,140,10,0.0,10000.0,1.0,1.0,0.0,0.0,0.0
product.Seral.area.mature.CWHvm_HW_CW_M.CC,15,150,10,0.0,10000.0,1.0,1.0,4.366000175476074,0.0,0.0
product.Seral.area.mature.CWHvm_HW_CW_M.CC,16,160,10,0.0,10000.0,1.0,1.0,6.111000061035156,0.0,0.0
product.Seral.area.mature.CWHvm_HW_CW_M.CC,17,170,10,0.0,10000.0,1.0,1.0,1.065999984741211,0.0,0.0
product.Seral.area.mature.CWHvm_HW_CW_M.CC,18,180,10,0.0,10000.0,1.0,1.0,0.0,0.0,0.0
product.Seral.area.mature.CWHvm_HW_CW_M.CC,19,190,10,0.0,10000.0,1.0,1.0,0.0,0.0,0.0
product.Seral.area.mature.CWHvm_HW_CW_M.CC,20,200,10,0.0,10000.0,1.0,1.0,0.0,0.0,0.0
product.Seral.area.mature.CWHvm_HW_CW_M.CC,21,210,10,0.0,10000.0,1.0,1.0,0.0,0.0,0.0
product.Seral.area.mature.CWHvm_HW_CW_M.CC,22,220,10,0.0,10000.0,1.0,1.0,0.0,0.0,0.0
product.Seral.area.mature.CWHvm_HW_CW_M.CC,23,230,10,0.0,10000.0,1.0,1.0,0.0,0.0,0.0
product.Seral.area.mature.CWHvm_HW_CW_M.CC,24,240,10,0.0,10000.0,1.0,1.0,0.0,0.0,0.0
product.Seral.area.mature.CWHvm_HW_CW_M.CC,25,250,10,0.0,10000.0,1.0,1.0,1.6740000247955322,0.0,0.0
product.Seral.area.mature.CWHvm_HW_CW_M.CC,26,260,10,0.0,10000.0,1.0,1.0,0.0,0.0,0.0
product.Seral.area.mature.CWHvm_HW_CW_M.CC,27,270,10,0.0,10000.0,1.0,1.0,0.0,0.0,0.0
product.Seral.area.mature.CWHvm_HW_CW_M.CC,28,280,10,0.0,10000.0,1.0,1.0,4.366000175476074,0.0,0.0
product.Seral.area.mature.CWHvm_HW_CW_M.CC,29,290,10,0.0,10000.0,1.0,1.0,5.2729997634887695,0.0,0.0
product.Seral.area.mature.CWHvm_HW_CW_M.CC,30,300,10,0.0,10000.0,1.0,1.0,1.9040000438690186,0.0,0.0
product.Seral.area.mature.CWHvm_HW_FDC_H.CC,0,0,10,0.0,10000.0,1.0,1.0,0.0,0.0,0.0
product.Seral.area.mature.CWHvm_HW_FDC_H.CC,1,10,10,0.0,10000.0,1.0,1.0,13.73799991607666,0.0,0.0
product.Seral.area.mature.CWHvm_HW_FDC_H.CC,2,20,10,0.0,10000.0,1.0,1.0,22.0,0.0,0.0
product.Seral.area.mature.CWHvm_HW_FDC_H.CC,3,30,10,0.0,10000.0,1.0,1.0,5.8470001220703125,0.0,0.0
product.Seral.area.mature.CWHvm_HW_FDC_H.CC,4,40,10,0.0,10000.0,1.0,1.0,0.0,0.0,0.0
product.Seral.area.mature.CWHvm_HW_FDC_H.CC,5,50,10,0.0,10000.0,1.0,1.0,45.40700149536133,0.0,0.0
product.Seral.area.mature.CWHvm_HW_FDC_H.CC,6,60,10,0.0,10000.0,1.0,1.0,30.0049991607666,0.0,0.0
product.Seral.area.mature.CWHvm_HW_FDC_H.CC,7,70,10,0.0,10000.0,1.0,1.0,0.0,0.0,0.0
product.Seral.area.mature.CWHvm_HW_FDC_H.CC,8,80,10,0.0,10000.0,1.0,1.0,6.394999980926514,0.0,0.0
product.Seral.area.mature.CWHvm_HW_FDC_H.CC,9,90,10,0.0,10000.0,1.0,1.0,15.628999710083008,0.0,0.0
product.Seral.area.mature.CWHvm_HW_FDC_H.CC,10,100,10,0.0,10000.0,1.0,1.0,0.0,0.0,0.0
product.Seral.area.mature.CWHvm_HW_FDC_H.CC,11,110,10,0.0,10000.0,1.0,1.0,0.0,0.0,0.0
product.Seral.area.mature.CWHvm_HW_FDC_H.CC,12,120,10,0.0,10000.0,1.0,1.0,7.642000198364258,0.0,0.0
product.Seral.area.mature.CWHvm_HW_FDC_H.CC,13,130,10,0.0,10000.0,1.0,1.0,33.31100082397461,0.0,0.0
product.Seral.area.mature.CWHvm_HW_FDC_H.CC,14,140,10,0.0,10000.0,1.0,1.0,25.108999252319336,0.0,0.0
product.Seral.area.mature.CWHvm_HW_FDC_H.CC,15,150,10,0.0,10000.0,1.0,1.0,13.232999801635742,0.0,0.0
product.Seral.area.mature.CWHvm_HW_FDC_H.CC,16,160,10,0.0,10000.0,1.0,1.0,0.0,0.0,0.0
product.Seral.area.mature.CWHvm_HW_FDC_H.CC,17,170,10,0.0,10000.0,1.0,1.0,18.94700050354004,0.0,0.0
product.Seral.area.mature.CWHvm_HW_FDC_H.CC,18,180,10,0.0,10000.0,1.0,1.0,0.0,0.0,0.0
product.Seral.area.mature.CWHvm_HW_FDC_H.CC,19,190,10,0.0,10000.0,1.0,1.0,6.394999980926514,0.0,0.0
product.Seral.area.mature.CWHvm_HW_FDC_H.CC,20,200,10,0.0,10000.0,1.0,1.0,0.0,0.0,0.0
product.Seral.area.mature.CWHvm_HW_FDC_H.CC,21,210,10,0.0,10000.0,1.0,1.0,7.642000198364258,0.0,0.0
product.Seral.area.mature.CWHvm_HW_FDC_H.CC,22,220,10,0.0,10000.0,1.0,1.0,0.0,0.0,0.0
product.Seral.area.mature.CWHvm_HW_FDC_H.CC,23,230,10,0.0,10000.0,1.0,1.0,22.16699981689453,0.0,0.0
product.Seral.area.mature.CWHvm_HW_FDC_H.CC,24,240,10,0.0,10000.0,1.0,1.0,36.25299835205078,0.0,0.0
product.Seral.area.mature.CWHvm_HW_FDC_H.CC,25,250,10,0.0,10000.0,1.0,1.0,13.232999801635742,0.0,0.0
product.Seral.area.mature.CWHvm_HW_FDC_H.CC,26,260,10,0.0,10000.0,1.0,1.0,0.0,0.0,0.0
product.Seral.area.mature.CWHvm_HW_FDC_H.CC,27,270,10,0.0,10000.0,1.0,1.0,5.573999881744385,0.0,0.0
product.Seral.area.mature.CWHvm_HW_FDC_H.CC,28,280,10,0.0,10000.0,1.0,1.0,13.373000144958496,0.0,0.0
product.Seral.area.mature.CWHvm_HW_FDC_H.CC,29,290,10,0.0,10000.0,1.0,1.0,0.0,0.0,0.0
product.Seral.area.mature.CWHvm_HW_FDC_H.CC,30,300,10,0.0,10000.0,1.0,1.0,14.036999702453613,0.0,0.0
product.Seral.area.mature.CWHvm_HW_FDC_L.CC,0,0,10,0.0,10000.0,1.0,1.0,0.0,0.0,0.0
product.Seral.area.mature.CWHvm_HW_FDC_L.CC,1,10,10,0.0,10000.0,1.0,1.0,1.0110000371932983,0.0,0.0
product.Seral.area.mature.CWHvm_HW_FDC_L.CC,2,20,10,0.0,10000.0,1.0,1.0,2.5739998817443848,0.0,0.0
product.Seral.area.mature.CWHvm_HW_FDC_L.CC,3,30,10,0.0,10000.0,1.0,1.0,0.0,0.0,0.0
product.Seral.area.mature.CWHvm_HW_FDC_L.CC,4,40,10,0.0,10000.0,1.0,1.0,0.0,0.0,0.0
product.Seral.area.mature.CWHvm_HW_FDC_L.CC,5,50,10,0.0,10000.0,1.0,1.0,3.309999942779541,0.0,0.0
product.Seral.area.mature.CWHvm_HW_FDC_L.CC,6,60,10,0.0,10000.0,1.0,1.0,20.8700008392334,0.0,0.0
product.Seral.area.mature.CWHvm_HW_FDC_L.CC,7,70,10,0.0,10000.0,1.0,1.0,10.32699966430664,0.0,0.0
product.Seral.area.mature.CWHvm_HW_FDC_L.CC,8,80,10,0.0,10000.0,1.0,1.0,4.813000202178955,0.0,0.0
product.Seral.area.mature.CWHvm_HW_FDC_L.CC,9,90,10,0.0,10000.0,1.0,1.0,0.0,0.0,0.0
product.Seral.area.mature.CWHvm_HW_FDC_L.CC,10,100,10,0.0,10000.0,1.0,1.0,0.0,0.0,0.0
product.Seral.area.mature.CWHvm_HW_FDC_L.CC,11,110,10,0.0,10000.0,1.0,1.0,0.0,0.0,0.0
product.Seral.area.mature.CWHvm_HW_FDC_L.CC,12,120,10,0.0,10000.0,1.0,1.0,0.0,0.0,0.0
product.Seral.area.mature.CWHvm_HW_FDC_L.CC,13,130,10,0.0,10000.0,1.0,1.0,0.0,0.0,0.0
product.Seral.area.mature.CWHvm_HW_FDC_L.CC,14,140,10,0.0,10000.0,1.0,1.0,0.0,0.0,0.0
product.Seral.area.mature.CWHvm_HW_FDC_L.CC,15,150,10,0.0,10000.0,1.0,1.0,4.328000068664551,0.0,0.0
product.Seral.area.mature.CWHvm_HW_FDC_L.CC,16,160,10,0.0,10000.0,1.0,1.0,14.824000358581543,0.0,0.0
product.Seral.area.mature.CWHvm_HW_FDC_L.CC,17,170,10,0.0,10000.0,1.0,1.0,0.0,0.0,0.0
product.Seral.area.mature.CWHvm_HW_FDC_L.CC,18,180,10,0.0,10000.0,1.0,1.0,6.808000087738037,0.0,0.0
product.Seral.area.mature.CWHvm_HW_FDC_L.CC,19,190,10,0.0,10000.0,1.0,1.0,9.355999946594238,0.0,0.0
product.Seral.area.mature.CWHvm_HW_FDC_L.CC,20,200,10,0.0,10000.0,1.0,1.0,3.5190000534057617,0.0,0.0
product.Seral.area.mature.CWHvm_HW_FDC_L.CC,21,210,10,0.0,10000.0,1.0,1.0,4.813000202178955,0.0,0.0
product.Seral.area.mature.CWHvm_HW_FDC_L.CC,22,220,10,0.0,10000.0,1.0,1.0,0.0,0.0,0.0
product.Seral.area.mature.CWHvm_HW_FDC_L.CC,23,230,10,0.0,10000.0,1.0,1.0,0.0,0.0,0.0
product.Seral.area.mature.CWHvm_HW_FDC_L.CC,24,240,10,0.0,10000.0,1.0,1.0,0.0,0.0,0.0
product.Seral.area.mature.CWHvm_HW_FDC_L.CC,25,250,10,0.0,10000.0,1.0,1.0,4.328000068664551,0.0,0.0
product.Seral.area.mature.CWHvm_HW_FDC_L.CC,26,260,10,0.0,10000.0,1.0,1.0,3.309999942779541,0.0,0.0
product.Seral.area.mature.CWHvm_HW_FDC_L.CC,27,270,10,0.0,10000.0,1.0,1.0,0.0,0.0,0.0
product.Seral.area.mature.CWHvm_HW_FDC_L.CC,28,280,10,0.0,10000.0,1.0,1.0,0.0,0.0,0.0
product.Seral.area.mature.CWHvm_HW_FDC_L.CC,29,290,10,0.0,10000.0,1.0,1.0,6.808000087738037,0.0,0.0
product.Seral.area.mature.CWHvm_HW_FDC_L.CC,30,300,10,0.0,10000.0,1.0,1.0,9.355999946594238,0.0,0.0
product.Seral.area.mature.CWHvm_HW_SS_M.CC,0,0,10,0.0,10000.0,1.0,1.0,0.0,0.0,0.0
product.Seral.area.mature.CWHvm_HW_SS_M.CC,1,10,10,0.0,10000.0,1.0,1.0,0.0,0.0,0.0
product.Seral.area.mature.CWHvm_HW_SS_M.CC,2,20,10,0.0,10000.0,1.0,1.0,0.0,0.0,0.0
product.Seral.area.mature.CWHvm_HW_SS_M.CC,3,30,10,0.0,10000.0,1.0,1.0,0.0,0.0,0.0
product.Seral.area.mature.CWHvm_HW_SS_M.CC,4,40,10,0.0,10000.0,1.0,1.0,0.0,0.0,0.0
product.Seral.area.mature.CWHvm_HW_SS_M.CC,5,50,10,0.0,10000.0,1.0,1.0,0.0,0.0,0.0
product.Seral.area.mature.CWHvm_HW_SS_M.CC,6,60,10,0.0,10000.0,1.0,1.0,0.0,0.0,0.0
product.Seral.area.mature.CWHvm_HW_SS_M.CC,7,70,10,0.0,10000.0,1.0,1.0,0.0,0.0,0.0
product.Seral.area.mature.CWHvm_HW_SS_M.CC,8,80,10,0.0,10000.0,1.0,1.0,19.506000518798828,0.0,0.0
product.Seral.area.mature.CWHvm_HW_SS_M.CC,9,90,10,0.0,10000.0,1.0,1.0,0.0,0.0,0.0
product.Seral.area.mature.CWHvm_HW_SS_M.CC,10,100,10,0.0,10000.0,1.0,1.0,0.0,0.0,0.0
product.Seral.area.mature.CWHvm_HW_SS_M.CC,11,110,10,0.0,10000.0,1.0,1.0,0.0,0.0,0.0
product.Seral.area.mature.CWHvm_HW_SS_M.CC,12,120,10,0.0,10000.0,1.0,1.0,0.0,0.0,0.0
product.Seral.area.mature.CWHvm_HW_SS_M.CC,13,130,10,0.0,10000.0,1.0,1.0,0.0,0.0,0.0
product.Seral.area.mature.CWHvm_HW_SS_M.CC,14,140,10,0.0,10000.0,1.0,1.0,0.0,0.0,0.0
product.Seral.area.mature.CWHvm_HW_SS_M.CC,15,150,10,0.0,10000.0,1.0,1.0,0.0,0.0,0.0
product.Seral.area.mature.CWHvm_HW_SS_M.CC,16,160,10,0.0,10000.0,1.0,1.0,0.0,0.0,0.0
product.Seral.area.mature.CWHvm_HW_SS_M.CC,17,170,10,0.0,10000.0,1.0,1.0,0.0,0.0,0.0
product.Seral.area.mature.CWHvm_HW_SS_M.CC,18,180,10,0.0,10000.0,1.0,1.0,19.506000518798828,0.0,0.0
product.Seral.area.mature.CWHvm_HW_SS_M.CC,19,190,10,0.0,10000.0,1.0,1.0,0.0,0.0,0.0
product.Seral.area.mature.CWHvm_HW_SS_M.CC,20,200,10,0.0,10000.0,1.0,1.0,0.0,0.0,0.0
product.Seral.area.mature.CWHvm_HW_SS_M.CC,21,210,10,0.0,10000.0,1.0,1.0,0.0,0.0,0.0
product.Seral.area.mature.CWHvm_HW_SS_M.CC,22,220,10,0.0,10000.0,1.0,1.0,0.0,0.0,0.0
product.Seral.area.mature.CWHvm_HW_SS_M.CC,23,230,10,0.0,10000.0,1.0,1.0,0.0,0.0,0.0
product.Seral.area.mature.CWHvm_HW_SS_M.CC,24,240,10,0.0,10000.0,1.0,1.0,0.0,0.0,0.0
product.Seral.area.mature.CWHvm_HW_SS_M.CC,25,250,10,0.0,10000.0,1.0,1.0,0.0,0.0,0.0
product.Seral.area.mature.CWHvm_HW_SS_M.CC,26,260,10,0.0,10000.0,1.0,1.0,0.0,0.0,0.0
product.Seral.area.mature.CWHvm_HW_SS_M.CC,27,270,10,0.0,10000.0,1.0,1.0,0.0,0.0,0.0
product.Seral.area.mature.CWHvm_HW_SS_M.CC,28,280,10,0.0,10000.0,1.0,1.0,0.0,0.0,0.0
product.Seral.area.mature.CWHvm_HW_SS_M.CC,29,290,10,0.0,10000.0,1.0,1.0,0.0,0.0,0.0
product.Seral.area.mature.CWHvm_HW_SS_M.CC,30,300,10,0.0,10000.0,1.0,1.0,0.0,0.0,0.0
product.Seral.area.overmature.CWHvm_CW_HW_M.CC,0,0,10,0.0,10000.0,1.0,1.0,0.0,0.0,0.0
product.Seral.area.overmature.CWHvm_CW_HW_M.CC,1,10,10,0.0,10000.0,1.0,1.0,17.695999145507812,0.0,0.0
product.Seral.area.overmature.CWHvm_CW_HW_M.CC,2,20,10,0.0,10000.0,1.0,1.0,1.5110000371932983,0.0,0.0
product.Seral.area.overmature.CWHvm_CW_HW_M.CC,3,30,10,0.0,10000.0,1.0,1.0,0.0,0.0,0.0
product.Seral.area.overmature.CWHvm_CW_HW_M.CC,4,40,10,0.0,10000.0,1.0,1.0,2.1459999084472656,0.0,0.0
product.Seral.area.overmature.CWHvm_CW_HW_M.CC,5,50,10,0.0,10000.0,1.0,1.0,0.0,0.0,0.0
product.Seral.area.overmature.CWHvm_CW_HW_M.CC,6,60,10,0.0,10000.0,1.0,1.0,0.0,0.0,0.0
product.Seral.area.overmature.CWHvm_CW_HW_M.CC,7,70,10,0.0,10000.0,1.0,1.0,0.0,0.0,0.0
product.Seral.area.overmature.CWHvm_CW_HW_M.CC,8,80,10,0.0,10000.0,1.0,1.0,0.0,0.0,0.0
product.Seral.area.overmature.CWHvm_CW_HW_M.CC,9,90,10,0.0,10000.0,1.0,1.0,0.0,0.0,0.0
product.Seral.area.overmature.CWHvm_CW_HW_M.CC,10,100,10,0.0,10000.0,1.0,1.0,0.0,0.0,0.0
product.Seral.area.overmature.CWHvm_CW_HW_M.CC,11,110,10,0.0,10000.0,1.0,1.0,0.0,0.0,0.0
product.Seral.area.overmature.CWHvm_CW_HW_M.CC,12,120,10,0.0,10000.0,1.0,1.0,0.0,0.0,0.0
product.Seral.area.overmature.CWHvm_CW_HW_M.CC,13,130,10,0.0,10000.0,1.0,1.0,0.0,0.0,0.0
product.Seral.area.overmature.CWHvm_CW_HW_M.CC,14,140,10,0.0,10000.0,1.0,1.0,0.0,0.0,0.0
product.Seral.area.overmature.CWHvm_CW_HW_M.CC,15,150,10,0.0,10000.0,1.0,1.0,0.0,0.0,0.0
product.Seral.area.overmature.CWHvm_CW_HW_M.CC,16,160,10,0.0,10000.0,1.0,1.0,0.0,0.0,0.0
product.Seral.area.overmature.CWHvm_CW_HW_M.CC,17,170,10,0.0,10000.0,1.0,1.0,0.0,0.0,0.0
product.Seral.area.overmature.CWHvm_CW_HW_M.CC,18,180,10,0.0,10000.0,1.0,1.0,0.0,0.0,0.0
product.Seral.area.overmature.CWHvm_CW_HW_M.CC,19,190,10,0.0,10000.0,1.0,1.0,0.0,0.0,0.0
product.Seral.area.overmature.CWHvm_CW_HW_M.CC,20,200,10,0.0,10000.0,1.0,1.0,0.0,0.0,0.0
product.Seral.area.overmature.CWHvm_CW_HW_M.CC,21,210,10,0.0,10000.0,1.0,1.0,0.0,0.0,0.0
product.Seral.area.overmature.CWHvm_CW_HW_M.CC,22,220,10,0.0,10000.0,1.0,1.0,0.0,0.0,0.0
product.Seral.area.overmature.CWHvm_CW_HW_M.CC,23,230,10,0.0,10000.0,1.0,1.0,0.0,0.0,0.0
product.Seral.area.overmature.CWHvm_CW_HW_M.CC,24,240,10,0.0,10000.0,1.0,1.0,0.0,0.0,0.0
product.Seral.area.overmature.CWHvm_CW_HW_M.CC,25,250,10,0.0,10000.0,1.0,1.0,0.0,0.0,0.0
product.Seral.area.overmature.CWHvm_CW_HW_M.CC,26,260,10,0.0,10000.0,1.0,1.0,0.0,0.0,0.0
product.Seral.area.overmature.CWHvm_CW_HW_M.CC,27,270,10,0.0,10000.0,1.0,1.0,0.0,0.0,0.0
product.Seral.area.overmature.CWHvm_CW_HW_M.CC,28,280,10,0.0,10000.0,1.0,1.0,0.0,0.0,0.0
product.Seral.area.overmature.CWHvm_CW_HW_M.CC,29,290,10,0.0,10000.0,1.0,1.0,0.0,0.0,0.0
product.Seral.area.overmature.CWHvm_CW_HW_M.CC,30,300,10,0.0,10000.0,1.0,1.0,0.0,0.0,0.0
product.Seral.area.overmature.CWHvm_DR_HW_M.CC,0,0,10,0.0,10000.0,1.0,1.0,0.0,0.0,0.0
product.Seral.area.overmature.CWHvm_DR_HW_M.CC,1,10,10,0.0,10000.0,1.0,1.0,0.0,0.0,0.0
product.Seral.area.overmature.CWHvm_DR_HW_M.CC,2,20,10,0.0,10000.0,1.0,1.0,0.0,0.0,0.0
product.Seral.area.overmature.CWHvm_DR_HW_M.CC,3,30,10,0.0,10000.0,1.0,1.0,0.0,0.0,0.0
product.Seral.area.overmature.CWHvm_DR_HW_M.CC,4,40,10,0.0,10000.0,1.0,1.0,0.0,0.0,0.0
product.Seral.area.overmature.CWHvm_DR_HW_M.CC,5,50,10,0.0,10000.0,1.0,1.0,0.0,0.0,0.0
product.Seral.area.overmature.CWHvm_DR_HW_M.CC,6,60,10,0.0,10000.0,1.0,1.0,0.0,0.0,0.0
product.Seral.area.overmature.CWHvm_DR_HW_M.CC,7,70,10,0.0,10000.0,1.0,1.0,0.0,0.0,0.0
product.Seral.area.overmature.CWHvm_DR_HW_M.CC,8,80,10,0.0,10000.0,1.0,1.0,0.0,0.0,0.0
product.Seral.area.overmature.CWHvm_DR_HW_M.CC,9,90,10,0.0,10000.0,1.0,1.0,0.0,0.0,0.0
product.Seral.area.overmature.CWHvm_DR_HW_M.CC,10,100,10,0.0,10000.0,1.0,1.0,0.0,0.0,0.0
product.Seral.area.overmature.CWHvm_DR_HW_M.CC,11,110,10,0.0,10000.0,1.0,1.0,0.0,0.0,0.0
product.Seral.area.overmature.CWHvm_DR_HW_M.CC,12,120,10,0.0,10000.0,1.0,1.0,0.0,0.0,0.0
product.Seral.area.overmature.CWHvm_DR_HW_M.CC,13,130,10,0.0,10000.0,1.0,1.0,0.0,0.0,0.0
product.Seral.area.overmature.CWHvm_DR_HW_M.CC,14,140,10,0.0,10000.0,1.0,1.0,0.0,0.0,0.0
product.Seral.area.overmature.CWHvm_DR_HW_M.CC,15,150,10,0.0,10000.0,1.0,1.0,0.0,0.0,0.0
product.Seral.area.overmature.CWHvm_DR_HW_M.CC,16,160,10,0.0,10000.0,1.0,1.0,0.0,0.0,0.0
product.Seral.area.overmature.CWHvm_DR_HW_M.CC,17,170,10,0.0,10000.0,1.0,1.0,0.0,0.0,0.0
product.Seral.area.overmature.CWHvm_DR_HW_M.CC,18,180,10,0.0,10000.0,1.0,1.0,0.0,0.0,0.0
product.Seral.area.overmature.CWHvm_DR_HW_M.CC,19,190,10,0.0,10000.0,1.0,1.0,0.0,0.0,0.0
product.Seral.area.overmature.CWHvm_DR_HW_M.CC,20,200,10,0.0,10000.0,1.0,1.0,0.0,0.0,0.0
product.Seral.area.overmature.CWHvm_DR_HW_M.CC,21,210,10,0.0,10000.0,1.0,1.0,0.0,0.0,0.0
product.Seral.area.overmature.CWHvm_DR_HW_M.CC,22,220,10,0.0,10000.0,1.0,1.0,0.0,0.0,0.0
product.Seral.area.overmature.CWHvm_DR_HW_M.CC,23,230,10,0.0,10000.0,1.0,1.0,0.0,0.0,0.0
product.Seral.area.overmature.CWHvm_DR_HW_M.CC,24,240,10,0.0,10000.0,1.0,1.0,0.0,0.0,0.0
product.Seral.area.overmature.CWHvm_DR_HW_M.CC,25,250,10,0.0,10000.0,1.0,1.0,0.0,0.0,0.0
product.Seral.area.overmature.CWHvm_DR_HW_M.CC,26,260,10,0.0,10000.0,1.0,1.0,0.0,0.0,0.0
product.Seral.area.overmature.CWHvm_DR_HW_M.CC,27,270,10,0.0,10000.0,1.0,1.0,0.0,0.0,0.0
product.Seral.area.overmature.CWHvm_DR_HW_M.CC,28,280,10,0.0,10000.0,1.0,1.0,0.0,0.0,0.0
product.Seral.area.overmature.CWHvm_DR_HW_M.CC,29,290,10,0.0,10000.0,1.0,1.0,0.0,0.0,0.0
product.Seral.area.overmature.CWHvm_DR_HW_M.CC,30,300,10,0.0,10000.0,1.0,1.0,0.0,0.0,0.0
product.Seral.area.overmature.CWHvm_FDC_HW_H.CC,0,0,10,0.0,10000.0,1.0,1.0,0.0,0.0,0.0
product.Seral.area.overmature.CWHvm_FDC_HW_H.CC,1,10,10,0.0,10000.0,1.0,1.0,0.0,0.0,0.0
product.Seral.area.overmature.CWHvm_FDC_HW_H.CC,2,20,10,0.0,10000.0,1.0,1.0,0.0,0.0,0.0
product.Seral.area.overmature.CWHvm_FDC_HW_H.CC,3,30,10,0.0,10000.0,1.0,1.0,0.0,0.0,0.0
product.Seral.area.overmature.CWHvm_FDC_HW_H.CC,4,40,10,0.0,10000.0,1.0,1.0,0.0,0.0,0.0
product.Seral.area.overmature.CWHvm_FDC_HW_H.CC,5,50,10,0.0,10000.0,1.0,1.0,0.0,0.0,0.0
product.Seral.area.overmature.CWHvm_FDC_HW_H.CC,6,60,10,0.0,10000.0,1.0,1.0,0.0,0.0,0.0
product.Seral.area.overmature.CWHvm_FDC_HW_H.CC,7,70,10,0.0,10000.0,1.0,1.0,0.0,0.0,0.0
product.Seral.area.overmature.CWHvm_FDC_HW_H.CC,8,80,10,0.0,10000.0,1.0,1.0,0.0,0.0,0.0
product.Seral.area.overmature.CWHvm_FDC_HW_H.CC,9,90,10,0.0,10000.0,1.0,1.0,0.0,0.0,0.0
product.Seral.area.overmature.CWHvm_FDC_HW_H.CC,10,100,10,0.0,10000.0,1.0,1.0,0.0,0.0,0.0
product.Seral.area.overmature.CWHvm_FDC_HW_H.CC,11,110,10,0.0,10000.0,1.0,1.0,0.0,0.0,0.0
product.Seral.area.overmature.CWHvm_FDC_HW_H.CC,12,120,10,0.0,10000.0,1.0,1.0,0.0,0.0,0.0
product.Seral.area.overmature.CWHvm_FDC_HW_H.CC,13,130,10,0.0,10000.0,1.0,1.0,0.0,0.0,0.0
product.Seral.area.overmature.CWHvm_FDC_HW_H.CC,14,140,10,0.0,10000.0,1.0,1.0,0.0,0.0,0.0
product.Seral.area.overmature.CWHvm_FDC_HW_H.CC,15,150,10,0.0,10000.0,1.0,1.0,0.0,0.0,0.0
product.Seral.area.overmature.CWHvm_FDC_HW_H.CC,16,160,10,0.0,10000.0,1.0,1.0,0.0,0.0,0.0
product.Seral.area.overmature.CWHvm_FDC_HW_H.CC,17,170,10,0.0,10000.0,1.0,1.0,0.0,0.0,0.0
product.Seral.area.overmature.CWHvm_FDC_HW_H.CC,18,180,10,0.0,10000.0,1.0,1.0,0.0,0.0,0.0
product.Seral.area.overmature.CWHvm_FDC_HW_H.CC,19,190,10,0.0,10000.0,1.0,1.0,0.0,0.0,0.0
product.Seral.area.overmature.CWHvm_FDC_HW_H.CC,20,200,10,0.0,10000.0,1.0,1.0,0.0,0.0,0.0
product.Seral.area.overmature.CWHvm_FDC_HW_H.CC,21,210,10,0.0,10000.0,1.0,1.0,0.0,0.0,0.0
product.Seral.area.overmature.CWHvm_FDC_HW_H.CC,22,220,10,0.0,10000.0,1.0,1.0,0.0,0.0,0.0
product.Seral.area.overmature.CWHvm_FDC_HW_H.CC,23,230,10,0.0,10000.0,1.0,1.0,0.0,0.0,0.0
product.Seral.area.overmature.CWHvm_FDC_HW_H.CC,24,240,10,0.0,10000.0,1.0,1.0,0.0,0.0,0.0
product.Seral.area.overmature.CWHvm_FDC_HW_H.CC,25,250,10,0.0,10000.0,1.0,1.0,0.0,0.0,0.0
product.Seral.area.overmature.CWHvm_FDC_HW_H.CC,26,260,10,0.0,10000.0,1.0,1.0,0.0,0.0,0.0
product.Seral.area.overmature.CWHvm_FDC_HW_H.CC,27,270,10,0.0,10000.0,1.0,1.0,0.0,0.0,0.0
product.Seral.area.overmature.CWHvm_FDC_HW_H.CC,28,280,10,0.0,10000.0,1.0,1.0,0.0,0.0,0.0
product.Seral.area.overmature.CWHvm_FDC_HW_H.CC,29,290,10,0.0,10000.0,1.0,1.0,0.0,0.0,0.0
product.Seral.area.overmature.CWHvm_FDC_HW_H.CC,30,300,10,0.0,10000.0,1.0,1.0,0.0,0.0,0.0
product.Seral.area.overmature.CWHvm_FDC_HW_L.CC,0,0,10,0.0,10000.0,1.0,1.0,0.0,0.0,0.0
product.Seral.area.overmature.CWHvm_FDC_HW_L.CC,1,10,10,0.0,10000.0,1.0,1.0,0.0,0.0,0.0
product.Seral.area.overmature.CWHvm_FDC_HW_L.CC,2,20,10,0.0,10000.0,1.0,1.0,0.0,0.0,0.0
product.Seral.area.overmature.CWHvm_FDC_HW_L.CC,3,30,10,0.0,10000.0,1.0,1.0,0.0,0.0,0.0
product.Seral.area.overmature.CWHvm_FDC_HW_L.CC,4,40,10,0.0,10000.0,1.0,1.0,0.0,0.0,0.0
product.Seral.area.overmature.CWHvm_FDC_HW_L.CC,5,50,10,0.0,10000.0,1.0,1.0,0.0,0.0,0.0
product.Seral.area.overmature.CWHvm_FDC_HW_L.CC,6,60,10,0.0,10000.0,1.0,1.0,0.0,0.0,0.0
product.Seral.area.overmature.CWHvm_FDC_HW_L.CC,7,70,10,0.0,10000.0,1.0,1.0,0.0,0.0,0.0
product.Seral.area.overmature.CWHvm_FDC_HW_L.CC,8,80,10,0.0,10000.0,1.0,1.0,0.0,0.0,0.0
product.Seral.area.overmature.CWHvm_FDC_HW_L.CC,9,90,10,0.0,10000.0,1.0,1.0,0.0,0.0,0.0
product.Seral.area.overmature.CWHvm_FDC_HW_L.CC,10,100,10,0.0,10000.0,1.0,1.0,0.0,0.0,0.0
product.Seral.area.overmature.CWHvm_FDC_HW_L.CC,11,110,10,0.0,10000.0,1.0,1.0,0.0,0.0,0.0
product.Seral.area.overmature.CWHvm_FDC_HW_L.CC,12,120,10,0.0,10000.0,1.0,1.0,0.0,0.0,0.0
product.Seral.area.overmature.CWHvm_FDC_HW_L.CC,13,130,10,0.0,10000.0,1.0,1.0,0.0,0.0,0.0
product.Seral.area.overmature.CWHvm_FDC_HW_L.CC,14,140,10,0.0,10000.0,1.0,1.0,0.0,0.0,0.0
product.Seral.area.overmature.CWHvm_FDC_HW_L.CC,15,150,10,0.0,10000.0,1.0,1.0,0.0,0.0,0.0
product.Seral.area.overmature.CWHvm_FDC_HW_L.CC,16,160,10,0.0,10000.0,1.0,1.0,0.0,0.0,0.0
product.Seral.area.overmature.CWHvm_FDC_HW_L.CC,17,170,10,0.0,10000.0,1.0,1.0,0.0,0.0,0.0
product.Seral.area.overmature.CWHvm_FDC_HW_L.CC,18,180,10,0.0,10000.0,1.0,1.0,0.0,0.0,0.0
product.Seral.area.overmature.CWHvm_FDC_HW_L.CC,19,190,10,0.0,10000.0,1.0,1.0,0.0,0.0,0.0
product.Seral.area.overmature.CWHvm_FDC_HW_L.CC,20,200,10,0.0,10000.0,1.0,1.0,0.0,0.0,0.0
product.Seral.area.overmature.CWHvm_FDC_HW_L.CC,21,210,10,0.0,10000.0,1.0,1.0,0.0,0.0,0.0
product.Seral.area.overmature.CWHvm_FDC_HW_L.CC,22,220,10,0.0,10000.0,1.0,1.0,0.0,0.0,0.0
product.Seral.area.overmature.CWHvm_FDC_HW_L.CC,23,230,10,0.0,10000.0,1.0,1.0,0.0,0.0,0.0
product.Seral.area.overmature.CWHvm_FDC_HW_L.CC,24,240,10,0.0,10000.0,1.0,1.0,0.0,0.0,0.0
product.Seral.area.overmature.CWHvm_FDC_HW_L.CC,25,250,10,0.0,10000.0,1.0,1.0,0.0,0.0,0.0
product.Seral.area.overmature.CWHvm_FDC_HW_L.CC,26,260,10,0.0,10000.0,1.0,1.0,0.0,0.0,0.0
product.Seral.area.overmature.CWHvm_FDC_HW_L.CC,27,270,10,0.0,10000.0,1.0,1.0,0.0,0.0,0.0
product.Seral.area.overmature.CWHvm_FDC_HW_L.CC,28,280,10,0.0,10000.0,1.0,1.0,0.0,0.0,0.0
product.Seral.area.overmature.CWHvm_FDC_HW_L.CC,29,290,10,0.0,10000.0,1.0,1.0,0.0,0.0,0.0
product.Seral.area.overmature.CWHvm_FDC_HW_L.CC,30,300,10,0.0,10000.0,1.0,1.0,0.0,0.0,0.0
product.Seral.area.overmature.CWHvm_FDC_HW_M.CC,0,0,10,0.0,10000.0,1.0,1.0,0.0,0.0,0.0
product.Seral.area.overmature.CWHvm_FDC_HW_M.CC,1,10,10,0.0,10000.0,1.0,1.0,0.0,0.0,0.0
product.Seral.area.overmature.CWHvm_FDC_HW_M.CC,2,20,10,0.0,10000.0,1.0,1.0,0.0,0.0,0.0
product.Seral.area.overmature.CWHvm_FDC_HW_M.CC,3,30,10,0.0,10000.0,1.0,1.0,0.0,0.0,0.0
product.Seral.area.overmature.CWHvm_FDC_HW_M.CC,4,40,10,0.0,10000.0,1.0,1.0,0.0,0.0,0.0
product.Seral.area.overmature.CWHvm_FDC_HW_M.CC,5,50,10,0.0,10000.0,1.0,1.0,0.0,0.0,0.0
product.Seral.area.overmature.CWHvm_FDC_HW_M.CC,6,60,10,0.0,10000.0,1.0,1.0,0.0,0.0,0.0
product.Seral.area.overmature.CWHvm_FDC_HW_M.CC,7,70,10,0.0,10000.0,1.0,1.0,0.0,0.0,0.0
product.Seral.area.overmature.CWHvm_FDC_HW_M.CC,8,80,10,0.0,10000.0,1.0,1.0,0.0,0.0,0.0
product.Seral.area.overmature.CWHvm_FDC_HW_M.CC,9,90,10,0.0,10000.0,1.0,1.0,0.0,0.0,0.0
product.Seral.area.overmature.CWHvm_FDC_HW_M.CC,10,100,10,0.0,10000.0,1.0,1.0,0.0,0.0,0.0
product.Seral.area.overmature.CWHvm_FDC_HW_M.CC,11,110,10,0.0,10000.0,1.0,1.0,0.0,0.0,0.0
product.Seral.area.overmature.CWHvm_FDC_HW_M.CC,12,120,10,0.0,10000.0,1.0,1.0,0.0,0.0,0.0
product.Seral.area.overmature.CWHvm_FDC_HW_M.CC,13,130,10,0.0,10000.0,1.0,1.0,0.0,0.0,0.0
product.Seral.area.overmature.CWHvm_FDC_HW_M.CC,14,140,10,0.0,10000.0,1.0,1.0,0.0,0.0,0.0
product.Seral.area.overmature.CWHvm_FDC_HW_M.CC,15,150,10,0.0,10000.0,1.0,1.0,0.0,0.0,0.0
product.Seral.area.overmature.CWHvm_FDC_HW_M.CC,16,160,10,0.0,10000.0,1.0,1.0,0.0,0.0,0.0
product.Seral.area.overmature.CWHvm_FDC_HW_M.CC,17,170,10,0.0,10000.0,1.0,1.0,0.0,0.0,0.0
product.Seral.area.overmature.CWHvm_FDC_HW_M.CC,18,180,10,0.0,10000.0,1.0,1.0,0.0,0.0,0.0
product.Seral.area.overmature.CWHvm_FDC_HW_M.CC,19,190,10,0.0,10000.0,1.0,1.0,0.0,0.0,0.0
product.Seral.area.overmature.CWHvm_FDC_HW_M.CC,20,200,10,0.0,10000.0,1.0,1.0,0.0,0.0,0.0
product.Seral.area.overmature.CWHvm_FDC_HW_M.CC,21,210,10,0.0,10000.0,1.0,1.0,0.0,0.0,0.0
product.Seral.area.overmature.CWHvm_FDC_HW_M.CC,22,220,10,0.0,10000.0,1.0,1.0,0.0,0.0,0.0
product.Seral.area.overmature.CWHvm_FDC_HW_M.CC,23,230,10,0.0,10000.0,1.0,1.0,0.0,0.0,0.0
product.Seral.area.overmature.CWHvm_FDC_HW_M.CC,24,240,10,0.0,10000.0,1.0,1.0,0.0,0.0,0.0
product.Seral.area.overmature.CWHvm_FDC_HW_M.CC,25,250,10,0.0,10000.0,1.0,1.0,0.0,0.0,0.0
product.Seral.area.overmature.CWHvm_FDC_HW_M.CC,26,260,10,0.0,10000.0,1.0,1.0,0.0,0.0,0.0
product.Seral.area.overmature.CWHvm_FDC_HW_M.CC,27,270,10,0.0,10000.0,1.0,1.0,0.0,0.0,0.0
product.Seral.area.overmature.CWHvm_FDC_HW_M.CC,28,280,10,0.0,10000.0,1.0,1.0,0.0,0.0,0.0
product.Seral.area.overmature.CWHvm_FDC_HW_M.CC,29,290,10,0.0,10000.0,1.0,1.0,0.0,0.0,0.0
product.Seral.area.overmature.CWHvm_FDC_HW_M.CC,30,300,10,0.0,10000.0,1.0,1.0,0.0,0.0,0.0
product.Seral.area.overmature.CWHvm_HW_BA_M.CC,0,0,10,0.0,10000.0,1.0,1.0,0.0,0.0,0.0
product.Seral.area.overmature.CWHvm_HW_BA_M.CC,1,10,10,0.0,10000.0,1.0,1.0,5.294000148773193,0.0,0.0
product.Seral.area.overmature.CWHvm_HW_BA_M.CC,2,20,10,0.0,10000.0,1.0,1.0,0.0,0.0,0.0
product.Seral.area.overmature.CWHvm_HW_BA_M.CC,3,30,10,0.0,10000.0,1.0,1.0,0.0,0.0,0.0
product.Seral.area.overmature.CWHvm_HW_BA_M.CC,4,40,10,0.0,10000.0,1.0,1.0,0.0,0.0,0.0
product.Seral.area.overmature.CWHvm_HW_BA_M.CC,5,50,10,0.0,10000.0,1.0,1.0,0.0,0.0,0.0
product.Seral.area.overmature.CWHvm_HW_BA_M.CC,6,60,10,0.0,10000.0,1.0,1.0,0.0,0.0,0.0
product.Seral.area.overmature.CWHvm_HW_BA_M.CC,7,70,10,0.0,10000.0,1.0,1.0,0.0,0.0,0.0
product.Seral.area.overmature.CWHvm_HW_BA_M.CC,8,80,10,0.0,10000.0,1.0,1.0,0.0,0.0,0.0
product.Seral.area.overmature.CWHvm_HW_BA_M.CC,9,90,10,0.0,10000.0,1.0,1.0,0.0,0.0,0.0
product.Seral.area.overmature.CWHvm_HW_BA_M.CC,10,100,10,0.0,10000.0,1.0,1.0,0.0,0.0,0.0
product.Seral.area.overmature.CWHvm_HW_BA_M.CC,11,110,10,0.0,10000.0,1.0,1.0,0.0,0.0,0.0
product.Seral.area.overmature.CWHvm_HW_BA_M.CC,12,120,10,0.0,10000.0,1.0,1.0,0.0,0.0,0.0
product.Seral.area.overmature.CWHvm_HW_BA_M.CC,13,130,10,0.0,10000.0,1.0,1.0,0.0,0.0,0.0
product.Seral.area.overmature.CWHvm_HW_BA_M.CC,14,140,10,0.0,10000.0,1.0,1.0,0.0,0.0,0.0
product.Seral.area.overmature.CWHvm_HW_BA_M.CC,15,150,10,0.0,10000.0,1.0,1.0,0.0,0.0,0.0
product.Seral.area.overmature.CWHvm_HW_BA_M.CC,16,160,10,0.0,10000.0,1.0,1.0,0.0,0.0,0.0
product.Seral.area.overmature.CWHvm_HW_BA_M.CC,17,170,10,0.0,10000.0,1.0,1.0,0.0,0.0,0.0
product.Seral.area.overmature.CWHvm_HW_BA_M.CC,18,180,10,0.0,10000.0,1.0,1.0,0.0,0.0,0.0
product.Seral.area.overmature.CWHvm_HW_BA_M.CC,19,190,10,0.0,10000.0,1.0,1.0,0.0,0.0,0.0
product.Seral.area.overmature.CWHvm_HW_BA_M.CC,20,200,10,0.0,10000.0,1.0,1.0,0.0,0.0,0.0
product.Seral.area.overmature.CWHvm_HW_BA_M.CC,21,210,10,0.0,10000.0,1.0,1.0,0.0,0.0,0.0
product.Seral.area.overmature.CWHvm_HW_BA_M.CC,22,220,10,0.0,10000.0,1.0,1.0,0.0,0.0,0.0
product.Seral.area.overmature.CWHvm_HW_BA_M.CC,23,230,10,0.0,10000.0,1.0,1.0,0.0,0.0,0.0
product.Seral.area.overmature.CWHvm_HW_BA_M.CC,24,240,10,0.0,10000.0,1.0,1.0,0.0,0.0,0.0
product.Seral.area.overmature.CWHvm_HW_BA_M.CC,25,250,10,0.0,10000.0,1.0,1.0,0.0,0.0,0.0
product.Seral.area.overmature.CWHvm_HW_BA_M.CC,26,260,10,0.0,10000.0,1.0,1.0,0.0,0.0,0.0
product.Seral.area.overmature.CWHvm_HW_BA_M.CC,27,270,10,0.0,10000.0,1.0,1.0,0.0,0.0,0.0
product.Seral.area.overmature.CWHvm_HW_BA_M.CC,28,280,10,0.0,10000.0,1.0,1.0,0.0,0.0,0.0
product.Seral.area.overmature.CWHvm_HW_BA_M.CC,29,290,10,0.0,10000.0,1.0,1.0,0.0,0.0,0.0
product.Seral.area.overmature.CWHvm_HW_BA_M.CC,30,300,10,0.0,10000.0,1.0,1.0,0.0,0.0,0.0
product.Seral.area.overmature.CWHvm_HW_CW_H.CC,0,0,10,0.0,10000.0,1.0,1.0,0.0,0.0,0.0
product.Seral.area.overmature.CWHvm_HW_CW_H.CC,1,10,10,0.0,10000.0,1.0,1.0,0.0,0.0,0.0
product.Seral.area.overmature.CWHvm_HW_CW_H.CC,2,20,10,0.0,10000.0,1.0,1.0,0.0,0.0,0.0
product.Seral.area.overmature.CWHvm_HW_CW_H.CC,3,30,10,0.0,10000.0,1.0,1.0,0.0,0.0,0.0
product.Seral.area.overmature.CWHvm_HW_CW_H.CC,4,40,10,0.0,10000.0,1.0,1.0,0.0,0.0,0.0
product.Seral.area.overmature.CWHvm_HW_CW_H.CC,5,50,10,0.0,10000.0,1.0,1.0,0.0,0.0,0.0
product.Seral.area.overmature.CWHvm_HW_CW_H.CC,6,60,10,0.0,10000.0,1.0,1.0,0.0,0.0,0.0
product.Seral.area.overmature.CWHvm_HW_CW_H.CC,7,70,10,0.0,10000.0,1.0,1.0,0.0,0.0,0.0
product.Seral.area.overmature.CWHvm_HW_CW_H.CC,8,80,10,0.0,10000.0,1.0,1.0,0.0,0.0,0.0
product.Seral.area.overmature.CWHvm_HW_CW_H.CC,9,90,10,0.0,10000.0,1.0,1.0,0.0,0.0,0.0
product.Seral.area.overmature.CWHvm_HW_CW_H.CC,10,100,10,0.0,10000.0,1.0,1.0,0.0,0.0,0.0
product.Seral.area.overmature.CWHvm_HW_CW_H.CC,11,110,10,0.0,10000.0,1.0,1.0,0.0,0.0,0.0
product.Seral.area.overmature.CWHvm_HW_CW_H.CC,12,120,10,0.0,10000.0,1.0,1.0,0.0,0.0,0.0
product.Seral.area.overmature.CWHvm_HW_CW_H.CC,13,130,10,0.0,10000.0,1.0,1.0,0.0,0.0,0.0
product.Seral.area.overmature.CWHvm_HW_CW_H.CC,14,140,10,0.0,10000.0,1.0,1.0,0.0,0.0,0.0
product.Seral.area.overmature.CWHvm_HW_CW_H.CC,15,150,10,0.0,10000.0,1.0,1.0,0.0,0.0,0.0
product.Seral.area.overmature.CWHvm_HW_CW_H.CC,16,160,10,0.0,10000.0,1.0,1.0,0.0,0.0,0.0
product.Seral.area.overmature.CWHvm_HW_CW_H.CC,17,170,10,0.0,10000.0,1.0,1.0,0.0,0.0,0.0
product.Seral.area.overmature.CWHvm_HW_CW_H.CC,18,180,10,0.0,10000.0,1.0,1.0,0.0,0.0,0.0
product.Seral.area.overmature.CWHvm_HW_CW_H.CC,19,190,10,0.0,10000.0,1.0,1.0,0.0,0.0,0.0
product.Seral.area.overmature.CWHvm_HW_CW_H.CC,20,200,10,0.0,10000.0,1.0,1.0,0.0,0.0,0.0
product.Seral.area.overmature.CWHvm_HW_CW_H.CC,21,210,10,0.0,10000.0,1.0,1.0,0.0,0.0,0.0
product.Seral.area.overmature.CWHvm_HW_CW_H.CC,22,220,10,0.0,10000.0,1.0,1.0,0.0,0.0,0.0
product.Seral.area.overmature.CWHvm_HW_CW_H.CC,23,230,10,0.0,10000.0,1.0,1.0,0.0,0.0,0.0
product.Seral.area.overmature.CWHvm_HW_CW_H.CC,24,240,10,0.0,10000.0,1.0,1.0,0.0,0.0,0.0
product.Seral.area.overmature.CWHvm_HW_CW_H.CC,25,250,10,0.0,10000.0,1.0,1.0,0.0,0.0,0.0
product.Seral.area.overmature.CWHvm_HW_CW_H.CC,26,260,10,0.0,10000.0,1.0,1.0,0.0,0.0,0.0
product.Seral.area.overmature.CWHvm_HW_CW_H.CC,27,270,10,0.0,10000.0,1.0,1.0,0.0,0.0,0.0
product.Seral.area.overmature.CWHvm_HW_CW_H.CC,28,280,10,0.0,10000.0,1.0,1.0,0.0,0.0,0.0
product.Seral.area.overmature.CWHvm_HW_CW_H.CC,29,290,10,0.0,10000.0,1.0,1.0,0.0,0.0,0.0
product.Seral.area.overmature.CWHvm_HW_CW_H.CC,30,300,10,0.0,10000.0,1.0,1.0,0.0,0.0,0.0
product.Seral.area.overmature.CWHvm_HW_CW_L.CC,0,0,10,0.0,10000.0,1.0,1.0,0.0,0.0,0.0
product.Seral.area.overmature.CWHvm_HW_CW_L.CC,1,10,10,0.0,10000.0,1.0,1.0,4.60699987411499,0.0,0.0
product.Seral.area.overmature.CWHvm_HW_CW_L.CC,2,20,10,0.0,10000.0,1.0,1.0,0.0,0.0,0.0
product.Seral.area.overmature.CWHvm_HW_CW_L.CC,3,30,10,0.0,10000.0,1.0,1.0,0.0,0.0,0.0
product.Seral.area.overmature.CWHvm_HW_CW_L.CC,4,40,10,0.0,10000.0,1.0,1.0,0.0,0.0,0.0
product.Seral.area.overmature.CWHvm_HW_CW_L.CC,5,50,10,0.0,10000.0,1.0,1.0,0.0,0.0,0.0
product.Seral.area.overmature.CWHvm_HW_CW_L.CC,6,60,10,0.0,10000.0,1.0,1.0,0.0,0.0,0.0
product.Seral.area.overmature.CWHvm_HW_CW_L.CC,7,70,10,0.0,10000.0,1.0,1.0,0.0,0.0,0.0
product.Seral.area.overmature.CWHvm_HW_CW_L.CC,8,80,10,0.0,10000.0,1.0,1.0,0.0,0.0,0.0
product.Seral.area.overmature.CWHvm_HW_CW_L.CC,9,90,10,0.0,10000.0,1.0,1.0,0.0,0.0,0.0
product.Seral.area.overmature.CWHvm_HW_CW_L.CC,10,100,10,0.0,10000.0,1.0,1.0,0.0,0.0,0.0
product.Seral.area.overmature.CWHvm_HW_CW_L.CC,11,110,10,0.0,10000.0,1.0,1.0,0.0,0.0,0.0
product.Seral.area.overmature.CWHvm_HW_CW_L.CC,12,120,10,0.0,10000.0,1.0,1.0,0.0,0.0,0.0
product.Seral.area.overmature.CWHvm_HW_CW_L.CC,13,130,10,0.0,10000.0,1.0,1.0,0.0,0.0,0.0
product.Seral.area.overmature.CWHvm_HW_CW_L.CC,14,140,10,0.0,10000.0,1.0,1.0,0.0,0.0,0.0
product.Seral.area.overmature.CWHvm_HW_CW_L.CC,15,150,10,0.0,10000.0,1.0,1.0,0.0,0.0,0.0
product.Seral.area.overmature.CWHvm_HW_CW_L.CC,16,160,10,0.0,10000.0,1.0,1.0,0.0,0.0,0.0
product.Seral.area.overmature.CWHvm_HW_CW_L.CC,17,170,10,0.0,10000.0,1.0,1.0,0.0,0.0,0.0
product.Seral.area.overmature.CWHvm_HW_CW_L.CC,18,180,10,0.0,10000.0,1.0,1.0,0.0,0.0,0.0
product.Seral.area.overmature.CWHvm_HW_CW_L.CC,19,190,10,0.0,10000.0,1.0,1.0,0.0,0.0,0.0
product.Seral.area.overmature.CWHvm_HW_CW_L.CC,20,200,10,0.0,10000.0,1.0,1.0,0.0,0.0,0.0
product.Seral.area.overmature.CWHvm_HW_CW_L.CC,21,210,10,0.0,10000.0,1.0,1.0,0.0,0.0,0.0
product.Seral.area.overmature.CWHvm_HW_CW_L.CC,22,220,10,0.0,10000.0,1.0,1.0,0.0,0.0,0.0
product.Seral.area.overmature.CWHvm_HW_CW_L.CC,23,230,10,0.0,10000.0,1.0,1.0,0.0,0.0,0.0
product.Seral.area.overmature.CWHvm_HW_CW_L.CC,24,240,10,0.0,10000.0,1.0,1.0,0.0,0.0,0.0
product.Seral.area.overmature.CWHvm_HW_CW_L.CC,25,250,10,0.0,10000.0,1.0,1.0,0.0,0.0,0.0
product.Seral.area.overmature.CWHvm_HW_CW_L.CC,26,260,10,0.0,10000.0,1.0,1.0,0.0,0.0,0.0
product.Seral.area.overmature.CWHvm_HW_CW_L.CC,27,270,10,0.0,10000.0,1.0,1.0,0.0,0.0,0.0
product.Seral.area.overmature.CWHvm_HW_CW_L.CC,28,280,10,0.0,10000.0,1.0,1.0,0.0,0.0,0.0
product.Seral.area.overmature.CWHvm_HW_CW_L.CC,29,290,10,0.0,10000.0,1.0,1.0,0.0,0.0,0.0
product.Seral.area.overmature.CWHvm_HW_CW_L.CC,30,300,10,0.0,10000.0,1.0,1.0,0.0,0.0,0.0
product.Seral.area.overmature.CWHvm_HW_CW_M.CC,0,0,10,0.0,10000.0,1.0,1.0,0.0,0.0,0.0
product.Seral.area.overmature.CWHvm_HW_CW_M.CC,1,10,10,0.0,10000.0,1.0,1.0,4.366000175476074,0.0,0.0
product.Seral.area.overmature.CWHvm_HW_CW_M.CC,2,20,10,0.0,10000.0,1.0,1.0,0.0,0.0,0.0
product.Seral.area.overmature.CWHvm_HW_CW_M.CC,3,30,10,0.0,10000.0,1.0,1.0,0.0,0.0,0.0
product.Seral.area.overmature.CWHvm_HW_CW_M.CC,4,40,10,0.0,10000.0,1.0,1.0,10.833999633789062,0.0,0.0
product.Seral.area.overmature.CWHvm_HW_CW_M.CC,5,50,10,0.0,10000.0,1.0,1.0,0.0,0.0,0.0
product.Seral.area.overmature.CWHvm_HW_CW_M.CC,6,60,10,0.0,10000.0,1.0,1.0,0.0,0.0,0.0
product.Seral.area.overmature.CWHvm_HW_CW_M.CC,7,70,10,0.0,10000.0,1.0,1.0,0.0,0.0,0.0
product.Seral.area.overmature.CWHvm_HW_CW_M.CC,8,80,10,0.0,10000.0,1.0,1.0,0.0,0.0,0.0
product.Seral.area.overmature.CWHvm_HW_CW_M.CC,9,90,10,0.0,10000.0,1.0,1.0,0.0,0.0,0.0
product.Seral.area.overmature.CWHvm_HW_CW_M.CC,10,100,10,0.0,10000.0,1.0,1.0,0.0,0.0,0.0
product.Seral.area.overmature.CWHvm_HW_CW_M.CC,11,110,10,0.0,10000.0,1.0,1.0,0.0,0.0,0.0
product.Seral.area.overmature.CWHvm_HW_CW_M.CC,12,120,10,0.0,10000.0,1.0,1.0,0.0,0.0,0.0
product.Seral.area.overmature.CWHvm_HW_CW_M.CC,13,130,10,0.0,10000.0,1.0,1.0,0.0,0.0,0.0
product.Seral.area.overmature.CWHvm_HW_CW_M.CC,14,140,10,0.0,10000.0,1.0,1.0,0.0,0.0,0.0
product.Seral.area.overmature.CWHvm_HW_CW_M.CC,15,150,10,0.0,10000.0,1.0,1.0,0.0,0.0,0.0
product.Seral.area.overmature.CWHvm_HW_CW_M.CC,16,160,10,0.0,10000.0,1.0,1.0,0.0,0.0,0.0
product.Seral.area.overmature.CWHvm_HW_CW_M.CC,17,170,10,0.0,10000.0,1.0,1.0,0.0,0.0,0.0
product.Seral.area.overmature.CWHvm_HW_CW_M.CC,18,180,10,0.0,10000.0,1.0,1.0,0.0,0.0,0.0
product.Seral.area.overmature.CWHvm_HW_CW_M.CC,19,190,10,0.0,10000.0,1.0,1.0,0.0,0.0,0.0
product.Seral.area.overmature.CWHvm_HW_CW_M.CC,20,200,10,0.0,10000.0,1.0,1.0,0.0,0.0,0.0
product.Seral.area.overmature.CWHvm_HW_CW_M.CC,21,210,10,0.0,10000.0,1.0,1.0,0.0,0.0,0.0
product.Seral.area.overmature.CWHvm_HW_CW_M.CC,22,220,10,0.0,10000.0,1.0,1.0,0.0,0.0,0.0
product.Seral.area.overmature.CWHvm_HW_CW_M.CC,23,230,10,0.0,10000.0,1.0,1.0,0.0,0.0,0.0
product.Seral.area.overmature.CWHvm_HW_CW_M.CC,24,240,10,0.0,10000.0,1.0,1.0,0.0,0.0,0.0
product.Seral.area.overmature.CWHvm_HW_CW_M.CC,25,250,10,0.0,10000.0,1.0,1.0,0.0,0.0,0.0
product.Seral.area.overmature.CWHvm_HW_CW_M.CC,26,260,10,0.0,10000.0,1.0,1.0,0.0,0.0,0.0
product.Seral.area.overmature.CWHvm_HW_CW_M.CC,27,270,10,0.0,10000.0,1.0,1.0,0.0,0.0,0.0
product.Seral.area.overmature.CWHvm_HW_CW_M.CC,28,280,10,0.0,10000.0,1.0,1.0,0.0,0.0,0.0
product.Seral.area.overmature.CWHvm_HW_CW_M.CC,29,290,10,0.0,10000.0,1.0,1.0,0.0,0.0,0.0
product.Seral.area.overmature.CWHvm_HW_CW_M.CC,30,300,10,0.0,10000.0,1.0,1.0,0.0,0.0,0.0
product.Seral.area.overmature.CWHvm_HW_FDC_H.CC,0,0,10,0.0,10000.0,1.0,1.0,0.0,0.0,0.0
product.Seral.area.overmature.CWHvm_HW_FDC_H.CC,1,10,10,0.0,10000.0,1.0,1.0,0.0,0.0,0.0
product.Seral.area.overmature.CWHvm_HW_FDC_H.CC,2,20,10,0.0,10000.0,1.0,1.0,0.0,0.0,0.0
product.Seral.area.overmature.CWHvm_HW_FDC_H.CC,3,30,10,0.0,10000.0,1.0,1.0,0.0,0.0,0.0
product.Seral.area.overmature.CWHvm_HW_FDC_H.CC,4,40,10,0.0,10000.0,1.0,1.0,0.0,0.0,0.0
product.Seral.area.overmature.CWHvm_HW_FDC_H.CC,5,50,10,0.0,10000.0,1.0,1.0,0.0,0.0,0.0
product.Seral.area.overmature.CWHvm_HW_FDC_H.CC,6,60,10,0.0,10000.0,1.0,1.0,0.0,0.0,0.0
product.Seral.area.overmature.CWHvm_HW_FDC_H.CC,7,70,10,0.0,10000.0,1.0,1.0,0.0,0.0,0.0
product.Seral.area.overmature.CWHvm_HW_FDC_H.CC,8,80,10,0.0,10000.0,1.0,1.0,0.0,0.0,0.0
product.Seral.area.overmature.CWHvm_HW_FDC_H.CC,9,90,10,0.0,10000.0,1.0,1.0,0.0,0.0,0.0
product.Seral.area.overmature.CWHvm_HW_FDC_H.CC,10,100,10,0.0,10000.0,1.0,1.0,0.0,0.0,0.0
product.Seral.area.overmature.CWHvm_HW_FDC_H.CC,11,110,10,0.0,10000.0,1.0,1.0,0.0,0.0,0.0
product.Seral.area.overmature.CWHvm_HW_FDC_H.CC,12,120,10,0.0,10000.0,1.0,1.0,0.0,0.0,0.0
product.Seral.area.overmature.CWHvm_HW_FDC_H.CC,13,130,10,0.0,10000.0,1.0,1.0,0.0,0.0,0.0
product.Seral.area.overmature.CWHvm_HW_FDC_H.CC,14,140,10,0.0,10000.0,1.0,1.0,0.0,0.0,0.0
product.Seral.area.overmature.CWHvm_HW_FDC_H.CC,15,150,10,0.0,10000.0,1.0,1.0,0.0,0.0,0.0
product.Seral.area.overmature.CWHvm_HW_FDC_H.CC,16,160,10,0.0,10000.0,1.0,1.0,0.0,0.0,0.0
product.Seral.area.overmature.CWHvm_HW_FDC_H.CC,17,170,10,0.0,10000.0,1.0,1.0,0.0,0.0,0.0
product.Seral.area.overmature.CWHvm_HW_FDC_H.CC,18,180,10,0.0,10000.0,1.0,1.0,0.0,0.0,0.0
product.Seral.area.overmature.CWHvm_HW_FDC_H.CC,19,190,10,0.0,10000.0,1.0,1.0,0.0,0.0,0.0
product.Seral.area.overmature.CWHvm_HW_FDC_H.CC,20,200,10,0.0,10000.0,1.0,1.0,0.0,0.0,0.0
product.Seral.area.overmature.CWHvm_HW_FDC_H.CC,21,210,10,0.0,10000.0,1.0,1.0,0.0,0.0,0.0
product.Seral.area.overmature.CWHvm_HW_FDC_H.CC,22,220,10,0.0,10000.0,1.0,1.0,0.0,0.0,0.0
product.Seral.area.overmature.CWHvm_HW_FDC_H.CC,23,230,10,0.0,10000.0,1.0,1.0,0.0,0.0,0.0
product.Seral.area.overmature.CWHvm_HW_FDC_H.CC,24,240,10,0.0,10000.0,1.0,1.0,0.0,0.0,0.0
product.Seral.area.overmature.CWHvm_HW_FDC_H.CC,25,250,10,0.0,10000.0,1.0,1.0,0.0,0.0,0.0
product.Seral.area.overmature.CWHvm_HW_FDC_H.CC,26,260,10,0.0,10000.0,1.0,1.0,0.0,0.0,0.0
product.Seral.area.overmature.CWHvm_HW_FDC_H.CC,27,270,10,0.0,10000.0,1.0,1.0,0.0,0.0,0.0
product.Seral.area.overmature.CWHvm_HW_FDC_H.CC,28,280,10,0.0,10000.0,1.0,1.0,0.0,0.0,0.0
product.Seral.area.overmature.CWHvm_HW_FDC_H.CC,29,290,10,0.0,10000.0,1.0,1.0,0.0,0.0,0.0
product.Seral.area.overmature.CWHvm_HW_FDC_H.CC,30,300,10,0.0,10000.0,1.0,1.0,0.0,0.0,0.0
product.Seral.area.overmature.CWHvm_HW_FDC_L.CC,0,0,10,0.0,10000.0,1.0,1.0,0.0,0.0,0.0
product.Seral.area.overmature.CWHvm_HW_FDC_L.CC,1,10,10,0.0,10000.0,1.0,1.0,0.0,0.0,0.0
product.Seral.area.overmature.CWHvm_HW_FDC_L.CC,2,20,10,0.0,10000.0,1.0,1.0,0.0,0.0,0.0
product.Seral.area.overmature.CWHvm_HW_FDC_L.CC,3,30,10,0.0,10000.0,1.0,1.0,0.0,0.0,0.0
product.Seral.area.overmature.CWHvm_HW_FDC_L.CC,4,40,10,0.0,10000.0,1.0,1.0,0.0,0.0,0.0
product.Seral.area.overmature.CWHvm_HW_FDC_L.CC,5,50,10,0.0,10000.0,1.0,1.0,0.0,0.0,0.0
product.Seral.area.overmature.CWHvm_HW_FDC_L.CC,6,60,10,0.0,10000.0,1.0,1.0,0.0,0.0,0.0
product.Seral.area.overmature.CWHvm_HW_FDC_L.CC,7,70,10,0.0,10000.0,1.0,1.0,0.0,0.0,0.0
product.Seral.area.overmature.CWHvm_HW_FDC_L.CC,8,80,10,0.0,10000.0,1.0,1.0,0.0,0.0,0.0
product.Seral.area.overmature.CWHvm_HW_FDC_L.CC,9,90,10,0.0,10000.0,1.0,1.0,0.0,0.0,0.0
product.Seral.area.overmature.CWHvm_HW_FDC_L.CC,10,100,10,0.0,10000.0,1.0,1.0,0.0,0.0,0.0
product.Seral.area.overmature.CWHvm_HW_FDC_L.CC,11,110,10,0.0,10000.0,1.0,1.0,0.0,0.0,0.0
product.Seral.area.overmature.CWHvm_HW_FDC_L.CC,12,120,10,0.0,10000.0,1.0,1.0,0.0,0.0,0.0
product.Seral.area.overmature.CWHvm_HW_FDC_L.CC,13,130,10,0.0,10000.0,1.0,1.0,0.0,0.0,0.0
product.Seral.area.overmature.CWHvm_HW_FDC_L.CC,14,140,10,0.0,10000.0,1.0,1.0,0.0,0.0,0.0
product.Seral.area.overmature.CWHvm_HW_FDC_L.CC,15,150,10,0.0,10000.0,1.0,1.0,0.0,0.0,0.0
product.Seral.area.overmature.CWHvm_HW_FDC_L.CC,16,160,10,0.0,10000.0,1.0,1.0,0.0,0.0,0.0
product.Seral.area.overmature.CWHvm_HW_FDC_L.CC,17,170,10,0.0,10000.0,1.0,1.0,0.0,0.0,0.0
product.Seral.area.overmature.CWHvm_HW_FDC_L.CC,18,180,10,0.0,10000.0,1.0,1.0,0.0,0.0,0.0
product.Seral.area.overmature.CWHvm_HW_FDC_L.CC,19,190,10,0.0,10000.0,1.0,1.0,0.0,0.0,0.0
product.Seral.area.overmature.CWHvm_HW_FDC_L.CC,20,200,10,0.0,10000.0,1.0,1.0,0.0,0.0,0.0
product.Seral.area.overmature.CWHvm_HW_FDC_L.CC,21,210,10,0.0,10000.0,1.0,1.0,0.0,0.0,0.0
product.Seral.area.overmature.CWHvm_HW_FDC_L.CC,22,220,10,0.0,10000.0,1.0,1.0,0.0,0.0,0.0
product.Seral.area.overmature.CWHvm_HW_FDC_L.CC,23,230,10,0.0,10000.0,1.0,1.0,0.0,0.0,0.0
product.Seral.area.overmature.CWHvm_HW_FDC_L.CC,24,240,10,0.0,10000.0,1.0,1.0,0.0,0.0,0.0
product.Seral.area.overmature.CWHvm_HW_FDC_L.CC,25,250,10,0.0,10000.0,1.0,1.0,0.0,0.0,0.0
product.Seral.area.overmature.CWHvm_HW_FDC_L.CC,26,260,10,0.0,10000.0,1.0,1.0,0.0,0.0,0.0
product.Seral.area.overmature.CWHvm_HW_FDC_L.CC,27,270,10,0.0,10000.0,1.0,1.0,0.0,0.0,0.0
product.Seral.area.overmature.CWHvm_HW_FDC_L.CC,28,280,10,0.0,10000.0,1.0,1.0,0.0,0.0,0.0
product.Seral.area.overmature.CWHvm_HW_FDC_L.CC,29,290,10,0.0,10000.0,1.0,1.0,0.0,0.0,0.0
product.Seral.area.overmature.CWHvm_HW_FDC_L.CC,30,300,10,0.0,10000.0,1.0,1.0,0.0,0.0,0.0
product.Seral.area.overmature.CWHvm_HW_SS_M.CC,0,0,10,0.0,10000.0,1.0,1.0,0.0,0.0,0.0
product.Seral.area.overmature.CWHvm_HW_SS_M.CC,1,10,10,0.0,10000.0,1.0,1.0,0.0,0.0,0.0
product.Seral.area.overmature.CWHvm_HW_SS_M.CC,2,20,10,0.0,10000.0,1.0,1.0,0.0,0.0,0.0
product.Seral.area.overmature.CWHvm_HW_SS_M.CC,3,30,10,0.0,10000.0,1.0,1.0,0.0,0.0,0.0
product.Seral.area.overmature.CWHvm_HW_SS_M.CC,4,40,10,0.0,10000.0,1.0,1.0,0.0,0.0,0.0
product.Seral.area.overmature.CWHvm_HW_SS_M.CC,5,50,10,0.0,10000.0,1.0,1.0,0.0,0.0,0.0
product.Seral.area.overmature.CWHvm_HW_SS_M.CC,6,60,10,0.0,10000.0,1.0,1.0,0.0,0.0,0.0
product.Seral.area.overmature.CWHvm_HW_SS_M.CC,7,70,10,0.0,10000.0,1.0,1.0,0.0,0.0,0.0
product.Seral.area.overmature.CWHvm_HW_SS_M.CC,8,80,10,0.0,10000.0,1.0,1.0,0.0,0.0,0.0
product.Seral.area.overmature.CWHvm_HW_SS_M.CC,9,90,10,0.0,10000.0,1.0,1.0,0.0,0.0,0.0
product.Seral.area.overmature.CWHvm_HW_SS_M.CC,10,100,10,0.0,10000.0,1.0,1.0,0.0,0.0,0.0
product.Seral.area.overmature.CWHvm_HW_SS_M.CC,11,110,10,0.0,10000.0,1.0,1.0,0.0,0.0,0.0
product.Seral.area.overmature.CWHvm_HW_SS_M.CC,12,120,10,0.0,10000.0,1.0,1.0,0.0,0.0,0.0
product.Seral.area.overmature.CWHvm_HW_SS_M.CC,13,130,10,0.0,10000.0,1.0,1.0,0.0,0.0,0.0
product.Seral.area.overmature.CWHvm_HW_SS_M.CC,14,140,10,0.0,10000.0,1.0,1.0,0.0,0.0,0.0
product.Seral.area.overmature.CWHvm_HW_SS_M.CC,15,150,10,0.0,10000.0,1.0,1.0,0.0,0.0,0.0
product.Seral.area.overmature.CWHvm_HW_SS_M.CC,16,160,10,0.0,10000.0,1.0,1.0,0.0,0.0,0.0
product.Seral.area.overmature.CWHvm_HW_SS_M.CC,17,170,10,0.0,10000.0,1.0,1.0,0.0,0.0,0.0
product.Seral.area.overmature.CWHvm_HW_SS_M.CC,18,180,10,0.0,10000.0,1.0,1.0,0.0,0.0,0.0
product.Seral.area.overmature.CWHvm_HW_SS_M.CC,19,190,10,0.0,10000.0,1.0,1.0,0.0,0.0,0.0
product.Seral.area.overmature.CWHvm_HW_SS_M.CC,20,200,10,0.0,10000.0,1.0,1.0,0.0,0.0,0.0
product.Seral.area.overmature.CWHvm_HW_SS_M.CC,21,210,10,0.0,10000.0,1.0,1.0,0.0,0.0,0.0
product.Seral.area.overmature.CWHvm_HW_SS_M.CC,22,220,10,0.0,10000.0,1.0,1.0,0.0,0.0,0.0
product.Seral.area.overmature.CWHvm_HW_SS_M.CC,23,230,10,0.0,10000.0,1.0,1.0,0.0,0.0,0.0
product.Seral.area.overmature.CWHvm_HW_SS_M.CC,24,240,10,0.0,10000.0,1.0,1.0,0.0,0.0,0.0
product.Seral.area.overmature.CWHvm_HW_SS_M.CC,25,250,10,0.0,10000.0,1.0,1.0,0.0,0.0,0.0
product.Seral.area.overmature.CWHvm_HW_SS_M.CC,26,260,10,0.0,10000.0,1.0,1.0,0.0,0.0,0.0
product.Seral.area.overmature.CWHvm_HW_SS_M.CC,27,270,10,0.0,10000.0,1.0,1.0,0.0,0.0,0.0
product.Seral.area.overmature.CWHvm_HW_SS_M.CC,28,280,10,0.0,10000.0,1.0,1.0,0.0,0.0,0.0
product.Seral.area.overmature.CWHvm_HW_SS_M.CC,29,290,10,0.0,10000.0,1.0,1.0,0.0,0.0,0.0
product.Seral.area.overmature.CWHvm_HW_SS_M.CC,30,300,10,0.0,10000.0,1.0,1.0,0.0,0.0,0.0
product.Seral.area.regenerating.CWHvm_CW_HW_M.CC,0,0,10,0.0,10000.0,1.0,1.0,0.0,0.0,0.0
product.Seral.area.regenerating.CWHvm_CW_HW_M.CC,1,10,10,0.0,10000.0,1.0,1.0,0.0,0.0,0.0
product.Seral.area.regenerating.CWHvm_CW_HW_M.CC,2,20,10,0.0,10000.0,1.0,1.0,0.0,0.0,0.0
product.Seral.area.regenerating.CWHvm_CW_HW_M.CC,3,30,10,0.0,10000.0,1.0,1.0,0.0,0.0,0.0
product.Seral.area.regenerating.CWHvm_CW_HW_M.CC,4,40,10,0.0,10000.0,1.0,1.0,0.0,0.0,0.0
product.Seral.area.regenerating.CWHvm_CW_HW_M.CC,5,50,10,0.0,10000.0,1.0,1.0,0.0,0.0,0.0
product.Seral.area.regenerating.CWHvm_CW_HW_M.CC,6,60,10,0.0,10000.0,1.0,1.0,0.0,0.0,0.0
product.Seral.area.regenerating.CWHvm_CW_HW_M.CC,7,70,10,0.0,10000.0,1.0,1.0,0.0,0.0,0.0
product.Seral.area.regenerating.CWHvm_CW_HW_M.CC,8,80,10,0.0,10000.0,1.0,1.0,0.0,0.0,0.0
product.Seral.area.regenerating.CWHvm_CW_HW_M.CC,9,90,10,0.0,10000.0,1.0,1.0,0.0,0.0,0.0
product.Seral.area.regenerating.CWHvm_CW_HW_M.CC,10,100,10,0.0,10000.0,1.0,1.0,0.0,0.0,0.0
product.Seral.area.regenerating.CWHvm_CW_HW_M.CC,11,110,10,0.0,10000.0,1.0,1.0,0.0,0.0,0.0
product.Seral.area.regenerating.CWHvm_CW_HW_M.CC,12,120,10,0.0,10000.0,1.0,1.0,0.0,0.0,0.0
product.Seral.area.regenerating.CWHvm_CW_HW_M.CC,13,130,10,0.0,10000.0,1.0,1.0,0.0,0.0,0.0
product.Seral.area.regenerating.CWHvm_CW_HW_M.CC,14,140,10,0.0,10000.0,1.0,1.0,0.0,0.0,0.0
product.Seral.area.regenerating.CWHvm_CW_HW_M.CC,15,150,10,0.0,10000.0,1.0,1.0,0.0,0.0,0.0
product.Seral.area.regenerating.CWHvm_CW_HW_M.CC,16,160,10,0.0,10000.0,1.0,1.0,0.0,0.0,0.0
product.Seral.area.regenerating.CWHvm_CW_HW_M.CC,17,170,10,0.0,10000.0,1.0,1.0,0.0,0.0,0.0
product.Seral.area.regenerating.CWHvm_CW_HW_M.CC,18,180,10,0.0,10000.0,1.0,1.0,0.0,0.0,0.0
product.Seral.area.regenerating.CWHvm_CW_HW_M.CC,19,190,10,0.0,10000.0,1.0,1.0,0.0,0.0,0.0
product.Seral.area.regenerating.CWHvm_CW_HW_M.CC,20,200,10,0.0,10000.0,1.0,1.0,0.0,0.0,0.0
product.Seral.area.regenerating.CWHvm_CW_HW_M.CC,21,210,10,0.0,10000.0,1.0,1.0,0.0,0.0,0.0
product.Seral.area.regenerating.CWHvm_CW_HW_M.CC,22,220,10,0.0,10000.0,1.0,1.0,0.0,0.0,0.0
product.Seral.area.regenerating.CWHvm_CW_HW_M.CC,23,230,10,0.0,10000.0,1.0,1.0,0.0,0.0,0.0
product.Seral.area.regenerating.CWHvm_CW_HW_M.CC,24,240,10,0.0,10000.0,1.0,1.0,0.0,0.0,0.0
product.Seral.area.regenerating.CWHvm_CW_HW_M.CC,25,250,10,0.0,10000.0,1.0,1.0,0.0,0.0,0.0
product.Seral.area.regenerating.CWHvm_CW_HW_M.CC,26,260,10,0.0,10000.0,1.0,1.0,0.0,0.0,0.0
product.Seral.area.regenerating.CWHvm_CW_HW_M.CC,27,270,10,0.0,10000.0,1.0,1.0,0.0,0.0,0.0
product.Seral.area.regenerating.CWHvm_CW_HW_M.CC,28,280,10,0.0,10000.0,1.0,1.0,0.0,0.0,0.0
product.Seral.area.regenerating.CWHvm_CW_HW_M.CC,29,290,10,0.0,10000.0,1.0,1.0,0.0,0.0,0.0
product.Seral.area.regenerating.CWHvm_CW_HW_M.CC,30,300,10,0.0,10000.0,1.0,1.0,0.0,0.0,0.0
product.Seral.area.regenerating.CWHvm_DR_HW_M.CC,0,0,10,0.0,10000.0,1.0,1.0,0.0,0.0,0.0
product.Seral.area.regenerating.CWHvm_DR_HW_M.CC,1,10,10,0.0,10000.0,1.0,1.0,0.0,0.0,0.0
product.Seral.area.regenerating.CWHvm_DR_HW_M.CC,2,20,10,0.0,10000.0,1.0,1.0,0.0,0.0,0.0
product.Seral.area.regenerating.CWHvm_DR_HW_M.CC,3,30,10,0.0,10000.0,1.0,1.0,0.0,0.0,0.0
product.Seral.area.regenerating.CWHvm_DR_HW_M.CC,4,40,10,0.0,10000.0,1.0,1.0,0.0,0.0,0.0
product.Seral.area.regenerating.CWHvm_DR_HW_M.CC,5,50,10,0.0,10000.0,1.0,1.0,0.0,0.0,0.0
product.Seral.area.regenerating.CWHvm_DR_HW_M.CC,6,60,10,0.0,10000.0,1.0,1.0,0.0,0.0,0.0
product.Seral.area.regenerating.CWHvm_DR_HW_M.CC,7,70,10,0.0,10000.0,1.0,1.0,0.0,0.0,0.0
product.Seral.area.regenerating.CWHvm_DR_HW_M.CC,8,80,10,0.0,10000.0,1.0,1.0,0.0,0.0,0.0
product.Seral.area.regenerating.CWHvm_DR_HW_M.CC,9,90,10,0.0,10000.0,1.0,1.0,0.0,0.0,0.0
product.Seral.area.regenerating.CWHvm_DR_HW_M.CC,10,100,10,0.0,10000.0,1.0,1.0,0.0,0.0,0.0
product.Seral.area.regenerating.CWHvm_DR_HW_M.CC,11,110,10,0.0,10000.0,1.0,1.0,0.0,0.0,0.0
product.Seral.area.regenerating.CWHvm_DR_HW_M.CC,12,120,10,0.0,10000.0,1.0,1.0,0.0,0.0,0.0
product.Seral.area.regenerating.CWHvm_DR_HW_M.CC,13,130,10,0.0,10000.0,1.0,1.0,0.0,0.0,0.0
product.Seral.area.regenerating.CWHvm_DR_HW_M.CC,14,140,10,0.0,10000.0,1.0,1.0,0.0,0.0,0.0
product.Seral.area.regenerating.CWHvm_DR_HW_M.CC,15,150,10,0.0,10000.0,1.0,1.0,0.0,0.0,0.0
product.Seral.area.regenerating.CWHvm_DR_HW_M.CC,16,160,10,0.0,10000.0,1.0,1.0,0.0,0.0,0.0
product.Seral.area.regenerating.CWHvm_DR_HW_M.CC,17,170,10,0.0,10000.0,1.0,1.0,0.0,0.0,0.0
product.Seral.area.regenerating.CWHvm_DR_HW_M.CC,18,180,10,0.0,10000.0,1.0,1.0,0.0,0.0,0.0
product.Seral.area.regenerating.CWHvm_DR_HW_M.CC,19,190,10,0.0,10000.0,1.0,1.0,0.0,0.0,0.0
product.Seral.area.regenerating.CWHvm_DR_HW_M.CC,20,200,10,0.0,10000.0,1.0,1.0,0.0,0.0,0.0
product.Seral.area.regenerating.CWHvm_DR_HW_M.CC,21,210,10,0.0,10000.0,1.0,1.0,0.0,0.0,0.0
product.Seral.area.regenerating.CWHvm_DR_HW_M.CC,22,220,10,0.0,10000.0,1.0,1.0,0.0,0.0,0.0
product.Seral.area.regenerating.CWHvm_DR_HW_M.CC,23,230,10,0.0,10000.0,1.0,1.0,0.0,0.0,0.0
product.Seral.area.regenerating.CWHvm_DR_HW_M.CC,24,240,10,0.0,10000.0,1.0,1.0,0.0,0.0,0.0
product.Seral.area.regenerating.CWHvm_DR_HW_M.CC,25,250,10,0.0,10000.0,1.0,1.0,0.0,0.0,0.0
product.Seral.area.regenerating.CWHvm_DR_HW_M.CC,26,260,10,0.0,10000.0,1.0,1.0,0.0,0.0,0.0
product.Seral.area.regenerating.CWHvm_DR_HW_M.CC,27,270,10,0.0,10000.0,1.0,1.0,0.0,0.0,0.0
product.Seral.area.regenerating.CWHvm_DR_HW_M.CC,28,280,10,0.0,10000.0,1.0,1.0,0.0,0.0,0.0
product.Seral.area.regenerating.CWHvm_DR_HW_M.CC,29,290,10,0.0,10000.0,1.0,1.0,0.0,0.0,0.0
product.Seral.area.regenerating.CWHvm_DR_HW_M.CC,30,300,10,0.0,10000.0,1.0,1.0,0.0,0.0,0.0
product.Seral.area.regenerating.CWHvm_FDC_HW_H.CC,0,0,10,0.0,10000.0,1.0,1.0,0.0,0.0,0.0
product.Seral.area.regenerating.CWHvm_FDC_HW_H.CC,1,10,10,0.0,10000.0,1.0,1.0,0.0,0.0,0.0
product.Seral.area.regenerating.CWHvm_FDC_HW_H.CC,2,20,10,0.0,10000.0,1.0,1.0,0.0,0.0,0.0
product.Seral.area.regenerating.CWHvm_FDC_HW_H.CC,3,30,10,0.0,10000.0,1.0,1.0,0.0,0.0,0.0
product.Seral.area.regenerating.CWHvm_FDC_HW_H.CC,4,40,10,0.0,10000.0,1.0,1.0,0.0,0.0,0.0
product.Seral.area.regenerating.CWHvm_FDC_HW_H.CC,5,50,10,0.0,10000.0,1.0,1.0,0.0,0.0,0.0
product.Seral.area.regenerating.CWHvm_FDC_HW_H.CC,6,60,10,0.0,10000.0,1.0,1.0,0.0,0.0,0.0
product.Seral.area.regenerating.CWHvm_FDC_HW_H.CC,7,70,10,0.0,10000.0,1.0,1.0,0.0,0.0,0.0
product.Seral.area.regenerating.CWHvm_FDC_HW_H.CC,8,80,10,0.0,10000.0,1.0,1.0,0.0,0.0,0.0
product.Seral.area.regenerating.CWHvm_FDC_HW_H.CC,9,90,10,0.0,10000.0,1.0,1.0,0.0,0.0,0.0
product.Seral.area.regenerating.CWHvm_FDC_HW_H.CC,10,100,10,0.0,10000.0,1.0,1.0,0.0,0.0,0.0
product.Seral.area.regenerating.CWHvm_FDC_HW_H.CC,11,110,10,0.0,10000.0,1.0,1.0,0.0,0.0,0.0
product.Seral.area.regenerating.CWHvm_FDC_HW_H.CC,12,120,10,0.0,10000.0,1.0,1.0,0.0,0.0,0.0
product.Seral.area.regenerating.CWHvm_FDC_HW_H.CC,13,130,10,0.0,10000.0,1.0,1.0,0.0,0.0,0.0
product.Seral.area.regenerating.CWHvm_FDC_HW_H.CC,14,140,10,0.0,10000.0,1.0,1.0,0.0,0.0,0.0
product.Seral.area.regenerating.CWHvm_FDC_HW_H.CC,15,150,10,0.0,10000.0,1.0,1.0,0.0,0.0,0.0
product.Seral.area.regenerating.CWHvm_FDC_HW_H.CC,16,160,10,0.0,10000.0,1.0,1.0,0.0,0.0,0.0
product.Seral.area.regenerating.CWHvm_FDC_HW_H.CC,17,170,10,0.0,10000.0,1.0,1.0,0.0,0.0,0.0
product.Seral.area.regenerating.CWHvm_FDC_HW_H.CC,18,180,10,0.0,10000.0,1.0,1.0,0.0,0.0,0.0
product.Seral.area.regenerating.CWHvm_FDC_HW_H.CC,19,190,10,0.0,10000.0,1.0,1.0,0.0,0.0,0.0
product.Seral.area.regenerating.CWHvm_FDC_HW_H.CC,20,200,10,0.0,10000.0,1.0,1.0,0.0,0.0,0.0
product.Seral.area.regenerating.CWHvm_FDC_HW_H.CC,21,210,10,0.0,10000.0,1.0,1.0,0.0,0.0,0.0
product.Seral.area.regenerating.CWHvm_FDC_HW_H.CC,22,220,10,0.0,10000.0,1.0,1.0,0.0,0.0,0.0
product.Seral.area.regenerating.CWHvm_FDC_HW_H.CC,23,230,10,0.0,10000.0,1.0,1.0,0.0,0.0,0.0
product.Seral.area.regenerating.CWHvm_FDC_HW_H.CC,24,240,10,0.0,10000.0,1.0,1.0,0.0,0.0,0.0
product.Seral.area.regenerating.CWHvm_FDC_HW_H.CC,25,250,10,0.0,10000.0,1.0,1.0,0.0,0.0,0.0
product.Seral.area.regenerating.CWHvm_FDC_HW_H.CC,26,260,10,0.0,10000.0,1.0,1.0,0.0,0.0,0.0
product.Seral.area.regenerating.CWHvm_FDC_HW_H.CC,27,270,10,0.0,10000.0,1.0,1.0,0.0,0.0,0.0
product.Seral.area.regenerating.CWHvm_FDC_HW_H.CC,28,280,10,0.0,10000.0,1.0,1.0,0.0,0.0,0.0
product.Seral.area.regenerating.CWHvm_FDC_HW_H.CC,29,290,10,0.0,10000.0,1.0,1.0,0.0,0.0,0.0
product.Seral.area.regenerating.CWHvm_FDC_HW_H.CC,30,300,10,0.0,10000.0,1.0,1.0,0.0,0.0,0.0
product.Seral.area.regenerating.CWHvm_FDC_HW_L.CC,0,0,10,0.0,10000.0,1.0,1.0,0.0,0.0,0.0
product.Seral.area.regenerating.CWHvm_FDC_HW_L.CC,1,10,10,0.0,10000.0,1.0,1.0,0.0,0.0,0.0
product.Seral.area.regenerating.CWHvm_FDC_HW_L.CC,2,20,10,0.0,10000.0,1.0,1.0,0.0,0.0,0.0
product.Seral.area.regenerating.CWHvm_FDC_HW_L.CC,3,30,10,0.0,10000.0,1.0,1.0,0.0,0.0,0.0
product.Seral.area.regenerating.CWHvm_FDC_HW_L.CC,4,40,10,0.0,10000.0,1.0,1.0,0.0,0.0,0.0
product.Seral.area.regenerating.CWHvm_FDC_HW_L.CC,5,50,10,0.0,10000.0,1.0,1.0,0.0,0.0,0.0
product.Seral.area.regenerating.CWHvm_FDC_HW_L.CC,6,60,10,0.0,10000.0,1.0,1.0,0.0,0.0,0.0
product.Seral.area.regenerating.CWHvm_FDC_HW_L.CC,7,70,10,0.0,10000.0,1.0,1.0,0.0,0.0,0.0
product.Seral.area.regenerating.CWHvm_FDC_HW_L.CC,8,80,10,0.0,10000.0,1.0,1.0,0.0,0.0,0.0
product.Seral.area.regenerating.CWHvm_FDC_HW_L.CC,9,90,10,0.0,10000.0,1.0,1.0,0.0,0.0,0.0
product.Seral.area.regenerating.CWHvm_FDC_HW_L.CC,10,100,10,0.0,10000.0,1.0,1.0,0.0,0.0,0.0
product.Seral.area.regenerating.CWHvm_FDC_HW_L.CC,11,110,10,0.0,10000.0,1.0,1.0,0.0,0.0,0.0
product.Seral.area.regenerating.CWHvm_FDC_HW_L.CC,12,120,10,0.0,10000.0,1.0,1.0,0.0,0.0,0.0
product.Seral.area.regenerating.CWHvm_FDC_HW_L.CC,13,130,10,0.0,10000.0,1.0,1.0,0.0,0.0,0.0
product.Seral.area.regenerating.CWHvm_FDC_HW_L.CC,14,140,10,0.0,10000.0,1.0,1.0,0.0,0.0,0.0
product.Seral.area.regenerating.CWHvm_FDC_HW_L.CC,15,150,10,0.0,10000.0,1.0,1.0,0.0,0.0,0.0
product.Seral.area.regenerating.CWHvm_FDC_HW_L.CC,16,160,10,0.0,10000.0,1.0,1.0,0.0,0.0,0.0
product.Seral.area.regenerating.CWHvm_FDC_HW_L.CC,17,170,10,0.0,10000.0,1.0,1.0,0.0,0.0,0.0
product.Seral.area.regenerating.CWHvm_FDC_HW_L.CC,18,180,10,0.0,10000.0,1.0,1.0,0.0,0.0,0.0
product.Seral.area.regenerating.CWHvm_FDC_HW_L.CC,19,190,10,0.0,10000.0,1.0,1.0,0.0,0.0,0.0
product.Seral.area.regenerating.CWHvm_FDC_HW_L.CC,20,200,10,0.0,10000.0,1.0,1.0,0.0,0.0,0.0
product.Seral.area.regenerating.CWHvm_FDC_HW_L.CC,21,210,10,0.0,10000.0,1.0,1.0,0.0,0.0,0.0
product.Seral.area.regenerating.CWHvm_FDC_HW_L.CC,22,220,10,0.0,10000.0,1.0,1.0,0.0,0.0,0.0
product.Seral.area.regenerating.CWHvm_FDC_HW_L.CC,23,230,10,0.0,10000.0,1.0,1.0,0.0,0.0,0.0
product.Seral.area.regenerating.CWHvm_FDC_HW_L.CC,24,240,10,0.0,10000.0,1.0,1.0,0.0,0.0,0.0
product.Seral.area.regenerating.CWHvm_FDC_HW_L.CC,25,250,10,0.0,10000.0,1.0,1.0,0.0,0.0,0.0
product.Seral.area.regenerating.CWHvm_FDC_HW_L.CC,26,260,10,0.0,10000.0,1.0,1.0,0.0,0.0,0.0
product.Seral.area.regenerating.CWHvm_FDC_HW_L.CC,27,270,10,0.0,10000.0,1.0,1.0,0.0,0.0,0.0
product.Seral.area.regenerating.CWHvm_FDC_HW_L.CC,28,280,10,0.0,10000.0,1.0,1.0,0.0,0.0,0.0
product.Seral.area.regenerating.CWHvm_FDC_HW_L.CC,29,290,10,0.0,10000.0,1.0,1.0,0.0,0.0,0.0
product.Seral.area.regenerating.CWHvm_FDC_HW_L.CC,30,300,10,0.0,10000.0,1.0,1.0,0.0,0.0,0.0
product.Seral.area.regenerating.CWHvm_FDC_HW_M.CC,0,0,10,0.0,10000.0,1.0,1.0,0.0,0.0,0.0
product.Seral.area.regenerating.CWHvm_FDC_HW_M.CC,1,10,10,0.0,10000.0,1.0,1.0,0.0,0.0,0.0
product.Seral.area.regenerating.CWHvm_FDC_HW_M.CC,2,20,10,0.0,10000.0,1.0,1.0,0.0,0.0,0.0
product.Seral.area.regenerating.CWHvm_FDC_HW_M.CC,3,30,10,0.0,10000.0,1.0,1.0,0.0,0.0,0.0
product.Seral.area.regenerating.CWHvm_FDC_HW_M.CC,4,40,10,0.0,10000.0,1.0,1.0,0.0,0.0,0.0
product.Seral.area.regenerating.CWHvm_FDC_HW_M.CC,5,50,10,0.0,10000.0,1.0,1.0,0.0,0.0,0.0
product.Seral.area.regenerating.CWHvm_FDC_HW_M.CC,6,60,10,0.0,10000.0,1.0,1.0,0.0,0.0,0.0
product.Seral.area.regenerating.CWHvm_FDC_HW_M.CC,7,70,10,0.0,10000.0,1.0,1.0,0.0,0.0,0.0
product.Seral.area.regenerating.CWHvm_FDC_HW_M.CC,8,80,10,0.0,10000.0,1.0,1.0,0.0,0.0,0.0
product.Seral.area.regenerating.CWHvm_FDC_HW_M.CC,9,90,10,0.0,10000.0,1.0,1.0,0.0,0.0,0.0
product.Seral.area.regenerating.CWHvm_FDC_HW_M.CC,10,100,10,0.0,10000.0,1.0,1.0,0.0,0.0,0.0
product.Seral.area.regenerating.CWHvm_FDC_HW_M.CC,11,110,10,0.0,10000.0,1.0,1.0,0.0,0.0,0.0
product.Seral.area.regenerating.CWHvm_FDC_HW_M.CC,12,120,10,0.0,10000.0,1.0,1.0,0.0,0.0,0.0
product.Seral.area.regenerating.CWHvm_FDC_HW_M.CC,13,130,10,0.0,10000.0,1.0,1.0,0.0,0.0,0.0
product.Seral.area.regenerating.CWHvm_FDC_HW_M.CC,14,140,10,0.0,10000.0,1.0,1.0,0.0,0.0,0.0
product.Seral.area.regenerating.CWHvm_FDC_HW_M.CC,15,150,10,0.0,10000.0,1.0,1.0,0.0,0.0,0.0
product.Seral.area.regenerating.CWHvm_FDC_HW_M.CC,16,160,10,0.0,10000.0,1.0,1.0,0.0,0.0,0.0
product.Seral.area.regenerating.CWHvm_FDC_HW_M.CC,17,170,10,0.0,10000.0,1.0,1.0,0.0,0.0,0.0
product.Seral.area.regenerating.CWHvm_FDC_HW_M.CC,18,180,10,0.0,10000.0,1.0,1.0,0.0,0.0,0.0
product.Seral.area.regenerating.CWHvm_FDC_HW_M.CC,19,190,10,0.0,10000.0,1.0,1.0,0.0,0.0,0.0
product.Seral.area.regenerating.CWHvm_FDC_HW_M.CC,20,200,10,0.0,10000.0,1.0,1.0,0.0,0.0,0.0
product.Seral.area.regenerating.CWHvm_FDC_HW_M.CC,21,210,10,0.0,10000.0,1.0,1.0,0.0,0.0,0.0
product.Seral.area.regenerating.CWHvm_FDC_HW_M.CC,22,220,10,0.0,10000.0,1.0,1.0,0.0,0.0,0.0
product.Seral.area.regenerating.CWHvm_FDC_HW_M.CC,23,230,10,0.0,10000.0,1.0,1.0,0.0,0.0,0.0
product.Seral.area.regenerating.CWHvm_FDC_HW_M.CC,24,240,10,0.0,10000.0,1.0,1.0,0.0,0.0,0.0
product.Seral.area.regenerating.CWHvm_FDC_HW_M.CC,25,250,10,0.0,10000.0,1.0,1.0,0.0,0.0,0.0
product.Seral.area.regenerating.CWHvm_FDC_HW_M.CC,26,260,10,0.0,10000.0,1.0,1.0,0.0,0.0,0.0
product.Seral.area.regenerating.CWHvm_FDC_HW_M.CC,27,270,10,0.0,10000.0,1.0,1.0,0.0,0.0,0.0
product.Seral.area.regenerating.CWHvm_FDC_HW_M.CC,28,280,10,0.0,10000.0,1.0,1.0,0.0,0.0,0.0
product.Seral.area.regenerating.CWHvm_FDC_HW_M.CC,29,290,10,0.0,10000.0,1.0,1.0,0.0,0.0,0.0
product.Seral.area.regenerating.CWHvm_FDC_HW_M.CC,30,300,10,0.0,10000.0,1.0,1.0,0.0,0.0,0.0
product.Seral.area.regenerating.CWHvm_HW_BA_M.CC,0,0,10,0.0,10000.0,1.0,1.0,0.0,0.0,0.0
product.Seral.area.regenerating.CWHvm_HW_BA_M.CC,1,10,10,0.0,10000.0,1.0,1.0,0.0,0.0,0.0
product.Seral.area.regenerating.CWHvm_HW_BA_M.CC,2,20,10,0.0,10000.0,1.0,1.0,0.0,0.0,0.0
product.Seral.area.regenerating.CWHvm_HW_BA_M.CC,3,30,10,0.0,10000.0,1.0,1.0,0.0,0.0,0.0
product.Seral.area.regenerating.CWHvm_HW_BA_M.CC,4,40,10,0.0,10000.0,1.0,1.0,0.0,0.0,0.0
product.Seral.area.regenerating.CWHvm_HW_BA_M.CC,5,50,10,0.0,10000.0,1.0,1.0,0.0,0.0,0.0
product.Seral.area.regenerating.CWHvm_HW_BA_M.CC,6,60,10,0.0,10000.0,1.0,1.0,0.0,0.0,0.0
product.Seral.area.regenerating.CWHvm_HW_BA_M.CC,7,70,10,0.0,10000.0,1.0,1.0,0.0,0.0,0.0
product.Seral.area.regenerating.CWHvm_HW_BA_M.CC,8,80,10,0.0,10000.0,1.0,1.0,0.0,0.0,0.0
product.Seral.area.regenerating.CWHvm_HW_BA_M.CC,9,90,10,0.0,10000.0,1.0,1.0,0.0,0.0,0.0
product.Seral.area.regenerating.CWHvm_HW_BA_M.CC,10,100,10,0.0,10000.0,1.0,1.0,0.0,0.0,0.0
product.Seral.area.regenerating.CWHvm_HW_BA_M.CC,11,110,10,0.0,10000.0,1.0,1.0,0.0,0.0,0.0
product.Seral.area.regenerating.CWHvm_HW_BA_M.CC,12,120,10,0.0,10000.0,1.0,1.0,0.0,0.0,0.0
product.Seral.area.regenerating.CWHvm_HW_BA_M.CC,13,130,10,0.0,10000.0,1.0,1.0,0.0,0.0,0.0
product.Seral.area.regenerating.CWHvm_HW_BA_M.CC,14,140,10,0.0,10000.0,1.0,1.0,0.0,0.0,0.0
product.Seral.area.regenerating.CWHvm_HW_BA_M.CC,15,150,10,0.0,10000.0,1.0,1.0,0.0,0.0,0.0
product.Seral.area.regenerating.CWHvm_HW_BA_M.CC,16,160,10,0.0,10000.0,1.0,1.0,0.0,0.0,0.0
product.Seral.area.regenerating.CWHvm_HW_BA_M.CC,17,170,10,0.0,10000.0,1.0,1.0,0.0,0.0,0.0
product.Seral.area.regenerating.CWHvm_HW_BA_M.CC,18,180,10,0.0,10000.0,1.0,1.0,0.0,0.0,0.0
product.Seral.area.regenerating.CWHvm_HW_BA_M.CC,19,190,10,0.0,10000.0,1.0,1.0,0.0,0.0,0.0
product.Seral.area.regenerating.CWHvm_HW_BA_M.CC,20,200,10,0.0,10000.0,1.0,1.0,0.0,0.0,0.0
product.Seral.area.regenerating.CWHvm_HW_BA_M.CC,21,210,10,0.0,10000.0,1.0,1.0,0.0,0.0,0.0
product.Seral.area.regenerating.CWHvm_HW_BA_M.CC,22,220,10,0.0,10000.0,1.0,1.0,0.0,0.0,0.0
product.Seral.area.regenerating.CWHvm_HW_BA_M.CC,23,230,10,0.0,10000.0,1.0,1.0,0.0,0.0,0.0
product.Seral.area.regenerating.CWHvm_HW_BA_M.CC,24,240,10,0.0,10000.0,1.0,1.0,0.0,0.0,0.0
product.Seral.area.regenerating.CWHvm_HW_BA_M.CC,25,250,10,0.0,10000.0,1.0,1.0,0.0,0.0,0.0
product.Seral.area.regenerating.CWHvm_HW_BA_M.CC,26,260,10,0.0,10000.0,1.0,1.0,0.0,0.0,0.0
product.Seral.area.regenerating.CWHvm_HW_BA_M.CC,27,270,10,0.0,10000.0,1.0,1.0,0.0,0.0,0.0
product.Seral.area.regenerating.CWHvm_HW_BA_M.CC,28,280,10,0.0,10000.0,1.0,1.0,0.0,0.0,0.0
product.Seral.area.regenerating.CWHvm_HW_BA_M.CC,29,290,10,0.0,10000.0,1.0,1.0,0.0,0.0,0.0
product.Seral.area.regenerating.CWHvm_HW_BA_M.CC,30,300,10,0.0,10000.0,1.0,1.0,0.0,0.0,0.0
product.Seral.area.regenerating.CWHvm_HW_CW_H.CC,0,0,10,0.0,10000.0,1.0,1.0,0.0,0.0,0.0
product.Seral.area.regenerating.CWHvm_HW_CW_H.CC,1,10,10,0.0,10000.0,1.0,1.0,0.0,0.0,0.0
product.Seral.area.regenerating.CWHvm_HW_CW_H.CC,2,20,10,0.0,10000.0,1.0,1.0,0.0,0.0,0.0
product.Seral.area.regenerating.CWHvm_HW_CW_H.CC,3,30,10,0.0,10000.0,1.0,1.0,0.0,0.0,0.0
product.Seral.area.regenerating.CWHvm_HW_CW_H.CC,4,40,10,0.0,10000.0,1.0,1.0,0.0,0.0,0.0
product.Seral.area.regenerating.CWHvm_HW_CW_H.CC,5,50,10,0.0,10000.0,1.0,1.0,0.0,0.0,0.0
product.Seral.area.regenerating.CWHvm_HW_CW_H.CC,6,60,10,0.0,10000.0,1.0,1.0,0.0,0.0,0.0
product.Seral.area.regenerating.CWHvm_HW_CW_H.CC,7,70,10,0.0,10000.0,1.0,1.0,0.0,0.0,0.0
product.Seral.area.regenerating.CWHvm_HW_CW_H.CC,8,80,10,0.0,10000.0,1.0,1.0,0.0,0.0,0.0
product.Seral.area.regenerating.CWHvm_HW_CW_H.CC,9,90,10,0.0,10000.0,1.0,1.0,0.0,0.0,0.0
product.Seral.area.regenerating.CWHvm_HW_CW_H.CC,10,100,10,0.0,10000.0,1.0,1.0,0.0,0.0,0.0
product.Seral.area.regenerating.CWHvm_HW_CW_H.CC,11,110,10,0.0,10000.0,1.0,1.0,0.0,0.0,0.0
product.Seral.area.regenerating.CWHvm_HW_CW_H.CC,12,120,10,0.0,10000.0,1.0,1.0,0.0,0.0,0.0
product.Seral.area.regenerating.CWHvm_HW_CW_H.CC,13,130,10,0.0,10000.0,1.0,1.0,0.0,0.0,0.0
product.Seral.area.regenerating.CWHvm_HW_CW_H.CC,14,140,10,0.0,10000.0,1.0,1.0,0.0,0.0,0.0
product.Seral.area.regenerating.CWHvm_HW_CW_H.CC,15,150,10,0.0,10000.0,1.0,1.0,0.0,0.0,0.0
product.Seral.area.regenerating.CWHvm_HW_CW_H.CC,16,160,10,0.0,10000.0,1.0,1.0,0.0,0.0,0.0
product.Seral.area.regenerating.CWHvm_HW_CW_H.CC,17,170,10,0.0,10000.0,1.0,1.0,0.0,0.0,0.0
product.Seral.area.regenerating.CWHvm_HW_CW_H.CC,18,180,10,0.0,10000.0,1.0,1.0,0.0,0.0,0.0
product.Seral.area.regenerating.CWHvm_HW_CW_H.CC,19,190,10,0.0,10000.0,1.0,1.0,0.0,0.0,0.0
product.Seral.area.regenerating.CWHvm_HW_CW_H.CC,20,200,10,0.0,10000.0,1.0,1.0,0.0,0.0,0.0
product.Seral.area.regenerating.CWHvm_HW_CW_H.CC,21,210,10,0.0,10000.0,1.0,1.0,0.0,0.0,0.0
product.Seral.area.regenerating.CWHvm_HW_CW_H.CC,22,220,10,0.0,10000.0,1.0,1.0,0.0,0.0,0.0
product.Seral.area.regenerating.CWHvm_HW_CW_H.CC,23,230,10,0.0,10000.0,1.0,1.0,0.0,0.0,0.0
product.Seral.area.regenerating.CWHvm_HW_CW_H.CC,24,240,10,0.0,10000.0,1.0,1.0,0.0,0.0,0.0
product.Seral.area.regenerating.CWHvm_HW_CW_H.CC,25,250,10,0.0,10000.0,1.0,1.0,0.0,0.0,0.0
product.Seral.area.regenerating.CWHvm_HW_CW_H.CC,26,260,10,0.0,10000.0,1.0,1.0,0.0,0.0,0.0
product.Seral.area.regenerating.CWHvm_HW_CW_H.CC,27,270,10,0.0,10000.0,1.0,1.0,0.0,0.0,0.0
product.Seral.area.regenerating.CWHvm_HW_CW_H.CC,28,280,10,0.0,10000.0,1.0,1.0,0.0,0.0,0.0
product.Seral.area.regenerating.CWHvm_HW_CW_H.CC,29,290,10,0.0,10000.0,1.0,1.0,0.0,0.0,0.0
product.Seral.area.regenerating.CWHvm_HW_CW_H.CC,30,300,10,0.0,10000.0,1.0,1.0,0.0,0.0,0.0
product.Seral.area.regenerating.CWHvm_HW_CW_L.CC,0,0,10,0.0,10000.0,1.0,1.0,0.0,0.0,0.0
product.Seral.area.regenerating.CWHvm_HW_CW_L.CC,1,10,10,0.0,10000.0,1.0,1.0,0.0,0.0,0.0
product.Seral.area.regenerating.CWHvm_HW_CW_L.CC,2,20,10,0.0,10000.0,1.0,1.0,0.0,0.0,0.0
product.Seral.area.regenerating.CWHvm_HW_CW_L.CC,3,30,10,0.0,10000.0,1.0,1.0,0.0,0.0,0.0
product.Seral.area.regenerating.CWHvm_HW_CW_L.CC,4,40,10,0.0,10000.0,1.0,1.0,0.0,0.0,0.0
product.Seral.area.regenerating.CWHvm_HW_CW_L.CC,5,50,10,0.0,10000.0,1.0,1.0,0.0,0.0,0.0
product.Seral.area.regenerating.CWHvm_HW_CW_L.CC,6,60,10,0.0,10000.0,1.0,1.0,0.0,0.0,0.0
product.Seral.area.regenerating.CWHvm_HW_CW_L.CC,7,70,10,0.0,10000.0,1.0,1.0,0.0,0.0,0.0
product.Seral.area.regenerating.CWHvm_HW_CW_L.CC,8,80,10,0.0,10000.0,1.0,1.0,0.0,0.0,0.0
product.Seral.area.regenerating.CWHvm_HW_CW_L.CC,9,90,10,0.0,10000.0,1.0,1.0,0.0,0.0,0.0
product.Seral.area.regenerating.CWHvm_HW_CW_L.CC,10,100,10,0.0,10000.0,1.0,1.0,0.0,0.0,0.0
product.Seral.area.regenerating.CWHvm_HW_CW_L.CC,11,110,10,0.0,10000.0,1.0,1.0,0.0,0.0,0.0
product.Seral.area.regenerating.CWHvm_HW_CW_L.CC,12,120,10,0.0,10000.0,1.0,1.0,0.0,0.0,0.0
product.Seral.area.regenerating.CWHvm_HW_CW_L.CC,13,130,10,0.0,10000.0,1.0,1.0,0.0,0.0,0.0
product.Seral.area.regenerating.CWHvm_HW_CW_L.CC,14,140,10,0.0,10000.0,1.0,1.0,0.0,0.0,0.0
product.Seral.area.regenerating.CWHvm_HW_CW_L.CC,15,150,10,0.0,10000.0,1.0,1.0,0.0,0.0,0.0
product.Seral.area.regenerating.CWHvm_HW_CW_L.CC,16,160,10,0.0,10000.0,1.0,1.0,0.0,0.0,0.0
product.Seral.area.regenerating.CWHvm_HW_CW_L.CC,17,170,10,0.0,10000.0,1.0,1.0,0.0,0.0,0.0
product.Seral.area.regenerating.CWHvm_HW_CW_L.CC,18,180,10,0.0,10000.0,1.0,1.0,0.0,0.0,0.0
product.Seral.area.regenerating.CWHvm_HW_CW_L.CC,19,190,10,0.0,10000.0,1.0,1.0,0.0,0.0,0.0
product.Seral.area.regenerating.CWHvm_HW_CW_L.CC,20,200,10,0.0,10000.0,1.0,1.0,0.0,0.0,0.0
product.Seral.area.regenerating.CWHvm_HW_CW_L.CC,21,210,10,0.0,10000.0,1.0,1.0,0.0,0.0,0.0
product.Seral.area.regenerating.CWHvm_HW_CW_L.CC,22,220,10,0.0,10000.0,1.0,1.0,0.0,0.0,0.0
product.Seral.area.regenerating.CWHvm_HW_CW_L.CC,23,230,10,0.0,10000.0,1.0,1.0,0.0,0.0,0.0
product.Seral.area.regenerating.CWHvm_HW_CW_L.CC,24,240,10,0.0,10000.0,1.0,1.0,0.0,0.0,0.0
product.Seral.area.regenerating.CWHvm_HW_CW_L.CC,25,250,10,0.0,10000.0,1.0,1.0,0.0,0.0,0.0
product.Seral.area.regenerating.CWHvm_HW_CW_L.CC,26,260,10,0.0,10000.0,1.0,1.0,0.0,0.0,0.0
product.Seral.area.regenerating.CWHvm_HW_CW_L.CC,27,270,10,0.0,10000.0,1.0,1.0,0.0,0.0,0.0
product.Seral.area.regenerating.CWHvm_HW_CW_L.CC,28,280,10,0.0,10000.0,1.0,1.0,0.0,0.0,0.0
product.Seral.area.regenerating.CWHvm_HW_CW_L.CC,29,290,10,0.0,10000.0,1.0,1.0,0.0,0.0,0.0
product.Seral.area.regenerating.CWHvm_HW_CW_L.CC,30,300,10,0.0,10000.0,1.0,1.0,0.0,0.0,0.0
product.Seral.area.regenerating.CWHvm_HW_CW_M.CC,0,0,10,0.0,10000.0,1.0,1.0,0.0,0.0,0.0
product.Seral.area.regenerating.CWHvm_HW_CW_M.CC,1,10,10,0.0,10000.0,1.0,1.0,0.0,0.0,0.0
product.Seral.area.regenerating.CWHvm_HW_CW_M.CC,2,20,10,0.0,10000.0,1.0,1.0,0.0,0.0,0.0
product.Seral.area.regenerating.CWHvm_HW_CW_M.CC,3,30,10,0.0,10000.0,1.0,1.0,0.0,0.0,0.0
product.Seral.area.regenerating.CWHvm_HW_CW_M.CC,4,40,10,0.0,10000.0,1.0,1.0,0.0,0.0,0.0
product.Seral.area.regenerating.CWHvm_HW_CW_M.CC,5,50,10,0.0,10000.0,1.0,1.0,0.0,0.0,0.0
product.Seral.area.regenerating.CWHvm_HW_CW_M.CC,6,60,10,0.0,10000.0,1.0,1.0,0.0,0.0,0.0
product.Seral.area.regenerating.CWHvm_HW_CW_M.CC,7,70,10,0.0,10000.0,1.0,1.0,0.0,0.0,0.0
product.Seral.area.regenerating.CWHvm_HW_CW_M.CC,8,80,10,0.0,10000.0,1.0,1.0,0.0,0.0,0.0
product.Seral.area.regenerating.CWHvm_HW_CW_M.CC,9,90,10,0.0,10000.0,1.0,1.0,0.0,0.0,0.0
product.Seral.area.regenerating.CWHvm_HW_CW_M.CC,10,100,10,0.0,10000.0,1.0,1.0,0.0,0.0,0.0
product.Seral.area.regenerating.CWHvm_HW_CW_M.CC,11,110,10,0.0,10000.0,1.0,1.0,0.0,0.0,0.0
product.Seral.area.regenerating.CWHvm_HW_CW_M.CC,12,120,10,0.0,10000.0,1.0,1.0,0.0,0.0,0.0
product.Seral.area.regenerating.CWHvm_HW_CW_M.CC,13,130,10,0.0,10000.0,1.0,1.0,0.0,0.0,0.0
product.Seral.area.regenerating.CWHvm_HW_CW_M.CC,14,140,10,0.0,10000.0,1.0,1.0,0.0,0.0,0.0
product.Seral.area.regenerating.CWHvm_HW_CW_M.CC,15,150,10,0.0,10000.0,1.0,1.0,0.0,0.0,0.0
product.Seral.area.regenerating.CWHvm_HW_CW_M.CC,16,160,10,0.0,10000.0,1.0,1.0,0.0,0.0,0.0
product.Seral.area.regenerating.CWHvm_HW_CW_M.CC,17,170,10,0.0,10000.0,1.0,1.0,0.0,0.0,0.0
product.Seral.area.regenerating.CWHvm_HW_CW_M.CC,18,180,10,0.0,10000.0,1.0,1.0,0.0,0.0,0.0
product.Seral.area.regenerating.CWHvm_HW_CW_M.CC,19,190,10,0.0,10000.0,1.0,1.0,0.0,0.0,0.0
product.Seral.area.regenerating.CWHvm_HW_CW_M.CC,20,200,10,0.0,10000.0,1.0,1.0,0.0,0.0,0.0
product.Seral.area.regenerating.CWHvm_HW_CW_M.CC,21,210,10,0.0,10000.0,1.0,1.0,0.0,0.0,0.0
product.Seral.area.regenerating.CWHvm_HW_CW_M.CC,22,220,10,0.0,10000.0,1.0,1.0,0.0,0.0,0.0
product.Seral.area.regenerating.CWHvm_HW_CW_M.CC,23,230,10,0.0,10000.0,1.0,1.0,0.0,0.0,0.0
product.Seral.area.regenerating.CWHvm_HW_CW_M.CC,24,240,10,0.0,10000.0,1.0,1.0,0.0,0.0,0.0
product.Seral.area.regenerating.CWHvm_HW_CW_M.CC,25,250,10,0.0,10000.0,1.0,1.0,0.0,0.0,0.0
product.Seral.area.regenerating.CWHvm_HW_CW_M.CC,26,260,10,0.0,10000.0,1.0,1.0,0.0,0.0,0.0
product.Seral.area.regenerating.CWHvm_HW_CW_M.CC,27,270,10,0.0,10000.0,1.0,1.0,0.0,0.0,0.0
product.Seral.area.regenerating.CWHvm_HW_CW_M.CC,28,280,10,0.0,10000.0,1.0,1.0,0.0,0.0,0.0
product.Seral.area.regenerating.CWHvm_HW_CW_M.CC,29,290,10,0.0,10000.0,1.0,1.0,0.0,0.0,0.0
product.Seral.area.regenerating.CWHvm_HW_CW_M.CC,30,300,10,0.0,10000.0,1.0,1.0,0.0,0.0,0.0
product.Seral.area.regenerating.CWHvm_HW_FDC_H.CC,0,0,10,0.0,10000.0,1.0,1.0,0.0,0.0,0.0
product.Seral.area.regenerating.CWHvm_HW_FDC_H.CC,1,10,10,0.0,10000.0,1.0,1.0,0.0,0.0,0.0
product.Seral.area.regenerating.CWHvm_HW_FDC_H.CC,2,20,10,0.0,10000.0,1.0,1.0,0.0,0.0,0.0
product.Seral.area.regenerating.CWHvm_HW_FDC_H.CC,3,30,10,0.0,10000.0,1.0,1.0,0.0,0.0,0.0
product.Seral.area.regenerating.CWHvm_HW_FDC_H.CC,4,40,10,0.0,10000.0,1.0,1.0,0.0,0.0,0.0
product.Seral.area.regenerating.CWHvm_HW_FDC_H.CC,5,50,10,0.0,10000.0,1.0,1.0,0.0,0.0,0.0
product.Seral.area.regenerating.CWHvm_HW_FDC_H.CC,6,60,10,0.0,10000.0,1.0,1.0,0.0,0.0,0.0
product.Seral.area.regenerating.CWHvm_HW_FDC_H.CC,7,70,10,0.0,10000.0,1.0,1.0,0.0,0.0,0.0
product.Seral.area.regenerating.CWHvm_HW_FDC_H.CC,8,80,10,0.0,10000.0,1.0,1.0,0.0,0.0,0.0
product.Seral.area.regenerating.CWHvm_HW_FDC_H.CC,9,90,10,0.0,10000.0,1.0,1.0,0.0,0.0,0.0
product.Seral.area.regenerating.CWHvm_HW_FDC_H.CC,10,100,10,0.0,10000.0,1.0,1.0,0.0,0.0,0.0
product.Seral.area.regenerating.CWHvm_HW_FDC_H.CC,11,110,10,0.0,10000.0,1.0,1.0,0.0,0.0,0.0
product.Seral.area.regenerating.CWHvm_HW_FDC_H.CC,12,120,10,0.0,10000.0,1.0,1.0,0.0,0.0,0.0
product.Seral.area.regenerating.CWHvm_HW_FDC_H.CC,13,130,10,0.0,10000.0,1.0,1.0,0.0,0.0,0.0
product.Seral.area.regenerating.CWHvm_HW_FDC_H.CC,14,140,10,0.0,10000.0,1.0,1.0,0.0,0.0,0.0
product.Seral.area.regenerating.CWHvm_HW_FDC_H.CC,15,150,10,0.0,10000.0,1.0,1.0,0.0,0.0,0.0
product.Seral.area.regenerating.CWHvm_HW_FDC_H.CC,16,160,10,0.0,10000.0,1.0,1.0,0.0,0.0,0.0
product.Seral.area.regenerating.CWHvm_HW_FDC_H.CC,17,170,10,0.0,10000.0,1.0,1.0,0.0,0.0,0.0
product.Seral.area.regenerating.CWHvm_HW_FDC_H.CC,18,180,10,0.0,10000.0,1.0,1.0,0.0,0.0,0.0
product.Seral.area.regenerating.CWHvm_HW_FDC_H.CC,19,190,10,0.0,10000.0,1.0,1.0,0.0,0.0,0.0
product.Seral.area.regenerating.CWHvm_HW_FDC_H.CC,20,200,10,0.0,10000.0,1.0,1.0,0.0,0.0,0.0
product.Seral.area.regenerating.CWHvm_HW_FDC_H.CC,21,210,10,0.0,10000.0,1.0,1.0,0.0,0.0,0.0
product.Seral.area.regenerating.CWHvm_HW_FDC_H.CC,22,220,10,0.0,10000.0,1.0,1.0,0.0,0.0,0.0
product.Seral.area.regenerating.CWHvm_HW_FDC_H.CC,23,230,10,0.0,10000.0,1.0,1.0,0.0,0.0,0.0
product.Seral.area.regenerating.CWHvm_HW_FDC_H.CC,24,240,10,0.0,10000.0,1.0,1.0,0.0,0.0,0.0
product.Seral.area.regenerating.CWHvm_HW_FDC_H.CC,25,250,10,0.0,10000.0,1.0,1.0,0.0,0.0,0.0
product.Seral.area.regenerating.CWHvm_HW_FDC_H.CC,26,260,10,0.0,10000.0,1.0,1.0,0.0,0.0,0.0
product.Seral.area.regenerating.CWHvm_HW_FDC_H.CC,27,270,10,0.0,10000.0,1.0,1.0,0.0,0.0,0.0
product.Seral.area.regenerating.CWHvm_HW_FDC_H.CC,28,280,10,0.0,10000.0,1.0,1.0,0.0,0.0,0.0
product.Seral.area.regenerating.CWHvm_HW_FDC_H.CC,29,290,10,0.0,10000.0,1.0,1.0,0.0,0.0,0.0
product.Seral.area.regenerating.CWHvm_HW_FDC_H.CC,30,300,10,0.0,10000.0,1.0,1.0,0.0,0.0,0.0
product.Seral.area.regenerating.CWHvm_HW_FDC_L.CC,0,0,10,0.0,10000.0,1.0,1.0,0.0,0.0,0.0
product.Seral.area.regenerating.CWHvm_HW_FDC_L.CC,1,10,10,0.0,10000.0,1.0,1.0,0.0,0.0,0.0
product.Seral.area.regenerating.CWHvm_HW_FDC_L.CC,2,20,10,0.0,10000.0,1.0,1.0,0.0,0.0,0.0
product.Seral.area.regenerating.CWHvm_HW_FDC_L.CC,3,30,10,0.0,10000.0,1.0,1.0,0.0,0.0,0.0
product.Seral.area.regenerating.CWHvm_HW_FDC_L.CC,4,40,10,0.0,10000.0,1.0,1.0,0.0,0.0,0.0
product.Seral.area.regenerating.CWHvm_HW_FDC_L.CC,5,50,10,0.0,10000.0,1.0,1.0,0.0,0.0,0.0
product.Seral.area.regenerating.CWHvm_HW_FDC_L.CC,6,60,10,0.0,10000.0,1.0,1.0,0.0,0.0,0.0
product.Seral.area.regenerating.CWHvm_HW_FDC_L.CC,7,70,10,0.0,10000.0,1.0,1.0,0.0,0.0,0.0
product.Seral.area.regenerating.CWHvm_HW_FDC_L.CC,8,80,10,0.0,10000.0,1.0,1.0,0.0,0.0,0.0
product.Seral.area.regenerating.CWHvm_HW_FDC_L.CC,9,90,10,0.0,10000.0,1.0,1.0,0.0,0.0,0.0
product.Seral.area.regenerating.CWHvm_HW_FDC_L.CC,10,100,10,0.0,10000.0,1.0,1.0,0.0,0.0,0.0
product.Seral.area.regenerating.CWHvm_HW_FDC_L.CC,11,110,10,0.0,10000.0,1.0,1.0,0.0,0.0,0.0
product.Seral.area.regenerating.CWHvm_HW_FDC_L.CC,12,120,10,0.0,10000.0,1.0,1.0,0.0,0.0,0.0
product.Seral.area.regenerating.CWHvm_HW_FDC_L.CC,13,130,10,0.0,10000.0,1.0,1.0,0.0,0.0,0.0
product.Seral.area.regenerating.CWHvm_HW_FDC_L.CC,14,140,10,0.0,10000.0,1.0,1.0,0.0,0.0,0.0
product.Seral.area.regenerating.CWHvm_HW_FDC_L.CC,15,150,10,0.0,10000.0,1.0,1.0,0.0,0.0,0.0
product.Seral.area.regenerating.CWHvm_HW_FDC_L.CC,16,160,10,0.0,10000.0,1.0,1.0,0.0,0.0,0.0
product.Seral.area.regenerating.CWHvm_HW_FDC_L.CC,17,170,10,0.0,10000.0,1.0,1.0,0.0,0.0,0.0
product.Seral.area.regenerating.CWHvm_HW_FDC_L.CC,18,180,10,0.0,10000.0,1.0,1.0,0.0,0.0,0.0
product.Seral.area.regenerating.CWHvm_HW_FDC_L.CC,19,190,10,0.0,10000.0,1.0,1.0,0.0,0.0,0.0
product.Seral.area.regenerating.CWHvm_HW_FDC_L.CC,20,200,10,0.0,10000.0,1.0,1.0,0.0,0.0,0.0
product.Seral.area.regenerating.CWHvm_HW_FDC_L.CC,21,210,10,0.0,10000.0,1.0,1.0,0.0,0.0,0.0
product.Seral.area.regenerating.CWHvm_HW_FDC_L.CC,22,220,10,0.0,10000.0,1.0,1.0,0.0,0.0,0.0
product.Seral.area.regenerating.CWHvm_HW_FDC_L.CC,23,230,10,0.0,10000.0,1.0,1.0,0.0,0.0,0.0
product.Seral.area.regenerating.CWHvm_HW_FDC_L.CC,24,240,10,0.0,10000.0,1.0,1.0,0.0,0.0,0.0
product.Seral.area.regenerating.CWHvm_HW_FDC_L.CC,25,250,10,0.0,10000.0,1.0,1.0,0.0,0.0,0.0
product.Seral.area.regenerating.CWHvm_HW_FDC_L.CC,26,260,10,0.0,10000.0,1.0,1.0,0.0,0.0,0.0
product.Seral.area.regenerating.CWHvm_HW_FDC_L.CC,27,270,10,0.0,10000.0,1.0,1.0,0.0,0.0,0.0
product.Seral.area.regenerating.CWHvm_HW_FDC_L.CC,28,280,10,0.0,10000.0,1.0,1.0,0.0,0.0,0.0
product.Seral.area.regenerating.CWHvm_HW_FDC_L.CC,29,290,10,0.0,10000.0,1.0,1.0,0.0,0.0,0.0
product.Seral.area.regenerating.CWHvm_HW_FDC_L.CC,30,300,10,0.0,10000.0,1.0,1.0,0.0,0.0,0.0
product.Seral.area.regenerating.CWHvm_HW_SS_M.CC,0,0,10,0.0,10000.0,1.0,1.0,0.0,0.0,0.0
product.Seral.area.regenerating.CWHvm_HW_SS_M.CC,1,10,10,0.0,10000.0,1.0,1.0,0.0,0.0,0.0
product.Seral.area.regenerating.CWHvm_HW_SS_M.CC,2,20,10,0.0,10000.0,1.0,1.0,0.0,0.0,0.0
product.Seral.area.regenerating.CWHvm_HW_SS_M.CC,3,30,10,0.0,10000.0,1.0,1.0,0.0,0.0,0.0
product.Seral.area.regenerating.CWHvm_HW_SS_M.CC,4,40,10,0.0,10000.0,1.0,1.0,0.0,0.0,0.0
product.Seral.area.regenerating.CWHvm_HW_SS_M.CC,5,50,10,0.0,10000.0,1.0,1.0,0.0,0.0,0.0
product.Seral.area.regenerating.CWHvm_HW_SS_M.CC,6,60,10,0.0,10000.0,1.0,1.0,0.0,0.0,0.0
product.Seral.area.regenerating.CWHvm_HW_SS_M.CC,7,70,10,0.0,10000.0,1.0,1.0,0.0,0.0,0.0
product.Seral.area.regenerating.CWHvm_HW_SS_M.CC,8,80,10,0.0,10000.0,1.0,1.0,0.0,0.0,0.0
product.Seral.area.regenerating.CWHvm_HW_SS_M.CC,9,90,10,0.0,10000.0,1.0,1.0,0.0,0.0,0.0
product.Seral.area.regenerating.CWHvm_HW_SS_M.CC,10,100,10,0.0,10000.0,1.0,1.0,0.0,0.0,0.0
product.Seral.area.regenerating.CWHvm_HW_SS_M.CC,11,110,10,0.0,10000.0,1.0,1.0,0.0,0.0,0.0
product.Seral.area.regenerating.CWHvm_HW_SS_M.CC,12,120,10,0.0,10000.0,1.0,1.0,0.0,0.0,0.0
product.Seral.area.regenerating.CWHvm_HW_SS_M.CC,13,130,10,0.0,10000.0,1.0,1.0,0.0,0.0,0.0
product.Seral.area.regenerating.CWHvm_HW_SS_M.CC,14,140,10,0.0,10000.0,1.0,1.0,0.0,0.0,0.0
product.Seral.area.regenerating.CWHvm_HW_SS_M.CC,15,150,10,0.0,10000.0,1.0,1.0,0.0,0.0,0.0
product.Seral.area.regenerating.CWHvm_HW_SS_M.CC,16,160,10,0.0,10000.0,1.0,1.0,0.0,0.0,0.0
product.Seral.area.regenerating.CWHvm_HW_SS_M.CC,17,170,10,0.0,10000.0,1.0,1.0,0.0,0.0,0.0
product.Seral.area.regenerating.CWHvm_HW_SS_M.CC,18,180,10,0.0,10000.0,1.0,1.0,0.0,0.0,0.0
product.Seral.area.regenerating.CWHvm_HW_SS_M.CC,19,190,10,0.0,10000.0,1.0,1.0,0.0,0.0,0.0
product.Seral.area.regenerating.CWHvm_HW_SS_M.CC,20,200,10,0.0,10000.0,1.0,1.0,0.0,0.0,0.0
product.Seral.area.regenerating.CWHvm_HW_SS_M.CC,21,210,10,0.0,10000.0,1.0,1.0,0.0,0.0,0.0
product.Seral.area.regenerating.CWHvm_HW_SS_M.CC,22,220,10,0.0,10000.0,1.0,1.0,0.0,0.0,0.0
product.Seral.area.regenerating.CWHvm_HW_SS_M.CC,23,230,10,0.0,10000.0,1.0,1.0,0.0,0.0,0.0
product.Seral.area.regenerating.CWHvm_HW_SS_M.CC,24,240,10,0.0,10000.0,1.0,1.0,0.0,0.0,0.0
product.Seral.area.regenerating.CWHvm_HW_SS_M.CC,25,250,10,0.0,10000.0,1.0,1.0,0.0,0.0,0.0
product.Seral.area.regenerating.CWHvm_HW_SS_M.CC,26,260,10,0.0,10000.0,1.0,1.0,0.0,0.0,0.0
product.Seral.area.regenerating.CWHvm_HW_SS_M.CC,27,270,10,0.0,10000.0,1.0,1.0,0.0,0.0,0.0
product.Seral.area.regenerating.CWHvm_HW_SS_M.CC,28,280,10,0.0,10000.0,1.0,1.0,0.0,0.0,0.0
product.Seral.area.regenerating.CWHvm_HW_SS_M.CC,29,290,10,0.0,10000.0,1.0,1.0,0.0,0.0,0.0
product.Seral.area.regenerating.CWHvm_HW_SS_M.CC,30,300,10,0.0,10000.0,1.0,1.0,0.0,0.0,0.0
product.Seral.area.young.CWHvm_CW_HW_M.CC,0,0,10,0.0,10000.0,1.0,1.0,0.0,0.0,0.0
product.Seral.area.young.CWHvm_CW_HW_M.CC,1,10,10,0.0,10000.0,1.0,1.0,0.0,0.0,0.0
product.Seral.area.young.CWHvm_CW_HW_M.CC,2,20,10,0.0,10000.0,1.0,1.0,0.0,0.0,0.0
product.Seral.area.young.CWHvm_CW_HW_M.CC,3,30,10,0.0,10000.0,1.0,1.0,0.0,0.0,0.0
product.Seral.area.young.CWHvm_CW_HW_M.CC,4,40,10,0.0,10000.0,1.0,1.0,0.0,0.0,0.0
product.Seral.area.young.CWHvm_CW_HW_M.CC,5,50,10,0.0,10000.0,1.0,1.0,0.0,0.0,0.0
product.Seral.area.young.CWHvm_CW_HW_M.CC,6,60,10,0.0,10000.0,1.0,1.0,0.0,0.0,0.0
product.Seral.area.young.CWHvm_CW_HW_M.CC,7,70,10,0.0,10000.0,1.0,1.0,0.0,0.0,0.0
product.Seral.area.young.CWHvm_CW_HW_M.CC,8,80,10,0.0,10000.0,1.0,1.0,0.0,0.0,0.0
product.Seral.area.young.CWHvm_CW_HW_M.CC,9,90,10,0.0,10000.0,1.0,1.0,0.0,0.0,0.0
product.Seral.area.young.CWHvm_CW_HW_M.CC,10,100,10,0.0,10000.0,1.0,1.0,0.0,0.0,0.0
product.Seral.area.young.CWHvm_CW_HW_M.CC,11,110,10,0.0,10000.0,1.0,1.0,0.0,0.0,0.0
product.Seral.area.young.CWHvm_CW_HW_M.CC,12,120,10,0.0,10000.0,1.0,1.0,0.0,0.0,0.0
product.Seral.area.young.CWHvm_CW_HW_M.CC,13,130,10,0.0,10000.0,1.0,1.0,0.0,0.0,0.0
product.Seral.area.young.CWHvm_CW_HW_M.CC,14,140,10,0.0,10000.0,1.0,1.0,0.0,0.0,0.0
product.Seral.area.young.CWHvm_CW_HW_M.CC,15,150,10,0.0,10000.0,1.0,1.0,0.0,0.0,0.0
product.Seral.area.young.CWHvm_CW_HW_M.CC,16,160,10,0.0,10000.0,1.0,1.0,0.0,0.0,0.0
product.Seral.area.young.CWHvm_CW_HW_M.CC,17,170,10,0.0,10000.0,1.0,1.0,0.0,0.0,0.0
product.Seral.area.young.CWHvm_CW_HW_M.CC,18,180,10,0.0,10000.0,1.0,1.0,0.0,0.0,0.0
product.Seral.area.young.CWHvm_CW_HW_M.CC,19,190,10,0.0,10000.0,1.0,1.0,0.0,0.0,0.0
product.Seral.area.young.CWHvm_CW_HW_M.CC,20,200,10,0.0,10000.0,1.0,1.0,0.0,0.0,0.0
product.Seral.area.young.CWHvm_CW_HW_M.CC,21,210,10,0.0,10000.0,1.0,1.0,0.0,0.0,0.0
product.Seral.area.young.CWHvm_CW_HW_M.CC,22,220,10,0.0,10000.0,1.0,1.0,0.0,0.0,0.0
product.Seral.area.young.CWHvm_CW_HW_M.CC,23,230,10,0.0,10000.0,1.0,1.0,0.0,0.0,0.0
product.Seral.area.young.CWHvm_CW_HW_M.CC,24,240,10,0.0,10000.0,1.0,1.0,0.0,0.0,0.0
product.Seral.area.young.CWHvm_CW_HW_M.CC,25,250,10,0.0,10000.0,1.0,1.0,0.0,0.0,0.0
product.Seral.area.young.CWHvm_CW_HW_M.CC,26,260,10,0.0,10000.0,1.0,1.0,0.0,0.0,0.0
product.Seral.area.young.CWHvm_CW_HW_M.CC,27,270,10,0.0,10000.0,1.0,1.0,0.0,0.0,0.0
product.Seral.area.young.CWHvm_CW_HW_M.CC,28,280,10,0.0,10000.0,1.0,1.0,0.0,0.0,0.0
product.Seral.area.young.CWHvm_CW_HW_M.CC,29,290,10,0.0,10000.0,1.0,1.0,0.0,0.0,0.0
product.Seral.area.young.CWHvm_CW_HW_M.CC,30,300,10,0.0,10000.0,1.0,1.0,0.0,0.0,0.0
product.Seral.area.young.CWHvm_DR_HW_M.CC,0,0,10,0.0,10000.0,1.0,1.0,0.0,0.0,0.0
product.Seral.area.young.CWHvm_DR_HW_M.CC,1,10,10,0.0,10000.0,1.0,1.0,0.0,0.0,0.0
product.Seral.area.young.CWHvm_DR_HW_M.CC,2,20,10,0.0,10000.0,1.0,1.0,0.0,0.0,0.0
product.Seral.area.young.CWHvm_DR_HW_M.CC,3,30,10,0.0,10000.0,1.0,1.0,0.0,0.0,0.0
product.Seral.area.young.CWHvm_DR_HW_M.CC,4,40,10,0.0,10000.0,1.0,1.0,0.0,0.0,0.0
product.Seral.area.young.CWHvm_DR_HW_M.CC,5,50,10,0.0,10000.0,1.0,1.0,0.0,0.0,0.0
product.Seral.area.young.CWHvm_DR_HW_M.CC,6,60,10,0.0,10000.0,1.0,1.0,0.0,0.0,0.0
product.Seral.area.young.CWHvm_DR_HW_M.CC,7,70,10,0.0,10000.0,1.0,1.0,0.0,0.0,0.0
product.Seral.area.young.CWHvm_DR_HW_M.CC,8,80,10,0.0,10000.0,1.0,1.0,0.0,0.0,0.0
product.Seral.area.young.CWHvm_DR_HW_M.CC,9,90,10,0.0,10000.0,1.0,1.0,0.0,0.0,0.0
product.Seral.area.young.CWHvm_DR_HW_M.CC,10,100,10,0.0,10000.0,1.0,1.0,0.0,0.0,0.0
product.Seral.area.young.CWHvm_DR_HW_M.CC,11,110,10,0.0,10000.0,1.0,1.0,0.0,0.0,0.0
product.Seral.area.young.CWHvm_DR_HW_M.CC,12,120,10,0.0,10000.0,1.0,1.0,0.0,0.0,0.0
product.Seral.area.young.CWHvm_DR_HW_M.CC,13,130,10,0.0,10000.0,1.0,1.0,0.0,0.0,0.0
product.Seral.area.young.CWHvm_DR_HW_M.CC,14,140,10,0.0,10000.0,1.0,1.0,0.0,0.0,0.0
product.Seral.area.young.CWHvm_DR_HW_M.CC,15,150,10,0.0,10000.0,1.0,1.0,0.0,0.0,0.0
product.Seral.area.young.CWHvm_DR_HW_M.CC,16,160,10,0.0,10000.0,1.0,1.0,0.0,0.0,0.0
product.Seral.area.young.CWHvm_DR_HW_M.CC,17,170,10,0.0,10000.0,1.0,1.0,0.0,0.0,0.0
product.Seral.area.young.CWHvm_DR_HW_M.CC,18,180,10,0.0,10000.0,1.0,1.0,0.0,0.0,0.0
product.Seral.area.young.CWHvm_DR_HW_M.CC,19,190,10,0.0,10000.0,1.0,1.0,0.0,0.0,0.0
product.Seral.area.young.CWHvm_DR_HW_M.CC,20,200,10,0.0,10000.0,1.0,1.0,0.0,0.0,0.0
product.Seral.area.young.CWHvm_DR_HW_M.CC,21,210,10,0.0,10000.0,1.0,1.0,0.0,0.0,0.0
product.Seral.area.young.CWHvm_DR_HW_M.CC,22,220,10,0.0,10000.0,1.0,1.0,0.0,0.0,0.0
product.Seral.area.young.CWHvm_DR_HW_M.CC,23,230,10,0.0,10000.0,1.0,1.0,0.0,0.0,0.0
product.Seral.area.young.CWHvm_DR_HW_M.CC,24,240,10,0.0,10000.0,1.0,1.0,0.0,0.0,0.0
product.Seral.area.young.CWHvm_DR_HW_M.CC,25,250,10,0.0,10000.0,1.0,1.0,0.0,0.0,0.0
product.Seral.area.young.CWHvm_DR_HW_M.CC,26,260,10,0.0,10000.0,1.0,1.0,0.0,0.0,0.0
product.Seral.area.young.CWHvm_DR_HW_M.CC,27,270,10,0.0,10000.0,1.0,1.0,0.0,0.0,0.0
product.Seral.area.young.CWHvm_DR_HW_M.CC,28,280,10,0.0,10000.0,1.0,1.0,0.0,0.0,0.0
product.Seral.area.young.CWHvm_DR_HW_M.CC,29,290,10,0.0,10000.0,1.0,1.0,0.0,0.0,0.0
product.Seral.area.young.CWHvm_DR_HW_M.CC,30,300,10,0.0,10000.0,1.0,1.0,0.0,0.0,0.0
product.Seral.area.young.CWHvm_FDC_HW_H.CC,0,0,10,0.0,10000.0,1.0,1.0,0.0,0.0,0.0
product.Seral.area.young.CWHvm_FDC_HW_H.CC,1,10,10,0.0,10000.0,1.0,1.0,0.0,0.0,0.0
product.Seral.area.young.CWHvm_FDC_HW_H.CC,2,20,10,0.0,10000.0,1.0,1.0,0.0,0.0,0.0
product.Seral.area.young.CWHvm_FDC_HW_H.CC,3,30,10,0.0,10000.0,1.0,1.0,0.0,0.0,0.0
product.Seral.area.young.CWHvm_FDC_HW_H.CC,4,40,10,0.0,10000.0,1.0,1.0,0.0,0.0,0.0
product.Seral.area.young.CWHvm_FDC_HW_H.CC,5,50,10,0.0,10000.0,1.0,1.0,0.0,0.0,0.0
product.Seral.area.young.CWHvm_FDC_HW_H.CC,6,60,10,0.0,10000.0,1.0,1.0,0.0,0.0,0.0
product.Seral.area.young.CWHvm_FDC_HW_H.CC,7,70,10,0.0,10000.0,1.0,1.0,0.0,0.0,0.0
product.Seral.area.young.CWHvm_FDC_HW_H.CC,8,80,10,0.0,10000.0,1.0,1.0,0.0,0.0,0.0
product.Seral.area.young.CWHvm_FDC_HW_H.CC,9,90,10,0.0,10000.0,1.0,1.0,0.0,0.0,0.0
product.Seral.area.young.CWHvm_FDC_HW_H.CC,10,100,10,0.0,10000.0,1.0,1.0,0.0,0.0,0.0
product.Seral.area.young.CWHvm_FDC_HW_H.CC,11,110,10,0.0,10000.0,1.0,1.0,0.0,0.0,0.0
product.Seral.area.young.CWHvm_FDC_HW_H.CC,12,120,10,0.0,10000.0,1.0,1.0,0.0,0.0,0.0
product.Seral.area.young.CWHvm_FDC_HW_H.CC,13,130,10,0.0,10000.0,1.0,1.0,0.0,0.0,0.0
product.Seral.area.young.CWHvm_FDC_HW_H.CC,14,140,10,0.0,10000.0,1.0,1.0,0.0,0.0,0.0
product.Seral.area.young.CWHvm_FDC_HW_H.CC,15,150,10,0.0,10000.0,1.0,1.0,0.0,0.0,0.0
product.Seral.area.young.CWHvm_FDC_HW_H.CC,16,160,10,0.0,10000.0,1.0,1.0,0.0,0.0,0.0
product.Seral.area.young.CWHvm_FDC_HW_H.CC,17,170,10,0.0,10000.0,1.0,1.0,0.0,0.0,0.0
product.Seral.area.young.CWHvm_FDC_HW_H.CC,18,180,10,0.0,10000.0,1.0,1.0,0.0,0.0,0.0
product.Seral.area.young.CWHvm_FDC_HW_H.CC,19,190,10,0.0,10000.0,1.0,1.0,0.0,0.0,0.0
product.Seral.area.young.CWHvm_FDC_HW_H.CC,20,200,10,0.0,10000.0,1.0,1.0,0.0,0.0,0.0
product.Seral.area.young.CWHvm_FDC_HW_H.CC,21,210,10,0.0,10000.0,1.0,1.0,0.0,0.0,0.0
product.Seral.area.young.CWHvm_FDC_HW_H.CC,22,220,10,0.0,10000.0,1.0,1.0,0.0,0.0,0.0
product.Seral.area.young.CWHvm_FDC_HW_H.CC,23,230,10,0.0,10000.0,1.0,1.0,0.0,0.0,0.0
product.Seral.area.young.CWHvm_FDC_HW_H.CC,24,240,10,0.0,10000.0,1.0,1.0,0.0,0.0,0.0
product.Seral.area.young.CWHvm_FDC_HW_H.CC,25,250,10,0.0,10000.0,1.0,1.0,0.0,0.0,0.0
product.Seral.area.young.CWHvm_FDC_HW_H.CC,26,260,10,0.0,10000.0,1.0,1.0,0.0,0.0,0.0
product.Seral.area.young.CWHvm_FDC_HW_H.CC,27,270,10,0.0,10000.0,1.0,1.0,0.0,0.0,0.0
product.Seral.area.young.CWHvm_FDC_HW_H.CC,28,280,10,0.0,10000.0,1.0,1.0,0.0,0.0,0.0
product.Seral.area.young.CWHvm_FDC_HW_H.CC,29,290,10,0.0,10000.0,1.0,1.0,0.0,0.0,0.0
product.Seral.area.young.CWHvm_FDC_HW_H.CC,30,300,10,0.0,10000.0,1.0,1.0,0.0,0.0,0.0
product.Seral.area.young.CWHvm_FDC_HW_L.CC,0,0,10,0.0,10000.0,1.0,1.0,0.0,0.0,0.0
product.Seral.area.young.CWHvm_FDC_HW_L.CC,1,10,10,0.0,10000.0,1.0,1.0,0.0,0.0,0.0
product.Seral.area.young.CWHvm_FDC_HW_L.CC,2,20,10,0.0,10000.0,1.0,1.0,0.0,0.0,0.0
product.Seral.area.young.CWHvm_FDC_HW_L.CC,3,30,10,0.0,10000.0,1.0,1.0,0.0,0.0,0.0
product.Seral.area.young.CWHvm_FDC_HW_L.CC,4,40,10,0.0,10000.0,1.0,1.0,0.0,0.0,0.0
product.Seral.area.young.CWHvm_FDC_HW_L.CC,5,50,10,0.0,10000.0,1.0,1.0,0.0,0.0,0.0
product.Seral.area.young.CWHvm_FDC_HW_L.CC,6,60,10,0.0,10000.0,1.0,1.0,0.0,0.0,0.0
product.Seral.area.young.CWHvm_FDC_HW_L.CC,7,70,10,0.0,10000.0,1.0,1.0,0.0,0.0,0.0
product.Seral.area.young.CWHvm_FDC_HW_L.CC,8,80,10,0.0,10000.0,1.0,1.0,0.0,0.0,0.0
product.Seral.area.young.CWHvm_FDC_HW_L.CC,9,90,10,0.0,10000.0,1.0,1.0,0.0,0.0,0.0
product.Seral.area.young.CWHvm_FDC_HW_L.CC,10,100,10,0.0,10000.0,1.0,1.0,0.0,0.0,0.0
product.Seral.area.young.CWHvm_FDC_HW_L.CC,11,110,10,0.0,10000.0,1.0,1.0,0.0,0.0,0.0
product.Seral.area.young.CWHvm_FDC_HW_L.CC,12,120,10,0.0,10000.0,1.0,1.0,0.0,0.0,0.0
product.Seral.area.young.CWHvm_FDC_HW_L.CC,13,130,10,0.0,10000.0,1.0,1.0,0.0,0.0,0.0
product.Seral.area.young.CWHvm_FDC_HW_L.CC,14,140,10,0.0,10000.0,1.0,1.0,0.0,0.0,0.0
product.Seral.area.young.CWHvm_FDC_HW_L.CC,15,150,10,0.0,10000.0,1.0,1.0,0.0,0.0,0.0
product.Seral.area.young.CWHvm_FDC_HW_L.CC,16,160,10,0.0,10000.0,1.0,1.0,0.0,0.0,0.0
product.Seral.area.young.CWHvm_FDC_HW_L.CC,17,170,10,0.0,10000.0,1.0,1.0,0.0,0.0,0.0
product.Seral.area.young.CWHvm_FDC_HW_L.CC,18,180,10,0.0,10000.0,1.0,1.0,0.0,0.0,0.0
product.Seral.area.young.CWHvm_FDC_HW_L.CC,19,190,10,0.0,10000.0,1.0,1.0,0.0,0.0,0.0
product.Seral.area.young.CWHvm_FDC_HW_L.CC,20,200,10,0.0,10000.0,1.0,1.0,0.0,0.0,0.0
product.Seral.area.young.CWHvm_FDC_HW_L.CC,21,210,10,0.0,10000.0,1.0,1.0,0.0,0.0,0.0
product.Seral.area.young.CWHvm_FDC_HW_L.CC,22,220,10,0.0,10000.0,1.0,1.0,0.0,0.0,0.0
product.Seral.area.young.CWHvm_FDC_HW_L.CC,23,230,10,0.0,10000.0,1.0,1.0,0.0,0.0,0.0
product.Seral.area.young.CWHvm_FDC_HW_L.CC,24,240,10,0.0,10000.0,1.0,1.0,0.0,0.0,0.0
product.Seral.area.young.CWHvm_FDC_HW_L.CC,25,250,10,0.0,10000.0,1.0,1.0,0.0,0.0,0.0
product.Seral.area.young.CWHvm_FDC_HW_L.CC,26,260,10,0.0,10000.0,1.0,1.0,0.0,0.0,0.0
product.Seral.area.young.CWHvm_FDC_HW_L.CC,27,270,10,0.0,10000.0,1.0,1.0,0.0,0.0,0.0
product.Seral.area.young.CWHvm_FDC_HW_L.CC,28,280,10,0.0,10000.0,1.0,1.0,0.0,0.0,0.0
product.Seral.area.young.CWHvm_FDC_HW_L.CC,29,290,10,0.0,10000.0,1.0,1.0,0.0,0.0,0.0
product.Seral.area.young.CWHvm_FDC_HW_L.CC,30,300,10,0.0,10000.0,1.0,1.0,0.0,0.0,0.0
product.Seral.area.young.CWHvm_FDC_HW_M.CC,0,0,10,0.0,10000.0,1.0,1.0,0.0,0.0,0.0
product.Seral.area.young.CWHvm_FDC_HW_M.CC,1,10,10,0.0,10000.0,1.0,1.0,0.0,0.0,0.0
product.Seral.area.young.CWHvm_FDC_HW_M.CC,2,20,10,0.0,10000.0,1.0,1.0,0.0,0.0,0.0
product.Seral.area.young.CWHvm_FDC_HW_M.CC,3,30,10,0.0,10000.0,1.0,1.0,0.0,0.0,0.0
product.Seral.area.young.CWHvm_FDC_HW_M.CC,4,40,10,0.0,10000.0,1.0,1.0,0.0,0.0,0.0
product.Seral.area.young.CWHvm_FDC_HW_M.CC,5,50,10,0.0,10000.0,1.0,1.0,0.0,0.0,0.0
product.Seral.area.young.CWHvm_FDC_HW_M.CC,6,60,10,0.0,10000.0,1.0,1.0,0.0,0.0,0.0
product.Seral.area.young.CWHvm_FDC_HW_M.CC,7,70,10,0.0,10000.0,1.0,1.0,0.0,0.0,0.0
product.Seral.area.young.CWHvm_FDC_HW_M.CC,8,80,10,0.0,10000.0,1.0,1.0,0.0,0.0,0.0
product.Seral.area.young.CWHvm_FDC_HW_M.CC,9,90,10,0.0,10000.0,1.0,1.0,0.0,0.0,0.0
product.Seral.area.young.CWHvm_FDC_HW_M.CC,10,100,10,0.0,10000.0,1.0,1.0,0.0,0.0,0.0
product.Seral.area.young.CWHvm_FDC_HW_M.CC,11,110,10,0.0,10000.0,1.0,1.0,0.0,0.0,0.0
product.Seral.area.young.CWHvm_FDC_HW_M.CC,12,120,10,0.0,10000.0,1.0,1.0,0.0,0.0,0.0
product.Seral.area.young.CWHvm_FDC_HW_M.CC,13,130,10,0.0,10000.0,1.0,1.0,0.0,0.0,0.0
product.Seral.area.young.CWHvm_FDC_HW_M.CC,14,140,10,0.0,10000.0,1.0,1.0,0.0,0.0,0.0
product.Seral.area.young.CWHvm_FDC_HW_M.CC,15,150,10,0.0,10000.0,1.0,1.0,0.0,0.0,0.0
product.Seral.area.young.CWHvm_FDC_HW_M.CC,16,160,10,0.0,10000.0,1.0,1.0,0.0,0.0,0.0
product.Seral.area.young.CWHvm_FDC_HW_M.CC,17,170,10,0.0,10000.0,1.0,1.0,0.0,0.0,0.0
product.Seral.area.young.CWHvm_FDC_HW_M.CC,18,180,10,0.0,10000.0,1.0,1.0,0.0,0.0,0.0
product.Seral.area.young.CWHvm_FDC_HW_M.CC,19,190,10,0.0,10000.0,1.0,1.0,0.0,0.0,0.0
product.Seral.area.young.CWHvm_FDC_HW_M.CC,20,200,10,0.0,10000.0,1.0,1.0,0.0,0.0,0.0
product.Seral.area.young.CWHvm_FDC_HW_M.CC,21,210,10,0.0,10000.0,1.0,1.0,0.0,0.0,0.0
product.Seral.area.young.CWHvm_FDC_HW_M.CC,22,220,10,0.0,10000.0,1.0,1.0,0.0,0.0,0.0
product.Seral.area.young.CWHvm_FDC_HW_M.CC,23,230,10,0.0,10000.0,1.0,1.0,0.0,0.0,0.0
product.Seral.area.young.CWHvm_FDC_HW_M.CC,24,240,10,0.0,10000.0,1.0,1.0,0.0,0.0,0.0
product.Seral.area.young.CWHvm_FDC_HW_M.CC,25,250,10,0.0,10000.0,1.0,1.0,0.0,0.0,0.0
product.Seral.area.young.CWHvm_FDC_HW_M.CC,26,260,10,0.0,10000.0,1.0,1.0,0.0,0.0,0.0
product.Seral.area.young.CWHvm_FDC_HW_M.CC,27,270,10,0.0,10000.0,1.0,1.0,0.0,0.0,0.0
product.Seral.area.young.CWHvm_FDC_HW_M.CC,28,280,10,0.0,10000.0,1.0,1.0,0.0,0.0,0.0
product.Seral.area.young.CWHvm_FDC_HW_M.CC,29,290,10,0.0,10000.0,1.0,1.0,0.0,0.0,0.0
product.Seral.area.young.CWHvm_FDC_HW_M.CC,30,300,10,0.0,10000.0,1.0,1.0,0.0,0.0,0.0
product.Seral.area.young.CWHvm_HW_BA_M.CC,0,0,10,0.0,10000.0,1.0,1.0,0.0,0.0,0.0
product.Seral.area.young.CWHvm_HW_BA_M.CC,1,10,10,0.0,10000.0,1.0,1.0,0.0,0.0,0.0
product.Seral.area.young.CWHvm_HW_BA_M.CC,2,20,10,0.0,10000.0,1.0,1.0,0.0,0.0,0.0
product.Seral.area.young.CWHvm_HW_BA_M.CC,3,30,10,0.0,10000.0,1.0,1.0,0.0,0.0,0.0
product.Seral.area.young.CWHvm_HW_BA_M.CC,4,40,10,0.0,10000.0,1.0,1.0,0.0,0.0,0.0
product.Seral.area.young.CWHvm_HW_BA_M.CC,5,50,10,0.0,10000.0,1.0,1.0,0.0,0.0,0.0
product.Seral.area.young.CWHvm_HW_BA_M.CC,6,60,10,0.0,10000.0,1.0,1.0,0.0,0.0,0.0
product.Seral.area.young.CWHvm_HW_BA_M.CC,7,70,10,0.0,10000.0,1.0,1.0,0.0,0.0,0.0
product.Seral.area.young.CWHvm_HW_BA_M.CC,8,80,10,0.0,10000.0,1.0,1.0,0.0,0.0,0.0
product.Seral.area.young.CWHvm_HW_BA_M.CC,9,90,10,0.0,10000.0,1.0,1.0,0.0,0.0,0.0
product.Seral.area.young.CWHvm_HW_BA_M.CC,10,100,10,0.0,10000.0,1.0,1.0,0.0,0.0,0.0
product.Seral.area.young.CWHvm_HW_BA_M.CC,11,110,10,0.0,10000.0,1.0,1.0,0.0,0.0,0.0
product.Seral.area.young.CWHvm_HW_BA_M.CC,12,120,10,0.0,10000.0,1.0,1.0,0.0,0.0,0.0
product.Seral.area.young.CWHvm_HW_BA_M.CC,13,130,10,0.0,10000.0,1.0,1.0,0.0,0.0,0.0
product.Seral.area.young.CWHvm_HW_BA_M.CC,14,140,10,0.0,10000.0,1.0,1.0,0.0,0.0,0.0
product.Seral.area.young.CWHvm_HW_BA_M.CC,15,150,10,0.0,10000.0,1.0,1.0,0.0,0.0,0.0
product.Seral.area.young.CWHvm_HW_BA_M.CC,16,160,10,0.0,10000.0,1.0,1.0,0.0,0.0,0.0
product.Seral.area.young.CWHvm_HW_BA_M.CC,17,170,10,0.0,10000.0,1.0,1.0,0.0,0.0,0.0
product.Seral.area.young.CWHvm_HW_BA_M.CC,18,180,10,0.0,10000.0,1.0,1.0,0.0,0.0,0.0
product.Seral.area.young.CWHvm_HW_BA_M.CC,19,190,10,0.0,10000.0,1.0,1.0,0.0,0.0,0.0
product.Seral.area.young.CWHvm_HW_BA_M.CC,20,200,10,0.0,10000.0,1.0,1.0,0.0,0.0,0.0
product.Seral.area.young.CWHvm_HW_BA_M.CC,21,210,10,0.0,10000.0,1.0,1.0,0.0,0.0,0.0
product.Seral.area.young.CWHvm_HW_BA_M.CC,22,220,10,0.0,10000.0,1.0,1.0,0.0,0.0,0.0
product.Seral.area.young.CWHvm_HW_BA_M.CC,23,230,10,0.0,10000.0,1.0,1.0,0.0,0.0,0.0
product.Seral.area.young.CWHvm_HW_BA_M.CC,24,240,10,0.0,10000.0,1.0,1.0,0.0,0.0,0.0
product.Seral.area.young.CWHvm_HW_BA_M.CC,25,250,10,0.0,10000.0,1.0,1.0,0.0,0.0,0.0
product.Seral.area.young.CWHvm_HW_BA_M.CC,26,260,10,0.0,10000.0,1.0,1.0,0.0,0.0,0.0
product.Seral.area.young.CWHvm_HW_BA_M.CC,27,270,10,0.0,10000.0,1.0,1.0,0.0,0.0,0.0
product.Seral.area.young.CWHvm_HW_BA_M.CC,28,280,10,0.0,10000.0,1.0,1.0,0.0,0.0,0.0
product.Seral.area.young.CWHvm_HW_BA_M.CC,29,290,10,0.0,10000.0,1.0,1.0,0.0,0.0,0.0
product.Seral.area.young.CWHvm_HW_BA_M.CC,30,300,10,0.0,10000.0,1.0,1.0,0.0,0.0,0.0
product.Seral.area.young.CWHvm_HW_CW_H.CC,0,0,10,0.0,10000.0,1.0,1.0,0.0,0.0,0.0
product.Seral.area.young.CWHvm_HW_CW_H.CC,1,10,10,0.0,10000.0,1.0,1.0,0.0,0.0,0.0
product.Seral.area.young.CWHvm_HW_CW_H.CC,2,20,10,0.0,10000.0,1.0,1.0,0.0,0.0,0.0
product.Seral.area.young.CWHvm_HW_CW_H.CC,3,30,10,0.0,10000.0,1.0,1.0,0.0,0.0,0.0
product.Seral.area.young.CWHvm_HW_CW_H.CC,4,40,10,0.0,10000.0,1.0,1.0,0.0,0.0,0.0
product.Seral.area.young.CWHvm_HW_CW_H.CC,5,50,10,0.0,10000.0,1.0,1.0,0.0,0.0,0.0
product.Seral.area.young.CWHvm_HW_CW_H.CC,6,60,10,0.0,10000.0,1.0,1.0,0.0,0.0,0.0
product.Seral.area.young.CWHvm_HW_CW_H.CC,7,70,10,0.0,10000.0,1.0,1.0,0.0,0.0,0.0
product.Seral.area.young.CWHvm_HW_CW_H.CC,8,80,10,0.0,10000.0,1.0,1.0,0.0,0.0,0.0
product.Seral.area.young.CWHvm_HW_CW_H.CC,9,90,10,0.0,10000.0,1.0,1.0,0.0,0.0,0.0
product.Seral.area.young.CWHvm_HW_CW_H.CC,10,100,10,0.0,10000.0,1.0,1.0,0.0,0.0,0.0
product.Seral.area.young.CWHvm_HW_CW_H.CC,11,110,10,0.0,10000.0,1.0,1.0,0.0,0.0,0.0
product.Seral.area.young.CWHvm_HW_CW_H.CC,12,120,10,0.0,10000.0,1.0,1.0,0.0,0.0,0.0
product.Seral.area.young.CWHvm_HW_CW_H.CC,13,130,10,0.0,10000.0,1.0,1.0,0.0,0.0,0.0
product.Seral.area.young.CWHvm_HW_CW_H.CC,14,140,10,0.0,10000.0,1.0,1.0,0.0,0.0,0.0
product.Seral.area.young.CWHvm_HW_CW_H.CC,15,150,10,0.0,10000.0,1.0,1.0,0.0,0.0,0.0
product.Seral.area.young.CWHvm_HW_CW_H.CC,16,160,10,0.0,10000.0,1.0,1.0,0.0,0.0,0.0
product.Seral.area.young.CWHvm_HW_CW_H.CC,17,170,10,0.0,10000.0,1.0,1.0,0.0,0.0,0.0
product.Seral.area.young.CWHvm_HW_CW_H.CC,18,180,10,0.0,10000.0,1.0,1.0,0.0,0.0,0.0
product.Seral.area.young.CWHvm_HW_CW_H.CC,19,190,10,0.0,10000.0,1.0,1.0,0.0,0.0,0.0
product.Seral.area.young.CWHvm_HW_CW_H.CC,20,200,10,0.0,10000.0,1.0,1.0,0.0,0.0,0.0
product.Seral.area.young.CWHvm_HW_CW_H.CC,21,210,10,0.0,10000.0,1.0,1.0,0.0,0.0,0.0
product.Seral.area.young.CWHvm_HW_CW_H.CC,22,220,10,0.0,10000.0,1.0,1.0,0.0,0.0,0.0
product.Seral.area.young.CWHvm_HW_CW_H.CC,23,230,10,0.0,10000.0,1.0,1.0,0.0,0.0,0.0
product.Seral.area.young.CWHvm_HW_CW_H.CC,24,240,10,0.0,10000.0,1.0,1.0,0.0,0.0,0.0
product.Seral.area.young.CWHvm_HW_CW_H.CC,25,250,10,0.0,10000.0,1.0,1.0,0.0,0.0,0.0
product.Seral.area.young.CWHvm_HW_CW_H.CC,26,260,10,0.0,10000.0,1.0,1.0,0.0,0.0,0.0
product.Seral.area.young.CWHvm_HW_CW_H.CC,27,270,10,0.0,10000.0,1.0,1.0,0.0,0.0,0.0
product.Seral.area.young.CWHvm_HW_CW_H.CC,28,280,10,0.0,10000.0,1.0,1.0,0.0,0.0,0.0
product.Seral.area.young.CWHvm_HW_CW_H.CC,29,290,10,0.0,10000.0,1.0,1.0,0.0,0.0,0.0
product.Seral.area.young.CWHvm_HW_CW_H.CC,30,300,10,0.0,10000.0,1.0,1.0,0.0,0.0,0.0
product.Seral.area.young.CWHvm_HW_CW_L.CC,0,0,10,0.0,10000.0,1.0,1.0,0.0,0.0,0.0
product.Seral.area.young.CWHvm_HW_CW_L.CC,1,10,10,0.0,10000.0,1.0,1.0,0.0,0.0,0.0
product.Seral.area.young.CWHvm_HW_CW_L.CC,2,20,10,0.0,10000.0,1.0,1.0,0.0,0.0,0.0
product.Seral.area.young.CWHvm_HW_CW_L.CC,3,30,10,0.0,10000.0,1.0,1.0,0.0,0.0,0.0
product.Seral.area.young.CWHvm_HW_CW_L.CC,4,40,10,0.0,10000.0,1.0,1.0,0.0,0.0,0.0
product.Seral.area.young.CWHvm_HW_CW_L.CC,5,50,10,0.0,10000.0,1.0,1.0,0.0,0.0,0.0
product.Seral.area.young.CWHvm_HW_CW_L.CC,6,60,10,0.0,10000.0,1.0,1.0,0.0,0.0,0.0
product.Seral.area.young.CWHvm_HW_CW_L.CC,7,70,10,0.0,10000.0,1.0,1.0,0.0,0.0,0.0
product.Seral.area.young.CWHvm_HW_CW_L.CC,8,80,10,0.0,10000.0,1.0,1.0,0.0,0.0,0.0
product.Seral.area.young.CWHvm_HW_CW_L.CC,9,90,10,0.0,10000.0,1.0,1.0,0.0,0.0,0.0
product.Seral.area.young.CWHvm_HW_CW_L.CC,10,100,10,0.0,10000.0,1.0,1.0,0.0,0.0,0.0
product.Seral.area.young.CWHvm_HW_CW_L.CC,11,110,10,0.0,10000.0,1.0,1.0,0.0,0.0,0.0
product.Seral.area.young.CWHvm_HW_CW_L.CC,12,120,10,0.0,10000.0,1.0,1.0,0.0,0.0,0.0
product.Seral.area.young.CWHvm_HW_CW_L.CC,13,130,10,0.0,10000.0,1.0,1.0,0.0,0.0,0.0
product.Seral.area.young.CWHvm_HW_CW_L.CC,14,140,10,0.0,10000.0,1.0,1.0,0.0,0.0,0.0
product.Seral.area.young.CWHvm_HW_CW_L.CC,15,150,10,0.0,10000.0,1.0,1.0,0.0,0.0,0.0
product.Seral.area.young.CWHvm_HW_CW_L.CC,16,160,10,0.0,10000.0,1.0,1.0,0.0,0.0,0.0
product.Seral.area.young.CWHvm_HW_CW_L.CC,17,170,10,0.0,10000.0,1.0,1.0,0.0,0.0,0.0
product.Seral.area.young.CWHvm_HW_CW_L.CC,18,180,10,0.0,10000.0,1.0,1.0,0.0,0.0,0.0
product.Seral.area.young.CWHvm_HW_CW_L.CC,19,190,10,0.0,10000.0,1.0,1.0,0.0,0.0,0.0
product.Seral.area.young.CWHvm_HW_CW_L.CC,20,200,10,0.0,10000.0,1.0,1.0,0.0,0.0,0.0
product.Seral.area.young.CWHvm_HW_CW_L.CC,21,210,10,0.0,10000.0,1.0,1.0,0.0,0.0,0.0
product.Seral.area.young.CWHvm_HW_CW_L.CC,22,220,10,0.0,10000.0,1.0,1.0,0.0,0.0,0.0
product.Seral.area.young.CWHvm_HW_CW_L.CC,23,230,10,0.0,10000.0,1.0,1.0,0.0,0.0,0.0
product.Seral.area.young.CWHvm_HW_CW_L.CC,24,240,10,0.0,10000.0,1.0,1.0,0.0,0.0,0.0
product.Seral.area.young.CWHvm_HW_CW_L.CC,25,250,10,0.0,10000.0,1.0,1.0,0.0,0.0,0.0
product.Seral.area.young.CWHvm_HW_CW_L.CC,26,260,10,0.0,10000.0,1.0,1.0,0.0,0.0,0.0
product.Seral.area.young.CWHvm_HW_CW_L.CC,27,270,10,0.0,10000.0,1.0,1.0,0.0,0.0,0.0
product.Seral.area.young.CWHvm_HW_CW_L.CC,28,280,10,0.0,10000.0,1.0,1.0,0.0,0.0,0.0
product.Seral.area.young.CWHvm_HW_CW_L.CC,29,290,10,0.0,10000.0,1.0,1.0,0.0,0.0,0.0
product.Seral.area.young.CWHvm_HW_CW_L.CC,30,300,10,0.0,10000.0,1.0,1.0,0.0,0.0,0.0
product.Seral.area.young.CWHvm_HW_CW_M.CC,0,0,10,0.0,10000.0,1.0,1.0,0.0,0.0,0.0
product.Seral.area.young.CWHvm_HW_CW_M.CC,1,10,10,0.0,10000.0,1.0,1.0,0.0,0.0,0.0
product.Seral.area.young.CWHvm_HW_CW_M.CC,2,20,10,0.0,10000.0,1.0,1.0,0.0,0.0,0.0
product.Seral.area.young.CWHvm_HW_CW_M.CC,3,30,10,0.0,10000.0,1.0,1.0,0.0,0.0,0.0
product.Seral.area.young.CWHvm_HW_CW_M.CC,4,40,10,0.0,10000.0,1.0,1.0,0.0,0.0,0.0
product.Seral.area.young.CWHvm_HW_CW_M.CC,5,50,10,0.0,10000.0,1.0,1.0,0.0,0.0,0.0
product.Seral.area.young.CWHvm_HW_CW_M.CC,6,60,10,0.0,10000.0,1.0,1.0,0.0,0.0,0.0
product.Seral.area.young.CWHvm_HW_CW_M.CC,7,70,10,0.0,10000.0,1.0,1.0,0.0,0.0,0.0
product.Seral.area.young.CWHvm_HW_CW_M.CC,8,80,10,0.0,10000.0,1.0,1.0,0.0,0.0,0.0
product.Seral.area.young.CWHvm_HW_CW_M.CC,9,90,10,0.0,10000.0,1.0,1.0,0.0,0.0,0.0
product.Seral.area.young.CWHvm_HW_CW_M.CC,10,100,10,0.0,10000.0,1.0,1.0,0.0,0.0,0.0
product.Seral.area.young.CWHvm_HW_CW_M.CC,11,110,10,0.0,10000.0,1.0,1.0,0.0,0.0,0.0
product.Seral.area.young.CWHvm_HW_CW_M.CC,12,120,10,0.0,10000.0,1.0,1.0,0.0,0.0,0.0
product.Seral.area.young.CWHvm_HW_CW_M.CC,13,130,10,0.0,10000.0,1.0,1.0,0.0,0.0,0.0
product.Seral.area.young.CWHvm_HW_CW_M.CC,14,140,10,0.0,10000.0,1.0,1.0,0.0,0.0,0.0
product.Seral.area.young.CWHvm_HW_CW_M.CC,15,150,10,0.0,10000.0,1.0,1.0,0.0,0.0,0.0
product.Seral.area.young.CWHvm_HW_CW_M.CC,16,160,10,0.0,10000.0,1.0,1.0,0.0,0.0,0.0
product.Seral.area.young.CWHvm_HW_CW_M.CC,17,170,10,0.0,10000.0,1.0,1.0,0.0,0.0,0.0
product.Seral.area.young.CWHvm_HW_CW_M.CC,18,180,10,0.0,10000.0,1.0,1.0,0.0,0.0,0.0
product.Seral.area.young.CWHvm_HW_CW_M.CC,19,190,10,0.0,10000.0,1.0,1.0,0.0,0.0,0.0
product.Seral.area.young.CWHvm_HW_CW_M.CC,20,200,10,0.0,10000.0,1.0,1.0,0.0,0.0,0.0
product.Seral.area.young.CWHvm_HW_CW_M.CC,21,210,10,0.0,10000.0,1.0,1.0,0.0,0.0,0.0
product.Seral.area.young.CWHvm_HW_CW_M.CC,22,220,10,0.0,10000.0,1.0,1.0,0.0,0.0,0.0
product.Seral.area.young.CWHvm_HW_CW_M.CC,23,230,10,0.0,10000.0,1.0,1.0,0.0,0.0,0.0
product.Seral.area.young.CWHvm_HW_CW_M.CC,24,240,10,0.0,10000.0,1.0,1.0,0.0,0.0,0.0
product.Seral.area.young.CWHvm_HW_CW_M.CC,25,250,10,0.0,10000.0,1.0,1.0,0.0,0.0,0.0
product.Seral.area.young.CWHvm_HW_CW_M.CC,26,260,10,0.0,10000.0,1.0,1.0,0.0,0.0,0.0
product.Seral.area.young.CWHvm_HW_CW_M.CC,27,270,10,0.0,10000.0,1.0,1.0,0.0,0.0,0.0
product.Seral.area.young.CWHvm_HW_CW_M.CC,28,280,10,0.0,10000.0,1.0,1.0,0.0,0.0,0.0
product.Seral.area.young.CWHvm_HW_CW_M.CC,29,290,10,0.0,10000.0,1.0,1.0,0.0,0.0,0.0
product.Seral.area.young.CWHvm_HW_CW_M.CC,30,300,10,0.0,10000.0,1.0,1.0,0.0,0.0,0.0
product.Seral.area.young.CWHvm_HW_FDC_H.CC,0,0,10,0.0,10000.0,1.0,1.0,0.0,0.0,0.0
product.Seral.area.young.CWHvm_HW_FDC_H.CC,1,10,10,0.0,10000.0,1.0,1.0,0.0,0.0,0.0
product.Seral.area.young.CWHvm_HW_FDC_H.CC,2,20,10,0.0,10000.0,1.0,1.0,0.0,0.0,0.0
product.Seral.area.young.CWHvm_HW_FDC_H.CC,3,30,10,0.0,10000.0,1.0,1.0,0.0,0.0,0.0
product.Seral.area.young.CWHvm_HW_FDC_H.CC,4,40,10,0.0,10000.0,1.0,1.0,0.0,0.0,0.0
product.Seral.area.young.CWHvm_HW_FDC_H.CC,5,50,10,0.0,10000.0,1.0,1.0,0.0,0.0,0.0
product.Seral.area.young.CWHvm_HW_FDC_H.CC,6,60,10,0.0,10000.0,1.0,1.0,0.0,0.0,0.0
product.Seral.area.young.CWHvm_HW_FDC_H.CC,7,70,10,0.0,10000.0,1.0,1.0,0.0,0.0,0.0
product.Seral.area.young.CWHvm_HW_FDC_H.CC,8,80,10,0.0,10000.0,1.0,1.0,0.0,0.0,0.0
product.Seral.area.young.CWHvm_HW_FDC_H.CC,9,90,10,0.0,10000.0,1.0,1.0,0.0,0.0,0.0
product.Seral.area.young.CWHvm_HW_FDC_H.CC,10,100,10,0.0,10000.0,1.0,1.0,0.0,0.0,0.0
product.Seral.area.young.CWHvm_HW_FDC_H.CC,11,110,10,0.0,10000.0,1.0,1.0,0.0,0.0,0.0
product.Seral.area.young.CWHvm_HW_FDC_H.CC,12,120,10,0.0,10000.0,1.0,1.0,0.0,0.0,0.0
product.Seral.area.young.CWHvm_HW_FDC_H.CC,13,130,10,0.0,10000.0,1.0,1.0,0.0,0.0,0.0
product.Seral.area.young.CWHvm_HW_FDC_H.CC,14,140,10,0.0,10000.0,1.0,1.0,0.0,0.0,0.0
product.Seral.area.young.CWHvm_HW_FDC_H.CC,15,150,10,0.0,10000.0,1.0,1.0,0.0,0.0,0.0
product.Seral.area.young.CWHvm_HW_FDC_H.CC,16,160,10,0.0,10000.0,1.0,1.0,0.0,0.0,0.0
product.Seral.area.young.CWHvm_HW_FDC_H.CC,17,170,10,0.0,10000.0,1.0,1.0,0.0,0.0,0.0
product.Seral.area.young.CWHvm_HW_FDC_H.CC,18,180,10,0.0,10000.0,1.0,1.0,0.0,0.0,0.0
product.Seral.area.young.CWHvm_HW_FDC_H.CC,19,190,10,0.0,10000.0,1.0,1.0,0.0,0.0,0.0
product.Seral.area.young.CWHvm_HW_FDC_H.CC,20,200,10,0.0,10000.0,1.0,1.0,0.0,0.0,0.0
product.Seral.area.young.CWHvm_HW_FDC_H.CC,21,210,10,0.0,10000.0,1.0,1.0,0.0,0.0,0.0
product.Seral.area.young.CWHvm_HW_FDC_H.CC,22,220,10,0.0,10000.0,1.0,1.0,0.0,0.0,0.0
product.Seral.area.young.CWHvm_HW_FDC_H.CC,23,230,10,0.0,10000.0,1.0,1.0,0.0,0.0,0.0
product.Seral.area.young.CWHvm_HW_FDC_H.CC,24,240,10,0.0,10000.0,1.0,1.0,0.0,0.0,0.0
product.Seral.area.young.CWHvm_HW_FDC_H.CC,25,250,10,0.0,10000.0,1.0,1.0,0.0,0.0,0.0
product.Seral.area.young.CWHvm_HW_FDC_H.CC,26,260,10,0.0,10000.0,1.0,1.0,0.0,0.0,0.0
product.Seral.area.young.CWHvm_HW_FDC_H.CC,27,270,10,0.0,10000.0,1.0,1.0,0.0,0.0,0.0
product.Seral.area.young.CWHvm_HW_FDC_H.CC,28,280,10,0.0,10000.0,1.0,1.0,0.0,0.0,0.0
product.Seral.area.young.CWHvm_HW_FDC_H.CC,29,290,10,0.0,10000.0,1.0,1.0,0.0,0.0,0.0
product.Seral.area.young.CWHvm_HW_FDC_H.CC,30,300,10,0.0,10000.0,1.0,1.0,0.0,0.0,0.0
product.Seral.area.young.CWHvm_HW_FDC_L.CC,0,0,10,0.0,10000.0,1.0,1.0,0.0,0.0,0.0
product.Seral.area.young.CWHvm_HW_FDC_L.CC,1,10,10,0.0,10000.0,1.0,1.0,0.0,0.0,0.0
product.Seral.area.young.CWHvm_HW_FDC_L.CC,2,20,10,0.0,10000.0,1.0,1.0,0.0,0.0,0.0
product.Seral.area.young.CWHvm_HW_FDC_L.CC,3,30,10,0.0,10000.0,1.0,1.0,0.0,0.0,0.0
product.Seral.area.young.CWHvm_HW_FDC_L.CC,4,40,10,0.0,10000.0,1.0,1.0,0.0,0.0,0.0
product.Seral.area.young.CWHvm_HW_FDC_L.CC,5,50,10,0.0,10000.0,1.0,1.0,0.0,0.0,0.0
product.Seral.area.young.CWHvm_HW_FDC_L.CC,6,60,10,0.0,10000.0,1.0,1.0,0.0,0.0,0.0
product.Seral.area.young.CWHvm_HW_FDC_L.CC,7,70,10,0.0,10000.0,1.0,1.0,0.0,0.0,0.0
product.Seral.area.young.CWHvm_HW_FDC_L.CC,8,80,10,0.0,10000.0,1.0,1.0,0.0,0.0,0.0
product.Seral.area.young.CWHvm_HW_FDC_L.CC,9,90,10,0.0,10000.0,1.0,1.0,0.0,0.0,0.0
product.Seral.area.young.CWHvm_HW_FDC_L.CC,10,100,10,0.0,10000.0,1.0,1.0,0.0,0.0,0.0
product.Seral.area.young.CWHvm_HW_FDC_L.CC,11,110,10,0.0,10000.0,1.0,1.0,0.0,0.0,0.0
product.Seral.area.young.CWHvm_HW_FDC_L.CC,12,120,10,0.0,10000.0,1.0,1.0,0.0,0.0,0.0
product.Seral.area.young.CWHvm_HW_FDC_L.CC,13,130,10,0.0,10000.0,1.0,1.0,0.0,0.0,0.0
product.Seral.area.young.CWHvm_HW_FDC_L.CC,14,140,10,0.0,10000.0,1.0,1.0,0.0,0.0,0.0
product.Seral.area.young.CWHvm_HW_FDC_L.CC,15,150,10,0.0,10000.0,1.0,1.0,0.0,0.0,0.0
product.Seral.area.young.CWHvm_HW_FDC_L.CC,16,160,10,0.0,10000.0,1.0,1.0,0.0,0.0,0.0
product.Seral.area.young.CWHvm_HW_FDC_L.CC,17,170,10,0.0,10000.0,1.0,1.0,0.0,0.0,0.0
product.Seral.area.young.CWHvm_HW_FDC_L.CC,18,180,10,0.0,10000.0,1.0,1.0,0.0,0.0,0.0
product.Seral.area.young.CWHvm_HW_FDC_L.CC,19,190,10,0.0,10000.0,1.0,1.0,0.0,0.0,0.0
product.Seral.area.young.CWHvm_HW_FDC_L.CC,20,200,10,0.0,10000.0,1.0,1.0,0.0,0.0,0.0
product.Seral.area.young.CWHvm_HW_FDC_L.CC,21,210,10,0.0,10000.0,1.0,1.0,0.0,0.0,0.0
product.Seral.area.young.CWHvm_HW_FDC_L.CC,22,220,10,0.0,10000.0,1.0,1.0,0.0,0.0,0.0
product.Seral.area.young.CWHvm_HW_FDC_L.CC,23,230,10,0.0,10000.0,1.0,1.0,0.0,0.0,0.0
product.Seral.area.young.CWHvm_HW_FDC_L.CC,24,240,10,0.0,10000.0,1.0,1.0,0.0,0.0,0.0
product.Seral.area.young.CWHvm_HW_FDC_L.CC,25,250,10,0.0,10000.0,1.0,1.0,0.0,0.0,0.0
product.Seral.area.young.CWHvm_HW_FDC_L.CC,26,260,10,0.0,10000.0,1.0,1.0,0.0,0.0,0.0
product.Seral.area.young.CWHvm_HW_FDC_L.CC,27,270,10,0.0,10000.0,1.0,1.0,0.0,0.0,0.0
product.Seral.area.young.CWHvm_HW_FDC_L.CC,28,280,10,0.0,10000.0,1.0,1.0,0.0,0.0,0.0
product.Seral.area.young.CWHvm_HW_FDC_L.CC,29,290,10,0.0,10000.0,1.0,1.0,0.0,0.0,0.0
product.Seral.area.young.CWHvm_HW_FDC_L.CC,30,300,10,0.0,10000.0,1.0,1.0,0.0,0.0,0.0
product.Seral.area.young.CWHvm_HW_SS_M.CC,0,0,10,0.0,10000.0,1.0,1.0,0.0,0.0,0.0
product.Seral.area.young.CWHvm_HW_SS_M.CC,1,10,10,0.0,10000.0,1.0,1.0,0.0,0.0,0.0
product.Seral.area.young.CWHvm_HW_SS_M.CC,2,20,10,0.0,10000.0,1.0,1.0,0.0,0.0,0.0
product.Seral.area.young.CWHvm_HW_SS_M.CC,3,30,10,0.0,10000.0,1.0,1.0,0.0,0.0,0.0
product.Seral.area.young.CWHvm_HW_SS_M.CC,4,40,10,0.0,10000.0,1.0,1.0,0.0,0.0,0.0
product.Seral.area.young.CWHvm_HW_SS_M.CC,5,50,10,0.0,10000.0,1.0,1.0,0.0,0.0,0.0
product.Seral.area.young.CWHvm_HW_SS_M.CC,6,60,10,0.0,10000.0,1.0,1.0,0.0,0.0,0.0
product.Seral.area.young.CWHvm_HW_SS_M.CC,7,70,10,0.0,10000.0,1.0,1.0,0.0,0.0,0.0
product.Seral.area.young.CWHvm_HW_SS_M.CC,8,80,10,0.0,10000.0,1.0,1.0,0.0,0.0,0.0
product.Seral.area.young.CWHvm_HW_SS_M.CC,9,90,10,0.0,10000.0,1.0,1.0,0.0,0.0,0.0
product.Seral.area.young.CWHvm_HW_SS_M.CC,10,100,10,0.0,10000.0,1.0,1.0,0.0,0.0,0.0
product.Seral.area.young.CWHvm_HW_SS_M.CC,11,110,10,0.0,10000.0,1.0,1.0,0.0,0.0,0.0
product.Seral.area.young.CWHvm_HW_SS_M.CC,12,120,10,0.0,10000.0,1.0,1.0,0.0,0.0,0.0
product.Seral.area.young.CWHvm_HW_SS_M.CC,13,130,10,0.0,10000.0,1.0,1.0,0.0,0.0,0.0
product.Seral.area.young.CWHvm_HW_SS_M.CC,14,140,10,0.0,10000.0,1.0,1.0,0.0,0.0,0.0
product.Seral.area.young.CWHvm_HW_SS_M.CC,15,150,10,0.0,10000.0,1.0,1.0,0.0,0.0,0.0
product.Seral.area.young.CWHvm_HW_SS_M.CC,16,160,10,0.0,10000.0,1.0,1.0,0.0,0.0,0.0
product.Seral.area.young.CWHvm_HW_SS_M.CC,17,170,10,0.0,10000.0,1.0,1.0,0.0,0.0,0.0
product.Seral.area.young.CWHvm_HW_SS_M.CC,18,180,10,0.0,10000.0,1.0,1.0,0.0,0.0,0.0
product.Seral.area.young.CWHvm_HW_SS_M.CC,19,190,10,0.0,10000.0,1.0,1.0,0.0,0.0,0.0
product.Seral.area.young.CWHvm_HW_SS_M.CC,20,200,10,0.0,10000.0,1.0,1.0,0.0,0.0,0.0
product.Seral.area.young.CWHvm_HW_SS_M.CC,21,210,10,0.0,10000.0,1.0,1.0,0.0,0.0,0.0
product.Seral.area.young.CWHvm_HW_SS_M.CC,22,220,10,0.0,10000.0,1.0,1.0,0.0,0.0,0.0
product.Seral.area.young.CWHvm_HW_SS_M.CC,23,230,10,0.0,10000.0,1.0,1.0,0.0,0.0,0.0
product.Seral.area.young.CWHvm_HW_SS_M.CC,24,240,10,0.0,10000.0,1.0,1.0,0.0,0.0,0.0
product.Seral.area.young.CWHvm_HW_SS_M.CC,25,250,10,0.0,10000.0,1.0,1.0,0.0,0.0,0.0
product.Seral.area.young.CWHvm_HW_SS_M.CC,26,260,10,0.0,10000.0,1.0,1.0,0.0,0.0,0.0
product.Seral.area.young.CWHvm_HW_SS_M.CC,27,270,10,0.0,10000.0,1.0,1.0,0.0,0.0,0.0
product.Seral.area.young.CWHvm_HW_SS_M.CC,28,280,10,0.0,10000.0,1.0,1.0,0.0,0.0,0.0
product.Seral.area.young.CWHvm_HW_SS_M.CC,29,290,10,0.0,10000.0,1.0,1.0,0.0,0.0,0.0
product.Seral.area.young.CWHvm_HW_SS_M.CC,30,300,10,0.0,10000.0,1.0,1.0,0.0,0.0,0.0
product.SpeciesProp.managed.CW,0,0,10,0.0,10000.0,1.0,1.0,0.0,0.0,0.0
product.SpeciesProp.managed.CW,1,10,10,0.0,10000.0,1.0,1.0,2.8369998931884766,0.0,0.0
product.SpeciesProp.managed.CW,2,20,10,0.0,10000.0,1.0,1.0,7.949999809265137,0.0,0.0
product.SpeciesProp.managed.CW,3,30,10,0.0,10000.0,1.0,1.0,9.571999549865723,0.0,0.0
product.SpeciesProp.managed.CW,4,40,10,0.0,10000.0,1.0,1.0,11.345999717712402,0.0,0.0
product.SpeciesProp.managed.CW,5,50,10,0.0,10000.0,1.0,1.0,10.956000328063965,0.0,0.0
product.SpeciesProp.managed.CW,6,60,10,0.0,10000.0,1.0,1.0,11.869000434875488,0.0,0.0
product.SpeciesProp.managed.CW,7,70,10,0.0,10000.0,1.0,1.0,13.345000267028809,0.0,0.0
product.SpeciesProp.managed.CW,8,80,10,0.0,10000.0,1.0,1.0,6.611999988555908,0.0,0.0
product.SpeciesProp.managed.CW,9,90,10,0.0,10000.0,1.0,1.0,10.135000228881836,0.0,0.0
product.SpeciesProp.managed.CW,10,100,10,0.0,10000.0,1.0,1.0,16.386999130249023,0.0,0.0
product.SpeciesProp.managed.CW,11,110,10,0.0,10000.0,1.0,1.0,20.972999572753906,0.0,0.0
product.SpeciesProp.managed.CW,12,120,10,0.0,10000.0,1.0,1.0,14.104000091552734,0.0,0.0
product.SpeciesProp.managed.CW,13,130,10,0.0,10000.0,1.0,1.0,11.138999938964844,0.0,0.0
product.SpeciesProp.managed.CW,14,140,10,0.0,10000.0,1.0,1.0,13.3149995803833,0.0,0.0
product.SpeciesProp.managed.CW,15,150,10,0.0,10000.0,1.0,1.0,17.267000198364258,0.0,0.0
product.SpeciesProp.managed.CW,16,160,10,0.0,10000.0,1.0,1.0,13.305000305175781,0.0,0.0
product.SpeciesProp.managed.CW,17,170,10,0.0,10000.0,1.0,1.0,17.31800079345703,0.0,0.0
product.SpeciesProp.managed.CW,18,180,10,0.0,10000.0,1.0,1.0,15.446000099182129,0.0,0.0
product.SpeciesProp.managed.CW,19,190,10,0.0,10000.0,1.0,1.0,17.05299949645996,0.0,0.0
product.SpeciesProp.managed.CW,20,200,10,0.0,10000.0,1.0,1.0,12.66100025177002,0.0,0.0
product.SpeciesProp.managed.CW,21,210,10,0.0,10000.0,1.0,1.0,15.517000198364258,0.0,0.0
product.SpeciesProp.managed.CW,22,220,10,0.0,10000.0,1.0,1.0,7.885000228881836,0.0,0.0
product.SpeciesProp.managed.CW,23,230,10,0.0,10000.0,1.0,1.0,10.369000434875488,0.0,0.0
product.SpeciesProp.managed.CW,24,240,10,0.0,10000.0,1.0,1.0,12.180000305175781,0.0,0.0
product.SpeciesProp.managed.CW,25,250,10,0.0,10000.0,1.0,1.0,21.770999908447266,0.0,0.0
product.SpeciesProp.managed.CW,26,260,10,0.0,10000.0,1.0,1.0,23.118999481201172,0.0,0.0
product.SpeciesProp.managed.CW,27,270,10,0.0,10000.0,1.0,1.0,14.670999526977539,0.0,0.0
product.SpeciesProp.managed.CW,28,280,10,0.0,10000.0,1.0,1.0,21.57900047302246,0.0,0.0
product.SpeciesProp.managed.CW,29,290,10,0.0,10000.0,1.0,1.0,20.437000274658203,0.0,0.0
product.SpeciesProp.managed.CW,30,300,10,0.0,10000.0,1.0,1.0,18.82699966430664,0.0,0.0
product.SpeciesProp.managed.FDC,0,0,10,0.0,10000.0,1.0,1.0,0.0,0.0,0.0
product.SpeciesProp.managed.FDC,1,10,10,0.0,10000.0,1.0,1.0,11.350000381469727,0.0,0.0
product.SpeciesProp.managed.FDC,2,20,10,0.0,10000.0,1.0,1.0,23.858999252319336,0.0,0.0
product.SpeciesProp.managed.FDC,3,30,10,0.0,10000.0,1.0,1.0,20.570999145507812,0.0,0.0
product.SpeciesProp.managed.FDC,4,40,10,0.0,10000.0,1.0,1.0,20.59000015258789,0.0,0.0
product.SpeciesProp.managed.FDC,5,50,10,0.0,10000.0,1.0,1.0,14.640999794006348,0.0,0.0
product.SpeciesProp.managed.FDC,6,60,10,0.0,10000.0,1.0,1.0,13.986000061035156,0.0,0.0
product.SpeciesProp.managed.FDC,7,70,10,0.0,10000.0,1.0,1.0,26.55500030517578,0.0,0.0
product.SpeciesProp.managed.FDC,8,80,10,0.0,10000.0,1.0,1.0,19.993999481201172,0.0,0.0
product.SpeciesProp.managed.FDC,9,90,10,0.0,10000.0,1.0,1.0,29.011999130249023,0.0,0.0
product.SpeciesProp.managed.FDC,10,100,10,0.0,10000.0,1.0,1.0,22.85099983215332,0.0,0.0
product.SpeciesProp.managed.FDC,11,110,10,0.0,10000.0,1.0,1.0,21.381999969482422,0.0,0.0
product.SpeciesProp.managed.FDC,12,120,10,0.0,10000.0,1.0,1.0,21.297000885009766,0.0,0.0
product.SpeciesProp.managed.FDC,13,130,10,0.0,10000.0,1.0,1.0,11.781999588012695,0.0,0.0
product.SpeciesProp.managed.FDC,14,140,10,0.0,10000.0,1.0,1.0,26.538000106811523,0.0,0.0
product.SpeciesProp.managed.FDC,15,150,10,0.0,10000.0,1.0,1.0,24.172000885009766,0.0,0.0
product.SpeciesProp.managed.FDC,16,160,10,0.0,10000.0,1.0,1.0,26.46299934387207,0.0,0.0
product.SpeciesProp.managed.FDC,17,170,10,0.0,10000.0,1.0,1.0,19.301000595092773,0.0,0.0
product.SpeciesProp.managed.FDC,18,180,10,0.0,10000.0,1.0,1.0,15.819999694824219,0.0,0.0
product.SpeciesProp.managed.FDC,19,190,10,0.0,10000.0,1.0,1.0,25.983999252319336,0.0,0.0
product.SpeciesProp.managed.FDC,20,200,10,0.0,10000.0,1.0,1.0,17.915000915527344,0.0,0.0
product.SpeciesProp.managed.FDC,21,210,10,0.0,10000.0,1.0,1.0,30.5,0.0,0.0
product.SpeciesProp.managed.FDC,22,220,10,0.0,10000.0,1.0,1.0,30.75,0.0,0.0
product.SpeciesProp.managed.FDC,23,230,10,0.0,10000.0,1.0,1.0,11.208000183105469,0.0,0.0
product.SpeciesProp.managed.FDC,24,240,10,0.0,10000.0,1.0,1.0,23.3439998626709,0.0,0.0
product.SpeciesProp.managed.FDC,25,250,10,0.0,10000.0,1.0,1.0,12.463000297546387,0.0,0.0
product.SpeciesProp.managed.FDC,26,260,10,0.0,10000.0,1.0,1.0,27.43899917602539,0.0,0.0
product.SpeciesProp.managed.FDC,27,270,10,0.0,10000.0,1.0,1.0,39.56999969482422,0.0,0.0
product.SpeciesProp.managed.FDC,28,280,10,0.0,10000.0,1.0,1.0,20.948999404907227,0.0,0.0
product.SpeciesProp.managed.FDC,29,290,10,0.0,10000.0,1.0,1.0,25.216999053955078,0.0,0.0
product.SpeciesProp.managed.FDC,30,300,10,0.0,10000.0,1.0,1.0,31.82200050354004,0.0,0.0
product.SpeciesProp.managed.HW,0,0,10,0.0,10000.0,1.0,1.0,0.0,0.0,0.0
product.SpeciesProp.managed.HW,1,10,10,0.0,10000.0,1.0,1.0,4.729000091552734,0.0,0.0
product.SpeciesProp.managed.HW,2,20,10,0.0,10000.0,1.0,1.0,18.10700035095215,0.0,0.0
product.SpeciesProp.managed.HW,3,30,10,0.0,10000.0,1.0,1.0,25.232999801635742,0.0,0.0
product.SpeciesProp.managed.HW,4,40,10,0.0,10000.0,1.0,1.0,32.58000183105469,0.0,0.0
product.SpeciesProp.managed.HW,5,50,10,0.0,10000.0,1.0,1.0,36.233001708984375,0.0,0.0
product.SpeciesProp.managed.HW,6,60,10,0.0,10000.0,1.0,1.0,38.66999816894531,0.0,0.0
product.SpeciesProp.managed.HW,7,70,10,0.0,10000.0,1.0,1.0,36.292999267578125,0.0,0.0
product.SpeciesProp.managed.HW,8,80,10,0.0,10000.0,1.0,1.0,16.94700050354004,0.0,0.0
product.SpeciesProp.managed.HW,9,90,10,0.0,10000.0,1.0,1.0,22.93199920654297,0.0,0.0
product.SpeciesProp.managed.HW,10,100,10,0.0,10000.0,1.0,1.0,49.676998138427734,0.0,0.0
product.SpeciesProp.managed.HW,11,110,10,0.0,10000.0,1.0,1.0,67.69499969482422,0.0,0.0
product.SpeciesProp.managed.HW,12,120,10,0.0,10000.0,1.0,1.0,42.944000244140625,0.0,0.0
product.SpeciesProp.managed.HW,13,130,10,0.0,10000.0,1.0,1.0,36.99800109863281,0.0,0.0
product.SpeciesProp.managed.HW,14,140,10,0.0,10000.0,1.0,1.0,36.1870002746582,0.0,0.0
product.SpeciesProp.managed.HW,15,150,10,0.0,10000.0,1.0,1.0,52.29199981689453,0.0,0.0
product.SpeciesProp.managed.HW,16,160,10,0.0,10000.0,1.0,1.0,39.08399963378906,0.0,0.0
product.SpeciesProp.managed.HW,17,170,10,0.0,10000.0,1.0,1.0,55.249000549316406,0.0,0.0
product.SpeciesProp.managed.HW,18,180,10,0.0,10000.0,1.0,1.0,49.82400131225586,0.0,0.0
product.SpeciesProp.managed.HW,19,190,10,0.0,10000.0,1.0,1.0,50.53499984741211,0.0,0.0
product.SpeciesProp.managed.HW,20,200,10,0.0,10000.0,1.0,1.0,41.14099884033203,0.0,0.0
product.SpeciesProp.managed.HW,21,210,10,0.0,10000.0,1.0,1.0,43.0890007019043,0.0,0.0
product.SpeciesProp.managed.HW,22,220,10,0.0,10000.0,1.0,1.0,14.821999549865723,0.0,0.0
product.SpeciesProp.managed.HW,23,230,10,0.0,10000.0,1.0,1.0,33.13100051879883,0.0,0.0
product.SpeciesProp.managed.HW,24,240,10,0.0,10000.0,1.0,1.0,33.59299850463867,0.0,0.0
product.SpeciesProp.managed.HW,25,250,10,0.0,10000.0,1.0,1.0,75.83799743652344,0.0,0.0
product.SpeciesProp.managed.HW,26,260,10,0.0,10000.0,1.0,1.0,73.73999786376953,0.0,0.0
product.SpeciesProp.managed.HW,27,270,10,0.0,10000.0,1.0,1.0,38.52000045776367,0.0,0.0
product.SpeciesProp.managed.HW,28,280,10,0.0,10000.0,1.0,1.0,70.54499816894531,0.0,0.0
product.SpeciesProp.managed.HW,29,290,10,0.0,10000.0,1.0,1.0,63.667999267578125,0.0,0.0
product.SpeciesProp.managed.HW,30,300,10,0.0,10000.0,1.0,1.0,56.11399841308594,0.0,0.0
product.Treated.managed.CWHvm_CW_HW_M.CC,0,0,10,0.0,10000.0,1.0,1.0,0.0,0.0,0.0
product.Treated.managed.CWHvm_CW_HW_M.CC,1,10,10,0.0,10000.0,1.0,1.0,18.517000198364258,0.0,0.0
product.Treated.managed.CWHvm_CW_HW_M.CC,2,20,10,0.0,10000.0,1.0,1.0,2.934000015258789,0.0,0.0
product.Treated.managed.CWHvm_CW_HW_M.CC,3,30,10,0.0,10000.0,1.0,1.0,0.0,0.0,0.0
product.Treated.managed.CWHvm_CW_HW_M.CC,4,40,10,0.0,10000.0,1.0,1.0,2.1459999084472656,0.0,0.0
product.Treated.managed.CWHvm_CW_HW_M.CC,5,50,10,0.0,10000.0,1.0,1.0,19.410999298095703,0.0,0.0
product.Treated.managed.CWHvm_CW_HW_M.CC,6,60,10,0.0,10000.0,1.0,1.0,0.0,0.0,0.0
product.Treated.managed.CWHvm_CW_HW_M.CC,7,70,10,0.0,10000.0,1.0,1.0,0.0,0.0,0.0
product.Treated.managed.CWHvm_CW_HW_M.CC,8,80,10,0.0,10000.0,1.0,1.0,0.0,0.0,0.0
product.Treated.managed.CWHvm_CW_HW_M.CC,9,90,10,0.0,10000.0,1.0,1.0,0.0,0.0,0.0
product.Treated.managed.CWHvm_CW_HW_M.CC,10,100,10,0.0,10000.0,1.0,1.0,7.992000102996826,0.0,0.0
product.Treated.managed.CWHvm_CW_HW_M.CC,11,110,10,0.0,10000.0,1.0,1.0,61.78099822998047,0.0,0.0
product.Treated.managed.CWHvm_CW_HW_M.CC,12,120,10,0.0,10000.0,1.0,1.0,0.0,0.0,0.0
product.Treated.managed.CWHvm_CW_HW_M.CC,13,130,10,0.0,10000.0,1.0,1.0,6.922999858856201,0.0,0.0
product.Treated.managed.CWHvm_CW_HW_M.CC,14,140,10,0.0,10000.0,1.0,1.0,9.178000450134277,0.0,0.0
product.Treated.managed.CWHvm_CW_HW_M.CC,15,150,10,0.0,10000.0,1.0,1.0,10.309000015258789,0.0,0.0
product.Treated.managed.CWHvm_CW_HW_M.CC,16,160,10,0.0,10000.0,1.0,1.0,1.9639999866485596,0.0,0.0
product.Treated.managed.CWHvm_CW_HW_M.CC,17,170,10,0.0,10000.0,1.0,1.0,21.55699920654297,0.0,0.0
product.Treated.managed.CWHvm_CW_HW_M.CC,18,180,10,0.0,10000.0,1.0,1.0,0.0,0.0,0.0
product.Treated.managed.CWHvm_CW_HW_M.CC,19,190,10,0.0,10000.0,1.0,1.0,0.0,0.0,0.0
product.Treated.managed.CWHvm_CW_HW_M.CC,20,200,10,0.0,10000.0,1.0,1.0,0.0,0.0,0.0
product.Treated.managed.CWHvm_CW_HW_M.CC,21,210,10,0.0,10000.0,1.0,1.0,0.0,0.0,0.0
product.Treated.managed.CWHvm_CW_HW_M.CC,22,220,10,0.0,10000.0,1.0,1.0,0.0,0.0,0.0
product.Treated.managed.CWHvm_CW_HW_M.CC,23,230,10,0.0,10000.0,1.0,1.0,0.0,0.0,0.0
product.Treated.managed.CWHvm_CW_HW_M.CC,24,240,10,0.0,10000.0,1.0,1.0,0.0,0.0,0.0
product.Treated.managed.CWHvm_CW_HW_M.CC,25,250,10,0.0,10000.0,1.0,1.0,44.55699920654297,0.0,0.0
product.Treated.managed.CWHvm_CW_HW_M.CC,26,260,10,0.0,10000.0,1.0,1.0,25.215999603271484,0.0,0.0
product.Treated.managed.CWHvm_CW_HW_M.CC,27,270,10,0.0,10000.0,1.0,1.0,5.6519999504089355,0.0,0.0
product.Treated.managed.CWHvm_CW_HW_M.CC,28,280,10,0.0,10000.0,1.0,1.0,28.975000381469727,0.0,0.0
product.Treated.managed.CWHvm_CW_HW_M.CC,29,290,10,0.0,10000.0,1.0,1.0,4.698999881744385,0.0,0.0
product.Treated.managed.CWHvm_CW_HW_M.CC,30,300,10,0.0,10000.0,1.0,1.0,10.604999542236328,0.0,0.0
product.Treated.managed.CWHvm_DR_HW_M.CC,0,0,10,0.0,10000.0,1.0,1.0,0.0,0.0,0.0
product.Treated.managed.CWHvm_DR_HW_M.CC,1,10,10,0.0,10000.0,1.0,1.0,0.0,0.0,0.0
product.Treated.managed.CWHvm_DR_HW_M.CC,2,20,10,0.0,10000.0,1.0,1.0,3.6700000762939453,0.0,0.0
product.Treated.managed.CWHvm_DR_HW_M.CC,3,30,10,0.0,10000.0,1.0,1.0,0.0,0.0,0.0
product.Treated.managed.CWHvm_DR_HW_M.CC,4,40,10,0.0,10000.0,1.0,1.0,3.5850000381469727,0.0,0.0
product.Treated.managed.CWHvm_DR_HW_M.CC,5,50,10,0.0,10000.0,1.0,1.0,14.097000122070312,0.0,0.0
product.Treated.managed.CWHvm_DR_HW_M.CC,6,60,10,0.0,10000.0,1.0,1.0,7.0929999351501465,0.0,0.0
product.Treated.managed.CWHvm_DR_HW_M.CC,7,70,10,0.0,10000.0,1.0,1.0,0.0,0.0,0.0
product.Treated.managed.CWHvm_DR_HW_M.CC,8,80,10,0.0,10000.0,1.0,1.0,13.381999969482422,0.0,0.0
product.Treated.managed.CWHvm_DR_HW_M.CC,9,90,10,0.0,10000.0,1.0,1.0,0.0,0.0,0.0
product.Treated.managed.CWHvm_DR_HW_M.CC,10,100,10,0.0,10000.0,1.0,1.0,0.0,0.0,0.0
product.Treated.managed.CWHvm_DR_HW_M.CC,11,110,10,0.0,10000.0,1.0,1.0,0.0,0.0,0.0
product.Treated.managed.CWHvm_DR_HW_M.CC,12,120,10,0.0,10000.0,1.0,1.0,5.456999778747559,0.0,0.0
product.Treated.managed.CWHvm_DR_HW_M.CC,13,130,10,0.0,10000.0,1.0,1.0,6.6529998779296875,0.0,0.0
product.Treated.managed.CWHvm_DR_HW_M.CC,14,140,10,0.0,10000.0,1.0,1.0,0.0,0.0,0.0
product.Treated.managed.CWHvm_DR_HW_M.CC,15,150,10,0.0,10000.0,1.0,1.0,0.0,0.0,0.0
product.Treated.managed.CWHvm_DR_HW_M.CC,16,160,10,0.0,10000.0,1.0,1.0,15.241999626159668,0.0,0.0
product.Treated.managed.CWHvm_DR_HW_M.CC,17,170,10,0.0,10000.0,1.0,1.0,1.093000054359436,0.0,0.0
product.Treated.managed.CWHvm_DR_HW_M.CC,18,180,10,0.0,10000.0,1.0,1.0,0.0,0.0,0.0
product.Treated.managed.CWHvm_DR_HW_M.CC,19,190,10,0.0,10000.0,1.0,1.0,0.0,0.0,0.0
product.Treated.managed.CWHvm_DR_HW_M.CC,20,200,10,0.0,10000.0,1.0,1.0,15.168999671936035,0.0,0.0
product.Treated.managed.CWHvm_DR_HW_M.CC,21,210,10,0.0,10000.0,1.0,1.0,3.6700000762939453,0.0,0.0
product.Treated.managed.CWHvm_DR_HW_M.CC,22,220,10,0.0,10000.0,1.0,1.0,6.6529998779296875,0.0,0.0
product.Treated.managed.CWHvm_DR_HW_M.CC,23,230,10,0.0,10000.0,1.0,1.0,0.0,0.0,0.0
product.Treated.managed.CWHvm_DR_HW_M.CC,24,240,10,0.0,10000.0,1.0,1.0,0.0,0.0,0.0
product.Treated.managed.CWHvm_DR_HW_M.CC,25,250,10,0.0,10000.0,1.0,1.0,2.4240000247955322,0.0,0.0
product.Treated.managed.CWHvm_DR_HW_M.CC,26,260,10,0.0,10000.0,1.0,1.0,6.0,0.0,0.0
product.Treated.managed.CWHvm_DR_HW_M.CC,27,270,10,0.0,10000.0,1.0,1.0,21.292999267578125,0.0,0.0
product.Treated.managed.CWHvm_DR_HW_M.CC,28,280,10,0.0,10000.0,1.0,1.0,1.7869999408721924,0.0,0.0
product.Treated.managed.CWHvm_DR_HW_M.CC,29,290,10,0.0,10000.0,1.0,1.0,0.0,0.0,0.0
product.Treated.managed.CWHvm_DR_HW_M.CC,30,300,10,0.0,10000.0,1.0,1.0,10.322999954223633,0.0,0.0
product.Treated.managed.CWHvm_FDC_HW_H.CC,0,0,10,0.0,10000.0,1.0,1.0,0.0,0.0,0.0
product.Treated.managed.CWHvm_FDC_HW_H.CC,1,10,10,0.0,10000.0,1.0,1.0,18.916000366210938,0.0,0.0
product.Treated.managed.CWHvm_FDC_HW_H.CC,2,20,10,0.0,10000.0,1.0,1.0,21.854999542236328,0.0,0.0
product.Treated.managed.CWHvm_FDC_HW_H.CC,3,30,10,0.0,10000.0,1.0,1.0,27.010000228881836,0.0,0.0
product.Treated.managed.CWHvm_FDC_HW_H.CC,4,40,10,0.0,10000.0,1.0,1.0,17.0939998626709,0.0,0.0
product.Treated.managed.CWHvm_FDC_HW_H.CC,5,50,10,0.0,10000.0,1.0,1.0,0.0,0.0,0.0
product.Treated.managed.CWHvm_FDC_HW_H.CC,6,60,10,0.0,10000.0,1.0,1.0,6.557000160217285,0.0,0.0
product.Treated.managed.CWHvm_FDC_HW_H.CC,7,70,10,0.0,10000.0,1.0,1.0,37.87099838256836,0.0,0.0
product.Treated.managed.CWHvm_FDC_HW_H.CC,8,80,10,0.0,10000.0,1.0,1.0,15.220000267028809,0.0,0.0
product.Treated.managed.CWHvm_FDC_HW_H.CC,9,90,10,0.0,10000.0,1.0,1.0,34.130001068115234,0.0,0.0
product.Treated.managed.CWHvm_FDC_HW_H.CC,10,100,10,0.0,10000.0,1.0,1.0,6.635000228881836,0.0,0.0
product.Treated.managed.CWHvm_FDC_HW_H.CC,11,110,10,0.0,10000.0,1.0,1.0,11.795999526977539,0.0,0.0
product.Treated.managed.CWHvm_FDC_HW_H.CC,12,120,10,0.0,10000.0,1.0,1.0,17.0939998626709,0.0,0.0
product.Treated.managed.CWHvm_FDC_HW_H.CC,13,130,10,0.0,10000.0,1.0,1.0,0.0,0.0,0.0
product.Treated.managed.CWHvm_FDC_HW_H.CC,14,140,10,0.0,10000.0,1.0,1.0,37.87099838256836,0.0,0.0
product.Treated.managed.CWHvm_FDC_HW_H.CC,15,150,10,0.0,10000.0,1.0,1.0,29.599000930786133,0.0,0.0
product.Treated.managed.CWHvm_FDC_HW_H.CC,16,160,10,0.0,10000.0,1.0,1.0,7.392000198364258,0.0,0.0
product.Treated.managed.CWHvm_FDC_HW_H.CC,17,170,10,0.0,10000.0,1.0,1.0,18.916000366210938,0.0,0.0
product.Treated.managed.CWHvm_FDC_HW_H.CC,18,180,10,0.0,10000.0,1.0,1.0,6.635000228881836,0.0,0.0
product.Treated.managed.CWHvm_FDC_HW_H.CC,19,190,10,0.0,10000.0,1.0,1.0,11.795999526977539,0.0,0.0
product.Treated.managed.CWHvm_FDC_HW_H.CC,20,200,10,0.0,10000.0,1.0,1.0,0.0,0.0,0.0
product.Treated.managed.CWHvm_FDC_HW_H.CC,21,210,10,0.0,10000.0,1.0,1.0,38.77799987792969,0.0,0.0
product.Treated.managed.CWHvm_FDC_HW_H.CC,22,220,10,0.0,10000.0,1.0,1.0,39.229000091552734,0.0,0.0
product.Treated.managed.CWHvm_FDC_HW_H.CC,23,230,10,0.0,10000.0,1.0,1.0,0.0,0.0,0.0
product.Treated.managed.CWHvm_FDC_HW_H.CC,24,240,10,0.0,10000.0,1.0,1.0,32.8650016784668,0.0,0.0
product.Treated.managed.CWHvm_FDC_HW_H.CC,25,250,10,0.0,10000.0,1.0,1.0,0.0,0.0,0.0
product.Treated.managed.CWHvm_FDC_HW_H.CC,26,260,10,0.0,10000.0,1.0,1.0,13.862000465393066,0.0,0.0
product.Treated.managed.CWHvm_FDC_HW_H.CC,27,270,10,0.0,10000.0,1.0,1.0,26.253000259399414,0.0,0.0
product.Treated.managed.CWHvm_FDC_HW_H.CC,28,280,10,0.0,10000.0,1.0,1.0,1.3580000400543213,0.0,0.0
product.Treated.managed.CWHvm_FDC_HW_H.CC,29,290,10,0.0,10000.0,1.0,1.0,17.0939998626709,0.0,0.0
product.Treated.managed.CWHvm_FDC_HW_H.CC,30,300,10,0.0,10000.0,1.0,1.0,26.308000564575195,0.0,0.0
product.Treated.managed.CWHvm_FDC_HW_L.CC,0,0,10,0.0,10000.0,1.0,1.0,0.0,0.0,0.0
product.Treated.managed.CWHvm_FDC_HW_L.CC,1,10,10,0.0,10000.0,1.0,1.0,12.5,0.0,0.0
product.Treated.managed.CWHvm_FDC_HW_L.CC,2,20,10,0.0,10000.0,1.0,1.0,0.0,0.0,0.0
product.Treated.managed.CWHvm_FDC_HW_L.CC,3,30,10,0.0,10000.0,1.0,1.0,0.0,0.0,0.0
product.Treated.managed.CWHvm_FDC_HW_L.CC,4,40,10,0.0,10000.0,1.0,1.0,3.5950000286102295,0.0,0.0
product.Treated.managed.CWHvm_FDC_HW_L.CC,5,50,10,0.0,10000.0,1.0,1.0,0.0,0.0,0.0
product.Treated.managed.CWHvm_FDC_HW_L.CC,6,60,10,0.0,10000.0,1.0,1.0,0.0,0.0,0.0
product.Treated.managed.CWHvm_FDC_HW_L.CC,7,70,10,0.0,10000.0,1.0,1.0,0.0,0.0,0.0
product.Treated.managed.CWHvm_FDC_HW_L.CC,8,80,10,0.0,10000.0,1.0,1.0,0.0,0.0,0.0
product.Treated.managed.CWHvm_FDC_HW_L.CC,9,90,10,0.0,10000.0,1.0,1.0,0.0,0.0,0.0
product.Treated.managed.CWHvm_FDC_HW_L.CC,10,100,10,0.0,10000.0,1.0,1.0,12.5,0.0,0.0
product.Treated.managed.CWHvm_FDC_HW_L.CC,11,110,10,0.0,10000.0,1.0,1.0,0.0,0.0,0.0
product.Treated.managed.CWHvm_FDC_HW_L.CC,12,120,10,0.0,10000.0,1.0,1.0,0.0,0.0,0.0
product.Treated.managed.CWHvm_FDC_HW_L.CC,13,130,10,0.0,10000.0,1.0,1.0,3.5950000286102295,0.0,0.0
product.Treated.managed.CWHvm_FDC_HW_L.CC,14,140,10,0.0,10000.0,1.0,1.0,0.0,0.0,0.0
product.Treated.managed.CWHvm_FDC_HW_L.CC,15,150,10,0.0,10000.0,1.0,1.0,0.0,0.0,0.0
product.Treated.managed.CWHvm_FDC_HW_L.CC,16,160,10,0.0,10000.0,1.0,1.0,0.0,0.0,0.0
product.Treated.managed.CWHvm_FDC_HW_L.CC,17,170,10,0.0,10000.0,1.0,1.0,0.0,0.0,0.0
product.Treated.managed.CWHvm_FDC_HW_L.CC,18,180,10,0.0,10000.0,1.0,1.0,0.0,0.0,0.0
product.Treated.managed.CWHvm_FDC_HW_L.CC,19,190,10,0.0,10000.0,1.0,1.0,12.5,0.0,0.0
product.Treated.managed.CWHvm_FDC_HW_L.CC,20,200,10,0.0,10000.0,1.0,1.0,0.0,0.0,0.0
product.Treated.managed.CWHvm_FDC_HW_L.CC,21,210,10,0.0,10000.0,1.0,1.0,0.0,0.0,0.0
product.Treated.managed.CWHvm_FDC_HW_L.CC,22,220,10,0.0,10000.0,1.0,1.0,3.5950000286102295,0.0,0.0
product.Treated.managed.CWHvm_FDC_HW_L.CC,23,230,10,0.0,10000.0,1.0,1.0,0.0,0.0,0.0
product.Treated.managed.CWHvm_FDC_HW_L.CC,24,240,10,0.0,10000.0,1.0,1.0,0.0,0.0,0.0
product.Treated.managed.CWHvm_FDC_HW_L.CC,25,250,10,0.0,10000.0,1.0,1.0,0.0,0.0,0.0
product.Treated.managed.CWHvm_FDC_HW_L.CC,26,260,10,0.0,10000.0,1.0,1.0,0.0,0.0,0.0
product.Treated.managed.CWHvm_FDC_HW_L.CC,27,270,10,0.0,10000.0,1.0,1.0,0.0,0.0,0.0
product.Treated.managed.CWHvm_FDC_HW_L.CC,28,280,10,0.0,10000.0,1.0,1.0,12.5,0.0,0.0
product.Treated.managed.CWHvm_FDC_HW_L.CC,29,290,10,0.0,10000.0,1.0,1.0,0.0,0.0,0.0
product.Treated.managed.CWHvm_FDC_HW_L.CC,30,300,10,0.0,10000.0,1.0,1.0,3.5950000286102295,0.0,0.0
product.Treated.managed.CWHvm_FDC_HW_M.CC,0,0,10,0.0,10000.0,1.0,1.0,0.0,0.0,0.0
product.Treated.managed.CWHvm_FDC_HW_M.CC,1,10,10,0.0,10000.0,1.0,1.0,0.0,0.0,0.0
product.Treated.managed.CWHvm_FDC_HW_M.CC,2,20,10,0.0,10000.0,1.0,1.0,11.47700023651123,0.0,0.0
product.Treated.managed.CWHvm_FDC_HW_M.CC,3,30,10,0.0,10000.0,1.0,1.0,17.740999221801758,0.0,0.0
product.Treated.managed.CWHvm_FDC_HW_M.CC,4,40,10,0.0,10000.0,1.0,1.0,3.2829999923706055,0.0,0.0
product.Treated.managed.CWHvm_FDC_HW_M.CC,5,50,10,0.0,10000.0,1.0,1.0,0.0,0.0,0.0
product.Treated.managed.CWHvm_FDC_HW_M.CC,6,60,10,0.0,10000.0,1.0,1.0,0.0,0.0,0.0
product.Treated.managed.CWHvm_FDC_HW_M.CC,7,70,10,0.0,10000.0,1.0,1.0,0.0,0.0,0.0
product.Treated.managed.CWHvm_FDC_HW_M.CC,8,80,10,0.0,10000.0,1.0,1.0,0.0,0.0,0.0
product.Treated.managed.CWHvm_FDC_HW_M.CC,9,90,10,0.0,10000.0,1.0,1.0,11.47700023651123,0.0,0.0
product.Treated.managed.CWHvm_FDC_HW_M.CC,10,100,10,0.0,10000.0,1.0,1.0,8.784000396728516,0.0,0.0
product.Treated.managed.CWHvm_FDC_HW_M.CC,11,110,10,0.0,10000.0,1.0,1.0,8.956999778747559,0.0,0.0
product.Treated.managed.CWHvm_FDC_HW_M.CC,12,120,10,0.0,10000.0,1.0,1.0,3.2829999923706055,0.0,0.0
product.Treated.managed.CWHvm_FDC_HW_M.CC,13,130,10,0.0,10000.0,1.0,1.0,0.0,0.0,0.0
product.Treated.managed.CWHvm_FDC_HW_M.CC,14,140,10,0.0,10000.0,1.0,1.0,0.0,0.0,0.0
product.Treated.managed.CWHvm_FDC_HW_M.CC,15,150,10,0.0,10000.0,1.0,1.0,0.0,0.0,0.0
product.Treated.managed.CWHvm_FDC_HW_M.CC,16,160,10,0.0,10000.0,1.0,1.0,11.47700023651123,0.0,0.0
product.Treated.managed.CWHvm_FDC_HW_M.CC,17,170,10,0.0,10000.0,1.0,1.0,0.0,0.0,0.0
product.Treated.managed.CWHvm_FDC_HW_M.CC,18,180,10,0.0,10000.0,1.0,1.0,8.784000396728516,0.0,0.0
product.Treated.managed.CWHvm_FDC_HW_M.CC,19,190,10,0.0,10000.0,1.0,1.0,8.956999778747559,0.0,0.0
product.Treated.managed.CWHvm_FDC_HW_M.CC,20,200,10,0.0,10000.0,1.0,1.0,3.2829999923706055,0.0,0.0
product.Treated.managed.CWHvm_FDC_HW_M.CC,21,210,10,0.0,10000.0,1.0,1.0,0.0,0.0,0.0
product.Treated.managed.CWHvm_FDC_HW_M.CC,22,220,10,0.0,10000.0,1.0,1.0,0.0,0.0,0.0
product.Treated.managed.CWHvm_FDC_HW_M.CC,23,230,10,0.0,10000.0,1.0,1.0,11.47700023651123,0.0,0.0
product.Treated.managed.CWHvm_FDC_HW_M.CC,24,240,10,0.0,10000.0,1.0,1.0,0.0,0.0,0.0
product.Treated.managed.CWHvm_FDC_HW_M.CC,25,250,10,0.0,10000.0,1.0,1.0,0.0,0.0,0.0
product.Treated.managed.CWHvm_FDC_HW_M.CC,26,260,10,0.0,10000.0,1.0,1.0,8.956999778747559,0.0,0.0
product.Treated.managed.CWHvm_FDC_HW_M.CC,27,270,10,0.0,10000.0,1.0,1.0,8.784000396728516,0.0,0.0
product.Treated.managed.CWHvm_FDC_HW_M.CC,28,280,10,0.0,10000.0,1.0,1.0,3.2829999923706055,0.0,0.0
product.Treated.managed.CWHvm_FDC_HW_M.CC,29,290,10,0.0,10000.0,1.0,1.0,11.47700023651123,0.0,0.0
product.Treated.managed.CWHvm_FDC_HW_M.CC,30,300,10,0.0,10000.0,1.0,1.0,0.0,0.0,0.0
product.Treated.managed.CWHvm_HW_BA_M.CC,0,0,10,0.0,10000.0,1.0,1.0,0.0,0.0,0.0
product.Treated.managed.CWHvm_HW_BA_M.CC,1,10,10,0.0,10000.0,1.0,1.0,9.447999954223633,0.0,0.0
product.Treated.managed.CWHvm_HW_BA_M.CC,2,20,10,0.0,10000.0,1.0,1.0,0.0,0.0,0.0
product.Treated.managed.CWHvm_HW_BA_M.CC,3,30,10,0.0,10000.0,1.0,1.0,0.0,0.0,0.0
product.Treated.managed.CWHvm_HW_BA_M.CC,4,40,10,0.0,10000.0,1.0,1.0,0.0,0.0,0.0
product.Treated.managed.CWHvm_HW_BA_M.CC,5,50,10,0.0,10000.0,1.0,1.0,0.0,0.0,0.0
product.Treated.managed.CWHvm_HW_BA_M.CC,6,60,10,0.0,10000.0,1.0,1.0,0.0,0.0,0.0
product.Treated.managed.CWHvm_HW_BA_M.CC,7,70,10,0.0,10000.0,1.0,1.0,0.0,0.0,0.0
product.Treated.managed.CWHvm_HW_BA_M.CC,8,80,10,0.0,10000.0,1.0,1.0,0.0,0.0,0.0
product.Treated.managed.CWHvm_HW_BA_M.CC,9,90,10,0.0,10000.0,1.0,1.0,0.0,0.0,0.0
product.Treated.managed.CWHvm_HW_BA_M.CC,10,100,10,0.0,10000.0,1.0,1.0,5.294000148773193,0.0,0.0
product.Treated.managed.CWHvm_HW_BA_M.CC,11,110,10,0.0,10000.0,1.0,1.0,4.1539998054504395,0.0,0.0
product.Treated.managed.CWHvm_HW_BA_M.CC,12,120,10,0.0,10000.0,1.0,1.0,0.0,0.0,0.0
product.Treated.managed.CWHvm_HW_BA_M.CC,13,130,10,0.0,10000.0,1.0,1.0,0.0,0.0,0.0
product.Treated.managed.CWHvm_HW_BA_M.CC,14,140,10,0.0,10000.0,1.0,1.0,0.0,0.0,0.0
product.Treated.managed.CWHvm_HW_BA_M.CC,15,150,10,0.0,10000.0,1.0,1.0,0.0,0.0,0.0
product.Treated.managed.CWHvm_HW_BA_M.CC,16,160,10,0.0,10000.0,1.0,1.0,0.0,0.0,0.0
product.Treated.managed.CWHvm_HW_BA_M.CC,17,170,10,0.0,10000.0,1.0,1.0,0.0,0.0,0.0
product.Treated.managed.CWHvm_HW_BA_M.CC,18,180,10,0.0,10000.0,1.0,1.0,2.2660000324249268,0.0,0.0
product.Treated.managed.CWHvm_HW_BA_M.CC,19,190,10,0.0,10000.0,1.0,1.0,0.0,0.0,0.0
product.Treated.managed.CWHvm_HW_BA_M.CC,20,200,10,0.0,10000.0,1.0,1.0,3.0280001163482666,0.0,0.0
product.Treated.managed.CWHvm_HW_BA_M.CC,21,210,10,0.0,10000.0,1.0,1.0,4.1539998054504395,0.0,0.0
product.Treated.managed.CWHvm_HW_BA_M.CC,22,220,10,0.0,10000.0,1.0,1.0,0.0,0.0,0.0
product.Treated.managed.CWHvm_HW_BA_M.CC,23,230,10,0.0,10000.0,1.0,1.0,0.0,0.0,0.0
product.Treated.managed.CWHvm_HW_BA_M.CC,24,240,10,0.0,10000.0,1.0,1.0,0.0,0.0,0.0
product.Treated.managed.CWHvm_HW_BA_M.CC,25,250,10,0.0,10000.0,1.0,1.0,0.0,0.0,0.0
product.Treated.managed.CWHvm_HW_BA_M.CC,26,260,10,0.0,10000.0,1.0,1.0,0.0,0.0,0.0
product.Treated.managed.CWHvm_HW_BA_M.CC,27,270,10,0.0,10000.0,1.0,1.0,2.2660000324249268,0.0,0.0
product.Treated.managed.CWHvm_HW_BA_M.CC,28,280,10,0.0,10000.0,1.0,1.0,0.0,0.0,0.0
product.Treated.managed.CWHvm_HW_BA_M.CC,29,290,10,0.0,10000.0,1.0,1.0,3.0280001163482666,0.0,0.0
product.Treated.managed.CWHvm_HW_BA_M.CC,30,300,10,0.0,10000.0,1.0,1.0,4.1539998054504395,0.0,0.0
product.Treated.managed.CWHvm_HW_CW_H.CC,0,0,10,0.0,10000.0,1.0,1.0,0.0,0.0,0.0
product.Treated.managed.CWHvm_HW_CW_H.CC,1,10,10,0.0,10000.0,1.0,1.0,11.722999572753906,0.0,0.0
product.Treated.managed.CWHvm_HW_CW_H.CC,2,20,10,0.0,10000.0,1.0,1.0,2.752000093460083,0.0,0.0
product.Treated.managed.CWHvm_HW_CW_H.CC,3,30,10,0.0,10000.0,1.0,1.0,0.0,0.0,0.0
product.Treated.managed.CWHvm_HW_CW_H.CC,4,40,10,0.0,10000.0,1.0,1.0,6.263999938964844,0.0,0.0
product.Treated.managed.CWHvm_HW_CW_H.CC,5,50,10,0.0,10000.0,1.0,1.0,0.0,0.0,0.0
product.Treated.managed.CWHvm_HW_CW_H.CC,6,60,10,0.0,10000.0,1.0,1.0,14.854000091552734,0.0,0.0
product.Treated.managed.CWHvm_HW_CW_H.CC,7,70,10,0.0,10000.0,1.0,1.0,31.079999923706055,0.0,0.0
product.Treated.managed.CWHvm_HW_CW_H.CC,8,80,10,0.0,10000.0,1.0,1.0,3.743000030517578,0.0,0.0
product.Treated.managed.CWHvm_HW_CW_H.CC,9,90,10,0.0,10000.0,1.0,1.0,0.0,0.0,0.0
product.Treated.managed.CWHvm_HW_CW_H.CC,10,100,10,0.0,10000.0,1.0,1.0,5.9710001945495605,0.0,0.0
product.Treated.managed.CWHvm_HW_CW_H.CC,11,110,10,0.0,10000.0,1.0,1.0,8.503999710083008,0.0,0.0
product.Treated.managed.CWHvm_HW_CW_H.CC,12,120,10,0.0,10000.0,1.0,1.0,0.0,0.0,0.0
product.Treated.managed.CWHvm_HW_CW_H.CC,13,130,10,0.0,10000.0,1.0,1.0,0.0,0.0,0.0
product.Treated.managed.CWHvm_HW_CW_H.CC,14,140,10,0.0,10000.0,1.0,1.0,0.0,0.0,0.0
product.Treated.managed.CWHvm_HW_CW_H.CC,15,150,10,0.0,10000.0,1.0,1.0,0.0,0.0,0.0
product.Treated.managed.CWHvm_HW_CW_H.CC,16,160,10,0.0,10000.0,1.0,1.0,21.118000030517578,0.0,0.0
product.Treated.managed.CWHvm_HW_CW_H.CC,17,170,10,0.0,10000.0,1.0,1.0,0.0,0.0,0.0
product.Treated.managed.CWHvm_HW_CW_H.CC,18,180,10,0.0,10000.0,1.0,1.0,0.0,0.0,0.0
product.Treated.managed.CWHvm_HW_CW_H.CC,19,190,10,0.0,10000.0,1.0,1.0,37.05099868774414,0.0,0.0
product.Treated.managed.CWHvm_HW_CW_H.CC,20,200,10,0.0,10000.0,1.0,1.0,3.743000030517578,0.0,0.0
product.Treated.managed.CWHvm_HW_CW_H.CC,21,210,10,0.0,10000.0,1.0,1.0,8.503999710083008,0.0,0.0
product.Treated.managed.CWHvm_HW_CW_H.CC,22,220,10,0.0,10000.0,1.0,1.0,0.0,0.0,0.0
product.Treated.managed.CWHvm_HW_CW_H.CC,23,230,10,0.0,10000.0,1.0,1.0,0.0,0.0,0.0
product.Treated.managed.CWHvm_HW_CW_H.CC,24,240,10,0.0,10000.0,1.0,1.0,0.0,0.0,0.0
product.Treated.managed.CWHvm_HW_CW_H.CC,25,250,10,0.0,10000.0,1.0,1.0,0.0,0.0,0.0
product.Treated.managed.CWHvm_HW_CW_H.CC,26,260,10,0.0,10000.0,1.0,1.0,14.854000091552734,0.0,0.0
product.Treated.managed.CWHvm_HW_CW_H.CC,27,270,10,0.0,10000.0,1.0,1.0,0.0,0.0,0.0
product.Treated.managed.CWHvm_HW_CW_H.CC,28,280,10,0.0,10000.0,1.0,1.0,12.234999656677246,0.0,0.0
product.Treated.managed.CWHvm_HW_CW_H.CC,29,290,10,0.0,10000.0,1.0,1.0,33.832000732421875,0.0,0.0
product.Treated.managed.CWHvm_HW_CW_H.CC,30,300,10,0.0,10000.0,1.0,1.0,9.494999885559082,0.0,0.0
product.Treated.managed.CWHvm_HW_CW_L.CC,0,0,10,0.0,10000.0,1.0,1.0,0.0,0.0,0.0
product.Treated.managed.CWHvm_HW_CW_L.CC,1,10,10,0.0,10000.0,1.0,1.0,4.60699987411499,0.0,0.0
product.Treated.managed.CWHvm_HW_CW_L.CC,2,20,10,0.0,10000.0,1.0,1.0,0.0,0.0,0.0
product.Treated.managed.CWHvm_HW_CW_L.CC,3,30,10,0.0,10000.0,1.0,1.0,0.0,0.0,0.0
product.Treated.managed.CWHvm_HW_CW_L.CC,4,40,10,0.0,10000.0,1.0,1.0,2.063999891281128,0.0,0.0
product.Treated.managed.CWHvm_HW_CW_L.CC,5,50,10,0.0,10000.0,1.0,1.0,0.0,0.0,0.0
product.Treated.managed.CWHvm_HW_CW_L.CC,6,60,10,0.0,10000.0,1.0,1.0,0.0,0.0,0.0
product.Treated.managed.CWHvm_HW_CW_L.CC,7,70,10,0.0,10000.0,1.0,1.0,0.0,0.0,0.0
product.Treated.managed.CWHvm_HW_CW_L.CC,8,80,10,0.0,10000.0,1.0,1.0,0.0,0.0,0.0
product.Treated.managed.CWHvm_HW_CW_L.CC,9,90,10,0.0,10000.0,1.0,1.0,0.0,0.0,0.0
product.Treated.managed.CWHvm_HW_CW_L.CC,10,100,10,0.0,10000.0,1.0,1.0,0.0,0.0,0.0
product.Treated.managed.CWHvm_HW_CW_L.CC,11,110,10,0.0,10000.0,1.0,1.0,0.0,0.0,0.0
product.Treated.managed.CWHvm_HW_CW_L.CC,12,120,10,0.0,10000.0,1.0,1.0,0.0,0.0,0.0
product.Treated.managed.CWHvm_HW_CW_L.CC,13,130,10,0.0,10000.0,1.0,1.0,0.0,0.0,0.0
product.Treated.managed.CWHvm_HW_CW_L.CC,14,140,10,0.0,10000.0,1.0,1.0,3.882999897003174,0.0,0.0
product.Treated.managed.CWHvm_HW_CW_L.CC,15,150,10,0.0,10000.0,1.0,1.0,0.0,0.0,0.0
product.Treated.managed.CWHvm_HW_CW_L.CC,16,160,10,0.0,10000.0,1.0,1.0,0.7239999771118164,0.0,0.0
product.Treated.managed.CWHvm_HW_CW_L.CC,17,170,10,0.0,10000.0,1.0,1.0,2.063999891281128,0.0,0.0
product.Treated.managed.CWHvm_HW_CW_L.CC,18,180,10,0.0,10000.0,1.0,1.0,0.0,0.0,0.0
product.Treated.managed.CWHvm_HW_CW_L.CC,19,190,10,0.0,10000.0,1.0,1.0,0.0,0.0,0.0
product.Treated.managed.CWHvm_HW_CW_L.CC,20,200,10,0.0,10000.0,1.0,1.0,0.0,0.0,0.0
product.Treated.managed.CWHvm_HW_CW_L.CC,21,210,10,0.0,10000.0,1.0,1.0,0.0,0.0,0.0
product.Treated.managed.CWHvm_HW_CW_L.CC,22,220,10,0.0,10000.0,1.0,1.0,0.0,0.0,0.0
product.Treated.managed.CWHvm_HW_CW_L.CC,23,230,10,0.0,10000.0,1.0,1.0,0.0,0.0,0.0
product.Treated.managed.CWHvm_HW_CW_L.CC,24,240,10,0.0,10000.0,1.0,1.0,0.0,0.0,0.0
product.Treated.managed.CWHvm_HW_CW_L.CC,25,250,10,0.0,10000.0,1.0,1.0,0.0,0.0,0.0
product.Treated.managed.CWHvm_HW_CW_L.CC,26,260,10,0.0,10000.0,1.0,1.0,0.0,0.0,0.0
product.Treated.managed.CWHvm_HW_CW_L.CC,27,270,10,0.0,10000.0,1.0,1.0,0.0,0.0,0.0
product.Treated.managed.CWHvm_HW_CW_L.CC,28,280,10,0.0,10000.0,1.0,1.0,3.882999897003174,0.0,0.0
product.Treated.managed.CWHvm_HW_CW_L.CC,29,290,10,0.0,10000.0,1.0,1.0,2.063999891281128,0.0,0.0
product.Treated.managed.CWHvm_HW_CW_L.CC,30,300,10,0.0,10000.0,1.0,1.0,0.7239999771118164,0.0,0.0
product.Treated.managed.CWHvm_HW_CW_M.CC,0,0,10,0.0,10000.0,1.0,1.0,0.0,0.0,0.0
product.Treated.managed.CWHvm_HW_CW_M.CC,1,10,10,0.0,10000.0,1.0,1.0,6.877999782562256,0.0,0.0
product.Treated.managed.CWHvm_HW_CW_M.CC,2,20,10,0.0,10000.0,1.0,1.0,0.0,0.0,0.0
product.Treated.managed.CWHvm_HW_CW_M.CC,3,30,10,0.0,10000.0,1.0,1.0,5.2729997634887695,0.0,0.0
product.Treated.managed.CWHvm_HW_CW_M.CC,4,40,10,0.0,10000.0,1.0,1.0,11.899999618530273,0.0,0.0
product.Treated.managed.CWHvm_HW_CW_M.CC,5,50,10,0.0,10000.0,1.0,1.0,0.0,0.0,0.0
product.Treated.managed.CWHvm_HW_CW_M.CC,6,60,10,0.0,10000.0,1.0,1.0,0.0,0.0,0.0
product.Treated.managed.CWHvm_HW_CW_M.CC,7,70,10,0.0,10000.0,1.0,1.0,0.0,0.0,0.0
product.Treated.managed.CWHvm_HW_CW_M.CC,8,80,10,0.0,10000.0,1.0,1.0,0.0,0.0,0.0
product.Treated.managed.CWHvm_HW_CW_M.CC,9,90,10,0.0,10000.0,1.0,1.0,0.0,0.0,0.0
product.Treated.managed.CWHvm_HW_CW_M.CC,10,100,10,0.0,10000.0,1.0,1.0,0.0,0.0,0.0
product.Treated.managed.CWHvm_HW_CW_M.CC,11,110,10,0.0,10000.0,1.0,1.0,0.0,0.0,0.0
product.Treated.managed.CWHvm_HW_CW_M.CC,12,120,10,0.0,10000.0,1.0,1.0,0.0,0.0,0.0
product.Treated.managed.CWHvm_HW_CW_M.CC,13,130,10,0.0,10000.0,1.0,1.0,1.6740000247955322,0.0,0.0
product.Treated.managed.CWHvm_HW_CW_M.CC,14,140,10,0.0,10000.0,1.0,1.0,0.0,0.0,0.0
product.Treated.managed.CWHvm_HW_CW_M.CC,15,150,10,0.0,10000.0,1.0,1.0,15.199999809265137,0.0,0.0
product.Treated.managed.CWHvm_HW_CW_M.CC,16,160,10,0.0,10000.0,1.0,1.0,6.111000061035156,0.0,0.0
product.Treated.managed.CWHvm_HW_CW_M.CC,17,170,10,0.0,10000.0,1.0,1.0,1.065999984741211,0.0,0.0
product.Treated.managed.CWHvm_HW_CW_M.CC,18,180,10,0.0,10000.0,1.0,1.0,0.0,0.0,0.0
product.Treated.managed.CWHvm_HW_CW_M.CC,19,190,10,0.0,10000.0,1.0,1.0,0.0,0.0,0.0
product.Treated.managed.CWHvm_HW_CW_M.CC,20,200,10,0.0,10000.0,1.0,1.0,0.0,0.0,0.0
product.Treated.managed.CWHvm_HW_CW_M.CC,21,210,10,0.0,10000.0,1.0,1.0,0.0,0.0,0.0
product.Treated.managed.CWHvm_HW_CW_M.CC,22,220,10,0.0,10000.0,1.0,1.0,0.0,0.0,0.0
product.Treated.managed.CWHvm_HW_CW_M.CC,23,230,10,0.0,10000.0,1.0,1.0,0.0,0.0,0.0
product.Treated.managed.CWHvm_HW_CW_M.CC,24,240,10,0.0,10000.0,1.0,1.0,0.0,0.0,0.0
product.Treated.managed.CWHvm_HW_CW_M.CC,25,250,10,0.0,10000.0,1.0,1.0,1.6740000247955322,0.0,0.0
product.Treated.managed.CWHvm_HW_CW_M.CC,26,260,10,0.0,10000.0,1.0,1.0,10.833999633789062,0.0,0.0
product.Treated.managed.CWHvm_HW_CW_M.CC,27,270,10,0.0,10000.0,1.0,1.0,0.0,0.0,0.0
product.Treated.managed.CWHvm_HW_CW_M.CC,28,280,10,0.0,10000.0,1.0,1.0,4.366000175476074,0.0,0.0
product.Treated.managed.CWHvm_HW_CW_M.CC,29,290,10,0.0,10000.0,1.0,1.0,5.2729997634887695,0.0,0.0
product.Treated.managed.CWHvm_HW_CW_M.CC,30,300,10,0.0,10000.0,1.0,1.0,1.9040000438690186,0.0,0.0
product.Treated.managed.CWHvm_HW_FDC_H.CC,0,0,10,0.0,10000.0,1.0,1.0,0.0,0.0,0.0
product.Treated.managed.CWHvm_HW_FDC_H.CC,1,10,10,0.0,10000.0,1.0,1.0,13.73799991607666,0.0,0.0
product.Treated.managed.CWHvm_HW_FDC_H.CC,2,20,10,0.0,10000.0,1.0,1.0,34.91600036621094,0.0,0.0
product.Treated.managed.CWHvm_HW_FDC_H.CC,3,30,10,0.0,10000.0,1.0,1.0,29.055999755859375,0.0,0.0
product.Treated.managed.CWHvm_HW_FDC_H.CC,4,40,10,0.0,10000.0,1.0,1.0,33.37699890136719,0.0,0.0
product.Treated.managed.CWHvm_HW_FDC_H.CC,5,50,10,0.0,10000.0,1.0,1.0,48.3489990234375,0.0,0.0
product.Treated.managed.CWHvm_HW_FDC_H.CC,6,60,10,0.0,10000.0,1.0,1.0,30.0049991607666,0.0,0.0
product.Treated.managed.CWHvm_HW_FDC_H.CC,7,70,10,0.0,10000.0,1.0,1.0,0.0,0.0,0.0
product.Treated.managed.CWHvm_HW_FDC_H.CC,8,80,10,0.0,10000.0,1.0,1.0,6.394999980926514,0.0,0.0
product.Treated.managed.CWHvm_HW_FDC_H.CC,9,90,10,0.0,10000.0,1.0,1.0,26.554000854492188,0.0,0.0
product.Treated.managed.CWHvm_HW_FDC_H.CC,10,100,10,0.0,10000.0,1.0,1.0,40.72800064086914,0.0,0.0
product.Treated.managed.CWHvm_HW_FDC_H.CC,11,110,10,0.0,10000.0,1.0,1.0,5.8470001220703125,0.0,0.0
product.Treated.managed.CWHvm_HW_FDC_H.CC,12,120,10,0.0,10000.0,1.0,1.0,46.83599853515625,0.0,0.0
product.Treated.managed.CWHvm_HW_FDC_H.CC,13,130,10,0.0,10000.0,1.0,1.0,40.0620002746582,0.0,0.0
product.Treated.managed.CWHvm_HW_FDC_H.CC,14,140,10,0.0,10000.0,1.0,1.0,25.108999252319336,0.0,0.0
product.Treated.managed.CWHvm_HW_FDC_H.CC,15,150,10,0.0,10000.0,1.0,1.0,34.29800033569336,0.0,0.0
product.Treated.managed.CWHvm_HW_FDC_H.CC,16,160,10,0.0,10000.0,1.0,1.0,0.0,0.0,0.0
product.Treated.managed.CWHvm_HW_FDC_H.CC,17,170,10,0.0,10000.0,1.0,1.0,47.17300033569336,0.0,0.0
product.Treated.managed.CWHvm_HW_FDC_H.CC,18,180,10,0.0,10000.0,1.0,1.0,31.54400062561035,0.0,0.0
product.Treated.managed.CWHvm_HW_FDC_H.CC,19,190,10,0.0,10000.0,1.0,1.0,13.906999588012695,0.0,0.0
product.Treated.managed.CWHvm_HW_FDC_H.CC,20,200,10,0.0,10000.0,1.0,1.0,35.52799987792969,0.0,0.0
product.Treated.managed.CWHvm_HW_FDC_H.CC,21,210,10,0.0,10000.0,1.0,1.0,20.937999725341797,0.0,0.0
product.Treated.managed.CWHvm_HW_FDC_H.CC,22,220,10,0.0,10000.0,1.0,1.0,2.9679999351501465,0.0,0.0
product.Treated.managed.CWHvm_HW_FDC_H.CC,23,230,10,0.0,10000.0,1.0,1.0,43.231998443603516,0.0,0.0
product.Treated.managed.CWHvm_HW_FDC_H.CC,24,240,10,0.0,10000.0,1.0,1.0,36.25299835205078,0.0,0.0
product.Treated.managed.CWHvm_HW_FDC_H.CC,25,250,10,0.0,10000.0,1.0,1.0,57.0880012512207,0.0,0.0
product.Treated.managed.CWHvm_HW_FDC_H.CC,26,260,10,0.0,10000.0,1.0,1.0,4.698999881744385,0.0,0.0
product.Treated.managed.CWHvm_HW_FDC_H.CC,27,270,10,0.0,10000.0,1.0,1.0,28.513999938964844,0.0,0.0
product.Treated.managed.CWHvm_HW_FDC_H.CC,28,280,10,0.0,10000.0,1.0,1.0,44.68899917602539,0.0,0.0
product.Treated.managed.CWHvm_HW_FDC_H.CC,29,290,10,0.0,10000.0,1.0,1.0,9.07800006866455,0.0,0.0
product.Treated.managed.CWHvm_HW_FDC_H.CC,30,300,10,0.0,10000.0,1.0,1.0,21.222999572753906,0.0,0.0
product.Treated.managed.CWHvm_HW_FDC_L.CC,0,0,10,0.0,10000.0,1.0,1.0,0.0,0.0,0.0
product.Treated.managed.CWHvm_HW_FDC_L.CC,1,10,10,0.0,10000.0,1.0,1.0,6.558000087738037,0.0,0.0
product.Treated.managed.CWHvm_HW_FDC_L.CC,2,20,10,0.0,10000.0,1.0,1.0,9.010000228881836,0.0,0.0
product.Treated.managed.CWHvm_HW_FDC_L.CC,3,30,10,0.0,10000.0,1.0,1.0,2.0989999771118164,0.0,0.0
product.Treated.managed.CWHvm_HW_FDC_L.CC,4,40,10,0.0,10000.0,1.0,1.0,0.0,0.0,0.0
product.Treated.managed.CWHvm_HW_FDC_L.CC,5,50,10,0.0,10000.0,1.0,1.0,7.638000011444092,0.0,0.0
product.Treated.managed.CWHvm_HW_FDC_L.CC,6,60,10,0.0,10000.0,1.0,1.0,20.8700008392334,0.0,0.0
product.Treated.managed.CWHvm_HW_FDC_L.CC,7,70,10,0.0,10000.0,1.0,1.0,10.32699966430664,0.0,0.0
product.Treated.managed.CWHvm_HW_FDC_L.CC,8,80,10,0.0,10000.0,1.0,1.0,4.813000202178955,0.0,0.0
product.Treated.managed.CWHvm_HW_FDC_L.CC,9,90,10,0.0,10000.0,1.0,1.0,5.546999931335449,0.0,0.0
product.Treated.managed.CWHvm_HW_FDC_L.CC,10,100,10,0.0,10000.0,1.0,1.0,1.0110000371932983,0.0,0.0
product.Treated.managed.CWHvm_HW_FDC_L.CC,11,110,10,0.0,10000.0,1.0,1.0,9.010000228881836,0.0,0.0
product.Treated.managed.CWHvm_HW_FDC_L.CC,12,120,10,0.0,10000.0,1.0,1.0,2.0989999771118164,0.0,0.0
product.Treated.managed.CWHvm_HW_FDC_L.CC,13,130,10,0.0,10000.0,1.0,1.0,0.0,0.0,0.0
product.Treated.managed.CWHvm_HW_FDC_L.CC,14,140,10,0.0,10000.0,1.0,1.0,0.0,0.0,0.0
product.Treated.managed.CWHvm_HW_FDC_L.CC,15,150,10,0.0,10000.0,1.0,1.0,4.328000068664551,0.0,0.0
product.Treated.managed.CWHvm_HW_FDC_L.CC,16,160,10,0.0,10000.0,1.0,1.0,14.824000358581543,0.0,0.0
product.Treated.managed.CWHvm_HW_FDC_L.CC,17,170,10,0.0,10000.0,1.0,1.0,0.0,0.0,0.0
product.Treated.managed.CWHvm_HW_FDC_L.CC,18,180,10,0.0,10000.0,1.0,1.0,12.354999542236328,0.0,0.0
product.Treated.managed.CWHvm_HW_FDC_L.CC,19,190,10,0.0,10000.0,1.0,1.0,9.355999946594238,0.0,0.0
product.Treated.managed.CWHvm_HW_FDC_L.CC,20,200,10,0.0,10000.0,1.0,1.0,10.965999603271484,0.0,0.0
product.Treated.managed.CWHvm_HW_FDC_L.CC,21,210,10,0.0,10000.0,1.0,1.0,9.486000061035156,0.0,0.0
product.Treated.managed.CWHvm_HW_FDC_L.CC,22,220,10,0.0,10000.0,1.0,1.0,0.0,0.0,0.0
product.Treated.managed.CWHvm_HW_FDC_L.CC,23,230,10,0.0,10000.0,1.0,1.0,0.0,0.0,0.0
product.Treated.managed.CWHvm_HW_FDC_L.CC,24,240,10,0.0,10000.0,1.0,1.0,0.0,0.0,0.0
product.Treated.managed.CWHvm_HW_FDC_L.CC,25,250,10,0.0,10000.0,1.0,1.0,4.328000068664551,0.0,0.0
product.Treated.managed.CWHvm_HW_FDC_L.CC,26,260,10,0.0,10000.0,1.0,1.0,20.371000289916992,0.0,0.0
product.Treated.managed.CWHvm_HW_FDC_L.CC,27,270,10,0.0,10000.0,1.0,1.0,0.0,0.0,0.0
product.Treated.managed.CWHvm_HW_FDC_L.CC,28,280,10,0.0,10000.0,1.0,1.0,0.0,0.0,0.0
product.Treated.managed.CWHvm_HW_FDC_L.CC,29,290,10,0.0,10000.0,1.0,1.0,19.19700050354004,0.0,0.0
product.Treated.managed.CWHvm_HW_FDC_L.CC,30,300,10,0.0,10000.0,1.0,1.0,17.41900062561035,0.0,0.0
product.Treated.managed.CWHvm_HW_SS_M.CC,0,0,10,0.0,10000.0,1.0,1.0,0.0,0.0,0.0
product.Treated.managed.CWHvm_HW_SS_M.CC,1,10,10,0.0,10000.0,1.0,1.0,0.0,0.0,0.0
product.Treated.managed.CWHvm_HW_SS_M.CC,2,20,10,0.0,10000.0,1.0,1.0,0.0,0.0,0.0
product.Treated.managed.CWHvm_HW_SS_M.CC,3,30,10,0.0,10000.0,1.0,1.0,0.0,0.0,0.0
product.Treated.managed.CWHvm_HW_SS_M.CC,4,40,10,0.0,10000.0,1.0,1.0,3.578000068664551,0.0,0.0
product.Treated.managed.CWHvm_HW_SS_M.CC,5,50,10,0.0,10000.0,1.0,1.0,1.0080000162124634,0.0,0.0
product.Treated.managed.CWHvm_HW_SS_M.CC,6,60,10,0.0,10000.0,1.0,1.0,0.0,0.0,0.0
product.Treated.managed.CWHvm_HW_SS_M.CC,7,70,10,0.0,10000.0,1.0,1.0,0.0,0.0,0.0
product.Treated.managed.CWHvm_HW_SS_M.CC,8,80,10,0.0,10000.0,1.0,1.0,19.506000518798828,0.0,0.0
product.Treated.managed.CWHvm_HW_SS_M.CC,9,90,10,0.0,10000.0,1.0,1.0,0.0,0.0,0.0
product.Treated.managed.CWHvm_HW_SS_M.CC,10,100,10,0.0,10000.0,1.0,1.0,0.0,0.0,0.0
product.Treated.managed.CWHvm_HW_SS_M.CC,11,110,10,0.0,10000.0,1.0,1.0,0.0,0.0,0.0
product.Treated.managed.CWHvm_HW_SS_M.CC,12,120,10,0.0,10000.0,1.0,1.0,3.578000068664551,0.0,0.0
product.Treated.managed.CWHvm_HW_SS_M.CC,13,130,10,0.0,10000.0,1.0,1.0,1.0080000162124634,0.0,0.0
product.Treated.managed.CWHvm_HW_SS_M.CC,14,140,10,0.0,10000.0,1.0,1.0,0.0,0.0,0.0
product.Treated.managed.CWHvm_HW_SS_M.CC,15,150,10,0.0,10000.0,1.0,1.0,0.0,0.0,0.0
product.Treated.managed.CWHvm_HW_SS_M.CC,16,160,10,0.0,10000.0,1.0,1.0,0.0,0.0,0.0
product.Treated.managed.CWHvm_HW_SS_M.CC,17,170,10,0.0,10000.0,1.0,1.0,0.0,0.0,0.0
product.Treated.managed.CWHvm_HW_SS_M.CC,18,180,10,0.0,10000.0,1.0,1.0,19.506000518798828,0.0,0.0
product.Treated.managed.CWHvm_HW_SS_M.CC,19,190,10,0.0,10000.0,1.0,1.0,0.0,0.0,0.0
product.Treated.managed.CWHvm_HW_SS_M.CC,20,200,10,0.0,10000.0,1.0,1.0,0.0,0.0,0.0
product.Treated.managed.CWHvm_HW_SS_M.CC,21,210,10,0.0,10000.0,1.0,1.0,3.578000068664551,0.0,0.0
product.Treated.managed.CWHvm_HW_SS_M.CC,22,220,10,0.0,10000.0,1.0,1.0,1.0080000162124634,0.0,0.0
product.Treated.managed.CWHvm_HW_SS_M.CC,23,230,10,0.0,10000.0,1.0,1.0,0.0,0.0,0.0
product.Treated.managed.CWHvm_HW_SS_M.CC,24,240,10,0.0,10000.0,1.0,1.0,0.0,0.0,0.0
product.Treated.managed.CWHvm_HW_SS_M.CC,25,250,10,0.0,10000.0,1.0,1.0,0.0,0.0,0.0
product.Treated.managed.CWHvm_HW_SS_M.CC,26,260,10,0.0,10000.0,1.0,1.0,19.506000518798828,0.0,0.0
product.Treated.managed.CWHvm_HW_SS_M.CC,27,270,10,0.0,10000.0,1.0,1.0,0.0,0.0,0.0
product.Treated.managed.CWHvm_HW_SS_M.CC,28,280,10,0.0,10000.0,1.0,1.0,0.0,0.0,0.0
product.Treated.managed.CWHvm_HW_SS_M.CC,29,290,10,0.0,10000.0,1.0,1.0,3.578000068664551,0.0,0.0
product.Treated.managed.CWHvm_HW_SS_M.CC,30,300,10,0.0,10000.0,1.0,1.0,1.0080000162124634,0.0,0.0
product.Treated.managed.CC,0,0,10,0.0,10000.0,1.0,1.0,0.0,0.0,0.0
product.Treated.managed.CC,1,10,10,0.0,10000.0,1.0,1.0,102.88500213623047,0.0,0.0
product.Treated.managed.CC,2,20,10,0.0,10000.0,1.0,1.0,86.61399841308594,0.0,0.0
product.Treated.managed.CC,3,30,10,0.0,10000.0,1.0,1.0,81.17900085449219,0.0,0.0
product.Treated.managed.CC,4,40,10,0.0,10000.0,1.0,1.0,86.88600158691406,0.0,0.0
product.Treated.managed.CC,5,50,10,0.0,10000.0,1.0,1.0,90.50299835205078,0.0,0.0
product.Treated.managed.CC,6,60,10,0.0,10000.0,1.0,1.0,79.37899780273438,0.0,0.0
product.Treated.managed.CC,7,70,10,0.0,10000.0,1.0,1.0,79.27799987792969,0.0,0.0
product.Treated.managed.CC,8,80,10,0.0,10000.0,1.0,1.0,63.058998107910156,0.0,0.0
product.Treated.managed.CC,9,90,10,0.0,10000.0,1.0,1.0,77.70800018310547,0.0,0.0
product.Treated.managed.CC,10,100,10,0.0,10000.0,1.0,1.0,88.91500091552734,0.0,0.0
product.Treated.managed.CC,11,110,10,0.0,10000.0,1.0,1.0,110.04900360107422,0.0,0.0
product.Treated.managed.CC,12,120,10,0.0,10000.0,1.0,1.0,78.34700012207031,0.0,0.0
product.Treated.managed.CC,13,130,10,0.0,10000.0,1.0,1.0,59.915000915527344,0.0,0.0
product.Treated.managed.CC,14,140,10,0.0,10000.0,1.0,1.0,76.04100036621094,0.0,0.0
product.Treated.managed.CC,15,150,10,0.0,10000.0,1.0,1.0,93.73400115966797,0.0,0.0
product.Treated.managed.CC,16,160,10,0.0,10000.0,1.0,1.0,78.85199737548828,0.0,0.0
product.Treated.managed.CC,17,170,10,0.0,10000.0,1.0,1.0,91.86900329589844,0.0,0.0
product.Treated.managed.CC,18,180,10,0.0,10000.0,1.0,1.0,81.08999633789062,0.0,0.0
product.Treated.managed.CC,19,190,10,0.0,10000.0,1.0,1.0,93.56700134277344,0.0,0.0
product.Treated.managed.CC,20,200,10,0.0,10000.0,1.0,1.0,71.71700286865234,0.0,0.0
product.Treated.managed.CC,21,210,10,0.0,10000.0,1.0,1.0,89.10800170898438,0.0,0.0
product.Treated.managed.CC,22,220,10,0.0,10000.0,1.0,1.0,53.452999114990234,0.0,0.0
product.Treated.managed.CC,23,230,10,0.0,10000.0,1.0,1.0,54.70899963378906,0.0,0.0
product.Treated.managed.CC,24,240,10,0.0,10000.0,1.0,1.0,69.11799621582031,0.0,0.0
product.Treated.managed.CC,25,250,10,0.0,10000.0,1.0,1.0,110.07099914550781,0.0,0.0
product.Treated.managed.CC,26,260,10,0.0,10000.0,1.0,1.0,124.29900360107422,0.0,0.0
product.Treated.managed.CC,27,270,10,0.0,10000.0,1.0,1.0,92.76200103759766,0.0,0.0
product.Treated.managed.CC,28,280,10,0.0,10000.0,1.0,1.0,113.07599639892578,0.0,0.0
product.Treated.managed.CC,29,290,10,0.0,10000.0,1.0,1.0,109.31999969482422,0.0,0.0
product.Treated.managed.CC,30,300,10,0.0,10000.0,1.0,1.0,106.75800323486328,0.0,0.0
product.Yield.managed.CW,0,0,10,0.0,10000.0,1.0,1.0,0.0,0.0,0.0
product.Yield.managed.CW,1,10,10,0.0,10000.0,1.0,1.0,2916.530029296875,0.0,0.0
product.Yield.managed.CW,2,20,10,0.0,10000.0,1.0,1.0,8428.6513671875,0.0,0.0
product.Yield.managed.CW,3,30,10,0.0,10000.0,1.0,1.0,11205.462890625,0.0,0.0
product.Yield.managed.CW,4,40,10,0.0,10000.0,1.0,1.0,13999.6064453125,0.0,0.0
product.Yield.managed.CW,5,50,10,0.0,10000.0,1.0,1.0,14136.4150390625,0.0,0.0
product.Yield.managed.CW,6,60,10,0.0,10000.0,1.0,1.0,15351.4111328125,0.0,0.0
product.Yield.managed.CW,7,70,10,0.0,10000.0,1.0,1.0,16230.2626953125,0.0,0.0
product.Yield.managed.CW,8,80,10,0.0,10000.0,1.0,1.0,7359.5009765625,0.0,0.0
product.Yield.managed.CW,9,90,10,0.0,10000.0,1.0,1.0,10906.7587890625,0.0,0.0
product.Yield.managed.CW,10,100,10,0.0,10000.0,1.0,1.0,16142.138671875,0.0,0.0
product.Yield.managed.CW,11,110,10,0.0,10000.0,1.0,1.0,14179.49609375,0.0,0.0
product.Yield.managed.CW,12,120,10,0.0,10000.0,1.0,1.0,17461.5703125,0.0,0.0
product.Yield.managed.CW,13,130,10,0.0,10000.0,1.0,1.0,17417.578125,0.0,0.0
product.Yield.managed.CW,14,140,10,0.0,10000.0,1.0,1.0,14984.197265625,0.0,0.0
product.Yield.managed.CW,15,150,10,0.0,10000.0,1.0,1.0,18261.646484375,0.0,0.0
product.Yield.managed.CW,16,160,10,0.0,10000.0,1.0,1.0,12049.9248046875,0.0,0.0
product.Yield.managed.CW,17,170,10,0.0,10000.0,1.0,1.0,18251.103515625,0.0,0.0
product.Yield.managed.CW,18,180,10,0.0,10000.0,1.0,1.0,18308.123046875,0.0,0.0
product.Yield.managed.CW,19,190,10,0.0,10000.0,1.0,1.0,17852.451171875,0.0,0.0
product.Yield.managed.CW,20,200,10,0.0,10000.0,1.0,1.0,13873.5029296875,0.0,0.0
product.Yield.managed.CW,21,210,10,0.0,10000.0,1.0,1.0,16946.1328125,0.0,0.0
product.Yield.managed.CW,22,220,10,0.0,10000.0,1.0,1.0,9125.3291015625,0.0,0.0
product.Yield.managed.CW,23,230,10,0.0,10000.0,1.0,1.0,13639.17578125,0.0,0.0
product.Yield.managed.CW,24,240,10,0.0,10000.0,1.0,1.0,17753.30859375,0.0,0.0
product.Yield.managed.CW,25,250,10,0.0,10000.0,1.0,1.0,19757.138671875,0.0,0.0
product.Yield.managed.CW,26,260,10,0.0,10000.0,1.0,1.0,18424.740234375,0.0,0.0
product.Yield.managed.CW,27,270,10,0.0,10000.0,1.0,1.0,16322.2900390625,0.0,0.0
product.Yield.managed.CW,28,280,10,0.0,10000.0,1.0,1.0,19212.83984375,0.0,0.0
product.Yield.managed.CW,29,290,10,0.0,10000.0,1.0,1.0,18429.4921875,0.0,0.0
product.Yield.managed.CW,30,300,10,0.0,10000.0,1.0,1.0,17862.27734375,0.0,0.0
product.Yield.managed.FDC,0,0,10,0.0,10000.0,1.0,1.0,0.0,0.0,0.0
product.Yield.managed.FDC,1,10,10,0.0,10000.0,1.0,1.0,11667.6357421875,0.0,0.0
product.Yield.managed.FDC,2,20,10,0.0,10000.0,1.0,1.0,24144.3359375,0.0,0.0
product.Yield.managed.FDC,3,30,10,0.0,10000.0,1.0,1.0,23740.986328125,0.0,0.0
product.Yield.managed.FDC,4,40,10,0.0,10000.0,1.0,1.0,23990.220703125,0.0,0.0
product.Yield.managed.FDC,5,50,10,0.0,10000.0,1.0,1.0,14495.2041015625,0.0,0.0
product.Yield.managed.FDC,6,60,10,0.0,10000.0,1.0,1.0,16615.234375,0.0,0.0
product.Yield.managed.FDC,7,70,10,0.0,10000.0,1.0,1.0,38955.32421875,0.0,0.0
product.Yield.managed.FDC,8,80,10,0.0,10000.0,1.0,1.0,19761.419921875,0.0,0.0
product.Yield.managed.FDC,9,90,10,0.0,10000.0,1.0,1.0,31539.27734375,0.0,0.0
product.Yield.managed.FDC,10,100,10,0.0,10000.0,1.0,1.0,21186.77734375,0.0,0.0
product.Yield.managed.FDC,11,110,10,0.0,10000.0,1.0,1.0,20077.603515625,0.0,0.0
product.Yield.managed.FDC,12,120,10,0.0,10000.0,1.0,1.0,25536.025390625,0.0,0.0
product.Yield.managed.FDC,13,130,10,0.0,10000.0,1.0,1.0,12927.1787109375,0.0,0.0
product.Yield.managed.FDC,14,140,10,0.0,10000.0,1.0,1.0,32064.388671875,0.0,0.0
product.Yield.managed.FDC,15,150,10,0.0,10000.0,1.0,1.0,25997.3984375,0.0,0.0
product.Yield.managed.FDC,16,160,10,0.0,10000.0,1.0,1.0,24699.28515625,0.0,0.0
product.Yield.managed.FDC,17,170,10,0.0,10000.0,1.0,1.0,21585.73046875,0.0,0.0
product.Yield.managed.FDC,18,180,10,0.0,10000.0,1.0,1.0,18505.916015625,0.0,0.0
product.Yield.managed.FDC,19,190,10,0.0,10000.0,1.0,1.0,25910.30859375,0.0,0.0
product.Yield.managed.FDC,20,200,10,0.0,10000.0,1.0,1.0,17927.443359375,0.0,0.0
product.Yield.managed.FDC,21,210,10,0.0,10000.0,1.0,1.0,33035.17578125,0.0,0.0
product.Yield.managed.FDC,22,220,10,0.0,10000.0,1.0,1.0,34390.97265625,0.0,0.0
product.Yield.managed.FDC,23,230,10,0.0,10000.0,1.0,1.0,12603.9453125,0.0,0.0
product.Yield.managed.FDC,24,240,10,0.0,10000.0,1.0,1.0,29109.90625,0.0,0.0
product.Yield.managed.FDC,25,250,10,0.0,10000.0,1.0,1.0,11171.3984375,0.0,0.0
product.Yield.managed.FDC,26,260,10,0.0,10000.0,1.0,1.0,23694.36328125,0.0,0.0
product.Yield.managed.FDC,27,270,10,0.0,10000.0,1.0,1.0,40401.109375,0.0,0.0
product.Yield.managed.FDC,28,280,10,0.0,10000.0,1.0,1.0,16953.16015625,0.0,0.0
product.Yield.managed.FDC,29,290,10,0.0,10000.0,1.0,1.0,25695.91796875,0.0,0.0
product.Yield.managed.FDC,30,300,10,0.0,10000.0,1.0,1.0,28283.728515625,0.0,0.0
product.Yield.managed.HW,0,0,10,0.0,10000.0,1.0,1.0,0.0,0.0,0.0
product.Yield.managed.HW,1,10,10,0.0,10000.0,1.0,1.0,4861.89306640625,0.0,0.0
product.Yield.managed.HW,2,20,10,0.0,10000.0,1.0,1.0,19500.671875,0.0,0.0
product.Yield.managed.HW,3,30,10,0.0,10000.0,1.0,1.0,29716.82421875,0.0,0.0
product.Yield.managed.HW,4,40,10,0.0,10000.0,1.0,1.0,40564.78515625,0.0,0.0
product.Yield.managed.HW,5,50,10,0.0,10000.0,1.0,1.0,47766.45703125,0.0,0.0
product.Yield.managed.HW,6,60,10,0.0,10000.0,1.0,1.0,50195.04296875,0.0,0.0
product.Yield.managed.HW,7,70,10,0.0,10000.0,1.0,1.0,40640.7109375,0.0,0.0
product.Yield.managed.HW,8,80,10,0.0,10000.0,1.0,1.0,19692.08984375,0.0,0.0
product.Yield.managed.HW,9,90,10,0.0,10000.0,1.0,1.0,24508.55859375,0.0,0.0
product.Yield.managed.HW,10,100,10,0.0,10000.0,1.0,1.0,49620.93359375,0.0,0.0
product.Yield.managed.HW,11,110,10,0.0,10000.0,1.0,1.0,42821.69140625,0.0,0.0
product.Yield.managed.HW,12,120,10,0.0,10000.0,1.0,1.0,53093.4140625,0.0,0.0
product.Yield.managed.HW,13,130,10,0.0,10000.0,1.0,1.0,59687.6796875,0.0,0.0
product.Yield.managed.HW,14,140,10,0.0,10000.0,1.0,1.0,39579.96484375,0.0,0.0
product.Yield.managed.HW,15,150,10,0.0,10000.0,1.0,1.0,55085.5859375,0.0,0.0
product.Yield.managed.HW,16,160,10,0.0,10000.0,1.0,1.0,34917.46484375,0.0,0.0
product.Yield.managed.HW,17,170,10,0.0,10000.0,1.0,1.0,57537.33203125,0.0,0.0
product.Yield.managed.HW,18,180,10,0.0,10000.0,1.0,1.0,59177.49609375,0.0,0.0
product.Yield.managed.HW,19,190,10,0.0,10000.0,1.0,1.0,53583.7109375,0.0,0.0
product.Yield.managed.HW,20,200,10,0.0,10000.0,1.0,1.0,45474.9609375,0.0,0.0
product.Yield.managed.HW,21,210,10,0.0,10000.0,1.0,1.0,46985.203125,0.0,0.0
product.Yield.managed.HW,22,220,10,0.0,10000.0,1.0,1.0,17226.548828125,0.0,0.0
product.Yield.managed.HW,23,230,10,0.0,10000.0,1.0,1.0,44709.30078125,0.0,0.0
product.Yield.managed.HW,24,240,10,0.0,10000.0,1.0,1.0,51545.44140625,0.0,0.0
product.Yield.managed.HW,25,250,10,0.0,10000.0,1.0,1.0,68843.546875,0.0,0.0
product.Yield.managed.HW,26,260,10,0.0,10000.0,1.0,1.0,57879.43359375,0.0,0.0
product.Yield.managed.HW,27,270,10,0.0,10000.0,1.0,1.0,43275.96875,0.0,0.0
product.Yield.managed.HW,28,280,10,0.0,10000.0,1.0,1.0,63626.94140625,0.0,0.0
product.Yield.managed.HW,29,290,10,0.0,10000.0,1.0,1.0,55866.671875,0.0,0.0
product.Yield.managed.HW,30,300,10,0.0,10000.0,1.0,1.0,53831.5078125,0.0,0.0
product.Yield.managed.Total,0,0,10,10000.0,10000.0,1.0,1.0,0.0,0.0,0.0
product.Yield.managed.Total,1,10,10,100000.0,100000.0,1.0,1.0,99964.109375,0.0,3.5893
product.Yield.managed.Total,2,20,10,100000.0,100000.0,1.0,1.0,99713.125,0.0,28.6878
product.Yield.managed.Total,3,30,10,100000.0,100000.0,1.0,1.0,99956.5625,0.0,4.343500000000001
product.Yield.managed.Total,4,40,10,100000.0,100000.0,1.0,1.0,99730.15625,0.0,26.984500000000004
product.Yield.managed.Total,5,50,10,100000.0,100000.0,1.0,1.0,99105.6875,0.0,89.4316
product.Yield.managed.Total,6,60,10,100000.0,100000.0,1.0,1.0,99343.671875,0.0,65.6329
product.Yield.managed.Total,7,70,10,100000.0,100000.0,1.0,1.0,99169.484375,0.0,83.05170000000001
product.Yield.managed.Total,8,80,10,100000.0,100000.0,1.0,1.0,78196.6015625,0.0,2180.3396000000002
product.Yield.managed.Total,9,90,10,100000.0,100000.0,1.0,1.0,96442.640625,0.0,355.73620000000005
product.Yield.managed.Total,10,100,10,100000.0,100000.0,1.0,1.0,86949.8515625,0.0,1305.015
product.Yield.managed.Total,11,110,10,100000.0,100000.0,1.0,1.0,77078.7890625,0.0,2292.121
product.Yield.managed.Total,12,120,10,100000.0,100000.0,1.0,1.0,96091.0078125,0.0,390.8989
product.Yield.managed.Total,13,130,10,100000.0,100000.0,1.0,1.0,90032.4375,0.0,996.7562
product.Yield.managed.Total,14,140,10,100000.0,100000.0,1.0,1.0,86628.546875,0.0,1337.1454
product.Yield.managed.Total,15,150,10,100000.0,100000.0,1.0,1.0,99344.625,0.0,65.5372
product.Yield.managed.Total,16,160,10,100000.0,100000.0,1.0,1.0,71666.078125,0.0,2833.3923
product.Yield.managed.Total,17,170,10,100000.0,100000.0,1.0,1.0,97374.171875,0.0,262.583
product.Yield.managed.Total,18,180,10,100000.0,100000.0,1.0,1.0,95991.5390625,0.0,400.846
product.Yield.managed.Total,19,190,10,100000.0,100000.0,1.0,1.0,97346.46875,0.0,265.35280000000006
product.Yield.managed.Total,20,200,10,100000.0,100000.0,1.0,1.0,77275.90625,0.0,2272.409
product.Yield.managed.Total,21,210,10,100000.0,100000.0,1.0,1.0,96966.515625,0.0,303.34880000000004
product.Yield.managed.Total,22,220,10,100000.0,100000.0,1.0,1.0,60742.8515625,0.0,3925.7148
product.Yield.managed.Total,23,230,10,100000.0,100000.0,1.0,1.0,70952.421875,0.0,2904.7581000000005
product.Yield.managed.Total,24,240,10,100000.0,100000.0,1.0,1.0,98408.65625,0.0,159.13400000000001
product.Yield.managed.Total,25,250,10,100000.0,100000.0,1.0,1.0,99772.0859375,0.0,22.7911
product.Yield.managed.Total,26,260,10,100000.0,100000.0,1.0,1.0,99998.46875,0.0,0.15350000000000003
product.Yield.managed.Total,27,270,10,100000.0,100000.0,1.0,1.0,99999.3671875,0.0,0.06330000000000001
product.Yield.managed.Total,28,280,10,100000.0,100000.0,1.0,1.0,99792.9375,0.0,20.706100000000003
product.Yield.managed.Total,29,290,10,100000.0,100000.0,1.0,1.0,99991.1484375,0.0,0.8848000000000001
product.Yield.managed.Total,30,300,10,100000.0,100000.0,1.0,1.0,99977.4609375,0.0,2.254
value.grevenue.CW,0,0,10,0.0,10000.0,1.0,1.0,0.0,0.0,0.0
value.grevenue.CW,1,10,10,0.0,10000.0,1.0,1.0,741236.0625,0.0,0.0
value.grevenue.CW,2,20,10,0.0,10000.0,1.0,1.0,2142141.5,0.0,0.0
value.grevenue.CW,3,30,10,0.0,10000.0,1.0,1.0,2847868.25,0.0,0.0
value.grevenue.CW,4,40,10,0.0,10000.0,1.0,1.0,3557999.75,0.0,0.0
value.grevenue.CW,5,50,10,0.0,10000.0,1.0,1.0,3592769.75,0.0,0.0
value.grevenue.CW,6,60,10,0.0,10000.0,1.0,1.0,3901561.0,0.0,0.0
value.grevenue.CW,7,70,10,0.0,10000.0,1.0,1.0,4124921.25,0.0,0.0
value.grevenue.CW,8,80,10,0.0,10000.0,1.0,1.0,1870417.125,0.0,0.0
value.grevenue.CW,9,90,10,0.0,10000.0,1.0,1.0,2771952.75,0.0,0.0
value.grevenue.CW,10,100,10,0.0,10000.0,1.0,1.0,4102524.5,0.0,0.0
value.grevenue.CW,11,110,10,0.0,10000.0,1.0,1.0,3603718.75,0.0,0.0
value.grevenue.CW,12,120,10,0.0,10000.0,1.0,1.0,4437858.0,0.0,0.0
value.grevenue.CW,13,130,10,0.0,10000.0,1.0,1.0,4426677.5,0.0,0.0
value.grevenue.CW,14,140,10,0.0,10000.0,1.0,1.0,3808233.5,0.0,0.0
value.grevenue.CW,15,150,10,0.0,10000.0,1.0,1.0,4641197.5,0.0,0.0
value.grevenue.CW,16,160,10,0.0,10000.0,1.0,1.0,3062488.25,0.0,0.0
value.grevenue.CW,17,170,10,0.0,10000.0,1.0,1.0,4638517.5,0.0,0.0
value.grevenue.CW,18,180,10,0.0,10000.0,1.0,1.0,4653009.5,0.0,0.0
value.grevenue.CW,19,190,10,0.0,10000.0,1.0,1.0,4537200.5,0.0,0.0
value.grevenue.CW,20,200,10,0.0,10000.0,1.0,1.0,3525950.75,0.0,0.0
value.grevenue.CW,21,210,10,0.0,10000.0,1.0,1.0,4306859.5,0.0,0.0
value.grevenue.CW,22,220,10,0.0,10000.0,1.0,1.0,2319202.25,0.0,0.0
value.grevenue.CW,23,230,10,0.0,10000.0,1.0,1.0,3466396.5,0.0,0.0
value.grevenue.CW,24,240,10,0.0,10000.0,1.0,1.0,4512003.5,0.0,0.0
value.grevenue.CW,25,250,10,0.0,10000.0,1.0,1.0,5021276.5,0.0,0.0
value.grevenue.CW,26,260,10,0.0,10000.0,1.0,1.0,4682648.0,0.0,0.0
value.grevenue.CW,27,270,10,0.0,10000.0,1.0,1.0,4148310.0,0.0,0.0
value.grevenue.CW,28,280,10,0.0,10000.0,1.0,1.0,4882943.0,0.0,0.0
value.grevenue.CW,29,290,10,0.0,10000.0,1.0,1.0,4683855.5,0.0,0.0
value.grevenue.CW,30,300,10,0.0,10000.0,1.0,1.0,4539698.0,0.0,0.0
value.grevenue.FDC,0,0,10,0.0,10000.0,1.0,1.0,0.0,0.0,0.0
value.grevenue.FDC,1,10,10,0.0,10000.0,1.0,1.0,1321243.125,0.0,0.0
value.grevenue.FDC,2,20,10,0.0,10000.0,1.0,1.0,2734104.5,0.0,0.0
value.grevenue.FDC,3,30,10,0.0,10000.0,1.0,1.0,2688429.25,0.0,0.0
value.grevenue.FDC,4,40,10,0.0,10000.0,1.0,1.0,2716652.5,0.0,0.0
value.grevenue.FDC,5,50,10,0.0,10000.0,1.0,1.0,1641436.875,0.0,0.0
value.grevenue.FDC,6,60,10,0.0,10000.0,1.0,1.0,1881509.0,0.0,0.0
value.grevenue.FDC,7,70,10,0.0,10000.0,1.0,1.0,4411301.0,0.0,0.0
value.grevenue.FDC,8,80,10,0.0,10000.0,1.0,1.0,2237783.25,0.0,0.0
value.grevenue.FDC,9,90,10,0.0,10000.0,1.0,1.0,3571507.75,0.0,0.0
value.grevenue.FDC,10,100,10,0.0,10000.0,1.0,1.0,2399190.75,0.0,0.0
value.grevenue.FDC,11,110,10,0.0,10000.0,1.0,1.0,2273587.75,0.0,0.0
value.grevenue.FDC,12,120,10,0.0,10000.0,1.0,1.0,2891699.5,0.0,0.0
value.grevenue.FDC,13,130,10,0.0,10000.0,1.0,1.0,1463873.75,0.0,0.0
value.grevenue.FDC,14,140,10,0.0,10000.0,1.0,1.0,3630971.25,0.0,0.0
value.grevenue.FDC,15,150,10,0.0,10000.0,1.0,1.0,2943945.25,0.0,0.0
value.grevenue.FDC,16,160,10,0.0,10000.0,1.0,1.0,2796947.0,0.0,0.0
value.grevenue.FDC,17,170,10,0.0,10000.0,1.0,1.0,2444368.25,0.0,0.0
value.grevenue.FDC,18,180,10,0.0,10000.0,1.0,1.0,2095609.875,0.0,0.0
value.grevenue.FDC,19,190,10,0.0,10000.0,1.0,1.0,2934083.25,0.0,0.0
value.grevenue.FDC,20,200,10,0.0,10000.0,1.0,1.0,2030103.625,0.0,0.0
value.grevenue.FDC,21,210,10,0.0,10000.0,1.0,1.0,3740903.25,0.0,0.0
value.grevenue.FDC,22,220,10,0.0,10000.0,1.0,1.0,3894433.75,0.0,0.0
value.grevenue.FDC,23,230,10,0.0,10000.0,1.0,1.0,1427270.75,0.0,0.0
value.grevenue.FDC,24,240,10,0.0,10000.0,1.0,1.0,3296405.75,0.0,0.0
value.grevenue.FDC,25,250,10,0.0,10000.0,1.0,1.0,1265049.125,0.0,0.0
value.grevenue.FDC,26,260,10,0.0,10000.0,1.0,1.0,2683149.5,0.0,0.0
value.grevenue.FDC,27,270,10,0.0,10000.0,1.0,1.0,4575021.5,0.0,0.0
value.grevenue.FDC,28,280,10,0.0,10000.0,1.0,1.0,1919775.75,0.0,0.0
value.grevenue.FDC,29,290,10,0.0,10000.0,1.0,1.0,2909805.75,0.0,0.0
value.grevenue.FDC,30,300,10,0.0,10000.0,1.0,1.0,3202849.5,0.0,0.0
value.grevenue.HW,0,0,10,0.0,10000.0,1.0,1.0,0.0,0.0,0.0
value.grevenue.HW,1,10,10,0.0,10000.0,1.0,1.0,388319.40625,0.0,0.0
value.grevenue.HW,2,20,10,0.0,10000.0,1.0,1.0,1557518.75,0.0,0.0
value.grevenue.HW,3,30,10,0.0,10000.0,1.0,1.0,2373483.0,0.0,0.0
value.grevenue.HW,4,40,10,0.0,10000.0,1.0,1.0,3239909.5,0.0,0.0
value.grevenue.HW,5,50,10,0.0,10000.0,1.0,1.0,3815107.0,0.0,0.0
value.grevenue.HW,6,60,10,0.0,10000.0,1.0,1.0,4009078.25,0.0,0.0
value.grevenue.HW,7,70,10,0.0,10000.0,1.0,1.0,3245973.75,0.0,0.0
value.grevenue.HW,8,80,10,0.0,10000.0,1.0,1.0,1572807.25,0.0,0.0
value.grevenue.HW,9,90,10,0.0,10000.0,1.0,1.0,1957498.625,0.0,0.0
value.grevenue.HW,10,100,10,0.0,10000.0,1.0,1.0,3963224.0,0.0,0.0
value.grevenue.HW,11,110,10,0.0,10000.0,1.0,1.0,3420168.5,0.0,0.0
value.grevenue.HW,12,120,10,0.0,10000.0,1.0,1.0,4240571.5,0.0,0.0
value.grevenue.HW,13,130,10,0.0,10000.0,1.0,1.0,4767255.0,0.0,0.0
value.grevenue.HW,14,140,10,0.0,10000.0,1.0,1.0,3161251.75,0.0,0.0
value.grevenue.HW,15,150,10,0.0,10000.0,1.0,1.0,4399686.0,0.0,0.0
value.grevenue.HW,16,160,10,0.0,10000.0,1.0,1.0,2788857.75,0.0,0.0
value.grevenue.HW,17,170,10,0.0,10000.0,1.0,1.0,4595507.0,0.0,0.0
value.grevenue.HW,18,180,10,0.0,10000.0,1.0,1.0,4726507.0,0.0,0.0
value.grevenue.HW,19,190,10,0.0,10000.0,1.0,1.0,4279731.0,0.0,0.0
value.grevenue.HW,20,200,10,0.0,10000.0,1.0,1.0,3632085.25,0.0,0.0
value.grevenue.HW,21,210,10,0.0,10000.0,1.0,1.0,3752708.25,0.0,0.0
value.grevenue.HW,22,220,10,0.0,10000.0,1.0,1.0,1375884.5,0.0,0.0
value.grevenue.HW,23,230,10,0.0,10000.0,1.0,1.0,3570931.75,0.0,0.0
value.grevenue.HW,24,240,10,0.0,10000.0,1.0,1.0,4116934.5,0.0,0.0
value.grevenue.HW,25,250,10,0.0,10000.0,1.0,1.0,5498534.5,0.0,0.0
value.grevenue.HW,26,260,10,0.0,10000.0,1.0,1.0,4622830.5,0.0,0.0
value.grevenue.HW,27,270,10,0.0,10000.0,1.0,1.0,3456451.75,0.0,0.0
value.grevenue.HW,28,280,10,0.0,10000.0,1.0,1.0,5081884.0,0.0,0.0
value.grevenue.HW,29,290,10,0.0,10000.0,1.0,1.0,4462071.5,0.0,0.0
value.grevenue.HW,30,300,10,0.0,10000.0,1.0,1.0,4299522.5,0.0,0.0
value.grevenue.total,0,0,10,0.0,10000.0,1.0,1.0,0.0,0.0,0.0
value.grevenue.total,1,10,10,0.0,10000.0,1.0,1.0,2450798.5,0.0,0.0
value.grevenue.total,2,20,10,0.0,10000.0,1.0,1.0,6433765.0,0.0,0.0
value.grevenue.total,3,30,10,0.0,10000.0,1.0,1.0,7909780.5,0.0,0.0
value.grevenue.total,4,40,10,0.0,10000.0,1.0,1.0,9514562.0,0.0,0.0
value.grevenue.total,5,50,10,0.0,10000.0,1.0,1.0,9049314.0,0.0,0.0
value.grevenue.total,6,60,10,0.0,10000.0,1.0,1.0,9792148.0,0.0,0.0
value.grevenue.total,7,70,10,0.0,10000.0,1.0,1.0,1.1782196E7,0.0,0.0
value.grevenue.total,8,80,10,0.0,10000.0,1.0,1.0,5681007.5,0.0,0.0
value.grevenue.total,9,90,10,0.0,10000.0,1.0,1.0,8300959.0,0.0,0.0
value.grevenue.total,10,100,10,0.0,10000.0,1.0,1.0,1.0464939E7,0.0,0.0
value.grevenue.total,11,110,10,0.0,10000.0,1.0,1.0,9297475.0,0.0,0.0
value.grevenue.total,12,120,10,0.0,10000.0,1.0,1.0,1.1570129E7,0.0,0.0
value.grevenue.total,13,130,10,0.0,10000.0,1.0,1.0,1.0657807E7,0.0,0.0
value.grevenue.total,14,140,10,0.0,10000.0,1.0,1.0,1.0600457E7,0.0,0.0
value.grevenue.total,15,150,10,0.0,10000.0,1.0,1.0,1.1984829E7,0.0,0.0
value.grevenue.total,16,160,10,0.0,10000.0,1.0,1.0,8648293.0,0.0,0.0
value.grevenue.total,17,170,10,0.0,10000.0,1.0,1.0,1.1678393E7,0.0,0.0
value.grevenue.total,18,180,10,0.0,10000.0,1.0,1.0,1.1475126E7,0.0,0.0
value.grevenue.total,19,190,10,0.0,10000.0,1.0,1.0,1.1751015E7,0.0,0.0
value.grevenue.total,20,200,10,0.0,10000.0,1.0,1.0,9188140.0,0.0,0.0
value.grevenue.total,21,210,10,0.0,10000.0,1.0,1.0,1.1800471E7,0.0,0.0
value.grevenue.total,22,220,10,0.0,10000.0,1.0,1.0,7589520.5,0.0,0.0
value.grevenue.total,23,230,10,0.0,10000.0,1.0,1.0,8464599.0,0.0,0.0
value.grevenue.total,24,240,10,0.0,10000.0,1.0,1.0,1.1925343E7,0.0,0.0
value.grevenue.total,25,250,10,0.0,10000.0,1.0,1.0,1.178486E7,0.0,0.0
value.grevenue.total,26,260,10,0.0,10000.0,1.0,1.0,1.1988628E7,0.0,0.0
value.grevenue.total,27,270,10,0.0,10000.0,1.0,1.0,1.2179783E7,0.0,0.0
value.grevenue.total,28,280,10,0.0,10000.0,1.0,1.0,1.1884603E7,0.0,0.0
value.grevenue.total,29,290,10,0.0,10000.0,1.0,1.0,1.2055733E7,0.0,0.0
value.grevenue.total,30,300,10,0.0,10000.0,1.0,1.0,1.204207E7,0.0,0.0
value.harvcost.total,0,0,10,0.0,10000.0,1.0,1.0,0.0,0.0,0.0
value.harvcost.total,1,10,10,0.0,10000.0,1.0,1.0,8746859.0,0.0,0.0
value.harvcost.total,2,20,10,0.0,10000.0,1.0,1.0,8724898.0,0.0,0.0
value.harvcost.total,3,30,10,0.0,10000.0,1.0,1.0,8746199.0,0.0,0.0
value.harvcost.total,4,40,10,0.0,10000.0,1.0,1.0,8726389.0,0.0,0.0
value.harvcost.total,5,50,10,0.0,10000.0,1.0,1.0,8671747.0,0.0,0.0
value.harvcost.total,6,60,10,0.0,10000.0,1.0,1.0,8692571.0,0.0,0.0
value.harvcost.total,7,70,10,0.0,10000.0,1.0,1.0,8677330.0,0.0,0.0
value.harvcost.total,8,80,10,0.0,10000.0,1.0,1.0,6842203.0,0.0,0.0
value.harvcost.total,9,90,10,0.0,10000.0,1.0,1.0,8438731.0,0.0,0.0
value.harvcost.total,10,100,10,0.0,10000.0,1.0,1.0,7608112.0,0.0,0.0
value.harvcost.total,11,110,10,0.0,10000.0,1.0,1.0,6744394.0,0.0,0.0
value.harvcost.total,12,120,10,0.0,10000.0,1.0,1.0,8407963.0,0.0,0.0
value.harvcost.total,13,130,10,0.0,10000.0,1.0,1.0,7877838.5,0.0,0.0
value.harvcost.total,14,140,10,0.0,10000.0,1.0,1.0,7579998.0,0.0,0.0
value.harvcost.total,15,150,10,0.0,10000.0,1.0,1.0,8692655.0,0.0,0.0
value.harvcost.total,16,160,10,0.0,10000.0,1.0,1.0,6270781.5,0.0,0.0
value.harvcost.total,17,170,10,0.0,10000.0,1.0,1.0,8520240.0,0.0,0.0
value.harvcost.total,18,180,10,0.0,10000.0,1.0,1.0,8399260.0,0.0,0.0
value.harvcost.total,19,190,10,0.0,10000.0,1.0,1.0,8517816.0,0.0,0.0
value.harvcost.total,20,200,10,0.0,10000.0,1.0,1.0,6761642.0,0.0,0.0
value.harvcost.total,21,210,10,0.0,10000.0,1.0,1.0,8484570.0,0.0,0.0
value.harvcost.total,22,220,10,0.0,10000.0,1.0,1.0,5314999.5,0.0,0.0
value.harvcost.total,23,230,10,0.0,10000.0,1.0,1.0,6208336.5,0.0,0.0
value.harvcost.total,24,240,10,0.0,10000.0,1.0,1.0,8610758.0,0.0,0.0
value.harvcost.total,25,250,10,0.0,10000.0,1.0,1.0,8730058.0,0.0,0.0
value.harvcost.total,26,260,10,0.0,10000.0,1.0,1.0,8749866.0,0.0,0.0
value.harvcost.total,27,270,10,0.0,10000.0,1.0,1.0,8749945.0,0.0,0.0
value.harvcost.total,28,280,10,0.0,10000.0,1.0,1.0,8731882.0,0.0,0.0
value.harvcost.total,29,290,10,0.0,10000.0,1.0,1.0,8749226.0,0.0,0.0
value.harvcost.total,30,300,10,0.0,10000.0,1.0,1.0,8748028.0,0.0,0.0
value.nrevenue.total,0,0,10,0.0,10000.0,1.0,1.0,0.0,0.0,0.0
value.nrevenue.total,1,10,10,0.0,10000.0,1.0,1.0,-6302516.5,0.0,0.0
value.nrevenue.total,2,20,10,0.0,10000.0,1.0,1.0,-2308921.5,0.0,0.0
value.nrevenue.total,3,30,10,0.0,10000.0,1.0,1.0,-858970.8125,0.0,0.0
value.nrevenue.total,4,40,10,0.0,10000.0,1.0,1.0,760438.375,0.0,0.0
value.nrevenue.total,5,50,10,0.0,10000.0,1.0,1.0,350001.03125,0.0,0.0
value.nrevenue.total,6,60,10,0.0,10000.0,1.0,1.0,1069975.125,0.0,0.0
value.nrevenue.total,7,70,10,0.0,10000.0,1.0,1.0,3071716.5,0.0,0.0
value.nrevenue.total,8,80,10,0.0,10000.0,1.0,1.0,-1177277.5,0.0,0.0
value.nrevenue.total,9,90,10,0.0,10000.0,1.0,1.0,-160622.5625,0.0,0.0
value.nrevenue.total,10,100,10,0.0,10000.0,1.0,1.0,2825728.75,0.0,0.0
value.nrevenue.total,11,110,10,0.0,10000.0,1.0,1.0,2525606.5,0.0,0.0
value.nrevenue.total,12,120,10,0.0,10000.0,1.0,1.0,3127971.0,0.0,0.0
value.nrevenue.total,13,130,10,0.0,10000.0,1.0,1.0,2747142.75,0.0,0.0
value.nrevenue.total,14,140,10,0.0,10000.0,1.0,1.0,2990264.75,0.0,0.0
value.nrevenue.total,15,150,10,0.0,10000.0,1.0,1.0,3256771.75,0.0,0.0
value.nrevenue.total,16,160,10,0.0,10000.0,1.0,1.0,2352464.25,0.0,0.0
value.nrevenue.total,17,170,10,0.0,10000.0,1.0,1.0,3123177.0,0.0,0.0
value.nrevenue.total,18,180,10,0.0,10000.0,1.0,1.0,3041182.25,0.0,0.0
value.nrevenue.total,19,190,10,0.0,10000.0,1.0,1.0,3198540.0,0.0,0.0
value.nrevenue.total,20,200,10,0.0,10000.0,1.0,1.0,2398862.25,0.0,0.0
value.nrevenue.total,21,210,10,0.0,10000.0,1.0,1.0,3281911.25,0.0,0.0
value.nrevenue.total,22,220,10,0.0,10000.0,1.0,1.0,2254229.5,0.0,0.0
value.nrevenue.total,23,230,10,0.0,10000.0,1.0,1.0,2230548.75,0.0,0.0
value.nrevenue.total,24,240,10,0.0,10000.0,1.0,1.0,3279758.25,0.0,0.0
value.nrevenue.total,25,250,10,0.0,10000.0,1.0,1.0,3018181.25,0.0,0.0
value.nrevenue.total,26,260,10,0.0,10000.0,1.0,1.0,3202973.25,0.0,0.0
value.nrevenue.total,27,270,10,0.0,10000.0,1.0,1.0,3395303.75,0.0,0.0
value.nrevenue.total,28,280,10,0.0,10000.0,1.0,1.0,3116505.25,0.0,0.0
value.nrevenue.total,29,290,10,0.0,10000.0,1.0,1.0,3270840.0,0.0,0.0
value.nrevenue.total,30,300,10,0.0,10000.0,1.0,1.0,3258603.5,0.0,0.0
value.stumpage.CW,0,0,10,0.0,10000.0,1.0,1.0,0.0,0.0,0.0
value.stumpage.CW,1,10,10,0.0,10000.0,1.0,1.0,1370.76904296875,0.0,0.0
value.stumpage.CW,2,20,10,0.0,10000.0,1.0,1.0,3961.4619140625,0.0,0.0
value.stumpage.CW,3,30,10,0.0,10000.0,1.0,1.0,5266.56396484375,0.0,0.0
value.stumpage.CW,4,40,10,0.0,10000.0,1.0,1.0,6579.80615234375,0.0,0.0
value.stumpage.CW,5,50,10,0.0,10000.0,1.0,1.0,6644.10986328125,0.0,0.0
value.stumpage.CW,6,60,10,0.0,10000.0,1.0,1.0,7215.1591796875,0.0,0.0
value.stumpage.CW,7,70,10,0.0,10000.0,1.0,1.0,7628.22119140625,0.0,0.0
value.stumpage.CW,8,80,10,0.0,10000.0,1.0,1.0,3458.9619140625,0.0,0.0
value.stumpage.CW,9,90,10,0.0,10000.0,1.0,1.0,5126.1748046875,0.0,0.0
value.stumpage.CW,10,100,10,0.0,10000.0,1.0,1.0,7586.7978515625,0.0,0.0
value.stumpage.CW,11,110,10,0.0,10000.0,1.0,1.0,6664.35595703125,0.0,0.0
value.stumpage.CW,12,120,10,0.0,10000.0,1.0,1.0,8206.9296875,0.0,0.0
value.stumpage.CW,13,130,10,0.0,10000.0,1.0,1.0,8186.2568359375,0.0,0.0
value.stumpage.CW,14,140,10,0.0,10000.0,1.0,1.0,7042.56787109375,0.0,0.0
value.stumpage.CW,15,150,10,0.0,10000.0,1.0,1.0,8582.9658203125,0.0,0.0
value.stumpage.CW,16,160,10,0.0,10000.0,1.0,1.0,5663.4560546875,0.0,0.0
value.stumpage.CW,17,170,10,0.0,10000.0,1.0,1.0,8578.01171875,0.0,0.0
value.stumpage.CW,18,180,10,0.0,10000.0,1.0,1.0,8604.8115234375,0.0,0.0
value.stumpage.CW,19,190,10,0.0,10000.0,1.0,1.0,8390.646484375,0.0,0.0
value.stumpage.CW,20,200,10,0.0,10000.0,1.0,1.0,6520.53515625,0.0,0.0
value.stumpage.CW,21,210,10,0.0,10000.0,1.0,1.0,7964.673828125,0.0,0.0
value.stumpage.CW,22,220,10,0.0,10000.0,1.0,1.0,4288.90087890625,0.0,0.0
value.stumpage.CW,23,230,10,0.0,10000.0,1.0,1.0,6410.4111328125,0.0,0.0
value.stumpage.CW,24,240,10,0.0,10000.0,1.0,1.0,8344.0517578125,0.0,0.0
value.stumpage.CW,25,250,10,0.0,10000.0,1.0,1.0,9285.849609375,0.0,0.0
value.stumpage.CW,26,260,10,0.0,10000.0,1.0,1.0,8659.623046875,0.0,0.0
value.stumpage.CW,27,270,10,0.0,10000.0,1.0,1.0,7671.46923828125,0.0,0.0
value.stumpage.CW,28,280,10,0.0,10000.0,1.0,1.0,9030.0224609375,0.0,0.0
value.stumpage.CW,29,290,10,0.0,10000.0,1.0,1.0,8661.8505859375,0.0,0.0
value.stumpage.CW,30,300,10,0.0,10000.0,1.0,1.0,8395.2568359375,0.0,0.0
value.stumpage.FDC,0,0,10,0.0,10000.0,1.0,1.0,0.0,0.0,0.0
value.stumpage.FDC,1,10,10,0.0,10000.0,1.0,1.0,3383.614013671875,0.0,0.0
value.stumpage.FDC,2,20,10,0.0,10000.0,1.0,1.0,7001.85498046875,0.0,0.0
value.stumpage.FDC,3,30,10,0.0,10000.0,1.0,1.0,6884.8818359375,0.0,0.0
value.stumpage.FDC,4,40,10,0.0,10000.0,1.0,1.0,6957.15576171875,0.0,0.0
value.stumpage.FDC,5,50,10,0.0,10000.0,1.0,1.0,4203.60205078125,0.0,0.0
value.stumpage.FDC,6,60,10,0.0,10000.0,1.0,1.0,4818.4130859375,0.0,0.0
value.stumpage.FDC,7,70,10,0.0,10000.0,1.0,1.0,11297.04296875,0.0,0.0
value.stumpage.FDC,8,80,10,0.0,10000.0,1.0,1.0,5730.80810546875,0.0,0.0
value.stumpage.FDC,9,90,10,0.0,10000.0,1.0,1.0,9146.3876953125,0.0,0.0
value.stumpage.FDC,10,100,10,0.0,10000.0,1.0,1.0,6144.16015625,0.0,0.0
value.stumpage.FDC,11,110,10,0.0,10000.0,1.0,1.0,5822.498046875,0.0,0.0
value.stumpage.FDC,12,120,10,0.0,10000.0,1.0,1.0,7405.44091796875,0.0,0.0
value.stumpage.FDC,13,130,10,0.0,10000.0,1.0,1.0,3748.8740234375,0.0,0.0
value.stumpage.FDC,14,140,10,0.0,10000.0,1.0,1.0,9298.6689453125,0.0,0.0
value.stumpage.FDC,15,150,10,0.0,10000.0,1.0,1.0,7539.23779296875,0.0,0.0
value.stumpage.FDC,16,160,10,0.0,10000.0,1.0,1.0,7162.78515625,0.0,0.0
value.stumpage.FDC,17,170,10,0.0,10000.0,1.0,1.0,6259.85400390625,0.0,0.0
value.stumpage.FDC,18,180,10,0.0,10000.0,1.0,1.0,5366.7099609375,0.0,0.0
value.stumpage.FDC,19,190,10,0.0,10000.0,1.0,1.0,7513.98291015625,0.0,0.0
value.stumpage.FDC,20,200,10,0.0,10000.0,1.0,1.0,5198.9521484375,0.0,0.0
value.stumpage.FDC,21,210,10,0.0,10000.0,1.0,1.0,9580.189453125,0.0,0.0
value.stumpage.FDC,22,220,10,0.0,10000.0,1.0,1.0,9973.37890625,0.0,0.0
value.stumpage.FDC,23,230,10,0.0,10000.0,1.0,1.0,3655.14111328125,0.0,0.0
value.stumpage.FDC,24,240,10,0.0,10000.0,1.0,1.0,8441.8701171875,0.0,0.0
value.stumpage.FDC,25,250,10,0.0,10000.0,1.0,1.0,3239.697998046875,0.0,0.0
value.stumpage.FDC,26,260,10,0.0,10000.0,1.0,1.0,6871.35888671875,0.0,0.0
value.stumpage.FDC,27,270,10,0.0,10000.0,1.0,1.0,11716.3115234375,0.0,0.0
value.stumpage.FDC,28,280,10,0.0,10000.0,1.0,1.0,4916.40185546875,0.0,0.0
value.stumpage.FDC,29,290,10,0.0,10000.0,1.0,1.0,7451.80517578125,0.0,0.0
value.stumpage.FDC,30,300,10,0.0,10000.0,1.0,1.0,8202.2685546875,0.0,0.0
value.stumpage.HW,0,0,10,0.0,10000.0,1.0,1.0,0.0,0.0,0.0
value.stumpage.HW,1,10,10,0.0,10000.0,1.0,1.0,1701.6619873046875,0.0,0.0
value.stumpage.HW,2,20,10,0.0,10000.0,1.0,1.0,6825.22998046875,0.0,0.0
value.stumpage.HW,3,30,10,0.0,10000.0,1.0,1.0,10400.884765625,0.0,0.0
value.stumpage.HW,4,40,10,0.0,10000.0,1.0,1.0,14197.6669921875,0.0,0.0
value.stumpage.HW,5,50,10,0.0,10000.0,1.0,1.0,16718.25390625,0.0,0.0
value.stumpage.HW,6,60,10,0.0,10000.0,1.0,1.0,17568.259765625,0.0,0.0
value.stumpage.HW,7,70,10,0.0,10000.0,1.0,1.0,14224.2470703125,0.0,0.0
value.stumpage.HW,8,80,10,0.0,10000.0,1.0,1.0,6892.22802734375,0.0,0.0
value.stumpage.HW,9,90,10,0.0,10000.0,1.0,1.0,8577.9931640625,0.0,0.0
value.stumpage.HW,10,100,10,0.0,10000.0,1.0,1.0,17367.31640625,0.0,0.0
value.stumpage.HW,11,110,10,0.0,10000.0,1.0,1.0,14987.58203125,0.0,0.0
value.stumpage.HW,12,120,10,0.0,10000.0,1.0,1.0,18582.685546875,0.0,0.0
value.stumpage.HW,13,130,10,0.0,10000.0,1.0,1.0,20890.681640625,0.0,0.0
value.stumpage.HW,14,140,10,0.0,10000.0,1.0,1.0,13852.9833984375,0.0,0.0
value.stumpage.HW,15,150,10,0.0,10000.0,1.0,1.0,19279.9453125,0.0,0.0
value.stumpage.HW,16,160,10,0.0,10000.0,1.0,1.0,12221.1025390625,0.0,0.0
value.stumpage.HW,17,170,10,0.0,10000.0,1.0,1.0,20138.060546875,0.0,0.0
value.stumpage.HW,18,180,10,0.0,10000.0,1.0,1.0,20712.119140625,0.0,0.0
value.stumpage.HW,19,190,10,0.0,10000.0,1.0,1.0,18754.29296875,0.0,0.0
value.stumpage.HW,20,200,10,0.0,10000.0,1.0,1.0,15916.228515625,0.0,0.0
value.stumpage.HW,21,210,10,0.0,10000.0,1.0,1.0,16444.8125,0.0,0.0
value.stumpage.HW,22,220,10,0.0,10000.0,1.0,1.0,6029.2880859375,0.0,0.0
value.stumpage.HW,23,230,10,0.0,10000.0,1.0,1.0,15648.251953125,0.0,0.0
value.stumpage.HW,24,240,10,0.0,10000.0,1.0,1.0,18040.900390625,0.0,0.0
value.stumpage.HW,25,250,10,0.0,10000.0,1.0,1.0,24095.234375,0.0,0.0
value.stumpage.HW,26,260,10,0.0,10000.0,1.0,1.0,20257.794921875,0.0,0.0
value.stumpage.HW,27,270,10,0.0,10000.0,1.0,1.0,15146.5791015625,0.0,0.0
value.stumpage.HW,28,280,10,0.0,10000.0,1.0,1.0,22269.419921875,0.0,0.0
value.stumpage.HW,29,290,10,0.0,10000.0,1.0,1.0,19553.32421875,0.0,0.0
value.stumpage.HW,30,300,10,0.0,10000.0,1.0,1.0,18841.01171875,0.0,0.0
value.stumpage.total,0,0,10,0.0,10000.0,1.0,1.0,0.0,0.0,0.0
value.stumpage.total,1,10,10,0.0,10000.0,1.0,1.0,6456.044921875,0.0,0.0
value.stumpage.total,2,20,10,0.0,10000.0,1.0,1.0,17788.546875,0.0,0.0
value.stumpage.total,3,30,10,0.0,10000.0,1.0,1.0,22552.330078125,0.0,0.0
value.stumpage.total,4,40,10,0.0,10000.0,1.0,1.0,27734.62890625,0.0,0.0
value.stumpage.total,5,50,10,0.0,10000.0,1.0,1.0,27565.966796875,0.0,0.0
value.stumpage.total,6,60,10,0.0,10000.0,1.0,1.0,29601.83203125,0.0,0.0
value.stumpage.total,7,70,10,0.0,10000.0,1.0,1.0,33149.51171875,0.0,0.0
value.stumpage.total,8,80,10,0.0,10000.0,1.0,1.0,16081.998046875,0.0,0.0
value.stumpage.total,9,90,10,0.0,10000.0,1.0,1.0,22850.556640625,0.0,0.0
value.stumpage.total,10,100,10,0.0,10000.0,1.0,1.0,31098.275390625,0.0,0.0
value.stumpage.total,11,110,10,0.0,10000.0,1.0,1.0,27474.435546875,0.0,0.0
value.stumpage.total,12,120,10,0.0,10000.0,1.0,1.0,34195.05859375,0.0,0.0
value.stumpage.total,13,130,10,0.0,10000.0,1.0,1.0,32825.8125,0.0,0.0
value.stumpage.total,14,140,10,0.0,10000.0,1.0,1.0,30194.220703125,0.0,0.0
value.stumpage.total,15,150,10,0.0,10000.0,1.0,1.0,35402.1484375,0.0,0.0
value.stumpage.total,16,160,10,0.0,10000.0,1.0,1.0,25047.34375,0.0,0.0
value.stumpage.total,17,170,10,0.0,10000.0,1.0,1.0,34975.92578125,0.0,0.0
value.stumpage.total,18,180,10,0.0,10000.0,1.0,1.0,34683.640625,0.0,0.0
value.stumpage.total,19,190,10,0.0,10000.0,1.0,1.0,34658.921875,0.0,0.0
value.stumpage.total,20,200,10,0.0,10000.0,1.0,1.0,27635.716796875,0.0,0.0
value.stumpage.total,21,210,10,0.0,10000.0,1.0,1.0,33989.67578125,0.0,0.0
value.stumpage.total,22,220,10,0.0,10000.0,1.0,1.0,20291.568359375,0.0,0.0
value.stumpage.total,23,230,10,0.0,10000.0,1.0,1.0,25713.8046875,0.0,0.0
value.stumpage.total,24,240,10,0.0,10000.0,1.0,1.0,34826.82421875,0.0,0.0
value.stumpage.total,25,250,10,0.0,10000.0,1.0,1.0,36620.78125,0.0,0.0
value.stumpage.total,26,260,10,0.0,10000.0,1.0,1.0,35788.77734375,0.0,0.0
value.stumpage.total,27,270,10,0.0,10000.0,1.0,1.0,34534.359375,0.0,0.0
value.stumpage.total,28,280,10,0.0,10000.0,1.0,1.0,36215.84375,0.0,0.0
value.stumpage.total,29,290,10,0.0,10000.0,1.0,1.0,35666.98046875,0.0,0.0
value.stumpage.total,30,300,10,0.0,10000.0,1.0,1.0,35438.5390625,0.0,0.0
Bike1_GrowingStock,0,0,10,0.0,10000.0,1.0,1.0,57558.00390625,0.0,0.0
Bike1_GrowingStock,1,10,10,0.0,10000.0,1.0,1.0,75992.3203125,0.0,0.0
Bike1_GrowingStock,2,20,10,0.0,10000.0,1.0,1.0,92508.1953125,0.0,0.0
Bike1_GrowingStock,3,30,10,0.0,10000.0,1.0,1.0,107009.6171875,0.0,0.0
Bike1_GrowingStock,4,40,10,0.0,10000.0,1.0,1.0,113651.96875,0.0,0.0
Bike1_GrowingStock,5,50,10,0.0,10000.0,1.0,1.0,123973.84375,0.0,0.0
Bike1_GrowingStock,6,60,10,0.0,10000.0,1.0,1.0,132891.265625,0.0,0.0
Bike1_GrowingStock,7,70,10,0.0,10000.0,1.0,1.0,141165.171875,0.0,0.0
Bike1_GrowingStock,8,80,10,0.0,10000.0,1.0,1.0,148628.5,0.0,0.0
Bike1_GrowingStock,9,90,10,0.0,10000.0,1.0,1.0,155156.953125,0.0,0.0
Bike1_GrowingStock,10,100,10,0.0,10000.0,1.0,1.0,160993.6875,0.0,0.0
Bike1_GrowingStock,11,110,10,0.0,10000.0,1.0,1.0,166380.046875,0.0,0.0
Bike1_GrowingStock,12,120,10,0.0,10000.0,1.0,1.0,167576.390625,0.0,0.0
Bike1_GrowingStock,13,130,10,0.0,10000.0,1.0,1.0,169262.890625,0.0,0.0
Bike1_GrowingStock,14,140,10,0.0,10000.0,1.0,1.0,172268.3125,0.0,0.0
Bike1_GrowingStock,15,150,10,0.0,10000.0,1.0,1.0,175309.953125,0.0,0.0
Bike1_GrowingStock,16,160,10,0.0,10000.0,1.0,1.0,178187.28125,0.0,0.0
Bike1_GrowingStock,17,170,10,0.0,10000.0,1.0,1.0,180922.015625,0.0,0.0
Bike1_GrowingStock,18,180,10,0.0,10000.0,1.0,1.0,182941.109375,0.0,0.0
Bike1_GrowingStock,19,190,10,0.0,10000.0,1.0,1.0,184029.84375,0.0,0.0
Bike1_GrowingStock,20,200,10,0.0,10000.0,1.0,1.0,181181.390625,0.0,0.0
Bike1_GrowingStock,21,210,10,0.0,10000.0,1.0,1.0,181111.109375,0.0,0.0
Bike1_GrowingStock,22,220,10,0.0,10000.0,1.0,1.0,178567.265625,0.0,0.0
Bike1_GrowingStock,23,230,10,0.0,10000.0,1.0,1.0,178315.953125,0.0,0.0
Bike1_GrowingStock,24,240,10,0.0,10000.0,1.0,1.0,178280.921875,0.0,0.0
Bike1_GrowingStock,25,250,10,0.0,10000.0,1.0,1.0,178408.375,0.0,0.0
Bike1_GrowingStock,26,260,10,0.0,10000.0,1.0,1.0,178453.5,0.0,0.0
Bike1_GrowingStock,27,270,10,0.0,10000.0,1.0,1.0,178421.859375,0.0,0.0
Bike1_GrowingStock,28,280,10,0.0,10000.0,1.0,1.0,174836.5625,0.0,0.0
Bike1_GrowingStock,29,290,10,0.0,10000.0,1.0,1.0,174289.59375,0.0,0.0
Bike1_GrowingStock,30,300,10,0.0,10000.0,1.0,1.0,171779.84375,0.0,0.0
Bike1_HarvestVolume,0,0,10,0.0,10000.0,1.0,1.0,0.0,0.0,0.0
Bike1_HarvestVolume,1,10,10,0.0,10000.0,1.0,1.0,0.0,0.0,0.0
Bike1_HarvestVolume,2,20,10,0.0,10000.0,1.0,1.0,0.0,0.0,0.0
Bike1_HarvestVolume,3,30,10,0.0,10000.0,1.0,1.0,0.0,0.0,0.0
Bike1_HarvestVolume,4,40,10,0.0,10000.0,1.0,1.0,5842.01806640625,0.0,0.0
Bike1_HarvestVolume,5,50,10,0.0,10000.0,1.0,1.0,0.0,0.0,0.0
Bike1_HarvestVolume,6,60,10,0.0,10000.0,1.0,1.0,0.0,0.0,0.0
Bike1_HarvestVolume,7,70,10,0.0,10000.0,1.0,1.0,0.0,0.0,0.0
Bike1_HarvestVolume,8,80,10,0.0,10000.0,1.0,1.0,0.0,0.0,0.0
Bike1_HarvestVolume,9,90,10,0.0,10000.0,1.0,1.0,0.0,0.0,0.0
Bike1_HarvestVolume,10,100,10,0.0,10000.0,1.0,1.0,0.0,0.0,0.0
Bike1_HarvestVolume,11,110,10,0.0,10000.0,1.0,1.0,0.0,0.0,0.0
Bike1_HarvestVolume,12,120,10,0.0,10000.0,1.0,1.0,3643.5029296875,0.0,0.0
Bike1_HarvestVolume,13,130,10,0.0,10000.0,1.0,1.0,1971.623046875,0.0,0.0
Bike1_HarvestVolume,14,140,10,0.0,10000.0,1.0,1.0,0.0,0.0,0.0
Bike1_HarvestVolume,15,150,10,0.0,10000.0,1.0,1.0,0.0,0.0,0.0
Bike1_HarvestVolume,16,160,10,0.0,10000.0,1.0,1.0,0.0,0.0,0.0
Bike1_HarvestVolume,17,170,10,0.0,10000.0,1.0,1.0,0.0,0.0,0.0
Bike1_HarvestVolume,18,180,10,0.0,10000.0,1.0,1.0,0.0,0.0,0.0
Bike1_HarvestVolume,19,190,10,0.0,10000.0,1.0,1.0,0.0,0.0,0.0
Bike1_HarvestVolume,20,200,10,0.0,10000.0,1.0,1.0,3524.04296875,0.0,0.0
Bike1_HarvestVolume,21,210,10,0.0,10000.0,1.0,1.0,0.0,0.0,0.0
Bike1_HarvestVolume,22,220,10,0.0,10000.0,1.0,1.0,2049.39306640625,0.0,0.0
Bike1_HarvestVolume,23,230,10,0.0,10000.0,1.0,1.0,0.0,0.0,0.0
Bike1_HarvestVolume,24,240,10,0.0,10000.0,1.0,1.0,0.0,0.0,0.0
Bike1_HarvestVolume,25,250,10,0.0,10000.0,1.0,1.0,0.0,0.0,0.0
Bike1_HarvestVolume,26,260,10,0.0,10000.0,1.0,1.0,0.0,0.0,0.0
Bike1_HarvestVolume,27,270,10,0.0,10000.0,1.0,1.0,0.0,0.0,0.0
Bike1_HarvestVolume,28,280,10,0.0,10000.0,1.0,1.0,3524.04296875,0.0,0.0
Bike1_HarvestVolume,29,290,10,0.0,10000.0,1.0,1.0,0.0,0.0,0.0
Bike1_HarvestVolume,30,300,10,0.0,10000.0,1.0,1.0,2023.469970703125,0.0,0.0
Bike2_GrowingStock,0,0,10,0.0,10000.0,1.0,1.0,40252.0703125,0.0,0.0
Bike2_GrowingStock,1,10,10,0.0,10000.0,1.0,1.0,52411.6640625,0.0,0.0
Bike2_GrowingStock,2,20,10,0.0,10000.0,1.0,1.0,63479.4296875,0.0,0.0
Bike2_GrowingStock,3,30,10,0.0,10000.0,1.0,1.0,73420.7578125,0.0,0.0
Bike2_GrowingStock,4,40,10,0.0,10000.0,1.0,1.0,82342.65625,0.0,0.0
Bike2_GrowingStock,5,50,10,0.0,10000.0,1.0,1.0,82033.625,0.0,0.0
Bike2_GrowingStock,6,60,10,0.0,10000.0,1.0,1.0,88238.703125,0.0,0.0
Bike2_GrowingStock,7,70,10,0.0,10000.0,1.0,1.0,86771.3828125,0.0,0.0
Bike2_GrowingStock,8,80,10,0.0,10000.0,1.0,1.0,92158.8828125,0.0,0.0
Bike2_GrowingStock,9,90,10,0.0,10000.0,1.0,1.0,97298.3203125,0.0,0.0
Bike2_GrowingStock,10,100,10,0.0,10000.0,1.0,1.0,102470.546875,0.0,0.0
Bike2_GrowingStock,11,110,10,0.0,10000.0,1.0,1.0,107460.96875,0.0,0.0
Bike2_GrowingStock,12,120,10,0.0,10000.0,1.0,1.0,112025.96875,0.0,0.0
Bike2_GrowingStock,13,130,10,0.0,10000.0,1.0,1.0,116148.953125,0.0,0.0
Bike2_GrowingStock,14,140,10,0.0,10000.0,1.0,1.0,119920.0390625,0.0,0.0
Bike2_GrowingStock,15,150,10,0.0,10000.0,1.0,1.0,123253.390625,0.0,0.0
Bike2_GrowingStock,16,160,10,0.0,10000.0,1.0,1.0,126186.296875,0.0,0.0
Bike2_GrowingStock,17,170,10,0.0,10000.0,1.0,1.0,119431.0,0.0,0.0
Bike2_GrowingStock,18,180,10,0.0,10000.0,1.0,1.0,117718.359375,0.0,0.0
Bike2_GrowingStock,19,190,10,0.0,10000.0,1.0,1.0,119795.3125,0.0,0.0
Bike2_GrowingStock,20,200,10,0.0,10000.0,1.0,1.0,117970.828125,0.0,0.0
Bike2_GrowingStock,21,210,10,0.0,10000.0,1.0,1.0,119926.5546875,0.0,0.0
Bike2_GrowingStock,22,220,10,0.0,10000.0,1.0,1.0,122047.65625,0.0,0.0
Bike2_GrowingStock,23,230,10,0.0,10000.0,1.0,1.0,124231.0546875,0.0,0.0
Bike2_GrowingStock,24,240,10,0.0,10000.0,1.0,1.0,126294.4140625,0.0,0.0
Bike2_GrowingStock,25,250,10,0.0,10000.0,1.0,1.0,128221.671875,0.0,0.0
Bike2_GrowingStock,26,260,10,0.0,10000.0,1.0,1.0,129938.875,0.0,0.0
Bike2_GrowingStock,27,270,10,0.0,10000.0,1.0,1.0,122710.8828125,0.0,0.0
Bike2_GrowingStock,28,280,10,0.0,10000.0,1.0,1.0,123426.6640625,0.0,0.0
Bike2_GrowingStock,29,290,10,0.0,10000.0,1.0,1.0,117717.59375,0.0,0.0
Bike2_GrowingStock,30,300,10,0.0,10000.0,1.0,1.0,118645.9921875,0.0,0.0
Bike2_HarvestVolume,0,0,10,0.0,10000.0,1.0,1.0,0.0,0.0,0.0
Bike2_HarvestVolume,1,10,10,0.0,10000.0,1.0,1.0,0.0,0.0,0.0
Bike2_HarvestVolume,2,20,10,0.0,10000.0,1.0,1.0,0.0,0.0,0.0
Bike2_HarvestVolume,3,30,10,0.0,10000.0,1.0,1.0,0.0,0.0,0.0
Bike2_HarvestVolume,4,40,10,0.0,10000.0,1.0,1.0,0.0,0.0,0.0
Bike2_HarvestVolume,5,50,10,0.0,10000.0,1.0,1.0,8001.9072265625,0.0,0.0
Bike2_HarvestVolume,6,60,10,0.0,10000.0,1.0,1.0,0.0,0.0,0.0
Bike2_HarvestVolume,7,70,10,0.0,10000.0,1.0,1.0,6974.81689453125,0.0,0.0
Bike2_HarvestVolume,8,80,10,0.0,10000.0,1.0,1.0,0.0,0.0,0.0
Bike2_HarvestVolume,9,90,10,0.0,10000.0,1.0,1.0,0.0,0.0,0.0
Bike2_HarvestVolume,10,100,10,0.0,10000.0,1.0,1.0,0.0,0.0,0.0
Bike2_HarvestVolume,11,110,10,0.0,10000.0,1.0,1.0,0.0,0.0,0.0
Bike2_HarvestVolume,12,120,10,0.0,10000.0,1.0,1.0,0.0,0.0,0.0
Bike2_HarvestVolume,13,130,10,0.0,10000.0,1.0,1.0,0.0,0.0,0.0
Bike2_HarvestVolume,14,140,10,0.0,10000.0,1.0,1.0,0.0,0.0,0.0
Bike2_HarvestVolume,15,150,10,0.0,10000.0,1.0,1.0,0.0,0.0,0.0
Bike2_HarvestVolume,16,160,10,0.0,10000.0,1.0,1.0,0.0,0.0,0.0
Bike2_HarvestVolume,17,170,10,0.0,10000.0,1.0,1.0,8916.0927734375,0.0,0.0
Bike2_HarvestVolume,18,180,10,0.0,10000.0,1.0,1.0,3557.031982421875,0.0,0.0
Bike2_HarvestVolume,19,190,10,0.0,10000.0,1.0,1.0,0.0,0.0,0.0
Bike2_HarvestVolume,20,200,10,0.0,10000.0,1.0,1.0,3811.14794921875,0.0,0.0
Bike2_HarvestVolume,21,210,10,0.0,10000.0,1.0,1.0,0.0,0.0,0.0
Bike2_HarvestVolume,22,220,10,0.0,10000.0,1.0,1.0,0.0,0.0,0.0
Bike2_HarvestVolume,23,230,10,0.0,10000.0,1.0,1.0,0.0,0.0,0.0
Bike2_HarvestVolume,24,240,10,0.0,10000.0,1.0,1.0,0.0,0.0,0.0
Bike2_HarvestVolume,25,250,10,0.0,10000.0,1.0,1.0,0.0,0.0,0.0
Bike2_HarvestVolume,26,260,10,0.0,10000.0,1.0,1.0,0.0,0.0,0.0
Bike2_HarvestVolume,27,270,10,0.0,10000.0,1.0,1.0,8691.3359375,0.0,0.0
Bike2_HarvestVolume,28,280,10,0.0,10000.0,1.0,1.0,0.0,0.0,0.0
Bike2_HarvestVolume,29,290,10,0.0,10000.0,1.0,1.0,6393.42578125,0.0,0.0
Bike2_HarvestVolume,30,300,10,0.0,10000.0,1.0,1.0,0.0,0.0,0.0
Bike3_GrowingStock,0,0,10,0.0,10000.0,1.0,1.0,25502.892578125,0.0,0.0
Bike3_GrowingStock,1,10,10,0.0,10000.0,1.0,1.0,35155.8671875,0.0,0.0
Bike3_GrowingStock,2,20,10,0.0,10000.0,1.0,1.0,43981.08203125,0.0,0.0
Bike3_GrowingStock,3,30,10,0.0,10000.0,1.0,1.0,42435.61328125,0.0,0.0
Bike3_GrowingStock,4,40,10,0.0,10000.0,1.0,1.0,46970.79296875,0.0,0.0
Bike3_GrowingStock,5,50,10,0.0,10000.0,1.0,1.0,52737.671875,0.0,0.0
Bike3_GrowingStock,6,60,10,0.0,10000.0,1.0,1.0,48338.81640625,0.0,0.0
Bike3_GrowingStock,7,70,10,0.0,10000.0,1.0,1.0,53668.87890625,0.0,0.0
Bike3_GrowingStock,8,80,10,0.0,10000.0,1.0,1.0,59572.9453125,0.0,0.0
Bike3_GrowingStock,9,90,10,0.0,10000.0,1.0,1.0,65175.65234375,0.0,0.0
Bike3_GrowingStock,10,100,10,0.0,10000.0,1.0,1.0,70280.1953125,0.0,0.0
Bike3_GrowingStock,11,110,10,0.0,10000.0,1.0,1.0,64834.26171875,0.0,0.0
Bike3_GrowingStock,12,120,10,0.0,10000.0,1.0,1.0,68155.7109375,0.0,0.0
Bike3_GrowingStock,13,130,10,0.0,10000.0,1.0,1.0,66977.8515625,0.0,0.0
Bike3_GrowingStock,14,140,10,0.0,10000.0,1.0,1.0,70544.328125,0.0,0.0
Bike3_GrowingStock,15,150,10,0.0,10000.0,1.0,1.0,64420.5703125,0.0,0.0
Bike3_GrowingStock,16,160,10,0.0,10000.0,1.0,1.0,67471.53125,0.0,0.0
Bike3_GrowingStock,17,170,10,0.0,10000.0,1.0,1.0,71220.625,0.0,0.0
Bike3_GrowingStock,18,180,10,0.0,10000.0,1.0,1.0,75296.453125,0.0,0.0
Bike3_GrowingStock,19,190,10,0.0,10000.0,1.0,1.0,68998.3828125,0.0,0.0
Bike3_GrowingStock,20,200,10,0.0,10000.0,1.0,1.0,71627.6953125,0.0,0.0
Bike3_GrowingStock,21,210,10,0.0,10000.0,1.0,1.0,74479.734375,0.0,0.0
Bike3_GrowingStock,22,220,10,0.0,10000.0,1.0,1.0,75989.8046875,0.0,0.0
Bike3_GrowingStock,23,230,10,0.0,10000.0,1.0,1.0,78614.46875,0.0,0.0
Bike3_GrowingStock,24,240,10,0.0,10000.0,1.0,1.0,71679.15625,0.0,0.0
Bike3_GrowingStock,25,250,10,0.0,10000.0,1.0,1.0,73354.578125,0.0,0.0
Bike3_GrowingStock,26,260,10,0.0,10000.0,1.0,1.0,66219.2890625,0.0,0.0
Bike3_GrowingStock,27,270,10,0.0,10000.0,1.0,1.0,67609.25,0.0,0.0
Bike3_GrowingStock,28,280,10,0.0,10000.0,1.0,1.0,69489.515625,0.0,0.0
Bike3_GrowingStock,29,290,10,0.0,10000.0,1.0,1.0,72462.1953125,0.0,0.0
Bike3_GrowingStock,30,300,10,0.0,10000.0,1.0,1.0,70848.921875,0.0,0.0
Bike3_HarvestVolume,0,0,10,0.0,10000.0,1.0,1.0,0.0,0.0,0.0
Bike3_HarvestVolume,1,10,10,0.0,10000.0,1.0,1.0,0.0,0.0,0.0
Bike3_HarvestVolume,2,20,10,0.0,10000.0,1.0,1.0,0.0,0.0,0.0
Bike3_HarvestVolume,3,30,10,0.0,10000.0,1.0,1.0,8599.3525390625,0.0,0.0
Bike3_HarvestVolume,4,40,10,0.0,10000.0,1.0,1.0,1237.863037109375,0.0,0.0
Bike3_HarvestVolume,5,50,10,0.0,10000.0,1.0,1.0,0.0,0.0,0.0
Bike3_HarvestVolume,6,60,10,0.0,10000.0,1.0,1.0,9572.2158203125,0.0,0.0
Bike3_HarvestVolume,7,70,10,0.0,10000.0,1.0,1.0,0.0,0.0,0.0
Bike3_HarvestVolume,8,80,10,0.0,10000.0,1.0,1.0,0.0,0.0,0.0
Bike3_HarvestVolume,9,90,10,0.0,10000.0,1.0,1.0,0.0,0.0,0.0
Bike3_HarvestVolume,10,100,10,0.0,10000.0,1.0,1.0,0.0,0.0,0.0
Bike3_HarvestVolume,11,110,10,0.0,10000.0,1.0,1.0,9615.4462890625,0.0,0.0
Bike3_HarvestVolume,12,120,10,0.0,10000.0,1.0,1.0,0.0,0.0,0.0
Bike3_HarvestVolume,13,130,10,0.0,10000.0,1.0,1.0,4695.64013671875,0.0,0.0
Bike3_HarvestVolume,14,140,10,0.0,10000.0,1.0,1.0,0.0,0.0,0.0
Bike3_HarvestVolume,15,150,10,0.0,10000.0,1.0,1.0,9154.7783203125,0.0,0.0
Bike3_HarvestVolume,16,160,10,0.0,10000.0,1.0,1.0,0.0,0.0,0.0
Bike3_HarvestVolume,17,170,10,0.0,10000.0,1.0,1.0,0.0,0.0,0.0
Bike3_HarvestVolume,18,180,10,0.0,10000.0,1.0,1.0,0.0,0.0,0.0
Bike3_HarvestVolume,19,190,10,0.0,10000.0,1.0,1.0,9615.4462890625,0.0,0.0
Bike3_HarvestVolume,20,200,10,0.0,10000.0,1.0,1.0,0.0,0.0,0.0
Bike3_HarvestVolume,21,210,10,0.0,10000.0,1.0,1.0,0.0,0.0,0.0
Bike3_HarvestVolume,22,220,10,0.0,10000.0,1.0,1.0,1286.6209716796875,0.0,0.0
Bike3_HarvestVolume,23,230,10,0.0,10000.0,1.0,1.0,0.0,0.0,0.0
Bike3_HarvestVolume,24,240,10,0.0,10000.0,1.0,1.0,9502.642578125,0.0,0.0
Bike3_HarvestVolume,25,250,10,0.0,10000.0,1.0,1.0,0.0,0.0,0.0
Bike3_HarvestVolume,26,260,10,0.0,10000.0,1.0,1.0,8980.3876953125,0.0,0.0
Bike3_HarvestVolume,27,270,10,0.0,10000.0,1.0,1.0,0.0,0.0,0.0
Bike3_HarvestVolume,28,280,10,0.0,10000.0,1.0,1.0,0.0,0.0,0.0
Bike3_HarvestVolume,29,290,10,0.0,10000.0,1.0,1.0,0.0,0.0,0.0
Bike3_HarvestVolume,30,300,10,0.0,10000.0,1.0,1.0,4652.509765625,0.0,0.0
BikeTotal_GrowingStock,0,0,10,0.0,10000.0,1.0,1.0,123312.96875,0.0,0.0
BikeTotal_GrowingStock,1,10,10,0.0,10000.0,1.0,1.0,163559.859375,0.0,0.0
BikeTotal_GrowingStock,2,20,10,0.0,10000.0,1.0,1.0,199968.703125,0.0,0.0
BikeTotal_GrowingStock,3,30,10,0.0,10000.0,1.0,1.0,222865.984375,0.0,0.0
BikeTotal_GrowingStock,4,40,10,0.0,10000.0,1.0,1.0,242965.421875,0.0,0.0
BikeTotal_GrowingStock,5,50,10,0.0,10000.0,1.0,1.0,258745.140625,0.0,0.0
BikeTotal_GrowingStock,6,60,10,0.0,10000.0,1.0,1.0,269468.78125,0.0,0.0
BikeTotal_GrowingStock,7,70,10,0.0,10000.0,1.0,1.0,281605.4375,0.0,0.0
BikeTotal_GrowingStock,8,80,10,0.0,10000.0,1.0,1.0,300360.3125,0.0,0.0
BikeTotal_GrowingStock,9,90,10,0.0,10000.0,1.0,1.0,317630.9375,0.0,0.0
BikeTotal_GrowingStock,10,100,10,0.0,10000.0,1.0,1.0,333744.4375,0.0,0.0
BikeTotal_GrowingStock,11,110,10,0.0,10000.0,1.0,1.0,338675.28125,0.0,0.0
BikeTotal_GrowingStock,12,120,10,0.0,10000.0,1.0,1.0,347758.0625,0.0,0.0
BikeTotal_GrowingStock,13,130,10,0.0,10000.0,1.0,1.0,352389.6875,0.0,0.0
BikeTotal_GrowingStock,14,140,10,0.0,10000.0,1.0,1.0,362732.6875,0.0,0.0
BikeTotal_GrowingStock,15,150,10,0.0,10000.0,1.0,1.0,362983.90625,0.0,0.0
BikeTotal_GrowingStock,16,160,10,0.0,10000.0,1.0,1.0,371845.125,0.0,0.0
BikeTotal_GrowingStock,17,170,10,0.0,10000.0,1.0,1.0,371573.625,0.0,0.0
BikeTotal_GrowingStock,18,180,10,0.0,10000.0,1.0,1.0,375955.90625,0.0,0.0
BikeTotal_GrowingStock,19,190,10,0.0,10000.0,1.0,1.0,372823.53125,0.0,0.0
BikeTotal_GrowingStock,20,200,10,0.0,10000.0,1.0,1.0,370779.90625,0.0,0.0
BikeTotal_GrowingStock,21,210,10,0.0,10000.0,1.0,1.0,375517.40625,0.0,0.0
BikeTotal_GrowingStock,22,220,10,0.0,10000.0,1.0,1.0,376604.71875,0.0,0.0
BikeTotal_GrowingStock,23,230,10,0.0,10000.0,1.0,1.0,381161.46875,0.0,0.0
BikeTotal_GrowingStock,24,240,10,0.0,10000.0,1.0,1.0,376254.5,0.0,0.0
BikeTotal_GrowingStock,25,250,10,0.0,10000.0,1.0,1.0,379984.625,0.0,0.0
BikeTotal_GrowingStock,26,260,10,0.0,10000.0,1.0,1.0,374611.65625,0.0,0.0
BikeTotal_GrowingStock,27,270,10,0.0,10000.0,1.0,1.0,368742.0,0.0,0.0
BikeTotal_GrowingStock,28,280,10,0.0,10000.0,1.0,1.0,367752.75,0.0,0.0
BikeTotal_GrowingStock,29,290,10,0.0,10000.0,1.0,1.0,364469.375,0.0,0.0
BikeTotal_GrowingStock,30,300,10,0.0,10000.0,1.0,1.0,361274.75,0.0,0.0
BikeTotal_HarvestVolume,0,0,10,0.0,10000.0,1.0,1.0,0.0,0.0,0.0
BikeTotal_HarvestVolume,1,10,10,0.0,10000.0,1.0,1.0,0.0,0.0,0.0
BikeTotal_HarvestVolume,2,20,10,0.0,10000.0,1.0,1.0,0.0,0.0,0.0
BikeTotal_HarvestVolume,3,30,10,0.0,10000.0,1.0,1.0,8599.3525390625,0.0,0.0
BikeTotal_HarvestVolume,4,40,10,0.0,10000.0,1.0,1.0,7079.880859375,0.0,0.0
BikeTotal_HarvestVolume,5,50,10,0.0,10000.0,1.0,1.0,8001.9072265625,0.0,0.0
BikeTotal_HarvestVolume,6,60,10,0.0,10000.0,1.0,1.0,9572.2158203125,0.0,0.0
BikeTotal_HarvestVolume,7,70,10,0.0,10000.0,1.0,1.0,6974.81689453125,0.0,0.0
BikeTotal_HarvestVolume,8,80,10,0.0,10000.0,1.0,1.0,0.0,0.0,0.0
BikeTotal_HarvestVolume,9,90,10,0.0,10000.0,1.0,1.0,0.0,0.0,0.0
BikeTotal_HarvestVolume,10,100,10,0.0,10000.0,1.0,1.0,0.0,0.0,0.0
BikeTotal_HarvestVolume,11,110,10,0.0,10000.0,1.0,1.0,9615.4462890625,0.0,0.0
BikeTotal_HarvestVolume,12,120,10,0.0,10000.0,1.0,1.0,3643.5029296875,0.0,0.0
BikeTotal_HarvestVolume,13,130,10,0.0,10000.0,1.0,1.0,6667.26318359375,0.0,0.0
BikeTotal_HarvestVolume,14,140,10,0.0,10000.0,1.0,1.0,0.0,0.0,0.0
BikeTotal_HarvestVolume,15,150,10,0.0,10000.0,1.0,1.0,9154.7783203125,0.0,0.0
BikeTotal_HarvestVolume,16,160,10,0.0,10000.0,1.0,1.0,0.0,0.0,0.0
BikeTotal_HarvestVolume,17,170,10,0.0,10000.0,1.0,1.0,8916.0927734375,0.0,0.0
BikeTotal_HarvestVolume,18,180,10,0.0,10000.0,1.0,1.0,3557.031982421875,0.0,0.0
BikeTotal_HarvestVolume,19,190,10,0.0,10000.0,1.0,1.0,9615.4462890625,0.0,0.0
BikeTotal_HarvestVolume,20,200,10,0.0,10000.0,1.0,1.0,7335.19091796875,0.0,0.0
BikeTotal_HarvestVolume,21,210,10,0.0,10000.0,1.0,1.0,0.0,0.0,0.0
BikeTotal_HarvestVolume,22,220,10,0.0,10000.0,1.0,1.0,3336.013916015625,0.0,0.0
BikeTotal_HarvestVolume,23,230,10,0.0,10000.0,1.0,1.0,0.0,0.0,0.0
BikeTotal_HarvestVolume,24,240,10,0.0,10000.0,1.0,1.0,9502.642578125,0.0,0.0
BikeTotal_HarvestVolume,25,250,10,0.0,10000.0,1.0,1.0,0.0,0.0,0.0
BikeTotal_HarvestVolume,26,260,10,0.0,10000.0,1.0,1.0,8980.3876953125,0.0,0.0
BikeTotal_HarvestVolume,27,270,10,0.0,10000.0,1.0,1.0,8691.3359375,0.0,0.0
BikeTotal_HarvestVolume,28,280,10,0.0,10000.0,1.0,1.0,3524.04296875,0.0,0.0
BikeTotal_HarvestVolume,29,290,10,0.0,10000.0,1.0,1.0,6393.42578125,0.0,0.0
BikeTotal_HarvestVolume,30,300,10,0.0,10000.0,1.0,1.0,6675.97998046875,0.0,0.0
Camp1_GrowingStock,0,0,10,0.0,10000.0,1.0,1.0,44412.6640625,0.0,0.0
Camp1_GrowingStock,1,10,10,0.0,10000.0,1.0,1.0,56526.9765625,0.0,0.0
Camp1_GrowingStock,2,20,10,0.0,10000.0,1.0,1.0,67495.0390625,0.0,0.0
Camp1_GrowingStock,3,30,10,0.0,10000.0,1.0,1.0,77298.6328125,0.0,0.0
Camp1_GrowingStock,4,40,10,0.0,10000.0,1.0,1.0,86035.0625,0.0,0.0
Camp1_GrowingStock,5,50,10,0.0,10000.0,1.0,1.0,93410.3984375,0.0,0.0
Camp1_GrowingStock,6,60,10,0.0,10000.0,1.0,1.0,99763.3125,0.0,0.0
Camp1_GrowingStock,7,70,10,0.0,10000.0,1.0,1.0,105526.7734375,0.0,0.0
Camp1_GrowingStock,8,80,10,0.0,10000.0,1.0,1.0,110598.984375,0.0,0.0
Camp1_GrowingStock,9,90,10,0.0,10000.0,1.0,1.0,115109.765625,0.0,0.0
Camp1_GrowingStock,10,100,10,0.0,10000.0,1.0,1.0,119223.8359375,0.0,0.0
Camp1_GrowingStock,11,110,10,0.0,10000.0,1.0,1.0,122844.28125,0.0,0.0
Camp1_GrowingStock,12,120,10,0.0,10000.0,1.0,1.0,125921.515625,0.0,0.0
Camp1_GrowingStock,13,130,10,0.0,10000.0,1.0,1.0,128502.3125,0.0,0.0
Camp1_GrowingStock,14,140,10,0.0,10000.0,1.0,1.0,130749.7578125,0.0,0.0
Camp1_GrowingStock,15,150,10,0.0,10000.0,1.0,1.0,132817.25,0.0,0.0
Camp1_GrowingStock,16,160,10,0.0,10000.0,1.0,1.0,134708.375,0.0,0.0
Camp1_GrowingStock,17,170,10,0.0,10000.0,1.0,1.0,136197.640625,0.0,0.0
Camp1_GrowingStock,18,180,10,0.0,10000.0,1.0,1.0,137204.21875,0.0,0.0
Camp1_GrowingStock,19,190,10,0.0,10000.0,1.0,1.0,137940.578125,0.0,0.0
Camp1_GrowingStock,20,200,10,0.0,10000.0,1.0,1.0,138427.921875,0.0,0.0
Camp1_GrowingStock,21,210,10,0.0,10000.0,1.0,1.0,138641.90625,0.0,0.0
Camp1_GrowingStock,22,220,10,0.0,10000.0,1.0,1.0,138711.78125,0.0,0.0
Camp1_GrowingStock,23,230,10,0.0,10000.0,1.0,1.0,138705.765625,0.0,0.0
Camp1_GrowingStock,24,240,10,0.0,10000.0,1.0,1.0,138644.53125,0.0,0.0
Camp1_GrowingStock,25,250,10,0.0,10000.0,1.0,1.0,138572.890625,0.0,0.0
Camp1_GrowingStock,26,260,10,0.0,10000.0,1.0,1.0,138463.671875,0.0,0.0
Camp1_GrowingStock,27,270,10,0.0,10000.0,1.0,1.0,138303.234375,0.0,0.0
Camp1_GrowingStock,28,280,10,0.0,10000.0,1.0,1.0,138093.8125,0.0,0.0
Camp1_GrowingStock,29,290,10,0.0,10000.0,1.0,1.0,137838.375,0.0,0.0
Camp1_GrowingStock,30,300,10,0.0,10000.0,1.0,1.0,137759.453125,0.0,0.0
Camp1_HarvestVolume,0,0,10,0.0,10000.0,1.0,1.0,0.0,0.0,0.0
Camp1_HarvestVolume,1,10,10,0.0,10000.0,1.0,1.0,0.0,0.0,0.0
Camp1_HarvestVolume,2,20,10,0.0,10000.0,1.0,1.0,0.0,0.0,0.0
Camp1_HarvestVolume,3,30,10,0.0,10000.0,1.0,1.0,0.0,0.0,0.0
Camp1_HarvestVolume,4,40,10,0.0,10000.0,1.0,1.0,0.0,0.0,0.0
Camp1_HarvestVolume,5,50,10,0.0,10000.0,1.0,1.0,0.0,0.0,0.0
Camp1_HarvestVolume,6,60,10,0.0,10000.0,1.0,1.0,0.0,0.0,0.0
Camp1_HarvestVolume,7,70,10,0.0,10000.0,1.0,1.0,0.0,0.0,0.0
Camp1_HarvestVolume,8,80,10,0.0,10000.0,1.0,1.0,0.0,0.0,0.0
Camp1_HarvestVolume,9,90,10,0.0,10000.0,1.0,1.0,0.0,0.0,0.0
Camp1_HarvestVolume,10,100,10,0.0,10000.0,1.0,1.0,0.0,0.0,0.0
Camp1_HarvestVolume,11,110,10,0.0,10000.0,1.0,1.0,0.0,0.0,0.0
Camp1_HarvestVolume,12,120,10,0.0,10000.0,1.0,1.0,0.0,0.0,0.0
Camp1_HarvestVolume,13,130,10,0.0,10000.0,1.0,1.0,0.0,0.0,0.0
Camp1_HarvestVolume,14,140,10,0.0,10000.0,1.0,1.0,0.0,0.0,0.0
Camp1_HarvestVolume,15,150,10,0.0,10000.0,1.0,1.0,0.0,0.0,0.0
Camp1_HarvestVolume,16,160,10,0.0,10000.0,1.0,1.0,0.0,0.0,0.0
Camp1_HarvestVolume,17,170,10,0.0,10000.0,1.0,1.0,0.0,0.0,0.0
Camp1_HarvestVolume,18,180,10,0.0,10000.0,1.0,1.0,0.0,0.0,0.0
Camp1_HarvestVolume,19,190,10,0.0,10000.0,1.0,1.0,0.0,0.0,0.0
Camp1_HarvestVolume,20,200,10,0.0,10000.0,1.0,1.0,0.0,0.0,0.0
Camp1_HarvestVolume,21,210,10,0.0,10000.0,1.0,1.0,0.0,0.0,0.0
Camp1_HarvestVolume,22,220,10,0.0,10000.0,1.0,1.0,0.0,0.0,0.0
Camp1_HarvestVolume,23,230,10,0.0,10000.0,1.0,1.0,0.0,0.0,0.0
Camp1_HarvestVolume,24,240,10,0.0,10000.0,1.0,1.0,0.0,0.0,0.0
Camp1_HarvestVolume,25,250,10,0.0,10000.0,1.0,1.0,0.0,0.0,0.0
Camp1_HarvestVolume,26,260,10,0.0,10000.0,1.0,1.0,0.0,0.0,0.0
Camp1_HarvestVolume,27,270,10,0.0,10000.0,1.0,1.0,0.0,0.0,0.0
Camp1_HarvestVolume,28,280,10,0.0,10000.0,1.0,1.0,0.0,0.0,0.0
Camp1_HarvestVolume,29,290,10,0.0,10000.0,1.0,1.0,0.0,0.0,0.0
Camp1_HarvestVolume,30,300,10,0.0,10000.0,1.0,1.0,0.0,0.0,0.0
Camp2_GrowingStock,0,0,10,0.0,10000.0,1.0,1.0,39878.94140625,0.0,0.0
Camp2_GrowingStock,1,10,10,0.0,10000.0,1.0,1.0,52475.34765625,0.0,0.0
Camp2_GrowingStock,2,20,10,0.0,10000.0,1.0,1.0,63786.953125,0.0,0.0
Camp2_GrowingStock,3,30,10,0.0,10000.0,1.0,1.0,73549.03125,0.0,0.0
Camp2_GrowingStock,4,40,10,0.0,10000.0,1.0,1.0,81988.375,0.0,0.0
Camp2_GrowingStock,5,50,10,0.0,10000.0,1.0,1.0,89262.1875,0.0,0.0
Camp2_GrowingStock,6,60,10,0.0,10000.0,1.0,1.0,95349.65625,0.0,0.0
Camp2_GrowingStock,7,70,10,0.0,10000.0,1.0,1.0,100620.2421875,0.0,0.0
Camp2_GrowingStock,8,80,10,0.0,10000.0,1.0,1.0,105435.71875,0.0,0.0
Camp2_GrowingStock,9,90,10,0.0,10000.0,1.0,1.0,109622.3984375,0.0,0.0
Camp2_GrowingStock,10,100,10,0.0,10000.0,1.0,1.0,113139.9296875,0.0,0.0
Camp2_GrowingStock,11,110,10,0.0,10000.0,1.0,1.0,116321.0,0.0,0.0
Camp2_GrowingStock,12,120,10,0.0,10000.0,1.0,1.0,118958.9609375,0.0,0.0
Camp2_GrowingStock,13,130,10,0.0,10000.0,1.0,1.0,121110.5390625,0.0,0.0
Camp2_GrowingStock,14,140,10,0.0,10000.0,1.0,1.0,122706.71875,0.0,0.0
Camp2_GrowingStock,15,150,10,0.0,10000.0,1.0,1.0,123938.96875,0.0,0.0
Camp2_GrowingStock,16,160,10,0.0,10000.0,1.0,1.0,124970.2265625,0.0,0.0
Camp2_GrowingStock,17,170,10,0.0,10000.0,1.0,1.0,125779.4140625,0.0,0.0
Camp2_GrowingStock,18,180,10,0.0,10000.0,1.0,1.0,126195.9453125,0.0,0.0
Camp2_GrowingStock,19,190,10,0.0,10000.0,1.0,1.0,126378.3828125,0.0,0.0
Camp2_GrowingStock,20,200,10,0.0,10000.0,1.0,1.0,126474.171875,0.0,0.0
Camp2_GrowingStock,21,210,10,0.0,10000.0,1.0,1.0,126329.3984375,0.0,0.0
Camp2_GrowingStock,22,220,10,0.0,10000.0,1.0,1.0,125875.125,0.0,0.0
Camp2_GrowingStock,23,230,10,0.0,10000.0,1.0,1.0,125302.0078125,0.0,0.0
Camp2_GrowingStock,24,240,10,0.0,10000.0,1.0,1.0,124704.3515625,0.0,0.0
Camp2_GrowingStock,25,250,10,0.0,10000.0,1.0,1.0,124088.0390625,0.0,0.0
Camp2_GrowingStock,26,260,10,0.0,10000.0,1.0,1.0,123459.5234375,0.0,0.0
Camp2_GrowingStock,27,270,10,0.0,10000.0,1.0,1.0,122822.078125,0.0,0.0
Camp2_GrowingStock,28,280,10,0.0,10000.0,1.0,1.0,122171.953125,0.0,0.0
Camp2_GrowingStock,29,290,10,0.0,10000.0,1.0,1.0,121511.671875,0.0,0.0
Camp2_GrowingStock,30,300,10,0.0,10000.0,1.0,1.0,120974.140625,0.0,0.0
Camp2_HarvestVolume,0,0,10,0.0,10000.0,1.0,1.0,0.0,0.0,0.0
Camp2_HarvestVolume,1,10,10,0.0,10000.0,1.0,1.0,0.0,0.0,0.0
Camp2_HarvestVolume,2,20,10,0.0,10000.0,1.0,1.0,0.0,0.0,0.0
Camp2_HarvestVolume,3,30,10,0.0,10000.0,1.0,1.0,0.0,0.0,0.0
Camp2_HarvestVolume,4,40,10,0.0,10000.0,1.0,1.0,0.0,0.0,0.0
Camp2_HarvestVolume,5,50,10,0.0,10000.0,1.0,1.0,0.0,0.0,0.0
Camp2_HarvestVolume,6,60,10,0.0,10000.0,1.0,1.0,0.0,0.0,0.0
Camp2_HarvestVolume,7,70,10,0.0,10000.0,1.0,1.0,0.0,0.0,0.0
Camp2_HarvestVolume,8,80,10,0.0,10000.0,1.0,1.0,0.0,0.0,0.0
Camp2_HarvestVolume,9,90,10,0.0,10000.0,1.0,1.0,0.0,0.0,0.0
Camp2_HarvestVolume,10,100,10,0.0,10000.0,1.0,1.0,0.0,0.0,0.0
Camp2_HarvestVolume,11,110,10,0.0,10000.0,1.0,1.0,0.0,0.0,0.0
Camp2_HarvestVolume,12,120,10,0.0,10000.0,1.0,1.0,0.0,0.0,0.0
Camp2_HarvestVolume,13,130,10,0.0,10000.0,1.0,1.0,0.0,0.0,0.0
Camp2_HarvestVolume,14,140,10,0.0,10000.0,1.0,1.0,0.0,0.0,0.0
Camp2_HarvestVolume,15,150,10,0.0,10000.0,1.0,1.0,0.0,0.0,0.0
Camp2_HarvestVolume,16,160,10,0.0,10000.0,1.0,1.0,0.0,0.0,0.0
Camp2_HarvestVolume,17,170,10,0.0,10000.0,1.0,1.0,0.0,0.0,0.0
Camp2_HarvestVolume,18,180,10,0.0,10000.0,1.0,1.0,0.0,0.0,0.0
Camp2_HarvestVolume,19,190,10,0.0,10000.0,1.0,1.0,0.0,0.0,0.0
Camp2_HarvestVolume,20,200,10,0.0,10000.0,1.0,1.0,0.0,0.0,0.0
Camp2_HarvestVolume,21,210,10,0.0,10000.0,1.0,1.0,0.0,0.0,0.0
Camp2_HarvestVolume,22,220,10,0.0,10000.0,1.0,1.0,0.0,0.0,0.0
Camp2_HarvestVolume,23,230,10,0.0,10000.0,1.0,1.0,0.0,0.0,0.0
Camp2_HarvestVolume,24,240,10,0.0,10000.0,1.0,1.0,0.0,0.0,0.0
Camp2_HarvestVolume,25,250,10,0.0,10000.0,1.0,1.0,0.0,0.0,0.0
Camp2_HarvestVolume,26,260,10,0.0,10000.0,1.0,1.0,0.0,0.0,0.0
Camp2_HarvestVolume,27,270,10,0.0,10000.0,1.0,1.0,0.0,0.0,0.0
Camp2_HarvestVolume,28,280,10,0.0,10000.0,1.0,1.0,0.0,0.0,0.0
Camp2_HarvestVolume,29,290,10,0.0,10000.0,1.0,1.0,0.0,0.0,0.0
Camp2_HarvestVolume,30,300,10,0.0,10000.0,1.0,1.0,0.0,0.0,0.0
Camp3_GrowingStock,0,0,10,0.0,10000.0,1.0,1.0,38322.22265625,0.0,0.0
Camp3_GrowingStock,1,10,10,0.0,10000.0,1.0,1.0,52219.15234375,0.0,0.0
Camp3_GrowingStock,2,20,10,0.0,10000.0,1.0,1.0,64819.70703125,0.0,0.0
Camp3_GrowingStock,3,30,10,0.0,10000.0,1.0,1.0,75839.1875,0.0,0.0
Camp3_GrowingStock,4,40,10,0.0,10000.0,1.0,1.0,85403.921875,0.0,0.0
Camp3_GrowingStock,5,50,10,0.0,10000.0,1.0,1.0,93665.703125,0.0,0.0
Camp3_GrowingStock,6,60,10,0.0,10000.0,1.0,1.0,100593.875,0.0,0.0
Camp3_GrowingStock,7,70,10,0.0,10000.0,1.0,1.0,106647.1640625,0.0,0.0
Camp3_GrowingStock,8,80,10,0.0,10000.0,1.0,1.0,112148.0,0.0,0.0
Camp3_GrowingStock,9,90,10,0.0,10000.0,1.0,1.0,116887.6484375,0.0,0.0
Camp3_GrowingStock,10,100,10,0.0,10000.0,1.0,1.0,120872.1640625,0.0,0.0
Camp3_GrowingStock,11,110,10,0.0,10000.0,1.0,1.0,124442.609375,0.0,0.0
Camp3_GrowingStock,12,120,10,0.0,10000.0,1.0,1.0,127425.390625,0.0,0.0
Camp3_GrowingStock,13,130,10,0.0,10000.0,1.0,1.0,129924.703125,0.0,0.0
Camp3_GrowingStock,14,140,10,0.0,10000.0,1.0,1.0,131830.6875,0.0,0.0
Camp3_GrowingStock,15,150,10,0.0,10000.0,1.0,1.0,133319.625,0.0,0.0
Camp3_GrowingStock,16,160,10,0.0,10000.0,1.0,1.0,134575.765625,0.0,0.0
Camp3_GrowingStock,17,170,10,0.0,10000.0,1.0,1.0,135688.28125,0.0,0.0
Camp3_GrowingStock,18,180,10,0.0,10000.0,1.0,1.0,136427.59375,0.0,0.0
Camp3_GrowingStock,19,190,10,0.0,10000.0,1.0,1.0,136749.859375,0.0,0.0
Camp3_GrowingStock,20,200,10,0.0,10000.0,1.0,1.0,136901.0,0.0,0.0
Camp3_GrowingStock,21,210,10,0.0,10000.0,1.0,1.0,136847.390625,0.0,0.0
Camp3_GrowingStock,22,220,10,0.0,10000.0,1.0,1.0,136542.59375,0.0,0.0
Camp3_GrowingStock,23,230,10,0.0,10000.0,1.0,1.0,136132.359375,0.0,0.0
Camp3_GrowingStock,24,240,10,0.0,10000.0,1.0,1.0,135688.90625,0.0,0.0
Camp3_GrowingStock,25,250,10,0.0,10000.0,1.0,1.0,135215.15625,0.0,0.0
Camp3_GrowingStock,26,260,10,0.0,10000.0,1.0,1.0,134712.359375,0.0,0.0
Camp3_GrowingStock,27,270,10,0.0,10000.0,1.0,1.0,134182.625,0.0,0.0
Camp3_GrowingStock,28,280,10,0.0,10000.0,1.0,1.0,133628.65625,0.0,0.0
Camp3_GrowingStock,29,290,10,0.0,10000.0,1.0,1.0,133047.46875,0.0,0.0
Camp3_GrowingStock,30,300,10,0.0,10000.0,1.0,1.0,132440.59375,0.0,0.0
Camp3_HarvestVolume,0,0,10,0.0,10000.0,1.0,1.0,0.0,0.0,0.0
Camp3_HarvestVolume,1,10,10,0.0,10000.0,1.0,1.0,0.0,0.0,0.0
Camp3_HarvestVolume,2,20,10,0.0,10000.0,1.0,1.0,0.0,0.0,0.0
Camp3_HarvestVolume,3,30,10,0.0,10000.0,1.0,1.0,0.0,0.0,0.0
Camp3_HarvestVolume,4,40,10,0.0,10000.0,1.0,1.0,0.0,0.0,0.0
Camp3_HarvestVolume,5,50,10,0.0,10000.0,1.0,1.0,0.0,0.0,0.0
Camp3_HarvestVolume,6,60,10,0.0,10000.0,1.0,1.0,0.0,0.0,0.0
Camp3_HarvestVolume,7,70,10,0.0,10000.0,1.0,1.0,0.0,0.0,0.0
Camp3_HarvestVolume,8,80,10,0.0,10000.0,1.0,1.0,0.0,0.0,0.0
Camp3_HarvestVolume,9,90,10,0.0,10000.0,1.0,1.0,0.0,0.0,0.0
Camp3_HarvestVolume,10,100,10,0.0,10000.0,1.0,1.0,0.0,0.0,0.0
Camp3_HarvestVolume,11,110,10,0.0,10000.0,1.0,1.0,0.0,0.0,0.0
Camp3_HarvestVolume,12,120,10,0.0,10000.0,1.0,1.0,0.0,0.0,0.0
Camp3_HarvestVolume,13,130,10,0.0,10000.0,1.0,1.0,0.0,0.0,0.0
Camp3_HarvestVolume,14,140,10,0.0,10000.0,1.0,1.0,0.0,0.0,0.0
Camp3_HarvestVolume,15,150,10,0.0,10000.0,1.0,1.0,0.0,0.0,0.0
Camp3_HarvestVolume,16,160,10,0.0,10000.0,1.0,1.0,0.0,0.0,0.0
Camp3_HarvestVolume,17,170,10,0.0,10000.0,1.0,1.0,0.0,0.0,0.0
Camp3_HarvestVolume,18,180,10,0.0,10000.0,1.0,1.0,0.0,0.0,0.0
Camp3_HarvestVolume,19,190,10,0.0,10000.0,1.0,1.0,0.0,0.0,0.0
Camp3_HarvestVolume,20,200,10,0.0,10000.0,1.0,1.0,0.0,0.0,0.0
Camp3_HarvestVolume,21,210,10,0.0,10000.0,1.0,1.0,0.0,0.0,0.0
Camp3_HarvestVolume,22,220,10,0.0,10000.0,1.0,1.0,0.0,0.0,0.0
Camp3_HarvestVolume,23,230,10,0.0,10000.0,1.0,1.0,0.0,0.0,0.0
Camp3_HarvestVolume,24,240,10,0.0,10000.0,1.0,1.0,0.0,0.0,0.0
Camp3_HarvestVolume,25,250,10,0.0,10000.0,1.0,1.0,0.0,0.0,0.0
Camp3_HarvestVolume,26,260,10,0.0,10000.0,1.0,1.0,0.0,0.0,0.0
Camp3_HarvestVolume,27,270,10,0.0,10000.0,1.0,1.0,0.0,0.0,0.0
Camp3_HarvestVolume,28,280,10,0.0,10000.0,1.0,1.0,0.0,0.0,0.0
Camp3_HarvestVolume,29,290,10,0.0,10000.0,1.0,1.0,0.0,0.0,0.0
Camp3_HarvestVolume,30,300,10,0.0,10000.0,1.0,1.0,0.0,0.0,0.0
CampTotal_GrowingStock,0,0,10,0.0,10000.0,1.0,1.0,122613.8359375,0.0,0.0
CampTotal_GrowingStock,1,10,10,0.0,10000.0,1.0,1.0,161221.484375,0.0,0.0
CampTotal_GrowingStock,2,20,10,0.0,10000.0,1.0,1.0,196101.703125,0.0,0.0
CampTotal_GrowingStock,3,30,10,0.0,10000.0,1.0,1.0,226686.859375,0.0,0.0
CampTotal_GrowingStock,4,40,10,0.0,10000.0,1.0,1.0,253427.359375,0.0,0.0
CampTotal_GrowingStock,5,50,10,0.0,10000.0,1.0,1.0,276338.28125,0.0,0.0
CampTotal_GrowingStock,6,60,10,0.0,10000.0,1.0,1.0,295706.84375,0.0,0.0
CampTotal_GrowingStock,7,70,10,0.0,10000.0,1.0,1.0,312794.1875,0.0,0.0
CampTotal_GrowingStock,8,80,10,0.0,10000.0,1.0,1.0,328182.6875,0.0,0.0
CampTotal_GrowingStock,9,90,10,0.0,10000.0,1.0,1.0,341619.8125,0.0,0.0
CampTotal_GrowingStock,10,100,10,0.0,10000.0,1.0,1.0,353235.9375,0.0,0.0
CampTotal_GrowingStock,11,110,10,0.0,10000.0,1.0,1.0,363607.875,0.0,0.0
CampTotal_GrowingStock,12,120,10,0.0,10000.0,1.0,1.0,372305.875,0.0,0.0
CampTotal_GrowingStock,13,130,10,0.0,10000.0,1.0,1.0,379537.5625,0.0,0.0
CampTotal_GrowingStock,14,140,10,0.0,10000.0,1.0,1.0,385287.15625,0.0,0.0
CampTotal_GrowingStock,15,150,10,0.0,10000.0,1.0,1.0,390075.84375,0.0,0.0
CampTotal_GrowingStock,16,160,10,0.0,10000.0,1.0,1.0,394254.375,0.0,0.0
CampTotal_GrowingStock,17,170,10,0.0,10000.0,1.0,1.0,397665.34375,0.0,0.0
CampTotal_GrowingStock,18,180,10,0.0,10000.0,1.0,1.0,399827.75,0.0,0.0
CampTotal_GrowingStock,19,190,10,0.0,10000.0,1.0,1.0,401068.8125,0.0,0.0
CampTotal_GrowingStock,20,200,10,0.0,10000.0,1.0,1.0,401803.09375,0.0,0.0
CampTotal_GrowingStock,21,210,10,0.0,10000.0,1.0,1.0,401818.6875,0.0,0.0
CampTotal_GrowingStock,22,220,10,0.0,10000.0,1.0,1.0,401129.5,0.0,0.0
CampTotal_GrowingStock,23,230,10,0.0,10000.0,1.0,1.0,400140.125,0.0,0.0
CampTotal_GrowingStock,24,240,10,0.0,10000.0,1.0,1.0,399037.78125,0.0,0.0
CampTotal_GrowingStock,25,250,10,0.0,10000.0,1.0,1.0,397876.0625,0.0,0.0
CampTotal_GrowingStock,26,260,10,0.0,10000.0,1.0,1.0,396635.5625,0.0,0.0
CampTotal_GrowingStock,27,270,10,0.0,10000.0,1.0,1.0,395307.9375,0.0,0.0
CampTotal_GrowingStock,28,280,10,0.0,10000.0,1.0,1.0,393894.40625,0.0,0.0
CampTotal_GrowingStock,29,290,10,0.0,10000.0,1.0,1.0,392397.53125,0.0,0.0
CampTotal_GrowingStock,30,300,10,0.0,10000.0,1.0,1.0,391174.1875,0.0,0.0
CampTotal_HarvestVolume,0,0,10,0.0,0.0,1.0,1.0,0.0,0.0,0.0
CampTotal_HarvestVolume,1,10,10,0.0,0.0,1.0,1.0,0.0,0.0,0.0
CampTotal_HarvestVolume,2,20,10,0.0,0.0,1.0,1.0,0.0,0.0,0.0
CampTotal_HarvestVolume,3,30,10,0.0,0.0,1.0,1.0,0.0,0.0,0.0
CampTotal_HarvestVolume,4,40,10,0.0,0.0,1.0,1.0,0.0,0.0,0.0
CampTotal_HarvestVolume,5,50,10,0.0,0.0,1.0,1.0,0.0,0.0,0.0
CampTotal_HarvestVolume,6,60,10,0.0,0.0,1.0,1.0,0.0,0.0,0.0
CampTotal_HarvestVolume,7,70,10,0.0,0.0,1.0,1.0,0.0,0.0,0.0
CampTotal_HarvestVolume,8,80,10,0.0,0.0,1.0,1.0,0.0,0.0,0.0
CampTotal_HarvestVolume,9,90,10,0.0,0.0,1.0,1.0,0.0,0.0,0.0
CampTotal_HarvestVolume,10,100,10,0.0,0.0,1.0,1.0,0.0,0.0,0.0
CampTotal_HarvestVolume,11,110,10,0.0,0.0,1.0,1.0,0.0,0.0,0.0
CampTotal_HarvestVolume,12,120,10,0.0,0.0,1.0,1.0,0.0,0.0,0.0
CampTotal_HarvestVolume,13,130,10,0.0,0.0,1.0,1.0,0.0,0.0,0.0
CampTotal_HarvestVolume,14,140,10,0.0,0.0,1.0,1.0,0.0,0.0,0.0
CampTotal_HarvestVolume,15,150,10,0.0,0.0,1.0,1.0,0.0,0.0,0.0
CampTotal_HarvestVolume,16,160,10,0.0,0.0,1.0,1.0,0.0,0.0,0.0
CampTotal_HarvestVolume,17,170,10,0.0,0.0,1.0,1.0,0.0,0.0,0.0
CampTotal_HarvestVolume,18,180,10,0.0,0.0,1.0,1.0,0.0,0.0,0.0
CampTotal_HarvestVolume,19,190,10,0.0,0.0,1.0,1.0,0.0,0.0,0.0
CampTotal_HarvestVolume,20,200,10,0.0,0.0,1.0,1.0,0.0,0.0,0.0
CampTotal_HarvestVolume,21,210,10,0.0,0.0,1.0,1.0,0.0,0.0,0.0
CampTotal_HarvestVolume,22,220,10,0.0,0.0,1.0,1.0,0.0,0.0,0.0
CampTotal_HarvestVolume,23,230,10,0.0,0.0,1.0,1.0,0.0,0.0,0.0
CampTotal_HarvestVolume,24,240,10,0.0,0.0,1.0,1.0,0.0,0.0,0.0
CampTotal_HarvestVolume,25,250,10,0.0,0.0,1.0,1.0,0.0,0.0,0.0
CampTotal_HarvestVolume,26,260,10,0.0,0.0,1.0,1.0,0.0,0.0,0.0
CampTotal_HarvestVolume,27,270,10,0.0,0.0,1.0,1.0,0.0,0.0,0.0
CampTotal_HarvestVolume,28,280,10,0.0,0.0,1.0,1.0,0.0,0.0,0.0
CampTotal_HarvestVolume,29,290,10,0.0,0.0,1.0,1.0,0.0,0.0,0.0
CampTotal_HarvestVolume,30,300,10,0.0,0.0,1.0,1.0,0.0,0.0,0.0
ECO1_GrowingStock,0,0,10,0.0,10000.0,1.0,1.0,0.0,0.0,0.0
ECO1_GrowingStock,1,10,10,0.0,10000.0,1.0,1.0,0.0,0.0,0.0
ECO1_GrowingStock,2,20,10,0.0,10000.0,1.0,1.0,0.0,0.0,0.0
ECO1_GrowingStock,3,30,10,0.0,10000.0,1.0,1.0,0.0,0.0,0.0
ECO1_GrowingStock,4,40,10,0.0,10000.0,1.0,1.0,0.0,0.0,0.0
ECO1_GrowingStock,5,50,10,0.0,10000.0,1.0,1.0,0.0,0.0,0.0
ECO1_GrowingStock,6,60,10,0.0,10000.0,1.0,1.0,0.0,0.0,0.0
ECO1_GrowingStock,7,70,10,0.0,10000.0,1.0,1.0,0.0,0.0,0.0
ECO1_GrowingStock,8,80,10,0.0,10000.0,1.0,1.0,0.0,0.0,0.0
ECO1_GrowingStock,9,90,10,0.0,10000.0,1.0,1.0,0.0,0.0,0.0
ECO1_GrowingStock,10,100,10,0.0,10000.0,1.0,1.0,0.0,0.0,0.0
ECO1_GrowingStock,11,110,10,0.0,10000.0,1.0,1.0,0.0,0.0,0.0
ECO1_GrowingStock,12,120,10,0.0,10000.0,1.0,1.0,0.0,0.0,0.0
ECO1_GrowingStock,13,130,10,0.0,10000.0,1.0,1.0,0.0,0.0,0.0
ECO1_GrowingStock,14,140,10,0.0,10000.0,1.0,1.0,0.0,0.0,0.0
ECO1_GrowingStock,15,150,10,0.0,10000.0,1.0,1.0,0.0,0.0,0.0
ECO1_GrowingStock,16,160,10,0.0,10000.0,1.0,1.0,0.0,0.0,0.0
ECO1_GrowingStock,17,170,10,0.0,10000.0,1.0,1.0,0.0,0.0,0.0
ECO1_GrowingStock,18,180,10,0.0,10000.0,1.0,1.0,0.0,0.0,0.0
ECO1_GrowingStock,19,190,10,0.0,10000.0,1.0,1.0,0.0,0.0,0.0
ECO1_GrowingStock,20,200,10,0.0,10000.0,1.0,1.0,0.0,0.0,0.0
ECO1_GrowingStock,21,210,10,0.0,10000.0,1.0,1.0,0.0,0.0,0.0
ECO1_GrowingStock,22,220,10,0.0,10000.0,1.0,1.0,0.0,0.0,0.0
ECO1_GrowingStock,23,230,10,0.0,10000.0,1.0,1.0,0.0,0.0,0.0
ECO1_GrowingStock,24,240,10,0.0,10000.0,1.0,1.0,0.0,0.0,0.0
ECO1_GrowingStock,25,250,10,0.0,10000.0,1.0,1.0,0.0,0.0,0.0
ECO1_GrowingStock,26,260,10,0.0,10000.0,1.0,1.0,0.0,0.0,0.0
ECO1_GrowingStock,27,270,10,0.0,10000.0,1.0,1.0,0.0,0.0,0.0
ECO1_GrowingStock,28,280,10,0.0,10000.0,1.0,1.0,0.0,0.0,0.0
ECO1_GrowingStock,29,290,10,0.0,10000.0,1.0,1.0,0.0,0.0,0.0
ECO1_GrowingStock,30,300,10,0.0,10000.0,1.0,1.0,0.0,0.0,0.0
ECO1_HarvestVolume,0,0,10,0.0,10000.0,1.0,1.0,0.0,0.0,0.0
ECO1_HarvestVolume,1,10,10,0.0,10000.0,1.0,1.0,0.0,0.0,0.0
ECO1_HarvestVolume,2,20,10,0.0,10000.0,1.0,1.0,0.0,0.0,0.0
ECO1_HarvestVolume,3,30,10,0.0,10000.0,1.0,1.0,0.0,0.0,0.0
ECO1_HarvestVolume,4,40,10,0.0,10000.0,1.0,1.0,0.0,0.0,0.0
ECO1_HarvestVolume,5,50,10,0.0,10000.0,1.0,1.0,0.0,0.0,0.0
ECO1_HarvestVolume,6,60,10,0.0,10000.0,1.0,1.0,0.0,0.0,0.0
ECO1_HarvestVolume,7,70,10,0.0,10000.0,1.0,1.0,0.0,0.0,0.0
ECO1_HarvestVolume,8,80,10,0.0,10000.0,1.0,1.0,0.0,0.0,0.0
ECO1_HarvestVolume,9,90,10,0.0,10000.0,1.0,1.0,0.0,0.0,0.0
ECO1_HarvestVolume,10,100,10,0.0,10000.0,1.0,1.0,0.0,0.0,0.0
ECO1_HarvestVolume,11,110,10,0.0,10000.0,1.0,1.0,0.0,0.0,0.0
ECO1_HarvestVolume,12,120,10,0.0,10000.0,1.0,1.0,0.0,0.0,0.0
ECO1_HarvestVolume,13,130,10,0.0,10000.0,1.0,1.0,0.0,0.0,0.0
ECO1_HarvestVolume,14,140,10,0.0,10000.0,1.0,1.0,0.0,0.0,0.0
ECO1_HarvestVolume,15,150,10,0.0,10000.0,1.0,1.0,0.0,0.0,0.0
ECO1_HarvestVolume,16,160,10,0.0,10000.0,1.0,1.0,0.0,0.0,0.0
ECO1_HarvestVolume,17,170,10,0.0,10000.0,1.0,1.0,0.0,0.0,0.0
ECO1_HarvestVolume,18,180,10,0.0,10000.0,1.0,1.0,0.0,0.0,0.0
ECO1_HarvestVolume,19,190,10,0.0,10000.0,1.0,1.0,0.0,0.0,0.0
ECO1_HarvestVolume,20,200,10,0.0,10000.0,1.0,1.0,0.0,0.0,0.0
ECO1_HarvestVolume,21,210,10,0.0,10000.0,1.0,1.0,0.0,0.0,0.0
ECO1_HarvestVolume,22,220,10,0.0,10000.0,1.0,1.0,0.0,0.0,0.0
ECO1_HarvestVolume,23,230,10,0.0,10000.0,1.0,1.0,0.0,0.0,0.0
ECO1_HarvestVolume,24,240,10,0.0,10000.0,1.0,1.0,0.0,0.0,0.0
ECO1_HarvestVolume,25,250,10,0.0,10000.0,1.0,1.0,0.0,0.0,0.0
ECO1_HarvestVolume,26,260,10,0.0,10000.0,1.0,1.0,0.0,0.0,0.0
ECO1_HarvestVolume,27,270,10,0.0,10000.0,1.0,1.0,0.0,0.0,0.0
ECO1_HarvestVolume,28,280,10,0.0,10000.0,1.0,1.0,0.0,0.0,0.0
ECO1_HarvestVolume,29,290,10,0.0,10000.0,1.0,1.0,0.0,0.0,0.0
ECO1_HarvestVolume,30,300,10,0.0,10000.0,1.0,1.0,0.0,0.0,0.0
ECO2_GrowingStock,0,0,10,0.0,10000.0,1.0,1.0,0.0,0.0,0.0
ECO2_GrowingStock,1,10,10,0.0,10000.0,1.0,1.0,0.0,0.0,0.0
ECO2_GrowingStock,2,20,10,0.0,10000.0,1.0,1.0,0.0,0.0,0.0
ECO2_GrowingStock,3,30,10,0.0,10000.0,1.0,1.0,0.0,0.0,0.0
ECO2_GrowingStock,4,40,10,0.0,10000.0,1.0,1.0,0.0,0.0,0.0
ECO2_GrowingStock,5,50,10,0.0,10000.0,1.0,1.0,0.0,0.0,0.0
ECO2_GrowingStock,6,60,10,0.0,10000.0,1.0,1.0,0.0,0.0,0.0
ECO2_GrowingStock,7,70,10,0.0,10000.0,1.0,1.0,0.0,0.0,0.0
ECO2_GrowingStock,8,80,10,0.0,10000.0,1.0,1.0,0.0,0.0,0.0
ECO2_GrowingStock,9,90,10,0.0,10000.0,1.0,1.0,0.0,0.0,0.0
ECO2_GrowingStock,10,100,10,0.0,10000.0,1.0,1.0,0.0,0.0,0.0
ECO2_GrowingStock,11,110,10,0.0,10000.0,1.0,1.0,0.0,0.0,0.0
ECO2_GrowingStock,12,120,10,0.0,10000.0,1.0,1.0,0.0,0.0,0.0
ECO2_GrowingStock,13,130,10,0.0,10000.0,1.0,1.0,0.0,0.0,0.0
ECO2_GrowingStock,14,140,10,0.0,10000.0,1.0,1.0,0.0,0.0,0.0
ECO2_GrowingStock,15,150,10,0.0,10000.0,1.0,1.0,0.0,0.0,0.0
ECO2_GrowingStock,16,160,10,0.0,10000.0,1.0,1.0,0.0,0.0,0.0
ECO2_GrowingStock,17,170,10,0.0,10000.0,1.0,1.0,0.0,0.0,0.0
ECO2_GrowingStock,18,180,10,0.0,10000.0,1.0,1.0,0.0,0.0,0.0
ECO2_GrowingStock,19,190,10,0.0,10000.0,1.0,1.0,0.0,0.0,0.0
ECO2_GrowingStock,20,200,10,0.0,10000.0,1.0,1.0,0.0,0.0,0.0
ECO2_GrowingStock,21,210,10,0.0,10000.0,1.0,1.0,0.0,0.0,0.0
ECO2_GrowingStock,22,220,10,0.0,10000.0,1.0,1.0,0.0,0.0,0.0
ECO2_GrowingStock,23,230,10,0.0,10000.0,1.0,1.0,0.0,0.0,0.0
ECO2_GrowingStock,24,240,10,0.0,10000.0,1.0,1.0,0.0,0.0,0.0
ECO2_GrowingStock,25,250,10,0.0,10000.0,1.0,1.0,0.0,0.0,0.0
ECO2_GrowingStock,26,260,10,0.0,10000.0,1.0,1.0,0.0,0.0,0.0
ECO2_GrowingStock,27,270,10,0.0,10000.0,1.0,1.0,0.0,0.0,0.0
ECO2_GrowingStock,28,280,10,0.0,10000.0,1.0,1.0,0.0,0.0,0.0
ECO2_GrowingStock,29,290,10,0.0,10000.0,1.0,1.0,0.0,0.0,0.0
ECO2_GrowingStock,30,300,10,0.0,10000.0,1.0,1.0,0.0,0.0,0.0
ECO2_HarvestVolume,0,0,10,0.0,10000.0,1.0,1.0,0.0,0.0,0.0
ECO2_HarvestVolume,1,10,10,0.0,10000.0,1.0,1.0,0.0,0.0,0.0
ECO2_HarvestVolume,2,20,10,0.0,10000.0,1.0,1.0,0.0,0.0,0.0
ECO2_HarvestVolume,3,30,10,0.0,10000.0,1.0,1.0,0.0,0.0,0.0
ECO2_HarvestVolume,4,40,10,0.0,10000.0,1.0,1.0,0.0,0.0,0.0
ECO2_HarvestVolume,5,50,10,0.0,10000.0,1.0,1.0,0.0,0.0,0.0
ECO2_HarvestVolume,6,60,10,0.0,10000.0,1.0,1.0,0.0,0.0,0.0
ECO2_HarvestVolume,7,70,10,0.0,10000.0,1.0,1.0,0.0,0.0,0.0
ECO2_HarvestVolume,8,80,10,0.0,10000.0,1.0,1.0,0.0,0.0,0.0
ECO2_HarvestVolume,9,90,10,0.0,10000.0,1.0,1.0,0.0,0.0,0.0
ECO2_HarvestVolume,10,100,10,0.0,10000.0,1.0,1.0,0.0,0.0,0.0
ECO2_HarvestVolume,11,110,10,0.0,10000.0,1.0,1.0,0.0,0.0,0.0
ECO2_HarvestVolume,12,120,10,0.0,10000.0,1.0,1.0,0.0,0.0,0.0
ECO2_HarvestVolume,13,130,10,0.0,10000.0,1.0,1.0,0.0,0.0,0.0
ECO2_HarvestVolume,14,140,10,0.0,10000.0,1.0,1.0,0.0,0.0,0.0
ECO2_HarvestVolume,15,150,10,0.0,10000.0,1.0,1.0,0.0,0.0,0.0
ECO2_HarvestVolume,16,160,10,0.0,10000.0,1.0,1.0,0.0,0.0,0.0
ECO2_HarvestVolume,17,170,10,0.0,10000.0,1.0,1.0,0.0,0.0,0.0
ECO2_HarvestVolume,18,180,10,0.0,10000.0,1.0,1.0,0.0,0.0,0.0
ECO2_HarvestVolume,19,190,10,0.0,10000.0,1.0,1.0,0.0,0.0,0.0
ECO2_HarvestVolume,20,200,10,0.0,10000.0,1.0,1.0,0.0,0.0,0.0
ECO2_HarvestVolume,21,210,10,0.0,10000.0,1.0,1.0,0.0,0.0,0.0
ECO2_HarvestVolume,22,220,10,0.0,10000.0,1.0,1.0,0.0,0.0,0.0
ECO2_HarvestVolume,23,230,10,0.0,10000.0,1.0,1.0,0.0,0.0,0.0
ECO2_HarvestVolume,24,240,10,0.0,10000.0,1.0,1.0,0.0,0.0,0.0
ECO2_HarvestVolume,25,250,10,0.0,10000.0,1.0,1.0,0.0,0.0,0.0
ECO2_HarvestVolume,26,260,10,0.0,10000.0,1.0,1.0,0.0,0.0,0.0
ECO2_HarvestVolume,27,270,10,0.0,10000.0,1.0,1.0,0.0,0.0,0.0
ECO2_HarvestVolume,28,280,10,0.0,10000.0,1.0,1.0,0.0,0.0,0.0
ECO2_HarvestVolume,29,290,10,0.0,10000.0,1.0,1.0,0.0,0.0,0.0
ECO2_HarvestVolume,30,300,10,0.0,10000.0,1.0,1.0,0.0,0.0,0.0
ECO3_GrowingStock,0,0,10,0.0,10000.0,1.0,1.0,0.0,0.0,0.0
ECO3_GrowingStock,1,10,10,0.0,10000.0,1.0,1.0,0.0,0.0,0.0
ECO3_GrowingStock,2,20,10,0.0,10000.0,1.0,1.0,0.0,0.0,0.0
ECO3_GrowingStock,3,30,10,0.0,10000.0,1.0,1.0,0.0,0.0,0.0
ECO3_GrowingStock,4,40,10,0.0,10000.0,1.0,1.0,0.0,0.0,0.0
ECO3_GrowingStock,5,50,10,0.0,10000.0,1.0,1.0,0.0,0.0,0.0
ECO3_GrowingStock,6,60,10,0.0,10000.0,1.0,1.0,0.0,0.0,0.0
ECO3_GrowingStock,7,70,10,0.0,10000.0,1.0,1.0,0.0,0.0,0.0
ECO3_GrowingStock,8,80,10,0.0,10000.0,1.0,1.0,0.0,0.0,0.0
ECO3_GrowingStock,9,90,10,0.0,10000.0,1.0,1.0,0.0,0.0,0.0
ECO3_GrowingStock,10,100,10,0.0,10000.0,1.0,1.0,0.0,0.0,0.0
ECO3_GrowingStock,11,110,10,0.0,10000.0,1.0,1.0,0.0,0.0,0.0
ECO3_GrowingStock,12,120,10,0.0,10000.0,1.0,1.0,0.0,0.0,0.0
ECO3_GrowingStock,13,130,10,0.0,10000.0,1.0,1.0,0.0,0.0,0.0
ECO3_GrowingStock,14,140,10,0.0,10000.0,1.0,1.0,0.0,0.0,0.0
ECO3_GrowingStock,15,150,10,0.0,10000.0,1.0,1.0,0.0,0.0,0.0
ECO3_GrowingStock,16,160,10,0.0,10000.0,1.0,1.0,0.0,0.0,0.0
ECO3_GrowingStock,17,170,10,0.0,10000.0,1.0,1.0,0.0,0.0,0.0
ECO3_GrowingStock,18,180,10,0.0,10000.0,1.0,1.0,0.0,0.0,0.0
ECO3_GrowingStock,19,190,10,0.0,10000.0,1.0,1.0,0.0,0.0,0.0
ECO3_GrowingStock,20,200,10,0.0,10000.0,1.0,1.0,0.0,0.0,0.0
ECO3_GrowingStock,21,210,10,0.0,10000.0,1.0,1.0,0.0,0.0,0.0
ECO3_GrowingStock,22,220,10,0.0,10000.0,1.0,1.0,0.0,0.0,0.0
ECO3_GrowingStock,23,230,10,0.0,10000.0,1.0,1.0,0.0,0.0,0.0
ECO3_GrowingStock,24,240,10,0.0,10000.0,1.0,1.0,0.0,0.0,0.0
ECO3_GrowingStock,25,250,10,0.0,10000.0,1.0,1.0,0.0,0.0,0.0
ECO3_GrowingStock,26,260,10,0.0,10000.0,1.0,1.0,0.0,0.0,0.0
ECO3_GrowingStock,27,270,10,0.0,10000.0,1.0,1.0,0.0,0.0,0.0
ECO3_GrowingStock,28,280,10,0.0,10000.0,1.0,1.0,0.0,0.0,0.0
ECO3_GrowingStock,29,290,10,0.0,10000.0,1.0,1.0,0.0,0.0,0.0
ECO3_GrowingStock,30,300,10,0.0,10000.0,1.0,1.0,0.0,0.0,0.0
ECO3_HarvestVolume,0,0,10,0.0,10000.0,1.0,1.0,0.0,0.0,0.0
ECO3_HarvestVolume,1,10,10,0.0,10000.0,1.0,1.0,0.0,0.0,0.0
ECO3_HarvestVolume,2,20,10,0.0,10000.0,1.0,1.0,0.0,0.0,0.0
ECO3_HarvestVolume,3,30,10,0.0,10000.0,1.0,1.0,0.0,0.0,0.0
ECO3_HarvestVolume,4,40,10,0.0,10000.0,1.0,1.0,0.0,0.0,0.0
ECO3_HarvestVolume,5,50,10,0.0,10000.0,1.0,1.0,0.0,0.0,0.0
ECO3_HarvestVolume,6,60,10,0.0,10000.0,1.0,1.0,0.0,0.0,0.0
ECO3_HarvestVolume,7,70,10,0.0,10000.0,1.0,1.0,0.0,0.0,0.0
ECO3_HarvestVolume,8,80,10,0.0,10000.0,1.0,1.0,0.0,0.0,0.0
ECO3_HarvestVolume,9,90,10,0.0,10000.0,1.0,1.0,0.0,0.0,0.0
ECO3_HarvestVolume,10,100,10,0.0,10000.0,1.0,1.0,0.0,0.0,0.0
ECO3_HarvestVolume,11,110,10,0.0,10000.0,1.0,1.0,0.0,0.0,0.0
ECO3_HarvestVolume,12,120,10,0.0,10000.0,1.0,1.0,0.0,0.0,0.0
ECO3_HarvestVolume,13,130,10,0.0,10000.0,1.0,1.0,0.0,0.0,0.0
ECO3_HarvestVolume,14,140,10,0.0,10000.0,1.0,1.0,0.0,0.0,0.0
ECO3_HarvestVolume,15,150,10,0.0,10000.0,1.0,1.0,0.0,0.0,0.0
ECO3_HarvestVolume,16,160,10,0.0,10000.0,1.0,1.0,0.0,0.0,0.0
ECO3_HarvestVolume,17,170,10,0.0,10000.0,1.0,1.0,0.0,0.0,0.0
ECO3_HarvestVolume,18,180,10,0.0,10000.0,1.0,1.0,0.0,0.0,0.0
ECO3_HarvestVolume,19,190,10,0.0,10000.0,1.0,1.0,0.0,0.0,0.0
ECO3_HarvestVolume,20,200,10,0.0,10000.0,1.0,1.0,0.0,0.0,0.0
ECO3_HarvestVolume,21,210,10,0.0,10000.0,1.0,1.0,0.0,0.0,0.0
ECO3_HarvestVolume,22,220,10,0.0,10000.0,1.0,1.0,0.0,0.0,0.0
ECO3_HarvestVolume,23,230,10,0.0,10000.0,1.0,1.0,0.0,0.0,0.0
ECO3_HarvestVolume,24,240,10,0.0,10000.0,1.0,1.0,0.0,0.0,0.0
ECO3_HarvestVolume,25,250,10,0.0,10000.0,1.0,1.0,0.0,0.0,0.0
ECO3_HarvestVolume,26,260,10,0.0,10000.0,1.0,1.0,0.0,0.0,0.0
ECO3_HarvestVolume,27,270,10,0.0,10000.0,1.0,1.0,0.0,0.0,0.0
ECO3_HarvestVolume,28,280,10,0.0,10000.0,1.0,1.0,0.0,0.0,0.0
ECO3_HarvestVolume,29,290,10,0.0,10000.0,1.0,1.0,0.0,0.0,0.0
ECO3_HarvestVolume,30,300,10,0.0,10000.0,1.0,1.0,0.0,0.0,0.0
EcoTotal_GrowingStock,0,0,10,0.0,10000.0,1.0,1.0,0.0,0.0,0.0
EcoTotal_GrowingStock,1,10,10,0.0,10000.0,1.0,1.0,0.0,0.0,0.0
EcoTotal_GrowingStock,2,20,10,0.0,10000.0,1.0,1.0,0.0,0.0,0.0
EcoTotal_GrowingStock,3,30,10,0.0,10000.0,1.0,1.0,0.0,0.0,0.0
EcoTotal_GrowingStock,4,40,10,0.0,10000.0,1.0,1.0,0.0,0.0,0.0
EcoTotal_GrowingStock,5,50,10,0.0,10000.0,1.0,1.0,0.0,0.0,0.0
EcoTotal_GrowingStock,6,60,10,0.0,10000.0,1.0,1.0,0.0,0.0,0.0
EcoTotal_GrowingStock,7,70,10,0.0,10000.0,1.0,1.0,0.0,0.0,0.0
EcoTotal_GrowingStock,8,80,10,0.0,10000.0,1.0,1.0,0.0,0.0,0.0
EcoTotal_GrowingStock,9,90,10,0.0,10000.0,1.0,1.0,0.0,0.0,0.0
EcoTotal_GrowingStock,10,100,10,0.0,10000.0,1.0,1.0,0.0,0.0,0.0
EcoTotal_GrowingStock,11,110,10,0.0,10000.0,1.0,1.0,0.0,0.0,0.0
EcoTotal_GrowingStock,12,120,10,0.0,10000.0,1.0,1.0,0.0,0.0,0.0
EcoTotal_GrowingStock,13,130,10,0.0,10000.0,1.0,1.0,0.0,0.0,0.0
EcoTotal_GrowingStock,14,140,10,0.0,10000.0,1.0,1.0,0.0,0.0,0.0
EcoTotal_GrowingStock,15,150,10,0.0,10000.0,1.0,1.0,0.0,0.0,0.0
EcoTotal_GrowingStock,16,160,10,0.0,10000.0,1.0,1.0,0.0,0.0,0.0
EcoTotal_GrowingStock,17,170,10,0.0,10000.0,1.0,1.0,0.0,0.0,0.0
EcoTotal_GrowingStock,18,180,10,0.0,10000.0,1.0,1.0,0.0,0.0,0.0
EcoTotal_GrowingStock,19,190,10,0.0,10000.0,1.0,1.0,0.0,0.0,0.0
EcoTotal_GrowingStock,20,200,10,0.0,10000.0,1.0,1.0,0.0,0.0,0.0
EcoTotal_GrowingStock,21,210,10,0.0,10000.0,1.0,1.0,0.0,0.0,0.0
EcoTotal_GrowingStock,22,220,10,0.0,10000.0,1.0,1.0,0.0,0.0,0.0
EcoTotal_GrowingStock,23,230,10,0.0,10000.0,1.0,1.0,0.0,0.0,0.0
EcoTotal_GrowingStock,24,240,10,0.0,10000.0,1.0,1.0,0.0,0.0,0.0
EcoTotal_GrowingStock,25,250,10,0.0,10000.0,1.0,1.0,0.0,0.0,0.0
EcoTotal_GrowingStock,26,260,10,0.0,10000.0,1.0,1.0,0.0,0.0,0.0
EcoTotal_GrowingStock,27,270,10,0.0,10000.0,1.0,1.0,0.0,0.0,0.0
EcoTotal_GrowingStock,28,280,10,0.0,10000.0,1.0,1.0,0.0,0.0,0.0
EcoTotal_GrowingStock,29,290,10,0.0,10000.0,1.0,1.0,0.0,0.0,0.0
EcoTotal_GrowingStock,30,300,10,0.0,10000.0,1.0,1.0,0.0,0.0,0.0
EcoTotal_HarvestVolume,0,0,10,0.0,10000.0,1.0,1.0,0.0,0.0,0.0
EcoTotal_HarvestVolume,1,10,10,0.0,10000.0,1.0,1.0,0.0,0.0,0.0
EcoTotal_HarvestVolume,2,20,10,0.0,10000.0,1.0,1.0,0.0,0.0,0.0
EcoTotal_HarvestVolume,3,30,10,0.0,10000.0,1.0,1.0,0.0,0.0,0.0
EcoTotal_HarvestVolume,4,40,10,0.0,10000.0,1.0,1.0,0.0,0.0,0.0
EcoTotal_HarvestVolume,5,50,10,0.0,10000.0,1.0,1.0,0.0,0.0,0.0
EcoTotal_HarvestVolume,6,60,10,0.0,10000.0,1.0,1.0,0.0,0.0,0.0
EcoTotal_HarvestVolume,7,70,10,0.0,10000.0,1.0,1.0,0.0,0.0,0.0
EcoTotal_HarvestVolume,8,80,10,0.0,10000.0,1.0,1.0,0.0,0.0,0.0
EcoTotal_HarvestVolume,9,90,10,0.0,10000.0,1.0,1.0,0.0,0.0,0.0
EcoTotal_HarvestVolume,10,100,10,0.0,10000.0,1.0,1.0,0.0,0.0,0.0
EcoTotal_HarvestVolume,11,110,10,0.0,10000.0,1.0,1.0,0.0,0.0,0.0
EcoTotal_HarvestVolume,12,120,10,0.0,10000.0,1.0,1.0,0.0,0.0,0.0
EcoTotal_HarvestVolume,13,130,10,0.0,10000.0,1.0,1.0,0.0,0.0,0.0
EcoTotal_HarvestVolume,14,140,10,0.0,10000.0,1.0,1.0,0.0,0.0,0.0
EcoTotal_HarvestVolume,15,150,10,0.0,10000.0,1.0,1.0,0.0,0.0,0.0
EcoTotal_HarvestVolume,16,160,10,0.0,10000.0,1.0,1.0,0.0,0.0,0.0
EcoTotal_HarvestVolume,17,170,10,0.0,10000.0,1.0,1.0,0.0,0.0,0.0
EcoTotal_HarvestVolume,18,180,10,0.0,10000.0,1.0,1.0,0.0,0.0,0.0
EcoTotal_HarvestVolume,19,190,10,0.0,10000.0,1.0,1.0,0.0,0.0,0.0
EcoTotal_HarvestVolume,20,200,10,0.0,10000.0,1.0,1.0,0.0,0.0,0.0
EcoTotal_HarvestVolume,21,210,10,0.0,10000.0,1.0,1.0,0.0,0.0,0.0
EcoTotal_HarvestVolume,22,220,10,0.0,10000.0,1.0,1.0,0.0,0.0,0.0
EcoTotal_HarvestVolume,23,230,10,0.0,10000.0,1.0,1.0,0.0,0.0,0.0
EcoTotal_HarvestVolume,24,240,10,0.0,10000.0,1.0,1.0,0.0,0.0,0.0
EcoTotal_HarvestVolume,25,250,10,0.0,10000.0,1.0,1.0,0.0,0.0,0.0
EcoTotal_HarvestVolume,26,260,10,0.0,10000.0,1.0,1.0,0.0,0.0,0.0
EcoTotal_HarvestVolume,27,270,10,0.0,10000.0,1.0,1.0,0.0,0.0,0.0
EcoTotal_HarvestVolume,28,280,10,0.0,10000.0,1.0,1.0,0.0,0.0,0.0
EcoTotal_HarvestVolume,29,290,10,0.0,10000.0,1.0,1.0,0.0,0.0,0.0
EcoTotal_HarvestVolume,30,300,10,0.0,10000.0,1.0,1.0,0.0,0.0,0.0
Hike1_GrowingStock,0,0,10,0.0,10000.0,1.0,1.0,50195.796875,0.0,0.0
Hike1_GrowingStock,1,10,10,0.0,10000.0,1.0,1.0,53276.2734375,0.0,0.0
Hike1_GrowingStock,2,20,10,0.0,10000.0,1.0,1.0,56105.39453125,0.0,0.0
Hike1_GrowingStock,3,30,10,0.0,10000.0,1.0,1.0,58565.57421875,0.0,0.0
Hike1_GrowingStock,4,40,10,0.0,10000.0,1.0,1.0,60711.8125,0.0,0.0
Hike1_GrowingStock,5,50,10,0.0,10000.0,1.0,1.0,62683.1640625,0.0,0.0
Hike1_GrowingStock,6,60,10,0.0,10000.0,1.0,1.0,64454.3125,0.0,0.0
Hike1_GrowingStock,7,70,10,0.0,10000.0,1.0,1.0,65998.953125,0.0,0.0
Hike1_GrowingStock,8,80,10,0.0,10000.0,1.0,1.0,67323.703125,0.0,0.0
Hike1_GrowingStock,9,90,10,0.0,10000.0,1.0,1.0,68477.515625,0.0,0.0
Hike1_GrowingStock,10,100,10,0.0,10000.0,1.0,1.0,69508.609375,0.0,0.0
Hike1_GrowingStock,11,110,10,0.0,10000.0,1.0,1.0,70483.65625,0.0,0.0
Hike1_GrowingStock,12,120,10,0.0,10000.0,1.0,1.0,71329.078125,0.0,0.0
Hike1_GrowingStock,13,130,10,0.0,10000.0,1.0,1.0,72050.2890625,0.0,0.0
Hike1_GrowingStock,14,140,10,0.0,10000.0,1.0,1.0,72668.1015625,0.0,0.0
Hike1_GrowingStock,15,150,10,0.0,10000.0,1.0,1.0,73074.4921875,0.0,0.0
Hike1_GrowingStock,16,160,10,0.0,10000.0,1.0,1.0,73225.7734375,0.0,0.0
Hike1_GrowingStock,17,170,10,0.0,10000.0,1.0,1.0,73272.3046875,0.0,0.0
Hike1_GrowingStock,18,180,10,0.0,10000.0,1.0,1.0,73288.625,0.0,0.0
Hike1_GrowingStock,19,190,10,0.0,10000.0,1.0,1.0,73281.578125,0.0,0.0
Hike1_GrowingStock,20,200,10,0.0,10000.0,1.0,1.0,73263.5546875,0.0,0.0
Hike1_GrowingStock,21,210,10,0.0,10000.0,1.0,1.0,73211.9453125,0.0,0.0
Hike1_GrowingStock,22,220,10,0.0,10000.0,1.0,1.0,73115.25,0.0,0.0
Hike1_GrowingStock,23,230,10,0.0,10000.0,1.0,1.0,72982.03125,0.0,0.0
Hike1_GrowingStock,24,240,10,0.0,10000.0,1.0,1.0,72829.65625,0.0,0.0
Hike1_GrowingStock,25,250,10,0.0,10000.0,1.0,1.0,72769.46875,0.0,0.0
Hike1_GrowingStock,26,260,10,0.0,10000.0,1.0,1.0,72750.140625,0.0,0.0
Hike1_GrowingStock,27,270,10,0.0,10000.0,1.0,1.0,72730.40625,0.0,0.0
Hike1_GrowingStock,28,280,10,0.0,10000.0,1.0,1.0,72710.078125,0.0,0.0
Hike1_GrowingStock,29,290,10,0.0,10000.0,1.0,1.0,72689.421875,0.0,0.0
Hike1_GrowingStock,30,300,10,0.0,10000.0,1.0,1.0,72668.46875,0.0,0.0
Hike1_HarvestVolume,0,0,10,0.0,10000.0,1.0,1.0,0.0,0.0,0.0
Hike1_HarvestVolume,1,10,10,0.0,10000.0,1.0,1.0,0.0,0.0,0.0
Hike1_HarvestVolume,2,20,10,0.0,10000.0,1.0,1.0,0.0,0.0,0.0
Hike1_HarvestVolume,3,30,10,0.0,10000.0,1.0,1.0,0.0,0.0,0.0
Hike1_HarvestVolume,4,40,10,0.0,10000.0,1.0,1.0,0.0,0.0,0.0
Hike1_HarvestVolume,5,50,10,0.0,10000.0,1.0,1.0,0.0,0.0,0.0
Hike1_HarvestVolume,6,60,10,0.0,10000.0,1.0,1.0,0.0,0.0,0.0
Hike1_HarvestVolume,7,70,10,0.0,10000.0,1.0,1.0,0.0,0.0,0.0
Hike1_HarvestVolume,8,80,10,0.0,10000.0,1.0,1.0,0.0,0.0,0.0
Hike1_HarvestVolume,9,90,10,0.0,10000.0,1.0,1.0,0.0,0.0,0.0
Hike1_HarvestVolume,10,100,10,0.0,10000.0,1.0,1.0,0.0,0.0,0.0
Hike1_HarvestVolume,11,110,10,0.0,10000.0,1.0,1.0,0.0,0.0,0.0
Hike1_HarvestVolume,12,120,10,0.0,10000.0,1.0,1.0,0.0,0.0,0.0
Hike1_HarvestVolume,13,130,10,0.0,10000.0,1.0,1.0,0.0,0.0,0.0
Hike1_HarvestVolume,14,140,10,0.0,10000.0,1.0,1.0,0.0,0.0,0.0
Hike1_HarvestVolume,15,150,10,0.0,10000.0,1.0,1.0,0.0,0.0,0.0
Hike1_HarvestVolume,16,160,10,0.0,10000.0,1.0,1.0,0.0,0.0,0.0
Hike1_HarvestVolume,17,170,10,0.0,10000.0,1.0,1.0,0.0,0.0,0.0
Hike1_HarvestVolume,18,180,10,0.0,10000.0,1.0,1.0,0.0,0.0,0.0
Hike1_HarvestVolume,19,190,10,0.0,10000.0,1.0,1.0,0.0,0.0,0.0
Hike1_HarvestVolume,20,200,10,0.0,10000.0,1.0,1.0,0.0,0.0,0.0
Hike1_HarvestVolume,21,210,10,0.0,10000.0,1.0,1.0,0.0,0.0,0.0
Hike1_HarvestVolume,22,220,10,0.0,10000.0,1.0,1.0,0.0,0.0,0.0
Hike1_HarvestVolume,23,230,10,0.0,10000.0,1.0,1.0,0.0,0.0,0.0
Hike1_HarvestVolume,24,240,10,0.0,10000.0,1.0,1.0,0.0,0.0,0.0
Hike1_HarvestVolume,25,250,10,0.0,10000.0,1.0,1.0,0.0,0.0,0.0
Hike1_HarvestVolume,26,260,10,0.0,10000.0,1.0,1.0,0.0,0.0,0.0
Hike1_HarvestVolume,27,270,10,0.0,10000.0,1.0,1.0,0.0,0.0,0.0
Hike1_HarvestVolume,28,280,10,0.0,10000.0,1.0,1.0,0.0,0.0,0.0
Hike1_HarvestVolume,29,290,10,0.0,10000.0,1.0,1.0,0.0,0.0,0.0
Hike1_HarvestVolume,30,300,10,0.0,10000.0,1.0,1.0,0.0,0.0,0.0
Hike2_GrowingStock,0,0,10,0.0,10000.0,1.0,1.0,58801.9140625,0.0,0.0
Hike2_GrowingStock,1,10,10,0.0,10000.0,1.0,1.0,62395.3671875,0.0,0.0
Hike2_GrowingStock,2,20,10,0.0,10000.0,1.0,1.0,65590.4609375,0.0,0.0
Hike2_GrowingStock,3,30,10,0.0,10000.0,1.0,1.0,68313.859375,0.0,0.0
Hike2_GrowingStock,4,40,10,0.0,10000.0,1.0,1.0,70681.9140625,0.0,0.0
Hike2_GrowingStock,5,50,10,0.0,10000.0,1.0,1.0,72769.6484375,0.0,0.0
Hike2_GrowingStock,6,60,10,0.0,10000.0,1.0,1.0,74702.8359375,0.0,0.0
Hike2_GrowingStock,7,70,10,0.0,10000.0,1.0,1.0,76466.7109375,0.0,0.0
Hike2_GrowingStock,8,80,10,0.0,10000.0,1.0,1.0,78066.890625,0.0,0.0
Hike2_GrowingStock,9,90,10,0.0,10000.0,1.0,1.0,79477.859375,0.0,0.0
Hike2_GrowingStock,10,100,10,0.0,10000.0,1.0,1.0,80705.171875,0.0,0.0
Hike2_GrowingStock,11,110,10,0.0,10000.0,1.0,1.0,81780.7421875,0.0,0.0
Hike2_GrowingStock,12,120,10,0.0,10000.0,1.0,1.0,82696.40625,0.0,0.0
Hike2_GrowingStock,13,130,10,0.0,10000.0,1.0,1.0,83491.484375,0.0,0.0
Hike2_GrowingStock,14,140,10,0.0,10000.0,1.0,1.0,84232.3359375,0.0,0.0
Hike2_GrowingStock,15,150,10,0.0,10000.0,1.0,1.0,84905.2109375,0.0,0.0
Hike2_GrowingStock,16,160,10,0.0,10000.0,1.0,1.0,85492.3984375,0.0,0.0
Hike2_GrowingStock,17,170,10,0.0,10000.0,1.0,1.0,86006.1015625,0.0,0.0
Hike2_GrowingStock,18,180,10,0.0,10000.0,1.0,1.0,86478.515625,0.0,0.0
Hike2_GrowingStock,19,190,10,0.0,10000.0,1.0,1.0,86898.6484375,0.0,0.0
Hike2_GrowingStock,20,200,10,0.0,10000.0,1.0,1.0,87240.296875,0.0,0.0
Hike2_GrowingStock,21,210,10,0.0,10000.0,1.0,1.0,87503.0625,0.0,0.0
Hike2_GrowingStock,22,220,10,0.0,10000.0,1.0,1.0,87709.6328125,0.0,0.0
Hike2_GrowingStock,23,230,10,0.0,10000.0,1.0,1.0,87791.2578125,0.0,0.0
Hike2_GrowingStock,24,240,10,0.0,10000.0,1.0,1.0,87822.6328125,0.0,0.0
Hike2_GrowingStock,25,250,10,0.0,10000.0,1.0,1.0,87850.28125,0.0,0.0
Hike2_GrowingStock,26,260,10,0.0,10000.0,1.0,1.0,87874.703125,0.0,0.0
Hike2_GrowingStock,27,270,10,0.0,10000.0,1.0,1.0,87887.703125,0.0,0.0
Hike2_GrowingStock,28,280,10,0.0,10000.0,1.0,1.0,87890.2578125,0.0,0.0
Hike2_GrowingStock,29,290,10,0.0,10000.0,1.0,1.0,87890.2578125,0.0,0.0
Hike2_GrowingStock,30,300,10,0.0,10000.0,1.0,1.0,87890.2578125,0.0,0.0
Hike2_HarvestVolume,0,0,10,0.0,10000.0,1.0,1.0,0.0,0.0,0.0
Hike2_HarvestVolume,1,10,10,0.0,10000.0,1.0,1.0,0.0,0.0,0.0
Hike2_HarvestVolume,2,20,10,0.0,10000.0,1.0,1.0,0.0,0.0,0.0
Hike2_HarvestVolume,3,30,10,0.0,10000.0,1.0,1.0,0.0,0.0,0.0
Hike2_HarvestVolume,4,40,10,0.0,10000.0,1.0,1.0,0.0,0.0,0.0
Hike2_HarvestVolume,5,50,10,0.0,10000.0,1.0,1.0,0.0,0.0,0.0
Hike2_HarvestVolume,6,60,10,0.0,10000.0,1.0,1.0,0.0,0.0,0.0
Hike2_HarvestVolume,7,70,10,0.0,10000.0,1.0,1.0,0.0,0.0,0.0
Hike2_HarvestVolume,8,80,10,0.0,10000.0,1.0,1.0,0.0,0.0,0.0
Hike2_HarvestVolume,9,90,10,0.0,10000.0,1.0,1.0,0.0,0.0,0.0
Hike2_HarvestVolume,10,100,10,0.0,10000.0,1.0,1.0,0.0,0.0,0.0
Hike2_HarvestVolume,11,110,10,0.0,10000.0,1.0,1.0,0.0,0.0,0.0
Hike2_HarvestVolume,12,120,10,0.0,10000.0,1.0,1.0,0.0,0.0,0.0
Hike2_HarvestVolume,13,130,10,0.0,10000.0,1.0,1.0,0.0,0.0,0.0
Hike2_HarvestVolume,14,140,10,0.0,10000.0,1.0,1.0,0.0,0.0,0.0
Hike2_HarvestVolume,15,150,10,0.0,10000.0,1.0,1.0,0.0,0.0,0.0
Hike2_HarvestVolume,16,160,10,0.0,10000.0,1.0,1.0,0.0,0.0,0.0
Hike2_HarvestVolume,17,170,10,0.0,10000.0,1.0,1.0,0.0,0.0,0.0
Hike2_HarvestVolume,18,180,10,0.0,10000.0,1.0,1.0,0.0,0.0,0.0
Hike2_HarvestVolume,19,190,10,0.0,10000.0,1.0,1.0,0.0,0.0,0.0
Hike2_HarvestVolume,20,200,10,0.0,10000.0,1.0,1.0,0.0,0.0,0.0
Hike2_HarvestVolume,21,210,10,0.0,10000.0,1.0,1.0,0.0,0.0,0.0
Hike2_HarvestVolume,22,220,10,0.0,10000.0,1.0,1.0,0.0,0.0,0.0
Hike2_HarvestVolume,23,230,10,0.0,10000.0,1.0,1.0,0.0,0.0,0.0
Hike2_HarvestVolume,24,240,10,0.0,10000.0,1.0,1.0,0.0,0.0,0.0
Hike2_HarvestVolume,25,250,10,0.0,10000.0,1.0,1.0,0.0,0.0,0.0
Hike2_HarvestVolume,26,260,10,0.0,10000.0,1.0,1.0,0.0,0.0,0.0
Hike2_HarvestVolume,27,270,10,0.0,10000.0,1.0,1.0,0.0,0.0,0.0
Hike2_HarvestVolume,28,280,10,0.0,10000.0,1.0,1.0,0.0,0.0,0.0
Hike2_HarvestVolume,29,290,10,0.0,10000.0,1.0,1.0,0.0,0.0,0.0
Hike2_HarvestVolume,30,300,10,0.0,10000.0,1.0,1.0,0.0,0.0,0.0
Hike3_GrowingStock,0,0,10,0.0,10000.0,1.0,1.0,78216.203125,0.0,0.0
Hike3_GrowingStock,1,10,10,0.0,10000.0,1.0,1.0,82195.5703125,0.0,0.0
Hike3_GrowingStock,2,20,10,0.0,10000.0,1.0,1.0,85749.9609375,0.0,0.0
Hike3_GrowingStock,3,30,10,0.0,10000.0,1.0,1.0,88983.5,0.0,0.0
Hike3_GrowingStock,4,40,10,0.0,10000.0,1.0,1.0,91880.8203125,0.0,0.0
Hike3_GrowingStock,5,50,10,0.0,10000.0,1.0,1.0,94414.640625,0.0,0.0
Hike3_GrowingStock,6,60,10,0.0,10000.0,1.0,1.0,96586.4375,0.0,0.0
Hike3_GrowingStock,7,70,10,0.0,10000.0,1.0,1.0,98463.828125,0.0,0.0
Hike3_GrowingStock,8,80,10,0.0,10000.0,1.0,1.0,100163.8984375,0.0,0.0
Hike3_GrowingStock,9,90,10,0.0,10000.0,1.0,1.0,101733.8203125,0.0,0.0
Hike3_GrowingStock,10,100,10,0.0,10000.0,1.0,1.0,103173.8671875,0.0,0.0
Hike3_GrowingStock,11,110,10,0.0,10000.0,1.0,1.0,104452.9140625,0.0,0.0
Hike3_GrowingStock,12,120,10,0.0,10000.0,1.0,1.0,105554.984375,0.0,0.0
Hike3_GrowingStock,13,130,10,0.0,10000.0,1.0,1.0,106403.8828125,0.0,0.0
Hike3_GrowingStock,14,140,10,0.0,10000.0,1.0,1.0,106959.3359375,0.0,0.0
Hike3_GrowingStock,15,150,10,0.0,10000.0,1.0,1.0,107365.578125,0.0,0.0
Hike3_GrowingStock,16,160,10,0.0,10000.0,1.0,1.0,107684.953125,0.0,0.0
Hike3_GrowingStock,17,170,10,0.0,10000.0,1.0,1.0,107940.5546875,0.0,0.0
Hike3_GrowingStock,18,180,10,0.0,10000.0,1.0,1.0,108162.5625,0.0,0.0
Hike3_GrowingStock,19,190,10,0.0,10000.0,1.0,1.0,108342.34375,0.0,0.0
Hike3_GrowingStock,20,200,10,0.0,10000.0,1.0,1.0,108475.6875,0.0,0.0
Hike3_GrowingStock,21,210,10,0.0,10000.0,1.0,1.0,108565.2734375,0.0,0.0
Hike3_GrowingStock,22,220,10,0.0,10000.0,1.0,1.0,108615.1640625,0.0,0.0
Hike3_GrowingStock,23,230,10,0.0,10000.0,1.0,1.0,108683.859375,0.0,0.0
Hike3_GrowingStock,24,240,10,0.0,10000.0,1.0,1.0,108755.5859375,0.0,0.0
Hike3_GrowingStock,25,250,10,0.0,10000.0,1.0,1.0,108775.828125,0.0,0.0
Hike3_GrowingStock,26,260,10,0.0,10000.0,1.0,1.0,108775.828125,0.0,0.0
Hike3_GrowingStock,27,270,10,0.0,10000.0,1.0,1.0,108775.828125,0.0,0.0
Hike3_GrowingStock,28,280,10,0.0,10000.0,1.0,1.0,108775.828125,0.0,0.0
Hike3_GrowingStock,29,290,10,0.0,10000.0,1.0,1.0,108775.828125,0.0,0.0
Hike3_GrowingStock,30,300,10,0.0,10000.0,1.0,1.0,108775.828125,0.0,0.0
Hike3_HarvestVolume,0,0,10,0.0,10000.0,1.0,1.0,0.0,0.0,0.0
Hike3_HarvestVolume,1,10,10,0.0,10000.0,1.0,1.0,0.0,0.0,0.0
Hike3_HarvestVolume,2,20,10,0.0,10000.0,1.0,1.0,0.0,0.0,0.0
Hike3_HarvestVolume,3,30,10,0.0,10000.0,1.0,1.0,0.0,0.0,0.0
Hike3_HarvestVolume,4,40,10,0.0,10000.0,1.0,1.0,0.0,0.0,0.0
Hike3_HarvestVolume,5,50,10,0.0,10000.0,1.0,1.0,0.0,0.0,0.0
Hike3_HarvestVolume,6,60,10,0.0,10000.0,1.0,1.0,0.0,0.0,0.0
Hike3_HarvestVolume,7,70,10,0.0,10000.0,1.0,1.0,0.0,0.0,0.0
Hike3_HarvestVolume,8,80,10,0.0,10000.0,1.0,1.0,0.0,0.0,0.0
Hike3_HarvestVolume,9,90,10,0.0,10000.0,1.0,1.0,0.0,0.0,0.0
Hike3_HarvestVolume,10,100,10,0.0,10000.0,1.0,1.0,0.0,0.0,0.0
Hike3_HarvestVolume,11,110,10,0.0,10000.0,1.0,1.0,0.0,0.0,0.0
Hike3_HarvestVolume,12,120,10,0.0,10000.0,1.0,1.0,0.0,0.0,0.0
Hike3_HarvestVolume,13,130,10,0.0,10000.0,1.0,1.0,0.0,0.0,0.0
Hike3_HarvestVolume,14,140,10,0.0,10000.0,1.0,1.0,0.0,0.0,0.0
Hike3_HarvestVolume,15,150,10,0.0,10000.0,1.0,1.0,0.0,0.0,0.0
Hike3_HarvestVolume,16,160,10,0.0,10000.0,1.0,1.0,0.0,0.0,0.0
Hike3_HarvestVolume,17,170,10,0.0,10000.0,1.0,1.0,0.0,0.0,0.0
Hike3_HarvestVolume,18,180,10,0.0,10000.0,1.0,1.0,0.0,0.0,0.0
Hike3_HarvestVolume,19,190,10,0.0,10000.0,1.0,1.0,0.0,0.0,0.0
Hike3_HarvestVolume,20,200,10,0.0,10000.0,1.0,1.0,0.0,0.0,0.0
Hike3_HarvestVolume,21,210,10,0.0,10000.0,1.0,1.0,0.0,0.0,0.0
Hike3_HarvestVolume,22,220,10,0.0,10000.0,1.0,1.0,0.0,0.0,0.0
Hike3_HarvestVolume,23,230,10,0.0,10000.0,1.0,1.0,0.0,0.0,0.0
Hike3_HarvestVolume,24,240,10,0.0,10000.0,1.0,1.0,0.0,0.0,0.0
Hike3_HarvestVolume,25,250,10,0.0,10000.0,1.0,1.0,0.0,0.0,0.0
Hike3_HarvestVolume,26,260,10,0.0,10000.0,1.0,1.0,0.0,0.0,0.0
Hike3_HarvestVolume,27,270,10,0.0,10000.0,1.0,1.0,0.0,0.0,0.0
Hike3_HarvestVolume,28,280,10,0.0,10000.0,1.0,1.0,0.0,0.0,0.0
Hike3_HarvestVolume,29,290,10,0.0,10000.0,1.0,1.0,0.0,0.0,0.0
Hike3_HarvestVolume,30,300,10,0.0,10000.0,1.0,1.0,0.0,0.0,0.0
HikeTotal_GrowingStock,0,0,10,0.0,10000.0,1.0,1.0,187213.90625,0.0,0.0
HikeTotal_GrowingStock,1,10,10,0.0,10000.0,1.0,1.0,197867.21875,0.0,0.0
HikeTotal_GrowingStock,2,20,10,0.0,10000.0,1.0,1.0,207445.8125,0.0,0.0
HikeTotal_GrowingStock,3,30,10,0.0,10000.0,1.0,1.0,215862.9375,0.0,0.0
HikeTotal_GrowingStock,4,40,10,0.0,10000.0,1.0,1.0,223274.546875,0.0,0.0
HikeTotal_GrowingStock,5,50,10,0.0,10000.0,1.0,1.0,229867.453125,0.0,0.0
HikeTotal_GrowingStock,6,60,10,0.0,10000.0,1.0,1.0,235743.59375,0.0,0.0
HikeTotal_GrowingStock,7,70,10,0.0,10000.0,1.0,1.0,240929.5,0.0,0.0
HikeTotal_GrowingStock,8,80,10,0.0,10000.0,1.0,1.0,245554.484375,0.0,0.0
HikeTotal_GrowingStock,9,90,10,0.0,10000.0,1.0,1.0,249689.203125,0.0,0.0
HikeTotal_GrowingStock,10,100,10,0.0,10000.0,1.0,1.0,253387.640625,0.0,0.0
HikeTotal_GrowingStock,11,110,10,0.0,10000.0,1.0,1.0,256717.3125,0.0,0.0
HikeTotal_GrowingStock,12,120,10,0.0,10000.0,1.0,1.0,259580.46875,0.0,0.0
HikeTotal_GrowingStock,13,130,10,0.0,10000.0,1.0,1.0,261945.65625,0.0,0.0
HikeTotal_GrowingStock,14,140,10,0.0,10000.0,1.0,1.0,263859.78125,0.0,0.0
HikeTotal_GrowingStock,15,150,10,0.0,10000.0,1.0,1.0,265345.28125,0.0,0.0
HikeTotal_GrowingStock,16,160,10,0.0,10000.0,1.0,1.0,266403.125,0.0,0.0
HikeTotal_GrowingStock,17,170,10,0.0,10000.0,1.0,1.0,267218.96875,0.0,0.0
HikeTotal_GrowingStock,18,180,10,0.0,10000.0,1.0,1.0,267929.71875,0.0,0.0
HikeTotal_GrowingStock,19,190,10,0.0,10000.0,1.0,1.0,268522.5625,0.0,0.0
HikeTotal_GrowingStock,20,200,10,0.0,10000.0,1.0,1.0,268979.53125,0.0,0.0
HikeTotal_GrowingStock,21,210,10,0.0,10000.0,1.0,1.0,269280.28125,0.0,0.0
HikeTotal_GrowingStock,22,220,10,0.0,10000.0,1.0,1.0,269440.03125,0.0,0.0
HikeTotal_GrowingStock,23,230,10,0.0,10000.0,1.0,1.0,269457.15625,0.0,0.0
HikeTotal_GrowingStock,24,240,10,0.0,10000.0,1.0,1.0,269407.875,0.0,0.0
HikeTotal_GrowingStock,25,250,10,0.0,10000.0,1.0,1.0,269395.5625,0.0,0.0
HikeTotal_GrowingStock,26,260,10,0.0,10000.0,1.0,1.0,269400.65625,0.0,0.0
HikeTotal_GrowingStock,27,270,10,0.0,10000.0,1.0,1.0,269393.9375,0.0,0.0
HikeTotal_GrowingStock,28,280,10,0.0,10000.0,1.0,1.0,269376.15625,0.0,0.0
HikeTotal_GrowingStock,29,290,10,0.0,10000.0,1.0,1.0,269355.5,0.0,0.0
HikeTotal_GrowingStock,30,300,10,0.0,10000.0,1.0,1.0,269334.5625,0.0,0.0
HikeTotal_HarvestVolume,0,0,10,0.0,0.0,1.0,1.0,0.0,0.0,0.0
HikeTotal_HarvestVolume,1,10,10,0.0,0.0,1.0,1.0,0.0,0.0,0.0
HikeTotal_HarvestVolume,2,20,10,0.0,0.0,1.0,1.0,0.0,0.0,0.0
HikeTotal_HarvestVolume,3,30,10,0.0,0.0,1.0,1.0,0.0,0.0,0.0
HikeTotal_HarvestVolume,4,40,10,0.0,0.0,1.0,1.0,0.0,0.0,0.0
HikeTotal_HarvestVolume,5,50,10,0.0,0.0,1.0,1.0,0.0,0.0,0.0
HikeTotal_HarvestVolume,6,60,10,0.0,0.0,1.0,1.0,0.0,0.0,0.0
HikeTotal_HarvestVolume,7,70,10,0.0,0.0,1.0,1.0,0.0,0.0,0.0
HikeTotal_HarvestVolume,8,80,10,0.0,0.0,1.0,1.0,0.0,0.0,0.0
HikeTotal_HarvestVolume,9,90,10,0.0,0.0,1.0,1.0,0.0,0.0,0.0
HikeTotal_HarvestVolume,10,100,10,0.0,0.0,1.0,1.0,0.0,0.0,0.0
HikeTotal_HarvestVolume,11,110,10,0.0,0.0,1.0,1.0,0.0,0.0,0.0
HikeTotal_HarvestVolume,12,120,10,0.0,0.0,1.0,1.0,0.0,0.0,0.0
HikeTotal_HarvestVolume,13,130,10,0.0,0.0,1.0,1.0,0.0,0.0,0.0
HikeTotal_HarvestVolume,14,140,10,0.0,0.0,1.0,1.0,0.0,0.0,0.0
HikeTotal_HarvestVolume,15,150,10,0.0,0.0,1.0,1.0,0.0,0.0,0.0
HikeTotal_HarvestVolume,16,160,10,0.0,0.0,1.0,1.0,0.0,0.0,0.0
HikeTotal_HarvestVolume,17,170,10,0.0,0.0,1.0,1.0,0.0,0.0,0.0
HikeTotal_HarvestVolume,18,180,10,0.0,0.0,1.0,1.0,0.0,0.0,0.0
HikeTotal_HarvestVolume,19,190,10,0.0,0.0,1.0,1.0,0.0,0.0,0.0
HikeTotal_HarvestVolume,20,200,10,0.0,0.0,1.0,1.0,0.0,0.0,0.0
HikeTotal_HarvestVolume,21,210,10,0.0,0.0,1.0,1.0,0.0,0.0,0.0
HikeTotal_HarvestVolume,22,220,10,0.0,0.0,1.0,1.0,0.0,0.0,0.0
HikeTotal_HarvestVolume,23,230,10,0.0,0.0,1.0,1.0,0.0,0.0,0.0
HikeTotal_HarvestVolume,24,240,10,0.0,0.0,1.0,1.0,0.0,0.0,0.0
HikeTotal_HarvestVolume,25,250,10,0.0,0.0,1.0,1.0,0.0,0.0,0.0
HikeTotal_HarvestVolume,26,260,10,0.0,0.0,1.0,1.0,0.0,0.0,0.0
HikeTotal_HarvestVolume,27,270,10,0.0,0.0,1.0,1.0,0.0,0.0,0.0
HikeTotal_HarvestVolume,28,280,10,0.0,0.0,1.0,1.0,0.0,0.0,0.0
HikeTotal_HarvestVolume,29,290,10,0.0,0.0,1.0,1.0,0.0,0.0,0.0
HikeTotal_HarvestVolume,30,300,10,0.0,0.0,1.0,1.0,0.0,0.0,0.0
