TARGET,PERIOD,YEAR,PERIODWIDTH,MINIMUM,MAXIMUM,MINWEIGHT,MAXWEIGHT,CURRENT,INITIAL,OBJECTIVE
feature.Area.og1.CWHvm_CW_HW_M,0,0,10,0.0,10000.0,1.0,1.0,189.19400024414062,0.0,0.0
feature.Area.og1.CWHvm_CW_HW_M,1,10,10,0.0,10000.0,1.0,1.0,189.26100158691406,0.0,0.0
feature.Area.og1.CWHvm_CW_HW_M,2,20,10,0.0,10000.0,1.0,1.0,189.80999755859375,0.0,0.0
feature.Area.og1.CWHvm_CW_HW_M,3,30,10,0.0,10000.0,1.0,1.0,190.61300659179688,0.0,0.0
feature.Area.og1.CWHvm_CW_HW_M,4,40,10,0.0,10000.0,1.0,1.0,191.14100646972656,0.0,0.0
feature.Area.og1.CWHvm_CW_HW_M,5,50,10,0.0,10000.0,1.0,1.0,193.26400756835938,0.0,0.0
feature.Area.og1.CWHvm_CW_HW_M,6,60,10,0.0,10000.0,1.0,1.0,198.26699829101562,0.0,0.0
feature.Area.og1.CWHvm_CW_HW_M,7,70,10,0.0,10000.0,1.0,1.0,206.81500244140625,0.0,0.0
feature.Area.og1.CWHvm_CW_HW_M,8,80,10,0.0,10000.0,1.0,1.0,220.01100158691406,0.0,0.0
feature.Area.og1.CWHvm_CW_HW_M,9,90,10,0.0,10000.0,1.0,1.0,234.63699340820312,0.0,0.0
feature.Area.og1.CWHvm_CW_HW_M,10,100,10,0.0,10000.0,1.0,1.0,247.50399780273438,0.0,0.0
feature.Area.og1.CWHvm_CW_HW_M,11,110,10,0.0,10000.0,1.0,1.0,257.489990234375,0.0,0.0
feature.Area.og1.CWHvm_CW_HW_M,12,120,10,0.0,10000.0,1.0,1.0,264.00799560546875,0.0,0.0
feature.Area.og1.CWHvm_CW_HW_M,13,130,10,0.0,10000.0,1.0,1.0,265.6319885253906,0.0,0.0
feature.Area.og1.CWHvm_CW_HW_M,14,140,10,0.0,10000.0,1.0,1.0,259.2120056152344,0.0,0.0
feature.Area.og1.CWHvm_CW_HW_M,15,150,10,0.0,10000.0,1.0,1.0,257.14801025390625,0.0,0.0
feature.Area.og1.CWHvm_CW_HW_M,16,160,10,0.0,10000.0,1.0,1.0,257.14801025390625,0.0,0.0
feature.Area.og1.CWHvm_CW_HW_M,17,170,10,0.0,10000.0,1.0,1.0,257.14801025390625,0.0,0.0
feature.Area.og1.CWHvm_CW_HW_M,18,180,10,0.0,10000.0,1.0,1.0,259.9339904785156,0.0,0.0
feature.Area.og1.CWHvm_CW_HW_M,19,190,10,0.0,10000.0,1.0,1.0,261.87298583984375,0.0,0.0
feature.Area.og1.CWHvm_CW_HW_M,20,200,10,0.0,10000.0,1.0,1.0,254.4429931640625,0.0,0.0
feature.Area.og1.CWHvm_CW_HW_M,21,210,10,0.0,10000.0,1.0,1.0,254.4429931640625,0.0,0.0
feature.Area.og1.CWHvm_CW_HW_M,22,220,10,0.0,10000.0,1.0,1.0,254.4429931640625,0.0,0.0
feature.Area.og1.CWHvm_CW_HW_M,23,230,10,0.0,10000.0,1.0,1.0,254.4429931640625,0.0,0.0
feature.Area.og1.CWHvm_CW_HW_M,24,240,10,0.0,10000.0,1.0,1.0,254.4429931640625,0.0,0.0
feature.Area.og1.CWHvm_CW_HW_M,25,250,10,0.0,10000.0,1.0,1.0,255.48399353027344,0.0,0.0
feature.Area.og1.CWHvm_CW_HW_M,26,260,10,0.0,10000.0,1.0,1.0,257.11199951171875,0.0,0.0
feature.Area.og1.CWHvm_CW_HW_M,27,270,10,0.0,10000.0,1.0,1.0,255.13299560546875,0.0,0.0
feature.Area.og1.CWHvm_CW_HW_M,28,280,10,0.0,10000.0,1.0,1.0,253.04100036621094,0.0,0.0
feature.Area.og1.CWHvm_CW_HW_M,29,290,10,0.0,10000.0,1.0,1.0,253.4040069580078,0.0,0.0
feature.Area.og1.CWHvm_CW_HW_M,30,300,10,0.0,10000.0,1.0,1.0,253.8209991455078,0.0,0.0
feature.Area.og1.CWHvm_CW_PLC_M,0,0,10,0.0,10000.0,1.0,1.0,30.833999633789062,0.0,0.0
feature.Area.og1.CWHvm_CW_PLC_M,1,10,10,0.0,10000.0,1.0,1.0,31.54599952697754,0.0,0.0
feature.Area.og1.CWHvm_CW_PLC_M,2,20,10,0.0,10000.0,1.0,1.0,32.257999420166016,0.0,0.0
feature.Area.og1.CWHvm_CW_PLC_M,3,30,10,0.0,10000.0,1.0,1.0,32.47200012207031,0.0,0.0
feature.Area.og1.CWHvm_CW_PLC_M,4,40,10,0.0,10000.0,1.0,1.0,32.47200012207031,0.0,0.0
feature.Area.og1.CWHvm_CW_PLC_M,5,50,10,0.0,10000.0,1.0,1.0,32.47200012207031,0.0,0.0
feature.Area.og1.CWHvm_CW_PLC_M,6,60,10,0.0,10000.0,1.0,1.0,32.47200012207031,0.0,0.0
feature.Area.og1.CWHvm_CW_PLC_M,7,70,10,0.0,10000.0,1.0,1.0,32.47200012207031,0.0,0.0
feature.Area.og1.CWHvm_CW_PLC_M,8,80,10,0.0,10000.0,1.0,1.0,32.47200012207031,0.0,0.0
feature.Area.og1.CWHvm_CW_PLC_M,9,90,10,0.0,10000.0,1.0,1.0,32.47200012207031,0.0,0.0
feature.Area.og1.CWHvm_CW_PLC_M,10,100,10,0.0,10000.0,1.0,1.0,32.47200012207031,0.0,0.0
feature.Area.og1.CWHvm_CW_PLC_M,11,110,10,0.0,10000.0,1.0,1.0,32.47200012207031,0.0,0.0
feature.Area.og1.CWHvm_CW_PLC_M,12,120,10,0.0,10000.0,1.0,1.0,32.47200012207031,0.0,0.0
feature.Area.og1.CWHvm_CW_PLC_M,13,130,10,0.0,10000.0,1.0,1.0,32.47200012207031,0.0,0.0
feature.Area.og1.CWHvm_CW_PLC_M,14,140,10,0.0,10000.0,1.0,1.0,32.47200012207031,0.0,0.0
feature.Area.og1.CWHvm_CW_PLC_M,15,150,10,0.0,10000.0,1.0,1.0,32.47200012207031,0.0,0.0
feature.Area.og1.CWHvm_CW_PLC_M,16,160,10,0.0,10000.0,1.0,1.0,32.47200012207031,0.0,0.0
feature.Area.og1.CWHvm_CW_PLC_M,17,170,10,0.0,10000.0,1.0,1.0,32.47200012207031,0.0,0.0
feature.Area.og1.CWHvm_CW_PLC_M,18,180,10,0.0,10000.0,1.0,1.0,32.47200012207031,0.0,0.0
feature.Area.og1.CWHvm_CW_PLC_M,19,190,10,0.0,10000.0,1.0,1.0,32.47200012207031,0.0,0.0
feature.Area.og1.CWHvm_CW_PLC_M,20,200,10,0.0,10000.0,1.0,1.0,32.47200012207031,0.0,0.0
feature.Area.og1.CWHvm_CW_PLC_M,21,210,10,0.0,10000.0,1.0,1.0,32.47200012207031,0.0,0.0
feature.Area.og1.CWHvm_CW_PLC_M,22,220,10,0.0,10000.0,1.0,1.0,32.47200012207031,0.0,0.0
feature.Area.og1.CWHvm_CW_PLC_M,23,230,10,0.0,10000.0,1.0,1.0,32.47200012207031,0.0,0.0
feature.Area.og1.CWHvm_CW_PLC_M,24,240,10,0.0,10000.0,1.0,1.0,32.47200012207031,0.0,0.0
feature.Area.og1.CWHvm_CW_PLC_M,25,250,10,0.0,10000.0,1.0,1.0,32.47200012207031,0.0,0.0
feature.Area.og1.CWHvm_CW_PLC_M,26,260,10,0.0,10000.0,1.0,1.0,32.47200012207031,0.0,0.0
feature.Area.og1.CWHvm_CW_PLC_M,27,270,10,0.0,10000.0,1.0,1.0,32.47200012207031,0.0,0.0
feature.Area.og1.CWHvm_CW_PLC_M,28,280,10,0.0,10000.0,1.0,1.0,32.47200012207031,0.0,0.0
feature.Area.og1.CWHvm_CW_PLC_M,29,290,10,0.0,10000.0,1.0,1.0,32.47200012207031,0.0,0.0
feature.Area.og1.CWHvm_CW_PLC_M,30,300,10,0.0,10000.0,1.0,1.0,32.47200012207031,0.0,0.0
feature.Area.og1.CWHvm_CW_YC_M,0,0,10,0.0,10000.0,1.0,1.0,39.28900146484375,0.0,0.0
feature.Area.og1.CWHvm_CW_YC_M,1,10,10,0.0,10000.0,1.0,1.0,40.132999420166016,0.0,0.0
feature.Area.og1.CWHvm_CW_YC_M,2,20,10,0.0,10000.0,1.0,1.0,40.979000091552734,0.0,0.0
feature.Area.og1.CWHvm_CW_YC_M,3,30,10,0.0,10000.0,1.0,1.0,41.14799880981445,0.0,0.0
feature.Area.og1.CWHvm_CW_YC_M,4,40,10,0.0,10000.0,1.0,1.0,41.14799880981445,0.0,0.0
feature.Area.og1.CWHvm_CW_YC_M,5,50,10,0.0,10000.0,1.0,1.0,41.14799880981445,0.0,0.0
feature.Area.og1.CWHvm_CW_YC_M,6,60,10,0.0,10000.0,1.0,1.0,41.14799880981445,0.0,0.0
feature.Area.og1.CWHvm_CW_YC_M,7,70,10,0.0,10000.0,1.0,1.0,41.14799880981445,0.0,0.0
feature.Area.og1.CWHvm_CW_YC_M,8,80,10,0.0,10000.0,1.0,1.0,41.14799880981445,0.0,0.0
feature.Area.og1.CWHvm_CW_YC_M,9,90,10,0.0,10000.0,1.0,1.0,41.14799880981445,0.0,0.0
feature.Area.og1.CWHvm_CW_YC_M,10,100,10,0.0,10000.0,1.0,1.0,41.14799880981445,0.0,0.0
feature.Area.og1.CWHvm_CW_YC_M,11,110,10,0.0,10000.0,1.0,1.0,41.14799880981445,0.0,0.0
feature.Area.og1.CWHvm_CW_YC_M,12,120,10,0.0,10000.0,1.0,1.0,41.14799880981445,0.0,0.0
feature.Area.og1.CWHvm_CW_YC_M,13,130,10,0.0,10000.0,1.0,1.0,41.14799880981445,0.0,0.0
feature.Area.og1.CWHvm_CW_YC_M,14,140,10,0.0,10000.0,1.0,1.0,41.14799880981445,0.0,0.0
feature.Area.og1.CWHvm_CW_YC_M,15,150,10,0.0,10000.0,1.0,1.0,41.14799880981445,0.0,0.0
feature.Area.og1.CWHvm_CW_YC_M,16,160,10,0.0,10000.0,1.0,1.0,41.14799880981445,0.0,0.0
feature.Area.og1.CWHvm_CW_YC_M,17,170,10,0.0,10000.0,1.0,1.0,41.14799880981445,0.0,0.0
feature.Area.og1.CWHvm_CW_YC_M,18,180,10,0.0,10000.0,1.0,1.0,41.14799880981445,0.0,0.0
feature.Area.og1.CWHvm_CW_YC_M,19,190,10,0.0,10000.0,1.0,1.0,41.14799880981445,0.0,0.0
feature.Area.og1.CWHvm_CW_YC_M,20,200,10,0.0,10000.0,1.0,1.0,41.14799880981445,0.0,0.0
feature.Area.og1.CWHvm_CW_YC_M,21,210,10,0.0,10000.0,1.0,1.0,41.14799880981445,0.0,0.0
feature.Area.og1.CWHvm_CW_YC_M,22,220,10,0.0,10000.0,1.0,1.0,41.14799880981445,0.0,0.0
feature.Area.og1.CWHvm_CW_YC_M,23,230,10,0.0,10000.0,1.0,1.0,41.14799880981445,0.0,0.0
feature.Area.og1.CWHvm_CW_YC_M,24,240,10,0.0,10000.0,1.0,1.0,41.14799880981445,0.0,0.0
feature.Area.og1.CWHvm_CW_YC_M,25,250,10,0.0,10000.0,1.0,1.0,41.14799880981445,0.0,0.0
feature.Area.og1.CWHvm_CW_YC_M,26,260,10,0.0,10000.0,1.0,1.0,41.14799880981445,0.0,0.0
feature.Area.og1.CWHvm_CW_YC_M,27,270,10,0.0,10000.0,1.0,1.0,41.14799880981445,0.0,0.0
feature.Area.og1.CWHvm_CW_YC_M,28,280,10,0.0,10000.0,1.0,1.0,41.14799880981445,0.0,0.0
feature.Area.og1.CWHvm_CW_YC_M,29,290,10,0.0,10000.0,1.0,1.0,41.14799880981445,0.0,0.0
feature.Area.og1.CWHvm_CW_YC_M,30,300,10,0.0,10000.0,1.0,1.0,41.14799880981445,0.0,0.0
feature.Area.og1.CWHvm_DR_HW_M,0,0,10,0.0,10000.0,1.0,1.0,0.0,0.0,0.0
feature.Area.og1.CWHvm_DR_HW_M,1,10,10,0.0,10000.0,1.0,1.0,2.630000114440918,0.0,0.0
feature.Area.og1.CWHvm_DR_HW_M,2,20,10,0.0,10000.0,1.0,1.0,9.4399995803833,0.0,0.0
feature.Area.og1.CWHvm_DR_HW_M,3,30,10,0.0,10000.0,1.0,1.0,16.500999450683594,0.0,0.0
feature.Area.og1.CWHvm_DR_HW_M,4,40,10,0.0,10000.0,1.0,1.0,22.989999771118164,0.0,0.0
feature.Area.og1.CWHvm_DR_HW_M,5,50,10,0.0,10000.0,1.0,1.0,30.854999542236328,0.0,0.0
feature.Area.og1.CWHvm_DR_HW_M,6,60,10,0.0,10000.0,1.0,1.0,38.72200012207031,0.0,0.0
feature.Area.og1.CWHvm_DR_HW_M,7,70,10,0.0,10000.0,1.0,1.0,44.66899871826172,0.0,0.0
feature.Area.og1.CWHvm_DR_HW_M,8,80,10,0.0,10000.0,1.0,1.0,47.61899948120117,0.0,0.0
feature.Area.og1.CWHvm_DR_HW_M,9,90,10,0.0,10000.0,1.0,1.0,47.763999938964844,0.0,0.0
feature.Area.og1.CWHvm_DR_HW_M,10,100,10,0.0,10000.0,1.0,1.0,49.099998474121094,0.0,0.0
feature.Area.og1.CWHvm_DR_HW_M,11,110,10,0.0,10000.0,1.0,1.0,42.96200180053711,0.0,0.0
feature.Area.og1.CWHvm_DR_HW_M,12,120,10,0.0,10000.0,1.0,1.0,39.04399871826172,0.0,0.0
feature.Area.og1.CWHvm_DR_HW_M,13,130,10,0.0,10000.0,1.0,1.0,39.04399871826172,0.0,0.0
feature.Area.og1.CWHvm_DR_HW_M,14,140,10,0.0,10000.0,1.0,1.0,39.04399871826172,0.0,0.0
feature.Area.og1.CWHvm_DR_HW_M,15,150,10,0.0,10000.0,1.0,1.0,39.11000061035156,0.0,0.0
feature.Area.og1.CWHvm_DR_HW_M,16,160,10,0.0,10000.0,1.0,1.0,38.034000396728516,0.0,0.0
feature.Area.og1.CWHvm_DR_HW_M,17,170,10,0.0,10000.0,1.0,1.0,39.689998626708984,0.0,0.0
feature.Area.og1.CWHvm_DR_HW_M,18,180,10,0.0,10000.0,1.0,1.0,43.1349983215332,0.0,0.0
feature.Area.og1.CWHvm_DR_HW_M,19,190,10,0.0,10000.0,1.0,1.0,37.053001403808594,0.0,0.0
feature.Area.og1.CWHvm_DR_HW_M,20,200,10,0.0,10000.0,1.0,1.0,36.16400146484375,0.0,0.0
feature.Area.og1.CWHvm_DR_HW_M,21,210,10,0.0,10000.0,1.0,1.0,36.16400146484375,0.0,0.0
feature.Area.og1.CWHvm_DR_HW_M,22,220,10,0.0,10000.0,1.0,1.0,36.37300109863281,0.0,0.0
feature.Area.og1.CWHvm_DR_HW_M,23,230,10,0.0,10000.0,1.0,1.0,36.66999816894531,0.0,0.0
feature.Area.og1.CWHvm_DR_HW_M,24,240,10,0.0,10000.0,1.0,1.0,36.96799850463867,0.0,0.0
feature.Area.og1.CWHvm_DR_HW_M,25,250,10,0.0,10000.0,1.0,1.0,38.6349983215332,0.0,0.0
feature.Area.og1.CWHvm_DR_HW_M,26,260,10,0.0,10000.0,1.0,1.0,41.75899887084961,0.0,0.0
feature.Area.og1.CWHvm_DR_HW_M,27,270,10,0.0,10000.0,1.0,1.0,45.04399871826172,0.0,0.0
feature.Area.og1.CWHvm_DR_HW_M,28,280,10,0.0,10000.0,1.0,1.0,44.80500030517578,0.0,0.0
feature.Area.og1.CWHvm_DR_HW_M,29,290,10,0.0,10000.0,1.0,1.0,43.617000579833984,0.0,0.0
feature.Area.og1.CWHvm_DR_HW_M,30,300,10,0.0,10000.0,1.0,1.0,39.0260009765625,0.0,0.0
feature.Area.og1.CWHvm_FDC_HW_H,0,0,10,0.0,10000.0,1.0,1.0,0.0,0.0,0.0
feature.Area.og1.CWHvm_FDC_HW_H,1,10,10,0.0,10000.0,1.0,1.0,0.0,0.0,0.0
feature.Area.og1.CWHvm_FDC_HW_H,2,20,10,0.0,10000.0,1.0,1.0,0.0,0.0,0.0
feature.Area.og1.CWHvm_FDC_HW_H,3,30,10,0.0,10000.0,1.0,1.0,0.0,0.0,0.0
feature.Area.og1.CWHvm_FDC_HW_H,4,40,10,0.0,10000.0,1.0,1.0,0.5899999737739563,0.0,0.0
feature.Area.og1.CWHvm_FDC_HW_H,5,50,10,0.0,10000.0,1.0,1.0,7.511000156402588,0.0,0.0
feature.Area.og1.CWHvm_FDC_HW_H,6,60,10,0.0,10000.0,1.0,1.0,16.25,0.0,0.0
feature.Area.og1.CWHvm_FDC_HW_H,7,70,10,0.0,10000.0,1.0,1.0,30.055999755859375,0.0,0.0
feature.Area.og1.CWHvm_FDC_HW_H,8,80,10,0.0,10000.0,1.0,1.0,46.13800048828125,0.0,0.0
feature.Area.og1.CWHvm_FDC_HW_H,9,90,10,0.0,10000.0,1.0,1.0,62.22200012207031,0.0,0.0
feature.Area.og1.CWHvm_FDC_HW_H,10,100,10,0.0,10000.0,1.0,1.0,78.3030014038086,0.0,0.0
feature.Area.og1.CWHvm_FDC_HW_H,11,110,10,0.0,10000.0,1.0,1.0,94.38600158691406,0.0,0.0
feature.Area.og1.CWHvm_FDC_HW_H,12,120,10,0.0,10000.0,1.0,1.0,108.56400299072266,0.0,0.0
feature.Area.og1.CWHvm_FDC_HW_H,13,130,10,0.0,10000.0,1.0,1.0,112.572998046875,0.0,0.0
feature.Area.og1.CWHvm_FDC_HW_H,14,140,10,0.0,10000.0,1.0,1.0,112.572998046875,0.0,0.0
feature.Area.og1.CWHvm_FDC_HW_H,15,150,10,0.0,10000.0,1.0,1.0,112.72799682617188,0.0,0.0
feature.Area.og1.CWHvm_FDC_HW_H,16,160,10,0.0,10000.0,1.0,1.0,116.16899871826172,0.0,0.0
feature.Area.og1.CWHvm_FDC_HW_H,17,170,10,0.0,10000.0,1.0,1.0,120.78500366210938,0.0,0.0
feature.Area.og1.CWHvm_FDC_HW_H,18,180,10,0.0,10000.0,1.0,1.0,125.4020004272461,0.0,0.0
feature.Area.og1.CWHvm_FDC_HW_H,19,190,10,0.0,10000.0,1.0,1.0,121.22799682617188,0.0,0.0
feature.Area.og1.CWHvm_FDC_HW_H,20,200,10,0.0,10000.0,1.0,1.0,123.4020004272461,0.0,0.0
feature.Area.og1.CWHvm_FDC_HW_H,21,210,10,0.0,10000.0,1.0,1.0,125.57599639892578,0.0,0.0
feature.Area.og1.CWHvm_FDC_HW_H,22,220,10,0.0,10000.0,1.0,1.0,106.74600219726562,0.0,0.0
feature.Area.og1.CWHvm_FDC_HW_H,23,230,10,0.0,10000.0,1.0,1.0,106.94400024414062,0.0,0.0
feature.Area.og1.CWHvm_FDC_HW_H,24,240,10,0.0,10000.0,1.0,1.0,106.94400024414062,0.0,0.0
feature.Area.og1.CWHvm_FDC_HW_H,25,250,10,0.0,10000.0,1.0,1.0,106.94400024414062,0.0,0.0
feature.Area.og1.CWHvm_FDC_HW_H,26,260,10,0.0,10000.0,1.0,1.0,106.94400024414062,0.0,0.0
feature.Area.og1.CWHvm_FDC_HW_H,27,270,10,0.0,10000.0,1.0,1.0,106.94400024414062,0.0,0.0
feature.Area.og1.CWHvm_FDC_HW_H,28,280,10,0.0,10000.0,1.0,1.0,106.94400024414062,0.0,0.0
feature.Area.og1.CWHvm_FDC_HW_H,29,290,10,0.0,10000.0,1.0,1.0,98.95099639892578,0.0,0.0
feature.Area.og1.CWHvm_FDC_HW_H,30,300,10,0.0,10000.0,1.0,1.0,101.39299774169922,0.0,0.0
feature.Area.og1.CWHvm_FDC_HW_L,0,0,10,0.0,10000.0,1.0,1.0,10.178999900817871,0.0,0.0
feature.Area.og1.CWHvm_FDC_HW_L,1,10,10,0.0,10000.0,1.0,1.0,10.654999732971191,0.0,0.0
feature.Area.og1.CWHvm_FDC_HW_L,2,20,10,0.0,10000.0,1.0,1.0,13.37399959564209,0.0,0.0
feature.Area.og1.CWHvm_FDC_HW_L,3,30,10,0.0,10000.0,1.0,1.0,13.717000007629395,0.0,0.0
feature.Area.og1.CWHvm_FDC_HW_L,4,40,10,0.0,10000.0,1.0,1.0,15.520000457763672,0.0,0.0
feature.Area.og1.CWHvm_FDC_HW_L,5,50,10,0.0,10000.0,1.0,1.0,7.798999786376953,0.0,0.0
feature.Area.og1.CWHvm_FDC_HW_L,6,60,10,0.0,10000.0,1.0,1.0,9.600000381469727,0.0,0.0
feature.Area.og1.CWHvm_FDC_HW_L,7,70,10,0.0,10000.0,1.0,1.0,11.402000427246094,0.0,0.0
feature.Area.og1.CWHvm_FDC_HW_L,8,80,10,0.0,10000.0,1.0,1.0,11.942000389099121,0.0,0.0
feature.Area.og1.CWHvm_FDC_HW_L,9,90,10,0.0,10000.0,1.0,1.0,22.136999130249023,0.0,0.0
feature.Area.og1.CWHvm_FDC_HW_L,10,100,10,0.0,10000.0,1.0,1.0,35.54399871826172,0.0,0.0
feature.Area.og1.CWHvm_FDC_HW_L,11,110,10,0.0,10000.0,1.0,1.0,53.457000732421875,0.0,0.0
feature.Area.og1.CWHvm_FDC_HW_L,12,120,10,0.0,10000.0,1.0,1.0,67.98899841308594,0.0,0.0
feature.Area.og1.CWHvm_FDC_HW_L,13,130,10,0.0,10000.0,1.0,1.0,83.5270004272461,0.0,0.0
feature.Area.og1.CWHvm_FDC_HW_L,14,140,10,0.0,10000.0,1.0,1.0,100.19000244140625,0.0,0.0
feature.Area.og1.CWHvm_FDC_HW_L,15,150,10,0.0,10000.0,1.0,1.0,106.65399932861328,0.0,0.0
feature.Area.og1.CWHvm_FDC_HW_L,16,160,10,0.0,10000.0,1.0,1.0,102.11900329589844,0.0,0.0
feature.Area.og1.CWHvm_FDC_HW_L,17,170,10,0.0,10000.0,1.0,1.0,102.11900329589844,0.0,0.0
feature.Area.og1.CWHvm_FDC_HW_L,18,180,10,0.0,10000.0,1.0,1.0,102.11900329589844,0.0,0.0
feature.Area.og1.CWHvm_FDC_HW_L,19,190,10,0.0,10000.0,1.0,1.0,103.5469970703125,0.0,0.0
feature.Area.og1.CWHvm_FDC_HW_L,20,200,10,0.0,10000.0,1.0,1.0,105.13400268554688,0.0,0.0
feature.Area.og1.CWHvm_FDC_HW_L,21,210,10,0.0,10000.0,1.0,1.0,27.66200065612793,0.0,0.0
feature.Area.og1.CWHvm_FDC_HW_L,22,220,10,0.0,10000.0,1.0,1.0,29.683000564575195,0.0,0.0
feature.Area.og1.CWHvm_FDC_HW_L,23,230,10,0.0,10000.0,1.0,1.0,31.704999923706055,0.0,0.0
feature.Area.og1.CWHvm_FDC_HW_L,24,240,10,0.0,10000.0,1.0,1.0,33.72700119018555,0.0,0.0
feature.Area.og1.CWHvm_FDC_HW_L,25,250,10,0.0,10000.0,1.0,1.0,34.31999969482422,0.0,0.0
feature.Area.og1.CWHvm_FDC_HW_L,26,260,10,0.0,10000.0,1.0,1.0,34.755001068115234,0.0,0.0
feature.Area.og1.CWHvm_FDC_HW_L,27,270,10,0.0,10000.0,1.0,1.0,34.46799850463867,0.0,0.0
feature.Area.og1.CWHvm_FDC_HW_L,28,280,10,0.0,10000.0,1.0,1.0,34.46799850463867,0.0,0.0
feature.Area.og1.CWHvm_FDC_HW_L,29,290,10,0.0,10000.0,1.0,1.0,31.861000061035156,0.0,0.0
feature.Area.og1.CWHvm_FDC_HW_L,30,300,10,0.0,10000.0,1.0,1.0,31.861000061035156,0.0,0.0
feature.Area.og1.CWHvm_FDC_HW_M,0,0,10,0.0,10000.0,1.0,1.0,0.13699999451637268,0.0,0.0
feature.Area.og1.CWHvm_FDC_HW_M,1,10,10,0.0,10000.0,1.0,1.0,1.50600004196167,0.0,0.0
feature.Area.og1.CWHvm_FDC_HW_M,2,20,10,0.0,10000.0,1.0,1.0,2.875,0.0,0.0
feature.Area.og1.CWHvm_FDC_HW_M,3,30,10,0.0,10000.0,1.0,1.0,5.293000221252441,0.0,0.0
feature.Area.og1.CWHvm_FDC_HW_M,4,40,10,0.0,10000.0,1.0,1.0,8.15999984741211,0.0,0.0
feature.Area.og1.CWHvm_FDC_HW_M,5,50,10,0.0,10000.0,1.0,1.0,9.972999572753906,0.0,0.0
feature.Area.og1.CWHvm_FDC_HW_M,6,60,10,0.0,10000.0,1.0,1.0,17.125,0.0,0.0
feature.Area.og1.CWHvm_FDC_HW_M,7,70,10,0.0,10000.0,1.0,1.0,22.731000900268555,0.0,0.0
feature.Area.og1.CWHvm_FDC_HW_M,8,80,10,0.0,10000.0,1.0,1.0,20.99799919128418,0.0,0.0
feature.Area.og1.CWHvm_FDC_HW_M,9,90,10,0.0,10000.0,1.0,1.0,19.857999801635742,0.0,0.0
feature.Area.og1.CWHvm_FDC_HW_M,10,100,10,0.0,10000.0,1.0,1.0,24.195999145507812,0.0,0.0
feature.Area.og1.CWHvm_FDC_HW_M,11,110,10,0.0,10000.0,1.0,1.0,28.295000076293945,0.0,0.0
feature.Area.og1.CWHvm_FDC_HW_M,12,120,10,0.0,10000.0,1.0,1.0,32.292999267578125,0.0,0.0
feature.Area.og1.CWHvm_FDC_HW_M,13,130,10,0.0,10000.0,1.0,1.0,35.909000396728516,0.0,0.0
feature.Area.og1.CWHvm_FDC_HW_M,14,140,10,0.0,10000.0,1.0,1.0,36.875,0.0,0.0
feature.Area.og1.CWHvm_FDC_HW_M,15,150,10,0.0,10000.0,1.0,1.0,36.875,0.0,0.0
feature.Area.og1.CWHvm_FDC_HW_M,16,160,10,0.0,10000.0,1.0,1.0,36.875,0.0,0.0
feature.Area.og1.CWHvm_FDC_HW_M,17,170,10,0.0,10000.0,1.0,1.0,37.61899948120117,0.0,0.0
feature.Area.og1.CWHvm_FDC_HW_M,18,180,10,0.0,10000.0,1.0,1.0,38.54999923706055,0.0,0.0
feature.Area.og1.CWHvm_FDC_HW_M,19,190,10,0.0,10000.0,1.0,1.0,39.47999954223633,0.0,0.0
feature.Area.og1.CWHvm_FDC_HW_M,20,200,10,0.0,10000.0,1.0,1.0,40.4109992980957,0.0,0.0
feature.Area.og1.CWHvm_FDC_HW_M,21,210,10,0.0,10000.0,1.0,1.0,41.340999603271484,0.0,0.0
feature.Area.og1.CWHvm_FDC_HW_M,22,220,10,0.0,10000.0,1.0,1.0,20.033000946044922,0.0,0.0
feature.Area.og1.CWHvm_FDC_HW_M,23,230,10,0.0,10000.0,1.0,1.0,21.194000244140625,0.0,0.0
feature.Area.og1.CWHvm_FDC_HW_M,24,240,10,0.0,10000.0,1.0,1.0,23.283000946044922,0.0,0.0
feature.Area.og1.CWHvm_FDC_HW_M,25,250,10,0.0,10000.0,1.0,1.0,24.625999450683594,0.0,0.0
feature.Area.og1.CWHvm_FDC_HW_M,26,260,10,0.0,10000.0,1.0,1.0,25.783000946044922,0.0,0.0
feature.Area.og1.CWHvm_FDC_HW_M,27,270,10,0.0,10000.0,1.0,1.0,26.940000534057617,0.0,0.0
feature.Area.og1.CWHvm_FDC_HW_M,28,280,10,0.0,10000.0,1.0,1.0,28.097000122070312,0.0,0.0
feature.Area.og1.CWHvm_FDC_HW_M,29,290,10,0.0,10000.0,1.0,1.0,29.253999710083008,0.0,0.0
feature.Area.og1.CWHvm_FDC_HW_M,30,300,10,0.0,10000.0,1.0,1.0,30.410999298095703,0.0,0.0
feature.Area.og1.CWHvm_HW_BA_M,0,0,10,0.0,10000.0,1.0,1.0,6.953000068664551,0.0,0.0
feature.Area.og1.CWHvm_HW_BA_M,1,10,10,0.0,10000.0,1.0,1.0,9.814000129699707,0.0,0.0
feature.Area.og1.CWHvm_HW_BA_M,2,20,10,0.0,10000.0,1.0,1.0,13.585000038146973,0.0,0.0
feature.Area.og1.CWHvm_HW_BA_M,3,30,10,0.0,10000.0,1.0,1.0,17.356000900268555,0.0,0.0
feature.Area.og1.CWHvm_HW_BA_M,4,40,10,0.0,10000.0,1.0,1.0,21.12700080871582,0.0,0.0
feature.Area.og1.CWHvm_HW_BA_M,5,50,10,0.0,10000.0,1.0,1.0,17.195999145507812,0.0,0.0
feature.Area.og1.CWHvm_HW_BA_M,6,60,10,0.0,10000.0,1.0,1.0,20.225000381469727,0.0,0.0
feature.Area.og1.CWHvm_HW_BA_M,7,70,10,0.0,10000.0,1.0,1.0,18.868000030517578,0.0,0.0
feature.Area.og1.CWHvm_HW_BA_M,8,80,10,0.0,10000.0,1.0,1.0,1.1139999628067017,0.0,0.0
feature.Area.og1.CWHvm_HW_BA_M,9,90,10,0.0,10000.0,1.0,1.0,1.1139999628067017,0.0,0.0
feature.Area.og1.CWHvm_HW_BA_M,10,100,10,0.0,10000.0,1.0,1.0,1.1139999628067017,0.0,0.0
feature.Area.og1.CWHvm_HW_BA_M,11,110,10,0.0,10000.0,1.0,1.0,1.1139999628067017,0.0,0.0
feature.Area.og1.CWHvm_HW_BA_M,12,120,10,0.0,10000.0,1.0,1.0,1.1139999628067017,0.0,0.0
feature.Area.og1.CWHvm_HW_BA_M,13,130,10,0.0,10000.0,1.0,1.0,1.1139999628067017,0.0,0.0
feature.Area.og1.CWHvm_HW_BA_M,14,140,10,0.0,10000.0,1.0,1.0,1.1139999628067017,0.0,0.0
feature.Area.og1.CWHvm_HW_BA_M,15,150,10,0.0,10000.0,1.0,1.0,1.1139999628067017,0.0,0.0
feature.Area.og1.CWHvm_HW_BA_M,16,160,10,0.0,10000.0,1.0,1.0,2.0209999084472656,0.0,0.0
feature.Area.og1.CWHvm_HW_BA_M,17,170,10,0.0,10000.0,1.0,1.0,3.2179999351501465,0.0,0.0
feature.Area.og1.CWHvm_HW_BA_M,18,180,10,0.0,10000.0,1.0,1.0,4.415999889373779,0.0,0.0
feature.Area.og1.CWHvm_HW_BA_M,19,190,10,0.0,10000.0,1.0,1.0,8.276000022888184,0.0,0.0
feature.Area.og1.CWHvm_HW_BA_M,20,200,10,0.0,10000.0,1.0,1.0,6.736000061035156,0.0,0.0
feature.Area.og1.CWHvm_HW_BA_M,21,210,10,0.0,10000.0,1.0,1.0,9.694999694824219,0.0,0.0
feature.Area.og1.CWHvm_HW_BA_M,22,220,10,0.0,10000.0,1.0,1.0,12.654000282287598,0.0,0.0
feature.Area.og1.CWHvm_HW_BA_M,23,230,10,0.0,10000.0,1.0,1.0,15.61299991607666,0.0,0.0
feature.Area.og1.CWHvm_HW_BA_M,24,240,10,0.0,10000.0,1.0,1.0,18.57200050354004,0.0,0.0
feature.Area.og1.CWHvm_HW_BA_M,25,250,10,0.0,10000.0,1.0,1.0,18.868000030517578,0.0,0.0
feature.Area.og1.CWHvm_HW_BA_M,26,260,10,0.0,10000.0,1.0,1.0,18.868000030517578,0.0,0.0
feature.Area.og1.CWHvm_HW_BA_M,27,270,10,0.0,10000.0,1.0,1.0,18.868000030517578,0.0,0.0
feature.Area.og1.CWHvm_HW_BA_M,28,280,10,0.0,10000.0,1.0,1.0,18.868000030517578,0.0,0.0
feature.Area.og1.CWHvm_HW_BA_M,29,290,10,0.0,10000.0,1.0,1.0,18.868000030517578,0.0,0.0
feature.Area.og1.CWHvm_HW_BA_M,30,300,10,0.0,10000.0,1.0,1.0,18.868000030517578,0.0,0.0
feature.Area.og1.CWHvm_HW_CW_H,0,0,10,0.0,10000.0,1.0,1.0,7.788000106811523,0.0,0.0
feature.Area.og1.CWHvm_HW_CW_H,1,10,10,0.0,10000.0,1.0,1.0,14.555999755859375,0.0,0.0
feature.Area.og1.CWHvm_HW_CW_H,2,20,10,0.0,10000.0,1.0,1.0,17.280000686645508,0.0,0.0
feature.Area.og1.CWHvm_HW_CW_H,3,30,10,0.0,10000.0,1.0,1.0,21.398000717163086,0.0,0.0
feature.Area.og1.CWHvm_HW_CW_H,4,40,10,0.0,10000.0,1.0,1.0,26.80900001525879,0.0,0.0
feature.Area.og1.CWHvm_HW_CW_H,5,50,10,0.0,10000.0,1.0,1.0,32.215999603271484,0.0,0.0
feature.Area.og1.CWHvm_HW_CW_H,6,60,10,0.0,10000.0,1.0,1.0,35.779998779296875,0.0,0.0
feature.Area.og1.CWHvm_HW_CW_H,7,70,10,0.0,10000.0,1.0,1.0,24.93899917602539,0.0,0.0
feature.Area.og1.CWHvm_HW_CW_H,8,80,10,0.0,10000.0,1.0,1.0,30.52899932861328,0.0,0.0
feature.Area.og1.CWHvm_HW_CW_H,9,90,10,0.0,10000.0,1.0,1.0,35.382999420166016,0.0,0.0
feature.Area.og1.CWHvm_HW_CW_H,10,100,10,0.0,10000.0,1.0,1.0,39.92100143432617,0.0,0.0
feature.Area.og1.CWHvm_HW_CW_H,11,110,10,0.0,10000.0,1.0,1.0,42.150001525878906,0.0,0.0
feature.Area.og1.CWHvm_HW_CW_H,12,120,10,0.0,10000.0,1.0,1.0,46.6879997253418,0.0,0.0
feature.Area.og1.CWHvm_HW_CW_H,13,130,10,0.0,10000.0,1.0,1.0,51.22600173950195,0.0,0.0
feature.Area.og1.CWHvm_HW_CW_H,14,140,10,0.0,10000.0,1.0,1.0,52.58700180053711,0.0,0.0
feature.Area.og1.CWHvm_HW_CW_H,15,150,10,0.0,10000.0,1.0,1.0,49.9640007019043,0.0,0.0
feature.Area.og1.CWHvm_HW_CW_H,16,160,10,0.0,10000.0,1.0,1.0,50.44300079345703,0.0,0.0
feature.Area.og1.CWHvm_HW_CW_H,17,170,10,0.0,10000.0,1.0,1.0,50.922000885009766,0.0,0.0
feature.Area.og1.CWHvm_HW_CW_H,18,180,10,0.0,10000.0,1.0,1.0,51.43899917602539,0.0,0.0
feature.Area.og1.CWHvm_HW_CW_H,19,190,10,0.0,10000.0,1.0,1.0,53.39099884033203,0.0,0.0
feature.Area.og1.CWHvm_HW_CW_H,20,200,10,0.0,10000.0,1.0,1.0,56.58599853515625,0.0,0.0
feature.Area.og1.CWHvm_HW_CW_H,21,210,10,0.0,10000.0,1.0,1.0,59.779998779296875,0.0,0.0
feature.Area.og1.CWHvm_HW_CW_H,22,220,10,0.0,10000.0,1.0,1.0,62.784000396728516,0.0,0.0
feature.Area.og1.CWHvm_HW_CW_H,23,230,10,0.0,10000.0,1.0,1.0,65.5,0.0,0.0
feature.Area.og1.CWHvm_HW_CW_H,24,240,10,0.0,10000.0,1.0,1.0,65.81700134277344,0.0,0.0
feature.Area.og1.CWHvm_HW_CW_H,25,250,10,0.0,10000.0,1.0,1.0,55.66899871826172,0.0,0.0
feature.Area.og1.CWHvm_HW_CW_H,26,260,10,0.0,10000.0,1.0,1.0,52.39400100708008,0.0,0.0
feature.Area.og1.CWHvm_HW_CW_H,27,270,10,0.0,10000.0,1.0,1.0,50.1349983215332,0.0,0.0
feature.Area.og1.CWHvm_HW_CW_H,28,280,10,0.0,10000.0,1.0,1.0,50.5369987487793,0.0,0.0
feature.Area.og1.CWHvm_HW_CW_H,29,290,10,0.0,10000.0,1.0,1.0,50.93899917602539,0.0,0.0
feature.Area.og1.CWHvm_HW_CW_H,30,300,10,0.0,10000.0,1.0,1.0,51.340999603271484,0.0,0.0
feature.Area.og1.CWHvm_HW_CW_L,0,0,10,0.0,10000.0,1.0,1.0,42.92399978637695,0.0,0.0
feature.Area.og1.CWHvm_HW_CW_L,1,10,10,0.0,10000.0,1.0,1.0,42.92399978637695,0.0,0.0
feature.Area.og1.CWHvm_HW_CW_L,2,20,10,0.0,10000.0,1.0,1.0,42.92399978637695,0.0,0.0
feature.Area.og1.CWHvm_HW_CW_L,3,30,10,0.0,10000.0,1.0,1.0,42.92399978637695,0.0,0.0
feature.Area.og1.CWHvm_HW_CW_L,4,40,10,0.0,10000.0,1.0,1.0,42.92399978637695,0.0,0.0
feature.Area.og1.CWHvm_HW_CW_L,5,50,10,0.0,10000.0,1.0,1.0,42.92399978637695,0.0,0.0
feature.Area.og1.CWHvm_HW_CW_L,6,60,10,0.0,10000.0,1.0,1.0,39.04100036621094,0.0,0.0
feature.Area.og1.CWHvm_HW_CW_L,7,70,10,0.0,10000.0,1.0,1.0,39.04100036621094,0.0,0.0
feature.Area.og1.CWHvm_HW_CW_L,8,80,10,0.0,10000.0,1.0,1.0,39.04100036621094,0.0,0.0
feature.Area.og1.CWHvm_HW_CW_L,9,90,10,0.0,10000.0,1.0,1.0,39.04100036621094,0.0,0.0
feature.Area.og1.CWHvm_HW_CW_L,10,100,10,0.0,10000.0,1.0,1.0,39.04100036621094,0.0,0.0
feature.Area.og1.CWHvm_HW_CW_L,11,110,10,0.0,10000.0,1.0,1.0,39.04100036621094,0.0,0.0
feature.Area.og1.CWHvm_HW_CW_L,12,120,10,0.0,10000.0,1.0,1.0,39.04100036621094,0.0,0.0
feature.Area.og1.CWHvm_HW_CW_L,13,130,10,0.0,10000.0,1.0,1.0,39.04100036621094,0.0,0.0
feature.Area.og1.CWHvm_HW_CW_L,14,140,10,0.0,10000.0,1.0,1.0,39.04100036621094,0.0,0.0
feature.Area.og1.CWHvm_HW_CW_L,15,150,10,0.0,10000.0,1.0,1.0,39.04100036621094,0.0,0.0
feature.Area.og1.CWHvm_HW_CW_L,16,160,10,0.0,10000.0,1.0,1.0,39.24700164794922,0.0,0.0
feature.Area.og1.CWHvm_HW_CW_L,17,170,10,0.0,10000.0,1.0,1.0,39.590999603271484,0.0,0.0
feature.Area.og1.CWHvm_HW_CW_L,18,180,10,0.0,10000.0,1.0,1.0,35.95500183105469,0.0,0.0
feature.Area.og1.CWHvm_HW_CW_L,19,190,10,0.0,10000.0,1.0,1.0,36.29899978637695,0.0,0.0
feature.Area.og1.CWHvm_HW_CW_L,20,200,10,0.0,10000.0,1.0,1.0,36.64400100708008,0.0,0.0
feature.Area.og1.CWHvm_HW_CW_L,21,210,10,0.0,10000.0,1.0,1.0,36.987998962402344,0.0,0.0
feature.Area.og1.CWHvm_HW_CW_L,22,220,10,0.0,10000.0,1.0,1.0,37.125,0.0,0.0
feature.Area.og1.CWHvm_HW_CW_L,23,230,10,0.0,10000.0,1.0,1.0,37.125,0.0,0.0
feature.Area.og1.CWHvm_HW_CW_L,24,240,10,0.0,10000.0,1.0,1.0,37.125,0.0,0.0
feature.Area.og1.CWHvm_HW_CW_L,25,250,10,0.0,10000.0,1.0,1.0,35.06100082397461,0.0,0.0
feature.Area.og1.CWHvm_HW_CW_L,26,260,10,0.0,10000.0,1.0,1.0,35.06100082397461,0.0,0.0
feature.Area.og1.CWHvm_HW_CW_L,27,270,10,0.0,10000.0,1.0,1.0,35.06100082397461,0.0,0.0
feature.Area.og1.CWHvm_HW_CW_L,28,280,10,0.0,10000.0,1.0,1.0,35.06100082397461,0.0,0.0
feature.Area.og1.CWHvm_HW_CW_L,29,290,10,0.0,10000.0,1.0,1.0,35.06100082397461,0.0,0.0
feature.Area.og1.CWHvm_HW_CW_L,30,300,10,0.0,10000.0,1.0,1.0,35.06100082397461,0.0,0.0
feature.Area.og1.CWHvm_HW_CW_M,0,0,10,0.0,10000.0,1.0,1.0,15.388999938964844,0.0,0.0
feature.Area.og1.CWHvm_HW_CW_M,1,10,10,0.0,10000.0,1.0,1.0,19.023000717163086,0.0,0.0
feature.Area.og1.CWHvm_HW_CW_M,2,20,10,0.0,10000.0,1.0,1.0,21.964000701904297,0.0,0.0
feature.Area.og1.CWHvm_HW_CW_M,3,30,10,0.0,10000.0,1.0,1.0,23.274999618530273,0.0,0.0
feature.Area.og1.CWHvm_HW_CW_M,4,40,10,0.0,10000.0,1.0,1.0,22.170000076293945,0.0,0.0
feature.Area.og1.CWHvm_HW_CW_M,5,50,10,0.0,10000.0,1.0,1.0,24.95199966430664,0.0,0.0
feature.Area.og1.CWHvm_HW_CW_M,6,60,10,0.0,10000.0,1.0,1.0,28.26099967956543,0.0,0.0
feature.Area.og1.CWHvm_HW_CW_M,7,70,10,0.0,10000.0,1.0,1.0,26.566999435424805,0.0,0.0
feature.Area.og1.CWHvm_HW_CW_M,8,80,10,0.0,10000.0,1.0,1.0,27.058000564575195,0.0,0.0
feature.Area.og1.CWHvm_HW_CW_M,9,90,10,0.0,10000.0,1.0,1.0,27.621000289916992,0.0,0.0
feature.Area.og1.CWHvm_HW_CW_M,10,100,10,0.0,10000.0,1.0,1.0,28.413000106811523,0.0,0.0
feature.Area.og1.CWHvm_HW_CW_M,11,110,10,0.0,10000.0,1.0,1.0,29.302000045776367,0.0,0.0
feature.Area.og1.CWHvm_HW_CW_M,12,120,10,0.0,10000.0,1.0,1.0,29.965999603271484,0.0,0.0
feature.Area.og1.CWHvm_HW_CW_M,13,130,10,0.0,10000.0,1.0,1.0,30.533000946044922,0.0,0.0
feature.Area.og1.CWHvm_HW_CW_M,14,140,10,0.0,10000.0,1.0,1.0,19.26099967956543,0.0,0.0
feature.Area.og1.CWHvm_HW_CW_M,15,150,10,0.0,10000.0,1.0,1.0,19.809999465942383,0.0,0.0
feature.Area.og1.CWHvm_HW_CW_M,16,160,10,0.0,10000.0,1.0,1.0,18.253999710083008,0.0,0.0
feature.Area.og1.CWHvm_HW_CW_M,17,170,10,0.0,10000.0,1.0,1.0,18.533000946044922,0.0,0.0
feature.Area.og1.CWHvm_HW_CW_M,18,180,10,0.0,10000.0,1.0,1.0,18.972000122070312,0.0,0.0
feature.Area.og1.CWHvm_HW_CW_M,19,190,10,0.0,10000.0,1.0,1.0,19.42799949645996,0.0,0.0
feature.Area.og1.CWHvm_HW_CW_M,20,200,10,0.0,10000.0,1.0,1.0,20.106000900268555,0.0,0.0
feature.Area.og1.CWHvm_HW_CW_M,21,210,10,0.0,10000.0,1.0,1.0,21.075000762939453,0.0,0.0
feature.Area.og1.CWHvm_HW_CW_M,22,220,10,0.0,10000.0,1.0,1.0,21.98699951171875,0.0,0.0
feature.Area.og1.CWHvm_HW_CW_M,23,230,10,0.0,10000.0,1.0,1.0,22.899999618530273,0.0,0.0
feature.Area.og1.CWHvm_HW_CW_M,24,240,10,0.0,10000.0,1.0,1.0,21.979000091552734,0.0,0.0
feature.Area.og1.CWHvm_HW_CW_M,25,250,10,0.0,10000.0,1.0,1.0,18.81800079345703,0.0,0.0
feature.Area.og1.CWHvm_HW_CW_M,26,260,10,0.0,10000.0,1.0,1.0,17.75200080871582,0.0,0.0
feature.Area.og1.CWHvm_HW_CW_M,27,270,10,0.0,10000.0,1.0,1.0,18.655000686645508,0.0,0.0
feature.Area.og1.CWHvm_HW_CW_M,28,280,10,0.0,10000.0,1.0,1.0,17.947999954223633,0.0,0.0
feature.Area.og1.CWHvm_HW_CW_M,29,290,10,0.0,10000.0,1.0,1.0,13.001999855041504,0.0,0.0
feature.Area.og1.CWHvm_HW_CW_M,30,300,10,0.0,10000.0,1.0,1.0,13.281000137329102,0.0,0.0
feature.Area.og1.CWHvm_HW_FDC_H,0,0,10,0.0,10000.0,1.0,1.0,10.699000358581543,0.0,0.0
feature.Area.og1.CWHvm_HW_FDC_H,1,10,10,0.0,10000.0,1.0,1.0,20.583999633789062,0.0,0.0
feature.Area.og1.CWHvm_HW_FDC_H,2,20,10,0.0,10000.0,1.0,1.0,25.253000259399414,0.0,0.0
feature.Area.og1.CWHvm_HW_FDC_H,3,30,10,0.0,10000.0,1.0,1.0,33.20800018310547,0.0,0.0
feature.Area.og1.CWHvm_HW_FDC_H,4,40,10,0.0,10000.0,1.0,1.0,42.73099899291992,0.0,0.0
feature.Area.og1.CWHvm_HW_FDC_H,5,50,10,0.0,10000.0,1.0,1.0,58.05500030517578,0.0,0.0
feature.Area.og1.CWHvm_HW_FDC_H,6,60,10,0.0,10000.0,1.0,1.0,86.25800323486328,0.0,0.0
feature.Area.og1.CWHvm_HW_FDC_H,7,70,10,0.0,10000.0,1.0,1.0,105.21900177001953,0.0,0.0
feature.Area.og1.CWHvm_HW_FDC_H,8,80,10,0.0,10000.0,1.0,1.0,117.0530014038086,0.0,0.0
feature.Area.og1.CWHvm_HW_FDC_H,9,90,10,0.0,10000.0,1.0,1.0,135.89100646972656,0.0,0.0
feature.Area.og1.CWHvm_HW_FDC_H,10,100,10,0.0,10000.0,1.0,1.0,149.9600067138672,0.0,0.0
feature.Area.og1.CWHvm_HW_FDC_H,11,110,10,0.0,10000.0,1.0,1.0,169.97000122070312,0.0,0.0
feature.Area.og1.CWHvm_HW_FDC_H,12,120,10,0.0,10000.0,1.0,1.0,186.22799682617188,0.0,0.0
feature.Area.og1.CWHvm_HW_FDC_H,13,130,10,0.0,10000.0,1.0,1.0,164.20799255371094,0.0,0.0
feature.Area.og1.CWHvm_HW_FDC_H,14,140,10,0.0,10000.0,1.0,1.0,151.40699768066406,0.0,0.0
feature.Area.og1.CWHvm_HW_FDC_H,15,150,10,0.0,10000.0,1.0,1.0,120.91000366210938,0.0,0.0
feature.Area.og1.CWHvm_HW_FDC_H,16,160,10,0.0,10000.0,1.0,1.0,114.53900146484375,0.0,0.0
feature.Area.og1.CWHvm_HW_FDC_H,17,170,10,0.0,10000.0,1.0,1.0,119.2030029296875,0.0,0.0
feature.Area.og1.CWHvm_HW_FDC_H,18,180,10,0.0,10000.0,1.0,1.0,123.59500122070312,0.0,0.0
feature.Area.og1.CWHvm_HW_FDC_H,19,190,10,0.0,10000.0,1.0,1.0,130.13999938964844,0.0,0.0
feature.Area.og1.CWHvm_HW_FDC_H,20,200,10,0.0,10000.0,1.0,1.0,136.6820068359375,0.0,0.0
feature.Area.og1.CWHvm_HW_FDC_H,21,210,10,0.0,10000.0,1.0,1.0,143.2270050048828,0.0,0.0
feature.Area.og1.CWHvm_HW_FDC_H,22,220,10,0.0,10000.0,1.0,1.0,149.77200317382812,0.0,0.0
feature.Area.og1.CWHvm_HW_FDC_H,23,230,10,0.0,10000.0,1.0,1.0,157.68800354003906,0.0,0.0
feature.Area.og1.CWHvm_HW_FDC_H,24,240,10,0.0,10000.0,1.0,1.0,167.60699462890625,0.0,0.0
feature.Area.og1.CWHvm_HW_FDC_H,25,250,10,0.0,10000.0,1.0,1.0,174.4980010986328,0.0,0.0
feature.Area.og1.CWHvm_HW_FDC_H,26,260,10,0.0,10000.0,1.0,1.0,156.75599670410156,0.0,0.0
feature.Area.og1.CWHvm_HW_FDC_H,27,270,10,0.0,10000.0,1.0,1.0,167.02499389648438,0.0,0.0
feature.Area.og1.CWHvm_HW_FDC_H,28,280,10,0.0,10000.0,1.0,1.0,158.0919952392578,0.0,0.0
feature.Area.og1.CWHvm_HW_FDC_H,29,290,10,0.0,10000.0,1.0,1.0,169.20399475097656,0.0,0.0
feature.Area.og1.CWHvm_HW_FDC_H,30,300,10,0.0,10000.0,1.0,1.0,179.43499755859375,0.0,0.0
feature.Area.og1.CWHvm_HW_FDC_L,0,0,10,0.0,10000.0,1.0,1.0,21.791000366210938,0.0,0.0
feature.Area.og1.CWHvm_HW_FDC_L,1,10,10,0.0,10000.0,1.0,1.0,20.957000732421875,0.0,0.0
feature.Area.og1.CWHvm_HW_FDC_L,2,20,10,0.0,10000.0,1.0,1.0,24.725000381469727,0.0,0.0
feature.Area.og1.CWHvm_HW_FDC_L,3,30,10,0.0,10000.0,1.0,1.0,26.812000274658203,0.0,0.0
feature.Area.og1.CWHvm_HW_FDC_L,4,40,10,0.0,10000.0,1.0,1.0,31.7189998626709,0.0,0.0
feature.Area.og1.CWHvm_HW_FDC_L,5,50,10,0.0,10000.0,1.0,1.0,39.48099899291992,0.0,0.0
feature.Area.og1.CWHvm_HW_FDC_L,6,60,10,0.0,10000.0,1.0,1.0,44.481998443603516,0.0,0.0
feature.Area.og1.CWHvm_HW_FDC_L,7,70,10,0.0,10000.0,1.0,1.0,50.47100067138672,0.0,0.0
feature.Area.og1.CWHvm_HW_FDC_L,8,80,10,0.0,10000.0,1.0,1.0,56.34400177001953,0.0,0.0
feature.Area.og1.CWHvm_HW_FDC_L,9,90,10,0.0,10000.0,1.0,1.0,59.42499923706055,0.0,0.0
feature.Area.og1.CWHvm_HW_FDC_L,10,100,10,0.0,10000.0,1.0,1.0,64.6780014038086,0.0,0.0
feature.Area.og1.CWHvm_HW_FDC_L,11,110,10,0.0,10000.0,1.0,1.0,67.98899841308594,0.0,0.0
feature.Area.og1.CWHvm_HW_FDC_L,12,120,10,0.0,10000.0,1.0,1.0,67.26100158691406,0.0,0.0
feature.Area.og1.CWHvm_HW_FDC_L,13,130,10,0.0,10000.0,1.0,1.0,68.73100280761719,0.0,0.0
feature.Area.og1.CWHvm_HW_FDC_L,14,140,10,0.0,10000.0,1.0,1.0,62.742000579833984,0.0,0.0
feature.Area.og1.CWHvm_HW_FDC_L,15,150,10,0.0,10000.0,1.0,1.0,63.0629997253418,0.0,0.0
feature.Area.og1.CWHvm_HW_FDC_L,16,160,10,0.0,10000.0,1.0,1.0,65.03700256347656,0.0,0.0
feature.Area.og1.CWHvm_HW_FDC_L,17,170,10,0.0,10000.0,1.0,1.0,67.60900115966797,0.0,0.0
feature.Area.og1.CWHvm_HW_FDC_L,18,180,10,0.0,10000.0,1.0,1.0,70.18000030517578,0.0,0.0
feature.Area.og1.CWHvm_HW_FDC_L,19,190,10,0.0,10000.0,1.0,1.0,72.86499786376953,0.0,0.0
feature.Area.og1.CWHvm_HW_FDC_L,20,200,10,0.0,10000.0,1.0,1.0,75.59300231933594,0.0,0.0
feature.Area.og1.CWHvm_HW_FDC_L,21,210,10,0.0,10000.0,1.0,1.0,75.69400024414062,0.0,0.0
feature.Area.og1.CWHvm_HW_FDC_L,22,220,10,0.0,10000.0,1.0,1.0,78.76499938964844,0.0,0.0
feature.Area.og1.CWHvm_HW_FDC_L,23,230,10,0.0,10000.0,1.0,1.0,76.84400177001953,0.0,0.0
feature.Area.og1.CWHvm_HW_FDC_L,24,240,10,0.0,10000.0,1.0,1.0,78.86399841308594,0.0,0.0
feature.Area.og1.CWHvm_HW_FDC_L,25,250,10,0.0,10000.0,1.0,1.0,76.72200012207031,0.0,0.0
feature.Area.og1.CWHvm_HW_FDC_L,26,260,10,0.0,10000.0,1.0,1.0,74.63700103759766,0.0,0.0
feature.Area.og1.CWHvm_HW_FDC_L,27,270,10,0.0,10000.0,1.0,1.0,76.14299774169922,0.0,0.0
feature.Area.og1.CWHvm_HW_FDC_L,28,280,10,0.0,10000.0,1.0,1.0,74.2959976196289,0.0,0.0
feature.Area.og1.CWHvm_HW_FDC_L,29,290,10,0.0,10000.0,1.0,1.0,75.49199676513672,0.0,0.0
feature.Area.og1.CWHvm_HW_FDC_L,30,300,10,0.0,10000.0,1.0,1.0,66.37000274658203,0.0,0.0
feature.Area.og1.CWHvm_HW_SS_M,0,0,10,0.0,10000.0,1.0,1.0,0.0,0.0,0.0
feature.Area.og1.CWHvm_HW_SS_M,1,10,10,0.0,10000.0,1.0,1.0,0.0,0.0,0.0
feature.Area.og1.CWHvm_HW_SS_M,2,20,10,0.0,10000.0,1.0,1.0,0.0,0.0,0.0
feature.Area.og1.CWHvm_HW_SS_M,3,30,10,0.0,10000.0,1.0,1.0,0.0,0.0,0.0
feature.Area.og1.CWHvm_HW_SS_M,4,40,10,0.0,10000.0,1.0,1.0,0.43700000643730164,0.0,0.0
feature.Area.og1.CWHvm_HW_SS_M,5,50,10,0.0,10000.0,1.0,1.0,1.062000036239624,0.0,0.0
feature.Area.og1.CWHvm_HW_SS_M,6,60,10,0.0,10000.0,1.0,1.0,1.7380000352859497,0.0,0.0
feature.Area.og1.CWHvm_HW_SS_M,7,70,10,0.0,10000.0,1.0,1.0,2.437999963760376,0.0,0.0
feature.Area.og1.CWHvm_HW_SS_M,8,80,10,0.0,10000.0,1.0,1.0,3.13700008392334,0.0,0.0
feature.Area.og1.CWHvm_HW_SS_M,9,90,10,0.0,10000.0,1.0,1.0,3.8369998931884766,0.0,0.0
feature.Area.og1.CWHvm_HW_SS_M,10,100,10,0.0,10000.0,1.0,1.0,4.535999774932861,0.0,0.0
feature.Area.og1.CWHvm_HW_SS_M,11,110,10,0.0,10000.0,1.0,1.0,5.236000061035156,0.0,0.0
feature.Area.og1.CWHvm_HW_SS_M,12,120,10,0.0,10000.0,1.0,1.0,5.498000144958496,0.0,0.0
feature.Area.og1.CWHvm_HW_SS_M,13,130,10,0.0,10000.0,1.0,1.0,5.572999954223633,0.0,0.0
feature.Area.og1.CWHvm_HW_SS_M,14,140,10,0.0,10000.0,1.0,1.0,5.5960001945495605,0.0,0.0
feature.Area.og1.CWHvm_HW_SS_M,15,150,10,0.0,10000.0,1.0,1.0,5.5960001945495605,0.0,0.0
feature.Area.og1.CWHvm_HW_SS_M,16,160,10,0.0,10000.0,1.0,1.0,5.5960001945495605,0.0,0.0
feature.Area.og1.CWHvm_HW_SS_M,17,170,10,0.0,10000.0,1.0,1.0,5.5960001945495605,0.0,0.0
feature.Area.og1.CWHvm_HW_SS_M,18,180,10,0.0,10000.0,1.0,1.0,5.5960001945495605,0.0,0.0
feature.Area.og1.CWHvm_HW_SS_M,19,190,10,0.0,10000.0,1.0,1.0,5.5960001945495605,0.0,0.0
feature.Area.og1.CWHvm_HW_SS_M,20,200,10,0.0,10000.0,1.0,1.0,5.5960001945495605,0.0,0.0
feature.Area.og1.CWHvm_HW_SS_M,21,210,10,0.0,10000.0,1.0,1.0,5.5960001945495605,0.0,0.0
feature.Area.og1.CWHvm_HW_SS_M,22,220,10,0.0,10000.0,1.0,1.0,5.5960001945495605,0.0,0.0
feature.Area.og1.CWHvm_HW_SS_M,23,230,10,0.0,10000.0,1.0,1.0,5.5960001945495605,0.0,0.0
feature.Area.og1.CWHvm_HW_SS_M,24,240,10,0.0,10000.0,1.0,1.0,5.5960001945495605,0.0,0.0
feature.Area.og1.CWHvm_HW_SS_M,25,250,10,0.0,10000.0,1.0,1.0,5.5960001945495605,0.0,0.0
feature.Area.og1.CWHvm_HW_SS_M,26,260,10,0.0,10000.0,1.0,1.0,5.5960001945495605,0.0,0.0
feature.Area.og1.CWHvm_HW_SS_M,27,270,10,0.0,10000.0,1.0,1.0,5.5960001945495605,0.0,0.0
feature.Area.og1.CWHvm_HW_SS_M,28,280,10,0.0,10000.0,1.0,1.0,5.5960001945495605,0.0,0.0
feature.Area.og1.CWHvm_HW_SS_M,29,290,10,0.0,10000.0,1.0,1.0,5.5960001945495605,0.0,0.0
feature.Area.og1.CWHvm_HW_SS_M,30,300,10,0.0,10000.0,1.0,1.0,5.5960001945495605,0.0,0.0
feature.Area.og1.total,0,0,10,0.0,10000.0,1.0,1.0,375.177001953125,0.0,0.0
feature.Area.og1.total,1,10,10,0.0,10000.0,1.0,1.0,403.5889892578125,0.0,0.0
feature.Area.og1.total,2,20,10,0.0,10000.0,1.0,1.0,434.4670104980469,0.0,0.0
feature.Area.og1.total,3,30,10,0.0,10000.0,1.0,1.0,464.7170104980469,0.0,0.0
feature.Area.og1.total,4,40,10,0.0,10000.0,1.0,1.0,499.93798828125,0.0,0.0
feature.Area.og1.total,5,50,10,0.0,10000.0,1.0,1.0,538.9080200195312,0.0,0.0
feature.Area.og1.total,6,60,10,0.0,10000.0,1.0,1.0,609.3690185546875,0.0,0.0
feature.Area.og1.total,7,70,10,0.0,10000.0,1.0,1.0,656.8359985351562,0.0,0.0
feature.Area.og1.total,8,80,10,0.0,10000.0,1.0,1.0,694.60400390625,0.0,0.0
feature.Area.og1.total,9,90,10,0.0,10000.0,1.0,1.0,762.5499877929688,0.0,0.0
feature.Area.og1.total,10,100,10,0.0,10000.0,1.0,1.0,835.9299926757812,0.0,0.0
feature.Area.og1.total,11,110,10,0.0,10000.0,1.0,1.0,905.0120239257812,0.0,0.0
feature.Area.og1.total,12,120,10,0.0,10000.0,1.0,1.0,961.3140258789062,0.0,0.0
feature.Area.og1.total,13,130,10,0.0,10000.0,1.0,1.0,970.7310180664062,0.0,0.0
feature.Area.og1.total,14,140,10,0.0,10000.0,1.0,1.0,953.2620239257812,0.0,0.0
feature.Area.og1.total,15,150,10,0.0,10000.0,1.0,1.0,925.6329956054688,0.0,0.0
feature.Area.og1.total,16,160,10,0.0,10000.0,1.0,1.0,919.1019897460938,0.0,0.0
feature.Area.og1.total,17,170,10,0.0,10000.0,1.0,1.0,935.6530151367188,0.0,0.0
feature.Area.og1.total,18,180,10,0.0,10000.0,1.0,1.0,952.9130249023438,0.0,0.0
feature.Area.og1.total,19,190,10,0.0,10000.0,1.0,1.0,962.7960205078125,0.0,0.0
feature.Area.og1.total,20,200,10,0.0,10000.0,1.0,1.0,971.1170043945312,0.0,0.0
feature.Area.og1.total,21,210,10,0.0,10000.0,1.0,1.0,910.8610229492188,0.0,0.0
feature.Area.og1.total,22,220,10,0.0,10000.0,1.0,1.0,889.5809936523438,0.0,0.0
feature.Area.og1.total,23,230,10,0.0,10000.0,1.0,1.0,905.8419799804688,0.0,0.0
feature.Area.og1.total,24,240,10,0.0,10000.0,1.0,1.0,924.5449829101562,0.0,0.0
feature.Area.og1.total,25,250,10,0.0,10000.0,1.0,1.0,918.8610229492188,0.0,0.0
feature.Area.og1.total,26,260,10,0.0,10000.0,1.0,1.0,901.0369873046875,0.0,0.0
feature.Area.og1.total,27,270,10,0.0,10000.0,1.0,1.0,913.6320190429688,0.0,0.0
feature.Area.og1.total,28,280,10,0.0,10000.0,1.0,1.0,901.3729858398438,0.0,0.0
feature.Area.og1.total,29,290,10,0.0,10000.0,1.0,1.0,898.8690185546875,0.0,0.0
feature.Area.og1.total,30,300,10,0.0,10000.0,1.0,1.0,900.083984375,0.0,0.0
feature.Area.og2.CWHvm_CW_HW_M,0,0,10,0.0,10000.0,1.0,1.0,167.18800354003906,0.0,0.0
feature.Area.og2.CWHvm_CW_HW_M,1,10,10,0.0,10000.0,1.0,1.0,167.18800354003906,0.0,0.0
feature.Area.og2.CWHvm_CW_HW_M,2,20,10,0.0,10000.0,1.0,1.0,184.41700744628906,0.0,0.0
feature.Area.og2.CWHvm_CW_HW_M,3,30,10,0.0,10000.0,1.0,1.0,184.41700744628906,0.0,0.0
feature.Area.og2.CWHvm_CW_HW_M,4,40,10,0.0,10000.0,1.0,1.0,184.41700744628906,0.0,0.0
feature.Area.og2.CWHvm_CW_HW_M,5,50,10,0.0,10000.0,1.0,1.0,184.41700744628906,0.0,0.0
feature.Area.og2.CWHvm_CW_HW_M,6,60,10,0.0,10000.0,1.0,1.0,184.41700744628906,0.0,0.0
feature.Area.og2.CWHvm_CW_HW_M,7,70,10,0.0,10000.0,1.0,1.0,184.41700744628906,0.0,0.0
feature.Area.og2.CWHvm_CW_HW_M,8,80,10,0.0,10000.0,1.0,1.0,187.77699279785156,0.0,0.0
feature.Area.og2.CWHvm_CW_HW_M,9,90,10,0.0,10000.0,1.0,1.0,187.77699279785156,0.0,0.0
feature.Area.og2.CWHvm_CW_HW_M,10,100,10,0.0,10000.0,1.0,1.0,187.77699279785156,0.0,0.0
feature.Area.og2.CWHvm_CW_HW_M,11,110,10,0.0,10000.0,1.0,1.0,187.77699279785156,0.0,0.0
feature.Area.og2.CWHvm_CW_HW_M,12,120,10,0.0,10000.0,1.0,1.0,187.77699279785156,0.0,0.0
feature.Area.og2.CWHvm_CW_HW_M,13,130,10,0.0,10000.0,1.0,1.0,190.5240020751953,0.0,0.0
feature.Area.og2.CWHvm_CW_HW_M,14,140,10,0.0,10000.0,1.0,1.0,190.5240020751953,0.0,0.0
feature.Area.og2.CWHvm_CW_HW_M,15,150,10,0.0,10000.0,1.0,1.0,190.5240020751953,0.0,0.0
feature.Area.og2.CWHvm_CW_HW_M,16,160,10,0.0,10000.0,1.0,1.0,190.5240020751953,0.0,0.0
feature.Area.og2.CWHvm_CW_HW_M,17,170,10,0.0,10000.0,1.0,1.0,190.5240020751953,0.0,0.0
feature.Area.og2.CWHvm_CW_HW_M,18,180,10,0.0,10000.0,1.0,1.0,190.5240020751953,0.0,0.0
feature.Area.og2.CWHvm_CW_HW_M,19,190,10,0.0,10000.0,1.0,1.0,205.41900634765625,0.0,0.0
feature.Area.og2.CWHvm_CW_HW_M,20,200,10,0.0,10000.0,1.0,1.0,213.41099548339844,0.0,0.0
feature.Area.og2.CWHvm_CW_HW_M,21,210,10,0.0,10000.0,1.0,1.0,228.8090057373047,0.0,0.0
feature.Area.og2.CWHvm_CW_HW_M,22,220,10,0.0,10000.0,1.0,1.0,254.4429931640625,0.0,0.0
feature.Area.og2.CWHvm_CW_HW_M,23,230,10,0.0,10000.0,1.0,1.0,254.4429931640625,0.0,0.0
feature.Area.og2.CWHvm_CW_HW_M,24,240,10,0.0,10000.0,1.0,1.0,254.4429931640625,0.0,0.0
feature.Area.og2.CWHvm_CW_HW_M,25,250,10,0.0,10000.0,1.0,1.0,254.4429931640625,0.0,0.0
feature.Area.og2.CWHvm_CW_HW_M,26,260,10,0.0,10000.0,1.0,1.0,254.4429931640625,0.0,0.0
feature.Area.og2.CWHvm_CW_HW_M,27,270,10,0.0,10000.0,1.0,1.0,254.4429931640625,0.0,0.0
feature.Area.og2.CWHvm_CW_HW_M,28,280,10,0.0,10000.0,1.0,1.0,251.98800659179688,0.0,0.0
feature.Area.og2.CWHvm_CW_HW_M,29,290,10,0.0,10000.0,1.0,1.0,251.98800659179688,0.0,0.0
feature.Area.og2.CWHvm_CW_HW_M,30,300,10,0.0,10000.0,1.0,1.0,251.98800659179688,0.0,0.0
feature.Area.og2.CWHvm_CW_PLC_M,0,0,10,0.0,10000.0,1.0,1.0,21.78700065612793,0.0,0.0
feature.Area.og2.CWHvm_CW_PLC_M,1,10,10,0.0,10000.0,1.0,1.0,21.78700065612793,0.0,0.0
feature.Area.og2.CWHvm_CW_PLC_M,2,20,10,0.0,10000.0,1.0,1.0,32.47200012207031,0.0,0.0
feature.Area.og2.CWHvm_CW_PLC_M,3,30,10,0.0,10000.0,1.0,1.0,32.47200012207031,0.0,0.0
feature.Area.og2.CWHvm_CW_PLC_M,4,40,10,0.0,10000.0,1.0,1.0,32.47200012207031,0.0,0.0
feature.Area.og2.CWHvm_CW_PLC_M,5,50,10,0.0,10000.0,1.0,1.0,32.47200012207031,0.0,0.0
feature.Area.og2.CWHvm_CW_PLC_M,6,60,10,0.0,10000.0,1.0,1.0,32.47200012207031,0.0,0.0
feature.Area.og2.CWHvm_CW_PLC_M,7,70,10,0.0,10000.0,1.0,1.0,32.47200012207031,0.0,0.0
feature.Area.og2.CWHvm_CW_PLC_M,8,80,10,0.0,10000.0,1.0,1.0,32.47200012207031,0.0,0.0
feature.Area.og2.CWHvm_CW_PLC_M,9,90,10,0.0,10000.0,1.0,1.0,32.47200012207031,0.0,0.0
feature.Area.og2.CWHvm_CW_PLC_M,10,100,10,0.0,10000.0,1.0,1.0,32.47200012207031,0.0,0.0
feature.Area.og2.CWHvm_CW_PLC_M,11,110,10,0.0,10000.0,1.0,1.0,32.47200012207031,0.0,0.0
feature.Area.og2.CWHvm_CW_PLC_M,12,120,10,0.0,10000.0,1.0,1.0,32.47200012207031,0.0,0.0
feature.Area.og2.CWHvm_CW_PLC_M,13,130,10,0.0,10000.0,1.0,1.0,32.47200012207031,0.0,0.0
feature.Area.og2.CWHvm_CW_PLC_M,14,140,10,0.0,10000.0,1.0,1.0,32.47200012207031,0.0,0.0
feature.Area.og2.CWHvm_CW_PLC_M,15,150,10,0.0,10000.0,1.0,1.0,32.47200012207031,0.0,0.0
feature.Area.og2.CWHvm_CW_PLC_M,16,160,10,0.0,10000.0,1.0,1.0,32.47200012207031,0.0,0.0
feature.Area.og2.CWHvm_CW_PLC_M,17,170,10,0.0,10000.0,1.0,1.0,32.47200012207031,0.0,0.0
feature.Area.og2.CWHvm_CW_PLC_M,18,180,10,0.0,10000.0,1.0,1.0,32.47200012207031,0.0,0.0
feature.Area.og2.CWHvm_CW_PLC_M,19,190,10,0.0,10000.0,1.0,1.0,32.47200012207031,0.0,0.0
feature.Area.og2.CWHvm_CW_PLC_M,20,200,10,0.0,10000.0,1.0,1.0,32.47200012207031,0.0,0.0
feature.Area.og2.CWHvm_CW_PLC_M,21,210,10,0.0,10000.0,1.0,1.0,32.47200012207031,0.0,0.0
feature.Area.og2.CWHvm_CW_PLC_M,22,220,10,0.0,10000.0,1.0,1.0,32.47200012207031,0.0,0.0
feature.Area.og2.CWHvm_CW_PLC_M,23,230,10,0.0,10000.0,1.0,1.0,32.47200012207031,0.0,0.0
feature.Area.og2.CWHvm_CW_PLC_M,24,240,10,0.0,10000.0,1.0,1.0,32.47200012207031,0.0,0.0
feature.Area.og2.CWHvm_CW_PLC_M,25,250,10,0.0,10000.0,1.0,1.0,32.47200012207031,0.0,0.0
feature.Area.og2.CWHvm_CW_PLC_M,26,260,10,0.0,10000.0,1.0,1.0,32.47200012207031,0.0,0.0
feature.Area.og2.CWHvm_CW_PLC_M,27,270,10,0.0,10000.0,1.0,1.0,32.47200012207031,0.0,0.0
feature.Area.og2.CWHvm_CW_PLC_M,28,280,10,0.0,10000.0,1.0,1.0,32.47200012207031,0.0,0.0
feature.Area.og2.CWHvm_CW_PLC_M,29,290,10,0.0,10000.0,1.0,1.0,32.47200012207031,0.0,0.0
feature.Area.og2.CWHvm_CW_PLC_M,30,300,10,0.0,10000.0,1.0,1.0,32.47200012207031,0.0,0.0
feature.Area.og2.CWHvm_CW_YC_M,0,0,10,0.0,10000.0,1.0,1.0,41.14799880981445,0.0,0.0
feature.Area.og2.CWHvm_CW_YC_M,1,10,10,0.0,10000.0,1.0,1.0,41.14799880981445,0.0,0.0
feature.Area.og2.CWHvm_CW_YC_M,2,20,10,0.0,10000.0,1.0,1.0,41.14799880981445,0.0,0.0
feature.Area.og2.CWHvm_CW_YC_M,3,30,10,0.0,10000.0,1.0,1.0,41.14799880981445,0.0,0.0
feature.Area.og2.CWHvm_CW_YC_M,4,40,10,0.0,10000.0,1.0,1.0,41.14799880981445,0.0,0.0
feature.Area.og2.CWHvm_CW_YC_M,5,50,10,0.0,10000.0,1.0,1.0,41.14799880981445,0.0,0.0
feature.Area.og2.CWHvm_CW_YC_M,6,60,10,0.0,10000.0,1.0,1.0,41.14799880981445,0.0,0.0
feature.Area.og2.CWHvm_CW_YC_M,7,70,10,0.0,10000.0,1.0,1.0,41.14799880981445,0.0,0.0
feature.Area.og2.CWHvm_CW_YC_M,8,80,10,0.0,10000.0,1.0,1.0,41.14799880981445,0.0,0.0
feature.Area.og2.CWHvm_CW_YC_M,9,90,10,0.0,10000.0,1.0,1.0,41.14799880981445,0.0,0.0
feature.Area.og2.CWHvm_CW_YC_M,10,100,10,0.0,10000.0,1.0,1.0,41.14799880981445,0.0,0.0
feature.Area.og2.CWHvm_CW_YC_M,11,110,10,0.0,10000.0,1.0,1.0,41.14799880981445,0.0,0.0
feature.Area.og2.CWHvm_CW_YC_M,12,120,10,0.0,10000.0,1.0,1.0,41.14799880981445,0.0,0.0
feature.Area.og2.CWHvm_CW_YC_M,13,130,10,0.0,10000.0,1.0,1.0,41.14799880981445,0.0,0.0
feature.Area.og2.CWHvm_CW_YC_M,14,140,10,0.0,10000.0,1.0,1.0,41.14799880981445,0.0,0.0
feature.Area.og2.CWHvm_CW_YC_M,15,150,10,0.0,10000.0,1.0,1.0,41.14799880981445,0.0,0.0
feature.Area.og2.CWHvm_CW_YC_M,16,160,10,0.0,10000.0,1.0,1.0,41.14799880981445,0.0,0.0
feature.Area.og2.CWHvm_CW_YC_M,17,170,10,0.0,10000.0,1.0,1.0,41.14799880981445,0.0,0.0
feature.Area.og2.CWHvm_CW_YC_M,18,180,10,0.0,10000.0,1.0,1.0,41.14799880981445,0.0,0.0
feature.Area.og2.CWHvm_CW_YC_M,19,190,10,0.0,10000.0,1.0,1.0,41.14799880981445,0.0,0.0
feature.Area.og2.CWHvm_CW_YC_M,20,200,10,0.0,10000.0,1.0,1.0,41.14799880981445,0.0,0.0
feature.Area.og2.CWHvm_CW_YC_M,21,210,10,0.0,10000.0,1.0,1.0,41.14799880981445,0.0,0.0
feature.Area.og2.CWHvm_CW_YC_M,22,220,10,0.0,10000.0,1.0,1.0,41.14799880981445,0.0,0.0
feature.Area.og2.CWHvm_CW_YC_M,23,230,10,0.0,10000.0,1.0,1.0,41.14799880981445,0.0,0.0
feature.Area.og2.CWHvm_CW_YC_M,24,240,10,0.0,10000.0,1.0,1.0,41.14799880981445,0.0,0.0
feature.Area.og2.CWHvm_CW_YC_M,25,250,10,0.0,10000.0,1.0,1.0,41.14799880981445,0.0,0.0
feature.Area.og2.CWHvm_CW_YC_M,26,260,10,0.0,10000.0,1.0,1.0,41.14799880981445,0.0,0.0
feature.Area.og2.CWHvm_CW_YC_M,27,270,10,0.0,10000.0,1.0,1.0,41.14799880981445,0.0,0.0
feature.Area.og2.CWHvm_CW_YC_M,28,280,10,0.0,10000.0,1.0,1.0,41.14799880981445,0.0,0.0
feature.Area.og2.CWHvm_CW_YC_M,29,290,10,0.0,10000.0,1.0,1.0,41.14799880981445,0.0,0.0
feature.Area.og2.CWHvm_CW_YC_M,30,300,10,0.0,10000.0,1.0,1.0,41.14799880981445,0.0,0.0
feature.Area.og2.CWHvm_DR_HW_M,0,0,10,0.0,10000.0,1.0,1.0,0.0,0.0,0.0
feature.Area.og2.CWHvm_DR_HW_M,1,10,10,0.0,10000.0,1.0,1.0,0.0,0.0,0.0
feature.Area.og2.CWHvm_DR_HW_M,2,20,10,0.0,10000.0,1.0,1.0,0.0,0.0,0.0
feature.Area.og2.CWHvm_DR_HW_M,3,30,10,0.0,10000.0,1.0,1.0,0.0,0.0,0.0
feature.Area.og2.CWHvm_DR_HW_M,4,40,10,0.0,10000.0,1.0,1.0,0.0,0.0,0.0
feature.Area.og2.CWHvm_DR_HW_M,5,50,10,0.0,10000.0,1.0,1.0,0.0,0.0,0.0
feature.Area.og2.CWHvm_DR_HW_M,6,60,10,0.0,10000.0,1.0,1.0,0.0,0.0,0.0
feature.Area.og2.CWHvm_DR_HW_M,7,70,10,0.0,10000.0,1.0,1.0,0.0,0.0,0.0
feature.Area.og2.CWHvm_DR_HW_M,8,80,10,0.0,10000.0,1.0,1.0,0.0,0.0,0.0
feature.Area.og2.CWHvm_DR_HW_M,9,90,10,0.0,10000.0,1.0,1.0,0.0,0.0,0.0
feature.Area.og2.CWHvm_DR_HW_M,10,100,10,0.0,10000.0,1.0,1.0,0.0,0.0,0.0
feature.Area.og2.CWHvm_DR_HW_M,11,110,10,0.0,10000.0,1.0,1.0,0.0,0.0,0.0
feature.Area.og2.CWHvm_DR_HW_M,12,120,10,0.0,10000.0,1.0,1.0,0.0,0.0,0.0
feature.Area.og2.CWHvm_DR_HW_M,13,130,10,0.0,10000.0,1.0,1.0,0.0,0.0,0.0
feature.Area.og2.CWHvm_DR_HW_M,14,140,10,0.0,10000.0,1.0,1.0,0.0,0.0,0.0
feature.Area.og2.CWHvm_DR_HW_M,15,150,10,0.0,10000.0,1.0,1.0,0.0,0.0,0.0
feature.Area.og2.CWHvm_DR_HW_M,16,160,10,0.0,10000.0,1.0,1.0,0.0,0.0,0.0
feature.Area.og2.CWHvm_DR_HW_M,17,170,10,0.0,10000.0,1.0,1.0,0.0,0.0,0.0
feature.Area.og2.CWHvm_DR_HW_M,18,180,10,0.0,10000.0,1.0,1.0,0.0,0.0,0.0
feature.Area.og2.CWHvm_DR_HW_M,19,190,10,0.0,10000.0,1.0,1.0,0.0,0.0,0.0
feature.Area.og2.CWHvm_DR_HW_M,20,200,10,0.0,10000.0,1.0,1.0,7.199999809265137,0.0,0.0
feature.Area.og2.CWHvm_DR_HW_M,21,210,10,0.0,10000.0,1.0,1.0,36.16400146484375,0.0,0.0
feature.Area.og2.CWHvm_DR_HW_M,22,220,10,0.0,10000.0,1.0,1.0,36.16400146484375,0.0,0.0
feature.Area.og2.CWHvm_DR_HW_M,23,230,10,0.0,10000.0,1.0,1.0,36.16400146484375,0.0,0.0
feature.Area.og2.CWHvm_DR_HW_M,24,240,10,0.0,10000.0,1.0,1.0,36.16400146484375,0.0,0.0
feature.Area.og2.CWHvm_DR_HW_M,25,250,10,0.0,10000.0,1.0,1.0,36.16400146484375,0.0,0.0
feature.Area.og2.CWHvm_DR_HW_M,26,260,10,0.0,10000.0,1.0,1.0,36.16400146484375,0.0,0.0
feature.Area.og2.CWHvm_DR_HW_M,27,270,10,0.0,10000.0,1.0,1.0,36.16400146484375,0.0,0.0
feature.Area.og2.CWHvm_DR_HW_M,28,280,10,0.0,10000.0,1.0,1.0,36.16400146484375,0.0,0.0
feature.Area.og2.CWHvm_DR_HW_M,29,290,10,0.0,10000.0,1.0,1.0,36.16400146484375,0.0,0.0
feature.Area.og2.CWHvm_DR_HW_M,30,300,10,0.0,10000.0,1.0,1.0,36.16400146484375,0.0,0.0
feature.Area.og2.CWHvm_FDC_HW_H,0,0,10,0.0,10000.0,1.0,1.0,0.0,0.0,0.0
feature.Area.og2.CWHvm_FDC_HW_H,1,10,10,0.0,10000.0,1.0,1.0,0.0,0.0,0.0
feature.Area.og2.CWHvm_FDC_HW_H,2,20,10,0.0,10000.0,1.0,1.0,0.0,0.0,0.0
feature.Area.og2.CWHvm_FDC_HW_H,3,30,10,0.0,10000.0,1.0,1.0,0.0,0.0,0.0
feature.Area.og2.CWHvm_FDC_HW_H,4,40,10,0.0,10000.0,1.0,1.0,0.0,0.0,0.0
feature.Area.og2.CWHvm_FDC_HW_H,5,50,10,0.0,10000.0,1.0,1.0,0.0,0.0,0.0
feature.Area.og2.CWHvm_FDC_HW_H,6,60,10,0.0,10000.0,1.0,1.0,0.0,0.0,0.0
feature.Area.og2.CWHvm_FDC_HW_H,7,70,10,0.0,10000.0,1.0,1.0,0.0,0.0,0.0
feature.Area.og2.CWHvm_FDC_HW_H,8,80,10,0.0,10000.0,1.0,1.0,0.0,0.0,0.0
feature.Area.og2.CWHvm_FDC_HW_H,9,90,10,0.0,10000.0,1.0,1.0,0.0,0.0,0.0
feature.Area.og2.CWHvm_FDC_HW_H,10,100,10,0.0,10000.0,1.0,1.0,0.0,0.0,0.0
feature.Area.og2.CWHvm_FDC_HW_H,11,110,10,0.0,10000.0,1.0,1.0,0.0,0.0,0.0
feature.Area.og2.CWHvm_FDC_HW_H,12,120,10,0.0,10000.0,1.0,1.0,0.0,0.0,0.0
feature.Area.og2.CWHvm_FDC_HW_H,13,130,10,0.0,10000.0,1.0,1.0,0.0,0.0,0.0
feature.Area.og2.CWHvm_FDC_HW_H,14,140,10,0.0,10000.0,1.0,1.0,0.0,0.0,0.0
feature.Area.og2.CWHvm_FDC_HW_H,15,150,10,0.0,10000.0,1.0,1.0,0.0,0.0,0.0
feature.Area.og2.CWHvm_FDC_HW_H,16,160,10,0.0,10000.0,1.0,1.0,0.0,0.0,0.0
feature.Area.og2.CWHvm_FDC_HW_H,17,170,10,0.0,10000.0,1.0,1.0,0.0,0.0,0.0
feature.Area.og2.CWHvm_FDC_HW_H,18,180,10,0.0,10000.0,1.0,1.0,0.0,0.0,0.0
feature.Area.og2.CWHvm_FDC_HW_H,19,190,10,0.0,10000.0,1.0,1.0,0.0,0.0,0.0
feature.Area.og2.CWHvm_FDC_HW_H,20,200,10,0.0,10000.0,1.0,1.0,18.990999221801758,0.0,0.0
feature.Area.og2.CWHvm_FDC_HW_H,21,210,10,0.0,10000.0,1.0,1.0,112.572998046875,0.0,0.0
feature.Area.og2.CWHvm_FDC_HW_H,22,220,10,0.0,10000.0,1.0,1.0,91.7239990234375,0.0,0.0
feature.Area.og2.CWHvm_FDC_HW_H,23,230,10,0.0,10000.0,1.0,1.0,91.7239990234375,0.0,0.0
feature.Area.og2.CWHvm_FDC_HW_H,24,240,10,0.0,10000.0,1.0,1.0,91.7239990234375,0.0,0.0
feature.Area.og2.CWHvm_FDC_HW_H,25,250,10,0.0,10000.0,1.0,1.0,91.7239990234375,0.0,0.0
feature.Area.og2.CWHvm_FDC_HW_H,26,260,10,0.0,10000.0,1.0,1.0,91.7239990234375,0.0,0.0
feature.Area.og2.CWHvm_FDC_HW_H,27,270,10,0.0,10000.0,1.0,1.0,91.7239990234375,0.0,0.0
feature.Area.og2.CWHvm_FDC_HW_H,28,280,10,0.0,10000.0,1.0,1.0,91.7239990234375,0.0,0.0
feature.Area.og2.CWHvm_FDC_HW_H,29,290,10,0.0,10000.0,1.0,1.0,85.08899688720703,0.0,0.0
feature.Area.og2.CWHvm_FDC_HW_H,30,300,10,0.0,10000.0,1.0,1.0,85.08899688720703,0.0,0.0
feature.Area.og2.CWHvm_FDC_HW_L,0,0,10,0.0,10000.0,1.0,1.0,1.1230000257492065,0.0,0.0
feature.Area.og2.CWHvm_FDC_HW_L,1,10,10,0.0,10000.0,1.0,1.0,1.1230000257492065,0.0,0.0
feature.Area.og2.CWHvm_FDC_HW_L,2,20,10,0.0,10000.0,1.0,1.0,1.1230000257492065,0.0,0.0
feature.Area.og2.CWHvm_FDC_HW_L,3,30,10,0.0,10000.0,1.0,1.0,1.1230000257492065,0.0,0.0
feature.Area.og2.CWHvm_FDC_HW_L,4,40,10,0.0,10000.0,1.0,1.0,1.1230000257492065,0.0,0.0
feature.Area.og2.CWHvm_FDC_HW_L,5,50,10,0.0,10000.0,1.0,1.0,1.1230000257492065,0.0,0.0
feature.Area.og2.CWHvm_FDC_HW_L,6,60,10,0.0,10000.0,1.0,1.0,1.1330000162124634,0.0,0.0
feature.Area.og2.CWHvm_FDC_HW_L,7,70,10,0.0,10000.0,1.0,1.0,1.1330000162124634,0.0,0.0
feature.Area.og2.CWHvm_FDC_HW_L,8,80,10,0.0,10000.0,1.0,1.0,1.1330000162124634,0.0,0.0
feature.Area.og2.CWHvm_FDC_HW_L,9,90,10,0.0,10000.0,1.0,1.0,1.1330000162124634,0.0,0.0
feature.Area.og2.CWHvm_FDC_HW_L,10,100,10,0.0,10000.0,1.0,1.0,1.1330000162124634,0.0,0.0
feature.Area.og2.CWHvm_FDC_HW_L,11,110,10,0.0,10000.0,1.0,1.0,1.1330000162124634,0.0,0.0
feature.Area.og2.CWHvm_FDC_HW_L,12,120,10,0.0,10000.0,1.0,1.0,1.1330000162124634,0.0,0.0
feature.Area.og2.CWHvm_FDC_HW_L,13,130,10,0.0,10000.0,1.0,1.0,7.316999912261963,0.0,0.0
feature.Area.og2.CWHvm_FDC_HW_L,14,140,10,0.0,10000.0,1.0,1.0,7.316999912261963,0.0,0.0
feature.Area.og2.CWHvm_FDC_HW_L,15,150,10,0.0,10000.0,1.0,1.0,7.316999912261963,0.0,0.0
feature.Area.og2.CWHvm_FDC_HW_L,16,160,10,0.0,10000.0,1.0,1.0,7.316999912261963,0.0,0.0
feature.Area.og2.CWHvm_FDC_HW_L,17,170,10,0.0,10000.0,1.0,1.0,7.316999912261963,0.0,0.0
feature.Area.og2.CWHvm_FDC_HW_L,18,180,10,0.0,10000.0,1.0,1.0,7.316999912261963,0.0,0.0
feature.Area.og2.CWHvm_FDC_HW_L,19,190,10,0.0,10000.0,1.0,1.0,7.316999912261963,0.0,0.0
feature.Area.og2.CWHvm_FDC_HW_L,20,200,10,0.0,10000.0,1.0,1.0,94.7040023803711,0.0,0.0
feature.Area.og2.CWHvm_FDC_HW_L,21,210,10,0.0,10000.0,1.0,1.0,22.972999572753906,0.0,0.0
feature.Area.og2.CWHvm_FDC_HW_L,22,220,10,0.0,10000.0,1.0,1.0,22.972999572753906,0.0,0.0
feature.Area.og2.CWHvm_FDC_HW_L,23,230,10,0.0,10000.0,1.0,1.0,22.972999572753906,0.0,0.0
feature.Area.og2.CWHvm_FDC_HW_L,24,240,10,0.0,10000.0,1.0,1.0,22.972999572753906,0.0,0.0
feature.Area.og2.CWHvm_FDC_HW_L,25,250,10,0.0,10000.0,1.0,1.0,22.972999572753906,0.0,0.0
feature.Area.og2.CWHvm_FDC_HW_L,26,260,10,0.0,10000.0,1.0,1.0,22.972999572753906,0.0,0.0
feature.Area.og2.CWHvm_FDC_HW_L,27,270,10,0.0,10000.0,1.0,1.0,22.339000701904297,0.0,0.0
feature.Area.og2.CWHvm_FDC_HW_L,28,280,10,0.0,10000.0,1.0,1.0,22.339000701904297,0.0,0.0
feature.Area.og2.CWHvm_FDC_HW_L,29,290,10,0.0,10000.0,1.0,1.0,22.339000701904297,0.0,0.0
feature.Area.og2.CWHvm_FDC_HW_L,30,300,10,0.0,10000.0,1.0,1.0,31.861000061035156,0.0,0.0
feature.Area.og2.CWHvm_FDC_HW_M,0,0,10,0.0,10000.0,1.0,1.0,0.0,0.0,0.0
feature.Area.og2.CWHvm_FDC_HW_M,1,10,10,0.0,10000.0,1.0,1.0,0.0,0.0,0.0
feature.Area.og2.CWHvm_FDC_HW_M,2,20,10,0.0,10000.0,1.0,1.0,0.0,0.0,0.0
feature.Area.og2.CWHvm_FDC_HW_M,3,30,10,0.0,10000.0,1.0,1.0,0.0,0.0,0.0
feature.Area.og2.CWHvm_FDC_HW_M,4,40,10,0.0,10000.0,1.0,1.0,0.0,0.0,0.0
feature.Area.og2.CWHvm_FDC_HW_M,5,50,10,0.0,10000.0,1.0,1.0,0.0,0.0,0.0
feature.Area.og2.CWHvm_FDC_HW_M,6,60,10,0.0,10000.0,1.0,1.0,0.0,0.0,0.0
feature.Area.og2.CWHvm_FDC_HW_M,7,70,10,0.0,10000.0,1.0,1.0,0.0,0.0,0.0
feature.Area.og2.CWHvm_FDC_HW_M,8,80,10,0.0,10000.0,1.0,1.0,0.0,0.0,0.0
feature.Area.og2.CWHvm_FDC_HW_M,9,90,10,0.0,10000.0,1.0,1.0,0.0,0.0,0.0
feature.Area.og2.CWHvm_FDC_HW_M,10,100,10,0.0,10000.0,1.0,1.0,0.0,0.0,0.0
feature.Area.og2.CWHvm_FDC_HW_M,11,110,10,0.0,10000.0,1.0,1.0,0.0,0.0,0.0
feature.Area.og2.CWHvm_FDC_HW_M,12,120,10,0.0,10000.0,1.0,1.0,0.0,0.0,0.0
feature.Area.og2.CWHvm_FDC_HW_M,13,130,10,0.0,10000.0,1.0,1.0,0.0,0.0,0.0
feature.Area.og2.CWHvm_FDC_HW_M,14,140,10,0.0,10000.0,1.0,1.0,0.0,0.0,0.0
feature.Area.og2.CWHvm_FDC_HW_M,15,150,10,0.0,10000.0,1.0,1.0,2.1689999103546143,0.0,0.0
feature.Area.og2.CWHvm_FDC_HW_M,16,160,10,0.0,10000.0,1.0,1.0,2.1689999103546143,0.0,0.0
feature.Area.og2.CWHvm_FDC_HW_M,17,170,10,0.0,10000.0,1.0,1.0,2.1689999103546143,0.0,0.0
feature.Area.og2.CWHvm_FDC_HW_M,18,180,10,0.0,10000.0,1.0,1.0,4.900000095367432,0.0,0.0
feature.Area.og2.CWHvm_FDC_HW_M,19,190,10,0.0,10000.0,1.0,1.0,4.900000095367432,0.0,0.0
feature.Area.og2.CWHvm_FDC_HW_M,20,200,10,0.0,10000.0,1.0,1.0,11.128999710083008,0.0,0.0
feature.Area.og2.CWHvm_FDC_HW_M,21,210,10,0.0,10000.0,1.0,1.0,36.875,0.0,0.0
feature.Area.og2.CWHvm_FDC_HW_M,22,220,10,0.0,10000.0,1.0,1.0,14.63599967956543,0.0,0.0
feature.Area.og2.CWHvm_FDC_HW_M,23,230,10,0.0,10000.0,1.0,1.0,14.63599967956543,0.0,0.0
feature.Area.og2.CWHvm_FDC_HW_M,24,240,10,0.0,10000.0,1.0,1.0,14.63599967956543,0.0,0.0
feature.Area.og2.CWHvm_FDC_HW_M,25,250,10,0.0,10000.0,1.0,1.0,14.63599967956543,0.0,0.0
feature.Area.og2.CWHvm_FDC_HW_M,26,260,10,0.0,10000.0,1.0,1.0,14.63599967956543,0.0,0.0
feature.Area.og2.CWHvm_FDC_HW_M,27,270,10,0.0,10000.0,1.0,1.0,14.63599967956543,0.0,0.0
feature.Area.og2.CWHvm_FDC_HW_M,28,280,10,0.0,10000.0,1.0,1.0,14.63599967956543,0.0,0.0
feature.Area.og2.CWHvm_FDC_HW_M,29,290,10,0.0,10000.0,1.0,1.0,14.63599967956543,0.0,0.0
feature.Area.og2.CWHvm_FDC_HW_M,30,300,10,0.0,10000.0,1.0,1.0,14.63599967956543,0.0,0.0
feature.Area.og2.CWHvm_HW_BA_M,0,0,10,0.0,10000.0,1.0,1.0,0.0,0.0,0.0
feature.Area.og2.CWHvm_HW_BA_M,1,10,10,0.0,10000.0,1.0,1.0,0.0,0.0,0.0
feature.Area.og2.CWHvm_HW_BA_M,2,20,10,0.0,10000.0,1.0,1.0,3.0429999828338623,0.0,0.0
feature.Area.og2.CWHvm_HW_BA_M,3,30,10,0.0,10000.0,1.0,1.0,3.0429999828338623,0.0,0.0
feature.Area.og2.CWHvm_HW_BA_M,4,40,10,0.0,10000.0,1.0,1.0,3.0429999828338623,0.0,0.0
feature.Area.og2.CWHvm_HW_BA_M,5,50,10,0.0,10000.0,1.0,1.0,2.6640000343322754,0.0,0.0
feature.Area.og2.CWHvm_HW_BA_M,6,60,10,0.0,10000.0,1.0,1.0,2.6640000343322754,0.0,0.0
feature.Area.og2.CWHvm_HW_BA_M,7,70,10,0.0,10000.0,1.0,1.0,0.39800000190734863,0.0,0.0
feature.Area.og2.CWHvm_HW_BA_M,8,80,10,0.0,10000.0,1.0,1.0,0.39800000190734863,0.0,0.0
feature.Area.og2.CWHvm_HW_BA_M,9,90,10,0.0,10000.0,1.0,1.0,0.39800000190734863,0.0,0.0
feature.Area.og2.CWHvm_HW_BA_M,10,100,10,0.0,10000.0,1.0,1.0,0.39800000190734863,0.0,0.0
feature.Area.og2.CWHvm_HW_BA_M,11,110,10,0.0,10000.0,1.0,1.0,0.39800000190734863,0.0,0.0
feature.Area.og2.CWHvm_HW_BA_M,12,120,10,0.0,10000.0,1.0,1.0,0.39800000190734863,0.0,0.0
feature.Area.og2.CWHvm_HW_BA_M,13,130,10,0.0,10000.0,1.0,1.0,0.6940000057220459,0.0,0.0
feature.Area.og2.CWHvm_HW_BA_M,14,140,10,0.0,10000.0,1.0,1.0,0.6940000057220459,0.0,0.0
feature.Area.og2.CWHvm_HW_BA_M,15,150,10,0.0,10000.0,1.0,1.0,1.1139999628067017,0.0,0.0
feature.Area.og2.CWHvm_HW_BA_M,16,160,10,0.0,10000.0,1.0,1.0,1.1139999628067017,0.0,0.0
feature.Area.og2.CWHvm_HW_BA_M,17,170,10,0.0,10000.0,1.0,1.0,1.1139999628067017,0.0,0.0
feature.Area.og2.CWHvm_HW_BA_M,18,180,10,0.0,10000.0,1.0,1.0,1.1139999628067017,0.0,0.0
feature.Area.og2.CWHvm_HW_BA_M,19,190,10,0.0,10000.0,1.0,1.0,1.1139999628067017,0.0,0.0
feature.Area.og2.CWHvm_HW_BA_M,20,200,10,0.0,10000.0,1.0,1.0,1.1139999628067017,0.0,0.0
feature.Area.og2.CWHvm_HW_BA_M,21,210,10,0.0,10000.0,1.0,1.0,1.1139999628067017,0.0,0.0
feature.Area.og2.CWHvm_HW_BA_M,22,220,10,0.0,10000.0,1.0,1.0,1.1139999628067017,0.0,0.0
feature.Area.og2.CWHvm_HW_BA_M,23,230,10,0.0,10000.0,1.0,1.0,1.1139999628067017,0.0,0.0
feature.Area.og2.CWHvm_HW_BA_M,24,240,10,0.0,10000.0,1.0,1.0,1.1139999628067017,0.0,0.0
feature.Area.og2.CWHvm_HW_BA_M,25,250,10,0.0,10000.0,1.0,1.0,1.1139999628067017,0.0,0.0
feature.Area.og2.CWHvm_HW_BA_M,26,260,10,0.0,10000.0,1.0,1.0,1.1139999628067017,0.0,0.0
feature.Area.og2.CWHvm_HW_BA_M,27,270,10,0.0,10000.0,1.0,1.0,1.1139999628067017,0.0,0.0
feature.Area.og2.CWHvm_HW_BA_M,28,280,10,0.0,10000.0,1.0,1.0,1.1139999628067017,0.0,0.0
feature.Area.og2.CWHvm_HW_BA_M,29,290,10,0.0,10000.0,1.0,1.0,1.1139999628067017,0.0,0.0
feature.Area.og2.CWHvm_HW_BA_M,30,300,10,0.0,10000.0,1.0,1.0,1.1139999628067017,0.0,0.0
feature.Area.og2.CWHvm_HW_CW_H,0,0,10,0.0,10000.0,1.0,1.0,0.0,0.0,0.0
feature.Area.og2.CWHvm_HW_CW_H,1,10,10,0.0,10000.0,1.0,1.0,0.0,0.0,0.0
feature.Area.og2.CWHvm_HW_CW_H,2,20,10,0.0,10000.0,1.0,1.0,0.0,0.0,0.0
feature.Area.og2.CWHvm_HW_CW_H,3,30,10,0.0,10000.0,1.0,1.0,0.0,0.0,0.0
feature.Area.og2.CWHvm_HW_CW_H,4,40,10,0.0,10000.0,1.0,1.0,0.0,0.0,0.0
feature.Area.og2.CWHvm_HW_CW_H,5,50,10,0.0,10000.0,1.0,1.0,0.0,0.0,0.0
feature.Area.og2.CWHvm_HW_CW_H,6,60,10,0.0,10000.0,1.0,1.0,0.0,0.0,0.0
feature.Area.og2.CWHvm_HW_CW_H,7,70,10,0.0,10000.0,1.0,1.0,0.0,0.0,0.0
feature.Area.og2.CWHvm_HW_CW_H,8,80,10,0.0,10000.0,1.0,1.0,4.271999835968018,0.0,0.0
feature.Area.og2.CWHvm_HW_CW_H,9,90,10,0.0,10000.0,1.0,1.0,4.271999835968018,0.0,0.0
feature.Area.og2.CWHvm_HW_CW_H,10,100,10,0.0,10000.0,1.0,1.0,4.271999835968018,0.0,0.0
feature.Area.og2.CWHvm_HW_CW_H,11,110,10,0.0,10000.0,1.0,1.0,4.271999835968018,0.0,0.0
feature.Area.og2.CWHvm_HW_CW_H,12,120,10,0.0,10000.0,1.0,1.0,4.271999835968018,0.0,0.0
feature.Area.og2.CWHvm_HW_CW_H,13,130,10,0.0,10000.0,1.0,1.0,13.45199966430664,0.0,0.0
feature.Area.og2.CWHvm_HW_CW_H,14,140,10,0.0,10000.0,1.0,1.0,13.45199966430664,0.0,0.0
feature.Area.og2.CWHvm_HW_CW_H,15,150,10,0.0,10000.0,1.0,1.0,18.006999969482422,0.0,0.0
feature.Area.og2.CWHvm_HW_CW_H,16,160,10,0.0,10000.0,1.0,1.0,18.006999969482422,0.0,0.0
feature.Area.og2.CWHvm_HW_CW_H,17,170,10,0.0,10000.0,1.0,1.0,18.006999969482422,0.0,0.0
feature.Area.og2.CWHvm_HW_CW_H,18,180,10,0.0,10000.0,1.0,1.0,18.006999969482422,0.0,0.0
feature.Area.og2.CWHvm_HW_CW_H,19,190,10,0.0,10000.0,1.0,1.0,18.006999969482422,0.0,0.0
feature.Area.og2.CWHvm_HW_CW_H,20,200,10,0.0,10000.0,1.0,1.0,49.77299880981445,0.0,0.0
feature.Area.og2.CWHvm_HW_CW_H,21,210,10,0.0,10000.0,1.0,1.0,49.77299880981445,0.0,0.0
feature.Area.og2.CWHvm_HW_CW_H,22,220,10,0.0,10000.0,1.0,1.0,49.77299880981445,0.0,0.0
feature.Area.og2.CWHvm_HW_CW_H,23,230,10,0.0,10000.0,1.0,1.0,49.77299880981445,0.0,0.0
feature.Area.og2.CWHvm_HW_CW_H,24,240,10,0.0,10000.0,1.0,1.0,49.77299880981445,0.0,0.0
feature.Area.og2.CWHvm_HW_CW_H,25,250,10,0.0,10000.0,1.0,1.0,49.77299880981445,0.0,0.0
feature.Area.og2.CWHvm_HW_CW_H,26,260,10,0.0,10000.0,1.0,1.0,49.77299880981445,0.0,0.0
feature.Area.og2.CWHvm_HW_CW_H,27,270,10,0.0,10000.0,1.0,1.0,49.77299880981445,0.0,0.0
feature.Area.og2.CWHvm_HW_CW_H,28,280,10,0.0,10000.0,1.0,1.0,49.77299880981445,0.0,0.0
feature.Area.og2.CWHvm_HW_CW_H,29,290,10,0.0,10000.0,1.0,1.0,49.77299880981445,0.0,0.0
feature.Area.og2.CWHvm_HW_CW_H,30,300,10,0.0,10000.0,1.0,1.0,49.77299880981445,0.0,0.0
feature.Area.og2.CWHvm_HW_CW_L,0,0,10,0.0,10000.0,1.0,1.0,15.095000267028809,0.0,0.0
feature.Area.og2.CWHvm_HW_CW_L,1,10,10,0.0,10000.0,1.0,1.0,20.232999801635742,0.0,0.0
feature.Area.og2.CWHvm_HW_CW_L,2,20,10,0.0,10000.0,1.0,1.0,42.92399978637695,0.0,0.0
feature.Area.og2.CWHvm_HW_CW_L,3,30,10,0.0,10000.0,1.0,1.0,42.92399978637695,0.0,0.0
feature.Area.og2.CWHvm_HW_CW_L,4,40,10,0.0,10000.0,1.0,1.0,42.92399978637695,0.0,0.0
feature.Area.og2.CWHvm_HW_CW_L,5,50,10,0.0,10000.0,1.0,1.0,42.92399978637695,0.0,0.0
feature.Area.og2.CWHvm_HW_CW_L,6,60,10,0.0,10000.0,1.0,1.0,39.04100036621094,0.0,0.0
feature.Area.og2.CWHvm_HW_CW_L,7,70,10,0.0,10000.0,1.0,1.0,39.04100036621094,0.0,0.0
feature.Area.og2.CWHvm_HW_CW_L,8,80,10,0.0,10000.0,1.0,1.0,39.04100036621094,0.0,0.0
feature.Area.og2.CWHvm_HW_CW_L,9,90,10,0.0,10000.0,1.0,1.0,39.04100036621094,0.0,0.0
feature.Area.og2.CWHvm_HW_CW_L,10,100,10,0.0,10000.0,1.0,1.0,39.04100036621094,0.0,0.0
feature.Area.og2.CWHvm_HW_CW_L,11,110,10,0.0,10000.0,1.0,1.0,39.04100036621094,0.0,0.0
feature.Area.og2.CWHvm_HW_CW_L,12,120,10,0.0,10000.0,1.0,1.0,39.04100036621094,0.0,0.0
feature.Area.og2.CWHvm_HW_CW_L,13,130,10,0.0,10000.0,1.0,1.0,39.04100036621094,0.0,0.0
feature.Area.og2.CWHvm_HW_CW_L,14,140,10,0.0,10000.0,1.0,1.0,39.04100036621094,0.0,0.0
feature.Area.og2.CWHvm_HW_CW_L,15,150,10,0.0,10000.0,1.0,1.0,39.04100036621094,0.0,0.0
feature.Area.og2.CWHvm_HW_CW_L,16,160,10,0.0,10000.0,1.0,1.0,39.04100036621094,0.0,0.0
feature.Area.og2.CWHvm_HW_CW_L,17,170,10,0.0,10000.0,1.0,1.0,39.04100036621094,0.0,0.0
feature.Area.og2.CWHvm_HW_CW_L,18,180,10,0.0,10000.0,1.0,1.0,35.06100082397461,0.0,0.0
feature.Area.og2.CWHvm_HW_CW_L,19,190,10,0.0,10000.0,1.0,1.0,35.06100082397461,0.0,0.0
feature.Area.og2.CWHvm_HW_CW_L,20,200,10,0.0,10000.0,1.0,1.0,35.06100082397461,0.0,0.0
feature.Area.og2.CWHvm_HW_CW_L,21,210,10,0.0,10000.0,1.0,1.0,35.06100082397461,0.0,0.0
feature.Area.og2.CWHvm_HW_CW_L,22,220,10,0.0,10000.0,1.0,1.0,35.06100082397461,0.0,0.0
feature.Area.og2.CWHvm_HW_CW_L,23,230,10,0.0,10000.0,1.0,1.0,35.06100082397461,0.0,0.0
feature.Area.og2.CWHvm_HW_CW_L,24,240,10,0.0,10000.0,1.0,1.0,35.06100082397461,0.0,0.0
feature.Area.og2.CWHvm_HW_CW_L,25,250,10,0.0,10000.0,1.0,1.0,35.06100082397461,0.0,0.0
feature.Area.og2.CWHvm_HW_CW_L,26,260,10,0.0,10000.0,1.0,1.0,35.06100082397461,0.0,0.0
feature.Area.og2.CWHvm_HW_CW_L,27,270,10,0.0,10000.0,1.0,1.0,35.06100082397461,0.0,0.0
feature.Area.og2.CWHvm_HW_CW_L,28,280,10,0.0,10000.0,1.0,1.0,35.06100082397461,0.0,0.0
feature.Area.og2.CWHvm_HW_CW_L,29,290,10,0.0,10000.0,1.0,1.0,35.06100082397461,0.0,0.0
feature.Area.og2.CWHvm_HW_CW_L,30,300,10,0.0,10000.0,1.0,1.0,35.06100082397461,0.0,0.0
feature.Area.og2.CWHvm_HW_CW_M,0,0,10,0.0,10000.0,1.0,1.0,4.366000175476074,0.0,0.0
feature.Area.og2.CWHvm_HW_CW_M,1,10,10,0.0,10000.0,1.0,1.0,4.366000175476074,0.0,0.0
feature.Area.og2.CWHvm_HW_CW_M,2,20,10,0.0,10000.0,1.0,1.0,6.043000221252441,0.0,0.0
feature.Area.og2.CWHvm_HW_CW_M,3,30,10,0.0,10000.0,1.0,1.0,4.366000175476074,0.0,0.0
feature.Area.og2.CWHvm_HW_CW_M,4,40,10,0.0,10000.0,1.0,1.0,0.0,0.0,0.0
feature.Area.og2.CWHvm_HW_CW_M,5,50,10,0.0,10000.0,1.0,1.0,0.0,0.0,0.0
feature.Area.og2.CWHvm_HW_CW_M,6,60,10,0.0,10000.0,1.0,1.0,0.0,0.0,0.0
feature.Area.og2.CWHvm_HW_CW_M,7,70,10,0.0,10000.0,1.0,1.0,0.0,0.0,0.0
feature.Area.og2.CWHvm_HW_CW_M,8,80,10,0.0,10000.0,1.0,1.0,11.930000305175781,0.0,0.0
feature.Area.og2.CWHvm_HW_CW_M,9,90,10,0.0,10000.0,1.0,1.0,11.930000305175781,0.0,0.0
feature.Area.og2.CWHvm_HW_CW_M,10,100,10,0.0,10000.0,1.0,1.0,11.930000305175781,0.0,0.0
feature.Area.og2.CWHvm_HW_CW_M,11,110,10,0.0,10000.0,1.0,1.0,11.930000305175781,0.0,0.0
feature.Area.og2.CWHvm_HW_CW_M,12,120,10,0.0,10000.0,1.0,1.0,11.930000305175781,0.0,0.0
feature.Area.og2.CWHvm_HW_CW_M,13,130,10,0.0,10000.0,1.0,1.0,26.018999099731445,0.0,0.0
feature.Area.og2.CWHvm_HW_CW_M,14,140,10,0.0,10000.0,1.0,1.0,14.347000122070312,0.0,0.0
feature.Area.og2.CWHvm_HW_CW_M,15,150,10,0.0,10000.0,1.0,1.0,14.347000122070312,0.0,0.0
feature.Area.og2.CWHvm_HW_CW_M,16,160,10,0.0,10000.0,1.0,1.0,14.347000122070312,0.0,0.0
feature.Area.og2.CWHvm_HW_CW_M,17,170,10,0.0,10000.0,1.0,1.0,14.347000122070312,0.0,0.0
feature.Area.og2.CWHvm_HW_CW_M,18,180,10,0.0,10000.0,1.0,1.0,14.347000122070312,0.0,0.0
feature.Area.og2.CWHvm_HW_CW_M,19,190,10,0.0,10000.0,1.0,1.0,14.347000122070312,0.0,0.0
feature.Area.og2.CWHvm_HW_CW_M,20,200,10,0.0,10000.0,1.0,1.0,15.793999671936035,0.0,0.0
feature.Area.og2.CWHvm_HW_CW_M,21,210,10,0.0,10000.0,1.0,1.0,15.793999671936035,0.0,0.0
feature.Area.og2.CWHvm_HW_CW_M,22,220,10,0.0,10000.0,1.0,1.0,17.75200080871582,0.0,0.0
feature.Area.og2.CWHvm_HW_CW_M,23,230,10,0.0,10000.0,1.0,1.0,17.75200080871582,0.0,0.0
feature.Area.og2.CWHvm_HW_CW_M,24,240,10,0.0,10000.0,1.0,1.0,17.75200080871582,0.0,0.0
feature.Area.og2.CWHvm_HW_CW_M,25,250,10,0.0,10000.0,1.0,1.0,17.75200080871582,0.0,0.0
feature.Area.og2.CWHvm_HW_CW_M,26,260,10,0.0,10000.0,1.0,1.0,17.75200080871582,0.0,0.0
feature.Area.og2.CWHvm_HW_CW_M,27,270,10,0.0,10000.0,1.0,1.0,17.75200080871582,0.0,0.0
feature.Area.og2.CWHvm_HW_CW_M,28,280,10,0.0,10000.0,1.0,1.0,17.75200080871582,0.0,0.0
feature.Area.og2.CWHvm_HW_CW_M,29,290,10,0.0,10000.0,1.0,1.0,12.527000427246094,0.0,0.0
feature.Area.og2.CWHvm_HW_CW_M,30,300,10,0.0,10000.0,1.0,1.0,12.527000427246094,0.0,0.0
feature.Area.og2.CWHvm_HW_FDC_H,0,0,10,0.0,10000.0,1.0,1.0,0.0,0.0,0.0
feature.Area.og2.CWHvm_HW_FDC_H,1,10,10,0.0,10000.0,1.0,1.0,0.0,0.0,0.0
feature.Area.og2.CWHvm_HW_FDC_H,2,20,10,0.0,10000.0,1.0,1.0,0.0,0.0,0.0
feature.Area.og2.CWHvm_HW_FDC_H,3,30,10,0.0,10000.0,1.0,1.0,0.0,0.0,0.0
feature.Area.og2.CWHvm_HW_FDC_H,4,40,10,0.0,10000.0,1.0,1.0,0.0,0.0,0.0
feature.Area.og2.CWHvm_HW_FDC_H,5,50,10,0.0,10000.0,1.0,1.0,0.0,0.0,0.0
feature.Area.og2.CWHvm_HW_FDC_H,6,60,10,0.0,10000.0,1.0,1.0,0.0,0.0,0.0
feature.Area.og2.CWHvm_HW_FDC_H,7,70,10,0.0,10000.0,1.0,1.0,0.0,0.0,0.0
feature.Area.og2.CWHvm_HW_FDC_H,8,80,10,0.0,10000.0,1.0,1.0,0.0,0.0,0.0
feature.Area.og2.CWHvm_HW_FDC_H,9,90,10,0.0,10000.0,1.0,1.0,0.0,0.0,0.0
feature.Area.og2.CWHvm_HW_FDC_H,10,100,10,0.0,10000.0,1.0,1.0,0.0,0.0,0.0
feature.Area.og2.CWHvm_HW_FDC_H,11,110,10,0.0,10000.0,1.0,1.0,0.0,0.0,0.0
feature.Area.og2.CWHvm_HW_FDC_H,12,120,10,0.0,10000.0,1.0,1.0,0.0,0.0,0.0
feature.Area.og2.CWHvm_HW_FDC_H,13,130,10,0.0,10000.0,1.0,1.0,15.192999839782715,0.0,0.0
feature.Area.og2.CWHvm_HW_FDC_H,14,140,10,0.0,10000.0,1.0,1.0,15.192999839782715,0.0,0.0
feature.Area.og2.CWHvm_HW_FDC_H,15,150,10,0.0,10000.0,1.0,1.0,25.979000091552734,0.0,0.0
feature.Area.og2.CWHvm_HW_FDC_H,16,160,10,0.0,10000.0,1.0,1.0,25.979000091552734,0.0,0.0
feature.Area.og2.CWHvm_HW_FDC_H,17,170,10,0.0,10000.0,1.0,1.0,25.979000091552734,0.0,0.0
feature.Area.og2.CWHvm_HW_FDC_H,18,180,10,0.0,10000.0,1.0,1.0,25.979000091552734,0.0,0.0
feature.Area.og2.CWHvm_HW_FDC_H,19,190,10,0.0,10000.0,1.0,1.0,28.2810001373291,0.0,0.0
feature.Area.og2.CWHvm_HW_FDC_H,20,200,10,0.0,10000.0,1.0,1.0,62.4739990234375,0.0,0.0
feature.Area.og2.CWHvm_HW_FDC_H,21,210,10,0.0,10000.0,1.0,1.0,108.64199829101562,0.0,0.0
feature.Area.og2.CWHvm_HW_FDC_H,22,220,10,0.0,10000.0,1.0,1.0,108.64199829101562,0.0,0.0
feature.Area.og2.CWHvm_HW_FDC_H,23,230,10,0.0,10000.0,1.0,1.0,108.64199829101562,0.0,0.0
feature.Area.og2.CWHvm_HW_FDC_H,24,240,10,0.0,10000.0,1.0,1.0,108.64199829101562,0.0,0.0
feature.Area.og2.CWHvm_HW_FDC_H,25,250,10,0.0,10000.0,1.0,1.0,108.64199829101562,0.0,0.0
feature.Area.og2.CWHvm_HW_FDC_H,26,260,10,0.0,10000.0,1.0,1.0,80.46199798583984,0.0,0.0
feature.Area.og2.CWHvm_HW_FDC_H,27,270,10,0.0,10000.0,1.0,1.0,80.46199798583984,0.0,0.0
feature.Area.og2.CWHvm_HW_FDC_H,28,280,10,0.0,10000.0,1.0,1.0,80.46199798583984,0.0,0.0
feature.Area.og2.CWHvm_HW_FDC_H,29,290,10,0.0,10000.0,1.0,1.0,80.46199798583984,0.0,0.0
feature.Area.og2.CWHvm_HW_FDC_H,30,300,10,0.0,10000.0,1.0,1.0,80.46199798583984,0.0,0.0
feature.Area.og2.CWHvm_HW_FDC_L,0,0,10,0.0,10000.0,1.0,1.0,0.0,0.0,0.0
feature.Area.og2.CWHvm_HW_FDC_L,1,10,10,0.0,10000.0,1.0,1.0,0.0,0.0,0.0
feature.Area.og2.CWHvm_HW_FDC_L,2,20,10,0.0,10000.0,1.0,1.0,3.890000104904175,0.0,0.0
feature.Area.og2.CWHvm_HW_FDC_L,3,30,10,0.0,10000.0,1.0,1.0,3.890000104904175,0.0,0.0
feature.Area.og2.CWHvm_HW_FDC_L,4,40,10,0.0,10000.0,1.0,1.0,3.890000104904175,0.0,0.0
feature.Area.og2.CWHvm_HW_FDC_L,5,50,10,0.0,10000.0,1.0,1.0,3.890000104904175,0.0,0.0
feature.Area.og2.CWHvm_HW_FDC_L,6,60,10,0.0,10000.0,1.0,1.0,3.890000104904175,0.0,0.0
feature.Area.og2.CWHvm_HW_FDC_L,7,70,10,0.0,10000.0,1.0,1.0,3.890000104904175,0.0,0.0
feature.Area.og2.CWHvm_HW_FDC_L,8,80,10,0.0,10000.0,1.0,1.0,3.890000104904175,0.0,0.0
feature.Area.og2.CWHvm_HW_FDC_L,9,90,10,0.0,10000.0,1.0,1.0,3.890000104904175,0.0,0.0
feature.Area.og2.CWHvm_HW_FDC_L,10,100,10,0.0,10000.0,1.0,1.0,10.293000221252441,0.0,0.0
feature.Area.og2.CWHvm_HW_FDC_L,11,110,10,0.0,10000.0,1.0,1.0,10.293000221252441,0.0,0.0
feature.Area.og2.CWHvm_HW_FDC_L,12,120,10,0.0,10000.0,1.0,1.0,10.293000221252441,0.0,0.0
feature.Area.og2.CWHvm_HW_FDC_L,13,130,10,0.0,10000.0,1.0,1.0,27.091999053955078,0.0,0.0
feature.Area.og2.CWHvm_HW_FDC_L,14,140,10,0.0,10000.0,1.0,1.0,20.68899917602539,0.0,0.0
feature.Area.og2.CWHvm_HW_FDC_L,15,150,10,0.0,10000.0,1.0,1.0,27.091999053955078,0.0,0.0
feature.Area.og2.CWHvm_HW_FDC_L,16,160,10,0.0,10000.0,1.0,1.0,27.091999053955078,0.0,0.0
feature.Area.og2.CWHvm_HW_FDC_L,17,170,10,0.0,10000.0,1.0,1.0,27.091999053955078,0.0,0.0
feature.Area.og2.CWHvm_HW_FDC_L,18,180,10,0.0,10000.0,1.0,1.0,36.856998443603516,0.0,0.0
feature.Area.og2.CWHvm_HW_FDC_L,19,190,10,0.0,10000.0,1.0,1.0,36.970001220703125,0.0,0.0
feature.Area.og2.CWHvm_HW_FDC_L,20,200,10,0.0,10000.0,1.0,1.0,59.41400146484375,0.0,0.0
feature.Area.og2.CWHvm_HW_FDC_L,21,210,10,0.0,10000.0,1.0,1.0,61.87300109863281,0.0,0.0
feature.Area.og2.CWHvm_HW_FDC_L,22,220,10,0.0,10000.0,1.0,1.0,61.87300109863281,0.0,0.0
feature.Area.og2.CWHvm_HW_FDC_L,23,230,10,0.0,10000.0,1.0,1.0,56.57400131225586,0.0,0.0
feature.Area.og2.CWHvm_HW_FDC_L,24,240,10,0.0,10000.0,1.0,1.0,56.57400131225586,0.0,0.0
feature.Area.og2.CWHvm_HW_FDC_L,25,250,10,0.0,10000.0,1.0,1.0,52.683998107910156,0.0,0.0
feature.Area.og2.CWHvm_HW_FDC_L,26,260,10,0.0,10000.0,1.0,1.0,49.29399871826172,0.0,0.0
feature.Area.og2.CWHvm_HW_FDC_L,27,270,10,0.0,10000.0,1.0,1.0,49.29399871826172,0.0,0.0
feature.Area.og2.CWHvm_HW_FDC_L,28,280,10,0.0,10000.0,1.0,1.0,49.29399871826172,0.0,0.0
feature.Area.og2.CWHvm_HW_FDC_L,29,290,10,0.0,10000.0,1.0,1.0,49.29399871826172,0.0,0.0
feature.Area.og2.CWHvm_HW_FDC_L,30,300,10,0.0,10000.0,1.0,1.0,42.89099884033203,0.0,0.0
feature.Area.og2.CWHvm_HW_SS_M,0,0,10,0.0,10000.0,1.0,1.0,0.0,0.0,0.0
feature.Area.og2.CWHvm_HW_SS_M,1,10,10,0.0,10000.0,1.0,1.0,0.0,0.0,0.0
feature.Area.og2.CWHvm_HW_SS_M,2,20,10,0.0,10000.0,1.0,1.0,0.0,0.0,0.0
feature.Area.og2.CWHvm_HW_SS_M,3,30,10,0.0,10000.0,1.0,1.0,0.0,0.0,0.0
feature.Area.og2.CWHvm_HW_SS_M,4,40,10,0.0,10000.0,1.0,1.0,0.0,0.0,0.0
feature.Area.og2.CWHvm_HW_SS_M,5,50,10,0.0,10000.0,1.0,1.0,0.0,0.0,0.0
feature.Area.og2.CWHvm_HW_SS_M,6,60,10,0.0,10000.0,1.0,1.0,0.0,0.0,0.0
feature.Area.og2.CWHvm_HW_SS_M,7,70,10,0.0,10000.0,1.0,1.0,0.0,0.0,0.0
feature.Area.og2.CWHvm_HW_SS_M,8,80,10,0.0,10000.0,1.0,1.0,0.0,0.0,0.0
feature.Area.og2.CWHvm_HW_SS_M,9,90,10,0.0,10000.0,1.0,1.0,0.0,0.0,0.0
feature.Area.og2.CWHvm_HW_SS_M,10,100,10,0.0,10000.0,1.0,1.0,0.0,0.0,0.0
feature.Area.og2.CWHvm_HW_SS_M,11,110,10,0.0,10000.0,1.0,1.0,0.0,0.0,0.0
feature.Area.og2.CWHvm_HW_SS_M,12,120,10,0.0,10000.0,1.0,1.0,0.0,0.0,0.0
feature.Area.og2.CWHvm_HW_SS_M,13,130,10,0.0,10000.0,1.0,1.0,0.0,0.0,0.0
feature.Area.og2.CWHvm_HW_SS_M,14,140,10,0.0,10000.0,1.0,1.0,0.0,0.0,0.0
feature.Area.og2.CWHvm_HW_SS_M,15,150,10,0.0,10000.0,1.0,1.0,0.0,0.0,0.0
feature.Area.og2.CWHvm_HW_SS_M,16,160,10,0.0,10000.0,1.0,1.0,0.0,0.0,0.0
feature.Area.og2.CWHvm_HW_SS_M,17,170,10,0.0,10000.0,1.0,1.0,0.0,0.0,0.0
feature.Area.og2.CWHvm_HW_SS_M,18,180,10,0.0,10000.0,1.0,1.0,0.0,0.0,0.0
feature.Area.og2.CWHvm_HW_SS_M,19,190,10,0.0,10000.0,1.0,1.0,4.995999813079834,0.0,0.0
feature.Area.og2.CWHvm_HW_SS_M,20,200,10,0.0,10000.0,1.0,1.0,4.995999813079834,0.0,0.0
feature.Area.og2.CWHvm_HW_SS_M,21,210,10,0.0,10000.0,1.0,1.0,5.5960001945495605,0.0,0.0
feature.Area.og2.CWHvm_HW_SS_M,22,220,10,0.0,10000.0,1.0,1.0,5.5960001945495605,0.0,0.0
feature.Area.og2.CWHvm_HW_SS_M,23,230,10,0.0,10000.0,1.0,1.0,5.5960001945495605,0.0,0.0
feature.Area.og2.CWHvm_HW_SS_M,24,240,10,0.0,10000.0,1.0,1.0,5.5960001945495605,0.0,0.0
feature.Area.og2.CWHvm_HW_SS_M,25,250,10,0.0,10000.0,1.0,1.0,5.5960001945495605,0.0,0.0
feature.Area.og2.CWHvm_HW_SS_M,26,260,10,0.0,10000.0,1.0,1.0,5.5960001945495605,0.0,0.0
feature.Area.og2.CWHvm_HW_SS_M,27,270,10,0.0,10000.0,1.0,1.0,5.5960001945495605,0.0,0.0
feature.Area.og2.CWHvm_HW_SS_M,28,280,10,0.0,10000.0,1.0,1.0,5.5960001945495605,0.0,0.0
feature.Area.og2.CWHvm_HW_SS_M,29,290,10,0.0,10000.0,1.0,1.0,5.5960001945495605,0.0,0.0
feature.Area.og2.CWHvm_HW_SS_M,30,300,10,0.0,10000.0,1.0,1.0,5.5960001945495605,0.0,0.0
feature.Area.og2.total,0,0,10,32.5,10000.0,1.0,1.0,250.70700073242188,0.0,0.0
feature.Area.og2.total,1,10,10,32.5,10000.0,1.0,1.0,255.84500122070312,0.0,0.0
feature.Area.og2.total,2,20,10,32.5,10000.0,1.0,1.0,315.05999755859375,0.0,0.0
feature.Area.og2.total,3,30,10,32.5,10000.0,1.0,1.0,313.38299560546875,0.0,0.0
feature.Area.og2.total,4,40,10,32.5,10000.0,1.0,1.0,309.0169982910156,0.0,0.0
feature.Area.og2.total,5,50,10,32.5,10000.0,1.0,1.0,308.63800048828125,0.0,0.0
feature.Area.og2.total,6,60,10,32.5,10000.0,1.0,1.0,304.7650146484375,0.0,0.0
feature.Area.og2.total,7,70,10,32.5,10000.0,1.0,1.0,302.4989929199219,0.0,0.0
feature.Area.og2.total,8,80,10,32.5,10000.0,1.0,1.0,322.0610046386719,0.0,0.0
feature.Area.og2.total,9,90,10,32.5,10000.0,1.0,1.0,322.0610046386719,0.0,0.0
feature.Area.og2.total,10,100,10,32.5,10000.0,1.0,1.0,328.4639892578125,0.0,0.0
feature.Area.og2.total,11,110,10,32.5,10000.0,1.0,1.0,328.4639892578125,0.0,0.0
feature.Area.og2.total,12,120,10,32.5,10000.0,1.0,1.0,328.4639892578125,0.0,0.0
feature.Area.og2.total,13,130,10,32.5,10000.0,1.0,1.0,392.9519958496094,0.0,0.0
feature.Area.og2.total,14,140,10,32.5,10000.0,1.0,1.0,374.87701416015625,0.0,0.0
feature.Area.og2.total,15,150,10,32.5,10000.0,1.0,1.0,399.2099914550781,0.0,0.0
feature.Area.og2.total,16,160,10,32.5,10000.0,1.0,1.0,399.2099914550781,0.0,0.0
feature.Area.og2.total,17,170,10,32.5,10000.0,1.0,1.0,399.2099914550781,0.0,0.0
feature.Area.og2.total,18,180,10,32.5,10000.0,1.0,1.0,407.72601318359375,0.0,0.0
feature.Area.og2.total,19,190,10,32.5,10000.0,1.0,1.0,430.0320129394531,0.0,0.0
feature.Area.og2.total,20,200,10,32.5,10000.0,1.0,1.0,647.6810302734375,0.0,0.0
feature.Area.og2.total,21,210,10,32.5,10000.0,1.0,1.0,788.8670043945312,0.0,0.0
feature.Area.og2.total,22,220,10,32.5,10000.0,1.0,1.0,773.3709716796875,0.0,0.0
feature.Area.og2.total,23,230,10,32.5,10000.0,1.0,1.0,768.072021484375,0.0,0.0
feature.Area.og2.total,24,240,10,32.5,10000.0,1.0,1.0,768.072021484375,0.0,0.0
feature.Area.og2.total,25,250,10,32.5,10000.0,1.0,1.0,764.1820068359375,0.0,0.0
feature.Area.og2.total,26,260,10,32.5,10000.0,1.0,1.0,732.6119995117188,0.0,0.0
feature.Area.og2.total,27,270,10,32.5,10000.0,1.0,1.0,731.97802734375,0.0,0.0
feature.Area.og2.total,28,280,10,32.5,10000.0,1.0,1.0,729.5230102539062,0.0,0.0
feature.Area.og2.total,29,290,10,32.5,10000.0,1.0,1.0,717.6630249023438,0.0,0.0
feature.Area.og2.total,30,300,10,32.5,10000.0,1.0,1.0,720.781982421875,0.0,0.0
feature.Area.managed,0,0,10,0.0,10000.0,1.0,1.0,1401.4189453125,0.0,0.0
feature.Area.managed,1,10,10,0.0,10000.0,1.0,1.0,1401.4189453125,0.0,0.0
feature.Area.managed,2,20,10,0.0,10000.0,1.0,1.0,1401.4189453125,0.0,0.0
feature.Area.managed,3,30,10,0.0,10000.0,1.0,1.0,1401.4189453125,0.0,0.0
feature.Area.managed,4,40,10,0.0,10000.0,1.0,1.0,1401.4189453125,0.0,0.0
feature.Area.managed,5,50,10,0.0,10000.0,1.0,1.0,1401.4189453125,0.0,0.0
feature.Area.managed,6,60,10,0.0,10000.0,1.0,1.0,1401.4189453125,0.0,0.0
feature.Area.managed,7,70,10,0.0,10000.0,1.0,1.0,1401.4189453125,0.0,0.0
feature.Area.managed,8,80,10,0.0,10000.0,1.0,1.0,1401.4189453125,0.0,0.0
feature.Area.managed,9,90,10,0.0,10000.0,1.0,1.0,1401.4189453125,0.0,0.0
feature.Area.managed,10,100,10,0.0,10000.0,1.0,1.0,1401.4189453125,0.0,0.0
feature.Area.managed,11,110,10,0.0,10000.0,1.0,1.0,1401.4189453125,0.0,0.0
feature.Area.managed,12,120,10,0.0,10000.0,1.0,1.0,1401.4189453125,0.0,0.0
feature.Area.managed,13,130,10,0.0,10000.0,1.0,1.0,1401.4189453125,0.0,0.0
feature.Area.managed,14,140,10,0.0,10000.0,1.0,1.0,1401.4189453125,0.0,0.0
feature.Area.managed,15,150,10,0.0,10000.0,1.0,1.0,1401.4189453125,0.0,0.0
feature.Area.managed,16,160,10,0.0,10000.0,1.0,1.0,1401.4189453125,0.0,0.0
feature.Area.managed,17,170,10,0.0,10000.0,1.0,1.0,1401.4189453125,0.0,0.0
feature.Area.managed,18,180,10,0.0,10000.0,1.0,1.0,1401.4189453125,0.0,0.0
feature.Area.managed,19,190,10,0.0,10000.0,1.0,1.0,1401.4189453125,0.0,0.0
feature.Area.managed,20,200,10,0.0,10000.0,1.0,1.0,1401.4189453125,0.0,0.0
feature.Area.managed,21,210,10,0.0,10000.0,1.0,1.0,1401.4189453125,0.0,0.0
feature.Area.managed,22,220,10,0.0,10000.0,1.0,1.0,1401.4189453125,0.0,0.0
feature.Area.managed,23,230,10,0.0,10000.0,1.0,1.0,1401.4189453125,0.0,0.0
feature.Area.managed,24,240,10,0.0,10000.0,1.0,1.0,1401.4189453125,0.0,0.0
feature.Area.managed,25,250,10,0.0,10000.0,1.0,1.0,1401.4189453125,0.0,0.0
feature.Area.managed,26,260,10,0.0,10000.0,1.0,1.0,1401.4189453125,0.0,0.0
feature.Area.managed,27,270,10,0.0,10000.0,1.0,1.0,1401.4189453125,0.0,0.0
feature.Area.managed,28,280,10,0.0,10000.0,1.0,1.0,1401.4189453125,0.0,0.0
feature.Area.managed,29,290,10,0.0,10000.0,1.0,1.0,1401.4189453125,0.0,0.0
feature.Area.managed,30,300,10,0.0,10000.0,1.0,1.0,1401.4189453125,0.0,0.0
feature.Area.unmanaged,0,0,10,0.0,10000.0,1.0,1.0,379.8999938964844,0.0,0.0
feature.Area.unmanaged,1,10,10,0.0,10000.0,1.0,1.0,379.8999938964844,0.0,0.0
feature.Area.unmanaged,2,20,10,0.0,10000.0,1.0,1.0,379.8999938964844,0.0,0.0
feature.Area.unmanaged,3,30,10,0.0,10000.0,1.0,1.0,379.8999938964844,0.0,0.0
feature.Area.unmanaged,4,40,10,0.0,10000.0,1.0,1.0,379.8999938964844,0.0,0.0
feature.Area.unmanaged,5,50,10,0.0,10000.0,1.0,1.0,379.8999938964844,0.0,0.0
feature.Area.unmanaged,6,60,10,0.0,10000.0,1.0,1.0,379.8999938964844,0.0,0.0
feature.Area.unmanaged,7,70,10,0.0,10000.0,1.0,1.0,379.8999938964844,0.0,0.0
feature.Area.unmanaged,8,80,10,0.0,10000.0,1.0,1.0,379.8999938964844,0.0,0.0
feature.Area.unmanaged,9,90,10,0.0,10000.0,1.0,1.0,379.8999938964844,0.0,0.0
feature.Area.unmanaged,10,100,10,0.0,10000.0,1.0,1.0,379.8999938964844,0.0,0.0
feature.Area.unmanaged,11,110,10,0.0,10000.0,1.0,1.0,379.8999938964844,0.0,0.0
feature.Area.unmanaged,12,120,10,0.0,10000.0,1.0,1.0,379.8999938964844,0.0,0.0
feature.Area.unmanaged,13,130,10,0.0,10000.0,1.0,1.0,379.8999938964844,0.0,0.0
feature.Area.unmanaged,14,140,10,0.0,10000.0,1.0,1.0,379.8999938964844,0.0,0.0
feature.Area.unmanaged,15,150,10,0.0,10000.0,1.0,1.0,379.8999938964844,0.0,0.0
feature.Area.unmanaged,16,160,10,0.0,10000.0,1.0,1.0,379.8999938964844,0.0,0.0
feature.Area.unmanaged,17,170,10,0.0,10000.0,1.0,1.0,379.8999938964844,0.0,0.0
feature.Area.unmanaged,18,180,10,0.0,10000.0,1.0,1.0,379.8999938964844,0.0,0.0
feature.Area.unmanaged,19,190,10,0.0,10000.0,1.0,1.0,379.8999938964844,0.0,0.0
feature.Area.unmanaged,20,200,10,0.0,10000.0,1.0,1.0,379.8999938964844,0.0,0.0
feature.Area.unmanaged,21,210,10,0.0,10000.0,1.0,1.0,379.8999938964844,0.0,0.0
feature.Area.unmanaged,22,220,10,0.0,10000.0,1.0,1.0,379.8999938964844,0.0,0.0
feature.Area.unmanaged,23,230,10,0.0,10000.0,1.0,1.0,379.8999938964844,0.0,0.0
feature.Area.unmanaged,24,240,10,0.0,10000.0,1.0,1.0,379.8999938964844,0.0,0.0
feature.Area.unmanaged,25,250,10,0.0,10000.0,1.0,1.0,379.8999938964844,0.0,0.0
feature.Area.unmanaged,26,260,10,0.0,10000.0,1.0,1.0,379.8999938964844,0.0,0.0
feature.Area.unmanaged,27,270,10,0.0,10000.0,1.0,1.0,379.8999938964844,0.0,0.0
feature.Area.unmanaged,28,280,10,0.0,10000.0,1.0,1.0,379.8999938964844,0.0,0.0
feature.Area.unmanaged,29,290,10,0.0,10000.0,1.0,1.0,379.8999938964844,0.0,0.0
feature.Area.unmanaged,30,300,10,0.0,10000.0,1.0,1.0,379.8999938964844,0.0,0.0
feature.Height.managed.CWHvm_CW_HW_M,0,0,10,0.0,10000.0,1.0,1.0,18.697999954223633,0.0,0.0
feature.Height.managed.CWHvm_CW_HW_M,1,10,10,0.0,10000.0,1.0,1.0,20.3799991607666,0.0,0.0
feature.Height.managed.CWHvm_CW_HW_M,2,20,10,0.0,10000.0,1.0,1.0,22.165000915527344,0.0,0.0
feature.Height.managed.CWHvm_CW_HW_M,3,30,10,0.0,10000.0,1.0,1.0,23.76799964904785,0.0,0.0
feature.Height.managed.CWHvm_CW_HW_M,4,40,10,0.0,10000.0,1.0,1.0,25.211000442504883,0.0,0.0
feature.Height.managed.CWHvm_CW_HW_M,5,50,10,0.0,10000.0,1.0,1.0,26.51799964904785,0.0,0.0
feature.Height.managed.CWHvm_CW_HW_M,6,60,10,0.0,10000.0,1.0,1.0,27.683000564575195,0.0,0.0
feature.Height.managed.CWHvm_CW_HW_M,7,70,10,0.0,10000.0,1.0,1.0,23.884000778198242,0.0,0.0
feature.Height.managed.CWHvm_CW_HW_M,8,80,10,0.0,10000.0,1.0,1.0,25.121000289916992,0.0,0.0
feature.Height.managed.CWHvm_CW_HW_M,9,90,10,0.0,10000.0,1.0,1.0,26.39299964904785,0.0,0.0
feature.Height.managed.CWHvm_CW_HW_M,10,100,10,0.0,10000.0,1.0,1.0,27.597999572753906,0.0,0.0
feature.Height.managed.CWHvm_CW_HW_M,11,110,10,0.0,10000.0,1.0,1.0,28.695999145507812,0.0,0.0
feature.Height.managed.CWHvm_CW_HW_M,12,120,10,0.0,10000.0,1.0,1.0,29.670000076293945,0.0,0.0
feature.Height.managed.CWHvm_CW_HW_M,13,130,10,0.0,10000.0,1.0,1.0,30.34000015258789,0.0,0.0
feature.Height.managed.CWHvm_CW_HW_M,14,140,10,0.0,10000.0,1.0,1.0,29.486000061035156,0.0,0.0
feature.Height.managed.CWHvm_CW_HW_M,15,150,10,0.0,10000.0,1.0,1.0,29.740999221801758,0.0,0.0
feature.Height.managed.CWHvm_CW_HW_M,16,160,10,0.0,10000.0,1.0,1.0,30.625,0.0,0.0
feature.Height.managed.CWHvm_CW_HW_M,17,170,10,0.0,10000.0,1.0,1.0,31.444000244140625,0.0,0.0
feature.Height.managed.CWHvm_CW_HW_M,18,180,10,0.0,10000.0,1.0,1.0,32.183998107910156,0.0,0.0
feature.Height.managed.CWHvm_CW_HW_M,19,190,10,0.0,10000.0,1.0,1.0,31.98900032043457,0.0,0.0
feature.Height.managed.CWHvm_CW_HW_M,20,200,10,0.0,10000.0,1.0,1.0,27.44099998474121,0.0,0.0
feature.Height.managed.CWHvm_CW_HW_M,21,210,10,0.0,10000.0,1.0,1.0,28.406999588012695,0.0,0.0
feature.Height.managed.CWHvm_CW_HW_M,22,220,10,0.0,10000.0,1.0,1.0,29.464000701904297,0.0,0.0
feature.Height.managed.CWHvm_CW_HW_M,23,230,10,0.0,10000.0,1.0,1.0,30.47800064086914,0.0,0.0
feature.Height.managed.CWHvm_CW_HW_M,24,240,10,0.0,10000.0,1.0,1.0,31.180999755859375,0.0,0.0
feature.Height.managed.CWHvm_CW_HW_M,25,250,10,0.0,10000.0,1.0,1.0,32.01100158691406,0.0,0.0
feature.Height.managed.CWHvm_CW_HW_M,26,260,10,0.0,10000.0,1.0,1.0,32.65800094604492,0.0,0.0
feature.Height.managed.CWHvm_CW_HW_M,27,270,10,0.0,10000.0,1.0,1.0,31.788000106811523,0.0,0.0
feature.Height.managed.CWHvm_CW_HW_M,28,280,10,0.0,10000.0,1.0,1.0,31.68600082397461,0.0,0.0
feature.Height.managed.CWHvm_CW_HW_M,29,290,10,0.0,10000.0,1.0,1.0,32.415000915527344,0.0,0.0
feature.Height.managed.CWHvm_CW_HW_M,30,300,10,0.0,10000.0,1.0,1.0,33.09299850463867,0.0,0.0
feature.Height.managed.CWHvm_DR_HW_M,0,0,10,0.0,10000.0,1.0,1.0,23.472999572753906,0.0,0.0
feature.Height.managed.CWHvm_DR_HW_M,1,10,10,0.0,10000.0,1.0,1.0,26.93199920654297,0.0,0.0
feature.Height.managed.CWHvm_DR_HW_M,2,20,10,0.0,10000.0,1.0,1.0,27.638999938964844,0.0,0.0
feature.Height.managed.CWHvm_DR_HW_M,3,30,10,0.0,10000.0,1.0,1.0,23.867000579833984,0.0,0.0
feature.Height.managed.CWHvm_DR_HW_M,4,40,10,0.0,10000.0,1.0,1.0,23.74799919128418,0.0,0.0
feature.Height.managed.CWHvm_DR_HW_M,5,50,10,0.0,10000.0,1.0,1.0,27.125999450683594,0.0,0.0
feature.Height.managed.CWHvm_DR_HW_M,6,60,10,0.0,10000.0,1.0,1.0,30.191999435424805,0.0,0.0
feature.Height.managed.CWHvm_DR_HW_M,7,70,10,0.0,10000.0,1.0,1.0,32.81700134277344,0.0,0.0
feature.Height.managed.CWHvm_DR_HW_M,8,80,10,0.0,10000.0,1.0,1.0,35.053001403808594,0.0,0.0
feature.Height.managed.CWHvm_DR_HW_M,9,90,10,0.0,10000.0,1.0,1.0,35.8380012512207,0.0,0.0
feature.Height.managed.CWHvm_DR_HW_M,10,100,10,0.0,10000.0,1.0,1.0,35.222999572753906,0.0,0.0
feature.Height.managed.CWHvm_DR_HW_M,11,110,10,0.0,10000.0,1.0,1.0,28.31399917602539,0.0,0.0
feature.Height.managed.CWHvm_DR_HW_M,12,120,10,0.0,10000.0,1.0,1.0,23.2450008392334,0.0,0.0
feature.Height.managed.CWHvm_DR_HW_M,13,130,10,0.0,10000.0,1.0,1.0,26.46299934387207,0.0,0.0
feature.Height.managed.CWHvm_DR_HW_M,14,140,10,0.0,10000.0,1.0,1.0,29.770999908447266,0.0,0.0
feature.Height.managed.CWHvm_DR_HW_M,15,150,10,0.0,10000.0,1.0,1.0,32.650001525878906,0.0,0.0
feature.Height.managed.CWHvm_DR_HW_M,16,160,10,0.0,10000.0,1.0,1.0,33.43000030517578,0.0,0.0
feature.Height.managed.CWHvm_DR_HW_M,17,170,10,0.0,10000.0,1.0,1.0,35.6619987487793,0.0,0.0
feature.Height.managed.CWHvm_DR_HW_M,18,180,10,0.0,10000.0,1.0,1.0,37.62300109863281,0.0,0.0
feature.Height.managed.CWHvm_DR_HW_M,19,190,10,0.0,10000.0,1.0,1.0,22.152999877929688,0.0,0.0
feature.Height.managed.CWHvm_DR_HW_M,20,200,10,0.0,10000.0,1.0,1.0,23.010000228881836,0.0,0.0
feature.Height.managed.CWHvm_DR_HW_M,21,210,10,0.0,10000.0,1.0,1.0,26.638999938964844,0.0,0.0
feature.Height.managed.CWHvm_DR_HW_M,22,220,10,0.0,10000.0,1.0,1.0,30.084999084472656,0.0,0.0
feature.Height.managed.CWHvm_DR_HW_M,23,230,10,0.0,10000.0,1.0,1.0,33.02799987792969,0.0,0.0
feature.Height.managed.CWHvm_DR_HW_M,24,240,10,0.0,10000.0,1.0,1.0,35.474998474121094,0.0,0.0
feature.Height.managed.CWHvm_DR_HW_M,25,250,10,0.0,10000.0,1.0,1.0,37.54999923706055,0.0,0.0
feature.Height.managed.CWHvm_DR_HW_M,26,260,10,0.0,10000.0,1.0,1.0,36.29800033569336,0.0,0.0
feature.Height.managed.CWHvm_DR_HW_M,27,270,10,0.0,10000.0,1.0,1.0,36.917999267578125,0.0,0.0
feature.Height.managed.CWHvm_DR_HW_M,28,280,10,0.0,10000.0,1.0,1.0,33.14899826049805,0.0,0.0
feature.Height.managed.CWHvm_DR_HW_M,29,290,10,0.0,10000.0,1.0,1.0,31.895999908447266,0.0,0.0
feature.Height.managed.CWHvm_DR_HW_M,30,300,10,0.0,10000.0,1.0,1.0,29.232999801635742,0.0,0.0
feature.Height.managed.CWHvm_FDC_HW_H,0,0,10,0.0,10000.0,1.0,1.0,34.21500015258789,0.0,0.0
feature.Height.managed.CWHvm_FDC_HW_H,1,10,10,0.0,10000.0,1.0,1.0,34.529998779296875,0.0,0.0
feature.Height.managed.CWHvm_FDC_HW_H,2,20,10,0.0,10000.0,1.0,1.0,37.00299835205078,0.0,0.0
feature.Height.managed.CWHvm_FDC_HW_H,3,30,10,0.0,10000.0,1.0,1.0,40.99100112915039,0.0,0.0
feature.Height.managed.CWHvm_FDC_HW_H,4,40,10,0.0,10000.0,1.0,1.0,44.5,0.0,0.0
feature.Height.managed.CWHvm_FDC_HW_H,5,50,10,0.0,10000.0,1.0,1.0,47.12799835205078,0.0,0.0
feature.Height.managed.CWHvm_FDC_HW_H,6,60,10,0.0,10000.0,1.0,1.0,34.849998474121094,0.0,0.0
feature.Height.managed.CWHvm_FDC_HW_H,7,70,10,0.0,10000.0,1.0,1.0,36.766998291015625,0.0,0.0
feature.Height.managed.CWHvm_FDC_HW_H,8,80,10,0.0,10000.0,1.0,1.0,41.000999450683594,0.0,0.0
feature.Height.managed.CWHvm_FDC_HW_H,9,90,10,0.0,10000.0,1.0,1.0,42.99800109863281,0.0,0.0
feature.Height.managed.CWHvm_FDC_HW_H,10,100,10,0.0,10000.0,1.0,1.0,46.395999908447266,0.0,0.0
feature.Height.managed.CWHvm_FDC_HW_H,11,110,10,0.0,10000.0,1.0,1.0,49.327999114990234,0.0,0.0
feature.Height.managed.CWHvm_FDC_HW_H,12,120,10,0.0,10000.0,1.0,1.0,46.367000579833984,0.0,0.0
feature.Height.managed.CWHvm_FDC_HW_H,13,130,10,0.0,10000.0,1.0,1.0,48.89099884033203,0.0,0.0
feature.Height.managed.CWHvm_FDC_HW_H,14,140,10,0.0,10000.0,1.0,1.0,50.064998626708984,0.0,0.0
feature.Height.managed.CWHvm_FDC_HW_H,15,150,10,0.0,10000.0,1.0,1.0,52.50299835205078,0.0,0.0
feature.Height.managed.CWHvm_FDC_HW_H,16,160,10,0.0,10000.0,1.0,1.0,52.891998291015625,0.0,0.0
feature.Height.managed.CWHvm_FDC_HW_H,17,170,10,0.0,10000.0,1.0,1.0,54.9379997253418,0.0,0.0
feature.Height.managed.CWHvm_FDC_HW_H,18,180,10,0.0,10000.0,1.0,1.0,51.481998443603516,0.0,0.0
feature.Height.managed.CWHvm_FDC_HW_H,19,190,10,0.0,10000.0,1.0,1.0,47.862998962402344,0.0,0.0
feature.Height.managed.CWHvm_FDC_HW_H,20,200,10,0.0,10000.0,1.0,1.0,50.48699951171875,0.0,0.0
feature.Height.managed.CWHvm_FDC_HW_H,21,210,10,0.0,10000.0,1.0,1.0,51.83599853515625,0.0,0.0
feature.Height.managed.CWHvm_FDC_HW_H,22,220,10,0.0,10000.0,1.0,1.0,45.85499954223633,0.0,0.0
feature.Height.managed.CWHvm_FDC_HW_H,23,230,10,0.0,10000.0,1.0,1.0,48.612998962402344,0.0,0.0
feature.Height.managed.CWHvm_FDC_HW_H,24,240,10,0.0,10000.0,1.0,1.0,45.84000015258789,0.0,0.0
feature.Height.managed.CWHvm_FDC_HW_H,25,250,10,0.0,10000.0,1.0,1.0,47.60100173950195,0.0,0.0
feature.Height.managed.CWHvm_FDC_HW_H,26,260,10,0.0,10000.0,1.0,1.0,50.72800064086914,0.0,0.0
feature.Height.managed.CWHvm_FDC_HW_H,27,270,10,0.0,10000.0,1.0,1.0,53.50400161743164,0.0,0.0
feature.Height.managed.CWHvm_FDC_HW_H,28,280,10,0.0,10000.0,1.0,1.0,55.880001068115234,0.0,0.0
feature.Height.managed.CWHvm_FDC_HW_H,29,290,10,0.0,10000.0,1.0,1.0,53.26300048828125,0.0,0.0
feature.Height.managed.CWHvm_FDC_HW_H,30,300,10,0.0,10000.0,1.0,1.0,49.81399917602539,0.0,0.0
feature.Height.managed.CWHvm_FDC_HW_L,0,0,10,0.0,10000.0,1.0,1.0,28.417999267578125,0.0,0.0
feature.Height.managed.CWHvm_FDC_HW_L,1,10,10,0.0,10000.0,1.0,1.0,30.986000061035156,0.0,0.0
feature.Height.managed.CWHvm_FDC_HW_L,2,20,10,0.0,10000.0,1.0,1.0,33.19200134277344,0.0,0.0
feature.Height.managed.CWHvm_FDC_HW_L,3,30,10,0.0,10000.0,1.0,1.0,31.424999237060547,0.0,0.0
feature.Height.managed.CWHvm_FDC_HW_L,4,40,10,0.0,10000.0,1.0,1.0,33.500999450683594,0.0,0.0
feature.Height.managed.CWHvm_FDC_HW_L,5,50,10,0.0,10000.0,1.0,1.0,31.413999557495117,0.0,0.0
feature.Height.managed.CWHvm_FDC_HW_L,6,60,10,0.0,10000.0,1.0,1.0,32.231998443603516,0.0,0.0
feature.Height.managed.CWHvm_FDC_HW_L,7,70,10,0.0,10000.0,1.0,1.0,33.573001861572266,0.0,0.0
feature.Height.managed.CWHvm_FDC_HW_L,8,80,10,0.0,10000.0,1.0,1.0,35.474998474121094,0.0,0.0
feature.Height.managed.CWHvm_FDC_HW_L,9,90,10,0.0,10000.0,1.0,1.0,37.21799850463867,0.0,0.0
feature.Height.managed.CWHvm_FDC_HW_L,10,100,10,0.0,10000.0,1.0,1.0,37.53200149536133,0.0,0.0
feature.Height.managed.CWHvm_FDC_HW_L,11,110,10,0.0,10000.0,1.0,1.0,38.93899917602539,0.0,0.0
feature.Height.managed.CWHvm_FDC_HW_L,12,120,10,0.0,10000.0,1.0,1.0,37.98699951171875,0.0,0.0
feature.Height.managed.CWHvm_FDC_HW_L,13,130,10,0.0,10000.0,1.0,1.0,38.98699951171875,0.0,0.0
feature.Height.managed.CWHvm_FDC_HW_L,14,140,10,0.0,10000.0,1.0,1.0,40.36399841308594,0.0,0.0
feature.Height.managed.CWHvm_FDC_HW_L,15,150,10,0.0,10000.0,1.0,1.0,36.1619987487793,0.0,0.0
feature.Height.managed.CWHvm_FDC_HW_L,16,160,10,0.0,10000.0,1.0,1.0,36.13399887084961,0.0,0.0
feature.Height.managed.CWHvm_FDC_HW_L,17,170,10,0.0,10000.0,1.0,1.0,37.90999984741211,0.0,0.0
feature.Height.managed.CWHvm_FDC_HW_L,18,180,10,0.0,10000.0,1.0,1.0,39.50699996948242,0.0,0.0
feature.Height.managed.CWHvm_FDC_HW_L,19,190,10,0.0,10000.0,1.0,1.0,40.928001403808594,0.0,0.0
feature.Height.managed.CWHvm_FDC_HW_L,20,200,10,0.0,10000.0,1.0,1.0,42.154998779296875,0.0,0.0
feature.Height.managed.CWHvm_FDC_HW_L,21,210,10,0.0,10000.0,1.0,1.0,15.781000137329102,0.0,0.0
feature.Height.managed.CWHvm_FDC_HW_L,22,220,10,0.0,10000.0,1.0,1.0,18.746000289916992,0.0,0.0
feature.Height.managed.CWHvm_FDC_HW_L,23,230,10,0.0,10000.0,1.0,1.0,21.71299934387207,0.0,0.0
feature.Height.managed.CWHvm_FDC_HW_L,24,240,10,0.0,10000.0,1.0,1.0,23.22100067138672,0.0,0.0
feature.Height.managed.CWHvm_FDC_HW_L,25,250,10,0.0,10000.0,1.0,1.0,24.326000213623047,0.0,0.0
feature.Height.managed.CWHvm_FDC_HW_L,26,260,10,0.0,10000.0,1.0,1.0,24.048999786376953,0.0,0.0
feature.Height.managed.CWHvm_FDC_HW_L,27,270,10,0.0,10000.0,1.0,1.0,25.409000396728516,0.0,0.0
feature.Height.managed.CWHvm_FDC_HW_L,28,280,10,0.0,10000.0,1.0,1.0,28.30500030517578,0.0,0.0
feature.Height.managed.CWHvm_FDC_HW_L,29,290,10,0.0,10000.0,1.0,1.0,30.08300018310547,0.0,0.0
feature.Height.managed.CWHvm_FDC_HW_L,30,300,10,0.0,10000.0,1.0,1.0,32.46799850463867,0.0,0.0
feature.Height.managed.CWHvm_FDC_HW_M,0,0,10,0.0,10000.0,1.0,1.0,31.767000198364258,0.0,0.0
feature.Height.managed.CWHvm_FDC_HW_M,1,10,10,0.0,10000.0,1.0,1.0,28.1200008392334,0.0,0.0
feature.Height.managed.CWHvm_FDC_HW_M,2,20,10,0.0,10000.0,1.0,1.0,31.823999404907227,0.0,0.0
feature.Height.managed.CWHvm_FDC_HW_M,3,30,10,0.0,10000.0,1.0,1.0,26.014999389648438,0.0,0.0
feature.Height.managed.CWHvm_FDC_HW_M,4,40,10,0.0,10000.0,1.0,1.0,23.444000244140625,0.0,0.0
feature.Height.managed.CWHvm_FDC_HW_M,5,50,10,0.0,10000.0,1.0,1.0,25.79599952697754,0.0,0.0
feature.Height.managed.CWHvm_FDC_HW_M,6,60,10,0.0,10000.0,1.0,1.0,30.753999710083008,0.0,0.0
feature.Height.managed.CWHvm_FDC_HW_M,7,70,10,0.0,10000.0,1.0,1.0,33.090999603271484,0.0,0.0
feature.Height.managed.CWHvm_FDC_HW_M,8,80,10,0.0,10000.0,1.0,1.0,28.158000946044922,0.0,0.0
feature.Height.managed.CWHvm_FDC_HW_M,9,90,10,0.0,10000.0,1.0,1.0,17.357999801635742,0.0,0.0
feature.Height.managed.CWHvm_FDC_HW_M,10,100,10,0.0,10000.0,1.0,1.0,21.746000289916992,0.0,0.0
feature.Height.managed.CWHvm_FDC_HW_M,11,110,10,0.0,10000.0,1.0,1.0,21.374000549316406,0.0,0.0
feature.Height.managed.CWHvm_FDC_HW_M,12,120,10,0.0,10000.0,1.0,1.0,26.81599998474121,0.0,0.0
feature.Height.managed.CWHvm_FDC_HW_M,13,130,10,0.0,10000.0,1.0,1.0,29.535999298095703,0.0,0.0
feature.Height.managed.CWHvm_FDC_HW_M,14,140,10,0.0,10000.0,1.0,1.0,33.816001892089844,0.0,0.0
feature.Height.managed.CWHvm_FDC_HW_M,15,150,10,0.0,10000.0,1.0,1.0,37.637001037597656,0.0,0.0
feature.Height.managed.CWHvm_FDC_HW_M,16,160,10,0.0,10000.0,1.0,1.0,30.32699966430664,0.0,0.0
feature.Height.managed.CWHvm_FDC_HW_M,17,170,10,0.0,10000.0,1.0,1.0,21.065000534057617,0.0,0.0
feature.Height.managed.CWHvm_FDC_HW_M,18,180,10,0.0,10000.0,1.0,1.0,24.108999252319336,0.0,0.0
feature.Height.managed.CWHvm_FDC_HW_M,19,190,10,0.0,10000.0,1.0,1.0,24.91699981689453,0.0,0.0
feature.Height.managed.CWHvm_FDC_HW_M,20,200,10,0.0,10000.0,1.0,1.0,29.948999404907227,0.0,0.0
feature.Height.managed.CWHvm_FDC_HW_M,21,210,10,0.0,10000.0,1.0,1.0,34.45800018310547,0.0,0.0
feature.Height.managed.CWHvm_FDC_HW_M,22,220,10,0.0,10000.0,1.0,1.0,30.423999786376953,0.0,0.0
feature.Height.managed.CWHvm_FDC_HW_M,23,230,10,0.0,10000.0,1.0,1.0,15.104000091552734,0.0,0.0
feature.Height.managed.CWHvm_FDC_HW_M,24,240,10,0.0,10000.0,1.0,1.0,15.505000114440918,0.0,0.0
feature.Height.managed.CWHvm_FDC_HW_M,25,250,10,0.0,10000.0,1.0,1.0,21.283000946044922,0.0,0.0
feature.Height.managed.CWHvm_FDC_HW_M,26,260,10,0.0,10000.0,1.0,1.0,27.051000595092773,0.0,0.0
feature.Height.managed.CWHvm_FDC_HW_M,27,270,10,0.0,10000.0,1.0,1.0,27.461999893188477,0.0,0.0
feature.Height.managed.CWHvm_FDC_HW_M,28,280,10,0.0,10000.0,1.0,1.0,31.94300079345703,0.0,0.0
feature.Height.managed.CWHvm_FDC_HW_M,29,290,10,0.0,10000.0,1.0,1.0,33.77199935913086,0.0,0.0
feature.Height.managed.CWHvm_FDC_HW_M,30,300,10,0.0,10000.0,1.0,1.0,31.524999618530273,0.0,0.0
feature.Height.managed.CWHvm_HW_BA_M,0,0,10,0.0,10000.0,1.0,1.0,39.387001037597656,0.0,0.0
feature.Height.managed.CWHvm_HW_BA_M,1,10,10,0.0,10000.0,1.0,1.0,40.7869987487793,0.0,0.0
feature.Height.managed.CWHvm_HW_BA_M,2,20,10,0.0,10000.0,1.0,1.0,42.06800079345703,0.0,0.0
feature.Height.managed.CWHvm_HW_BA_M,3,30,10,0.0,10000.0,1.0,1.0,43.222999572753906,0.0,0.0
feature.Height.managed.CWHvm_HW_BA_M,4,40,10,0.0,10000.0,1.0,1.0,44.22700119018555,0.0,0.0
feature.Height.managed.CWHvm_HW_BA_M,5,50,10,0.0,10000.0,1.0,1.0,33.097999572753906,0.0,0.0
feature.Height.managed.CWHvm_HW_BA_M,6,60,10,0.0,10000.0,1.0,1.0,35.02399826049805,0.0,0.0
feature.Height.managed.CWHvm_HW_BA_M,7,70,10,0.0,10000.0,1.0,1.0,32.88600158691406,0.0,0.0
feature.Height.managed.CWHvm_HW_BA_M,8,80,10,0.0,10000.0,1.0,1.0,6.723999977111816,0.0,0.0
feature.Height.managed.CWHvm_HW_BA_M,9,90,10,0.0,10000.0,1.0,1.0,11.444000244140625,0.0,0.0
feature.Height.managed.CWHvm_HW_BA_M,10,100,10,0.0,10000.0,1.0,1.0,16.233999252319336,0.0,0.0
feature.Height.managed.CWHvm_HW_BA_M,11,110,10,0.0,10000.0,1.0,1.0,20.45199966430664,0.0,0.0
feature.Height.managed.CWHvm_HW_BA_M,12,120,10,0.0,10000.0,1.0,1.0,24.117000579833984,0.0,0.0
feature.Height.managed.CWHvm_HW_BA_M,13,130,10,0.0,10000.0,1.0,1.0,27.264999389648438,0.0,0.0
feature.Height.managed.CWHvm_HW_BA_M,14,140,10,0.0,10000.0,1.0,1.0,30.025999069213867,0.0,0.0
feature.Height.managed.CWHvm_HW_BA_M,15,150,10,0.0,10000.0,1.0,1.0,32.43899917602539,0.0,0.0
feature.Height.managed.CWHvm_HW_BA_M,16,160,10,0.0,10000.0,1.0,1.0,34.57099914550781,0.0,0.0
feature.Height.managed.CWHvm_HW_BA_M,17,170,10,0.0,10000.0,1.0,1.0,33.525001525878906,0.0,0.0
feature.Height.managed.CWHvm_HW_BA_M,18,180,10,0.0,10000.0,1.0,1.0,35.38800048828125,0.0,0.0
feature.Height.managed.CWHvm_HW_BA_M,19,190,10,0.0,10000.0,1.0,1.0,37.180999755859375,0.0,0.0
feature.Height.managed.CWHvm_HW_BA_M,20,200,10,0.0,10000.0,1.0,1.0,27.839000701904297,0.0,0.0
feature.Height.managed.CWHvm_HW_BA_M,21,210,10,0.0,10000.0,1.0,1.0,30.15999984741211,0.0,0.0
feature.Height.managed.CWHvm_HW_BA_M,22,220,10,0.0,10000.0,1.0,1.0,32.57899856567383,0.0,0.0
feature.Height.managed.CWHvm_HW_BA_M,23,230,10,0.0,10000.0,1.0,1.0,34.86600112915039,0.0,0.0
feature.Height.managed.CWHvm_HW_BA_M,24,240,10,0.0,10000.0,1.0,1.0,36.888999938964844,0.0,0.0
feature.Height.managed.CWHvm_HW_BA_M,25,250,10,0.0,10000.0,1.0,1.0,38.599998474121094,0.0,0.0
feature.Height.managed.CWHvm_HW_BA_M,26,260,10,0.0,10000.0,1.0,1.0,37.5369987487793,0.0,0.0
feature.Height.managed.CWHvm_HW_BA_M,27,270,10,0.0,10000.0,1.0,1.0,39.11399841308594,0.0,0.0
feature.Height.managed.CWHvm_HW_BA_M,28,280,10,0.0,10000.0,1.0,1.0,40.6510009765625,0.0,0.0
feature.Height.managed.CWHvm_HW_BA_M,29,290,10,0.0,10000.0,1.0,1.0,37.00400161743164,0.0,0.0
feature.Height.managed.CWHvm_HW_BA_M,30,300,10,0.0,10000.0,1.0,1.0,38.64400100708008,0.0,0.0
feature.Height.managed.CWHvm_HW_CW_H,0,0,10,0.0,10000.0,1.0,1.0,35.04199981689453,0.0,0.0
feature.Height.managed.CWHvm_HW_CW_H,1,10,10,0.0,10000.0,1.0,1.0,31.613000869750977,0.0,0.0
feature.Height.managed.CWHvm_HW_CW_H,2,20,10,0.0,10000.0,1.0,1.0,28.709999084472656,0.0,0.0
feature.Height.managed.CWHvm_HW_CW_H,3,30,10,0.0,10000.0,1.0,1.0,29.766000747680664,0.0,0.0
feature.Height.managed.CWHvm_HW_CW_H,4,40,10,0.0,10000.0,1.0,1.0,32.45000076293945,0.0,0.0
feature.Height.managed.CWHvm_HW_CW_H,5,50,10,0.0,10000.0,1.0,1.0,33.7239990234375,0.0,0.0
feature.Height.managed.CWHvm_HW_CW_H,6,60,10,0.0,10000.0,1.0,1.0,34.80799865722656,0.0,0.0
feature.Height.managed.CWHvm_HW_CW_H,7,70,10,0.0,10000.0,1.0,1.0,29.288999557495117,0.0,0.0
feature.Height.managed.CWHvm_HW_CW_H,8,80,10,0.0,10000.0,1.0,1.0,31.81399917602539,0.0,0.0
feature.Height.managed.CWHvm_HW_CW_H,9,90,10,0.0,10000.0,1.0,1.0,29.57699966430664,0.0,0.0
feature.Height.managed.CWHvm_HW_CW_H,10,100,10,0.0,10000.0,1.0,1.0,32.19499969482422,0.0,0.0
feature.Height.managed.CWHvm_HW_CW_H,11,110,10,0.0,10000.0,1.0,1.0,33.62900161743164,0.0,0.0
feature.Height.managed.CWHvm_HW_CW_H,12,120,10,0.0,10000.0,1.0,1.0,31.711999893188477,0.0,0.0
feature.Height.managed.CWHvm_HW_CW_H,13,130,10,0.0,10000.0,1.0,1.0,32.880001068115234,0.0,0.0
feature.Height.managed.CWHvm_HW_CW_H,14,140,10,0.0,10000.0,1.0,1.0,35.32099914550781,0.0,0.0
feature.Height.managed.CWHvm_HW_CW_H,15,150,10,0.0,10000.0,1.0,1.0,36.14799880981445,0.0,0.0
feature.Height.managed.CWHvm_HW_CW_H,16,160,10,0.0,10000.0,1.0,1.0,38.27399826049805,0.0,0.0
feature.Height.managed.CWHvm_HW_CW_H,17,170,10,0.0,10000.0,1.0,1.0,40.172000885009766,0.0,0.0
feature.Height.managed.CWHvm_HW_CW_H,18,180,10,0.0,10000.0,1.0,1.0,41.80699920654297,0.0,0.0
feature.Height.managed.CWHvm_HW_CW_H,19,190,10,0.0,10000.0,1.0,1.0,37.672000885009766,0.0,0.0
feature.Height.managed.CWHvm_HW_CW_H,20,200,10,0.0,10000.0,1.0,1.0,39.16600036621094,0.0,0.0
feature.Height.managed.CWHvm_HW_CW_H,21,210,10,0.0,10000.0,1.0,1.0,40.051998138427734,0.0,0.0
feature.Height.managed.CWHvm_HW_CW_H,22,220,10,0.0,10000.0,1.0,1.0,36.19200134277344,0.0,0.0
feature.Height.managed.CWHvm_HW_CW_H,23,230,10,0.0,10000.0,1.0,1.0,38.13600158691406,0.0,0.0
feature.Height.managed.CWHvm_HW_CW_H,24,240,10,0.0,10000.0,1.0,1.0,38.86600112915039,0.0,0.0
feature.Height.managed.CWHvm_HW_CW_H,25,250,10,0.0,10000.0,1.0,1.0,34.3489990234375,0.0,0.0
feature.Height.managed.CWHvm_HW_CW_H,26,260,10,0.0,10000.0,1.0,1.0,34.73500061035156,0.0,0.0
feature.Height.managed.CWHvm_HW_CW_H,27,270,10,0.0,10000.0,1.0,1.0,30.958999633789062,0.0,0.0
feature.Height.managed.CWHvm_HW_CW_H,28,280,10,0.0,10000.0,1.0,1.0,33.2869987487793,0.0,0.0
feature.Height.managed.CWHvm_HW_CW_H,29,290,10,0.0,10000.0,1.0,1.0,35.064998626708984,0.0,0.0
feature.Height.managed.CWHvm_HW_CW_H,30,300,10,0.0,10000.0,1.0,1.0,33.38600158691406,0.0,0.0
feature.Height.managed.CWHvm_HW_CW_L,0,0,10,0.0,10000.0,1.0,1.0,32.340999603271484,0.0,0.0
feature.Height.managed.CWHvm_HW_CW_L,1,10,10,0.0,10000.0,1.0,1.0,33.051998138427734,0.0,0.0
feature.Height.managed.CWHvm_HW_CW_L,2,20,10,0.0,10000.0,1.0,1.0,30.822999954223633,0.0,0.0
feature.Height.managed.CWHvm_HW_CW_L,3,30,10,0.0,10000.0,1.0,1.0,27.194000244140625,0.0,0.0
feature.Height.managed.CWHvm_HW_CW_L,4,40,10,0.0,10000.0,1.0,1.0,28.20599937438965,0.0,0.0
feature.Height.managed.CWHvm_HW_CW_L,5,50,10,0.0,10000.0,1.0,1.0,29.36199951171875,0.0,0.0
feature.Height.managed.CWHvm_HW_CW_L,6,60,10,0.0,10000.0,1.0,1.0,22.52400016784668,0.0,0.0
feature.Height.managed.CWHvm_HW_CW_L,7,70,10,0.0,10000.0,1.0,1.0,23.999000549316406,0.0,0.0
feature.Height.managed.CWHvm_HW_CW_L,8,80,10,0.0,10000.0,1.0,1.0,25.548999786376953,0.0,0.0
feature.Height.managed.CWHvm_HW_CW_L,9,90,10,0.0,10000.0,1.0,1.0,27.014999389648438,0.0,0.0
feature.Height.managed.CWHvm_HW_CW_L,10,100,10,0.0,10000.0,1.0,1.0,28.351999282836914,0.0,0.0
feature.Height.managed.CWHvm_HW_CW_L,11,110,10,0.0,10000.0,1.0,1.0,29.53499984741211,0.0,0.0
feature.Height.managed.CWHvm_HW_CW_L,12,120,10,0.0,10000.0,1.0,1.0,30.533000946044922,0.0,0.0
feature.Height.managed.CWHvm_HW_CW_L,13,130,10,0.0,10000.0,1.0,1.0,31.375999450683594,0.0,0.0
feature.Height.managed.CWHvm_HW_CW_L,14,140,10,0.0,10000.0,1.0,1.0,32.138999938964844,0.0,0.0
feature.Height.managed.CWHvm_HW_CW_L,15,150,10,0.0,10000.0,1.0,1.0,32.827999114990234,0.0,0.0
feature.Height.managed.CWHvm_HW_CW_L,16,160,10,0.0,10000.0,1.0,1.0,28.972999572753906,0.0,0.0
feature.Height.managed.CWHvm_HW_CW_L,17,170,10,0.0,10000.0,1.0,1.0,24.283000946044922,0.0,0.0
feature.Height.managed.CWHvm_HW_CW_L,18,180,10,0.0,10000.0,1.0,1.0,16.878999710083008,0.0,0.0
feature.Height.managed.CWHvm_HW_CW_L,19,190,10,0.0,10000.0,1.0,1.0,18.660999298095703,0.0,0.0
feature.Height.managed.CWHvm_HW_CW_L,20,200,10,0.0,10000.0,1.0,1.0,20.639999389648438,0.0,0.0
feature.Height.managed.CWHvm_HW_CW_L,21,210,10,0.0,10000.0,1.0,1.0,22.548999786376953,0.0,0.0
feature.Height.managed.CWHvm_HW_CW_L,22,220,10,0.0,10000.0,1.0,1.0,24.25200080871582,0.0,0.0
feature.Height.managed.CWHvm_HW_CW_L,23,230,10,0.0,10000.0,1.0,1.0,25.770000457763672,0.0,0.0
feature.Height.managed.CWHvm_HW_CW_L,24,240,10,0.0,10000.0,1.0,1.0,27.134000778198242,0.0,0.0
feature.Height.managed.CWHvm_HW_CW_L,25,250,10,0.0,10000.0,1.0,1.0,24.489999771118164,0.0,0.0
feature.Height.managed.CWHvm_HW_CW_L,26,260,10,0.0,10000.0,1.0,1.0,25.860000610351562,0.0,0.0
feature.Height.managed.CWHvm_HW_CW_L,27,270,10,0.0,10000.0,1.0,1.0,22.761999130249023,0.0,0.0
feature.Height.managed.CWHvm_HW_CW_L,28,280,10,0.0,10000.0,1.0,1.0,24.167999267578125,0.0,0.0
feature.Height.managed.CWHvm_HW_CW_L,29,290,10,0.0,10000.0,1.0,1.0,25.593000411987305,0.0,0.0
feature.Height.managed.CWHvm_HW_CW_L,30,300,10,0.0,10000.0,1.0,1.0,26.954999923706055,0.0,0.0
feature.Height.managed.CWHvm_HW_CW_M,0,0,10,0.0,10000.0,1.0,1.0,35.32099914550781,0.0,0.0
feature.Height.managed.CWHvm_HW_CW_M,1,10,10,0.0,10000.0,1.0,1.0,32.67300033569336,0.0,0.0
feature.Height.managed.CWHvm_HW_CW_M,2,20,10,0.0,10000.0,1.0,1.0,32.70600128173828,0.0,0.0
feature.Height.managed.CWHvm_HW_CW_M,3,30,10,0.0,10000.0,1.0,1.0,32.53200149536133,0.0,0.0
feature.Height.managed.CWHvm_HW_CW_M,4,40,10,0.0,10000.0,1.0,1.0,29.48900032043457,0.0,0.0
feature.Height.managed.CWHvm_HW_CW_M,5,50,10,0.0,10000.0,1.0,1.0,30.3439998626709,0.0,0.0
feature.Height.managed.CWHvm_HW_CW_M,6,60,10,0.0,10000.0,1.0,1.0,32.08700180053711,0.0,0.0
feature.Height.managed.CWHvm_HW_CW_M,7,70,10,0.0,10000.0,1.0,1.0,29.496999740600586,0.0,0.0
feature.Height.managed.CWHvm_HW_CW_M,8,80,10,0.0,10000.0,1.0,1.0,31.208999633789062,0.0,0.0
feature.Height.managed.CWHvm_HW_CW_M,9,90,10,0.0,10000.0,1.0,1.0,32.89400100708008,0.0,0.0
feature.Height.managed.CWHvm_HW_CW_M,10,100,10,0.0,10000.0,1.0,1.0,34.474998474121094,0.0,0.0
feature.Height.managed.CWHvm_HW_CW_M,11,110,10,0.0,10000.0,1.0,1.0,35.875999450683594,0.0,0.0
feature.Height.managed.CWHvm_HW_CW_M,12,120,10,0.0,10000.0,1.0,1.0,33.58100128173828,0.0,0.0
feature.Height.managed.CWHvm_HW_CW_M,13,130,10,0.0,10000.0,1.0,1.0,34.99399948120117,0.0,0.0
feature.Height.managed.CWHvm_HW_CW_M,14,140,10,0.0,10000.0,1.0,1.0,24.5939998626709,0.0,0.0
feature.Height.managed.CWHvm_HW_CW_M,15,150,10,0.0,10000.0,1.0,1.0,22.386999130249023,0.0,0.0
feature.Height.managed.CWHvm_HW_CW_M,16,160,10,0.0,10000.0,1.0,1.0,23.06599998474121,0.0,0.0
feature.Height.managed.CWHvm_HW_CW_M,17,170,10,0.0,10000.0,1.0,1.0,25.641000747680664,0.0,0.0
feature.Height.managed.CWHvm_HW_CW_M,18,180,10,0.0,10000.0,1.0,1.0,27.618999481201172,0.0,0.0
feature.Height.managed.CWHvm_HW_CW_M,19,190,10,0.0,10000.0,1.0,1.0,29.746999740600586,0.0,0.0
feature.Height.managed.CWHvm_HW_CW_M,20,200,10,0.0,10000.0,1.0,1.0,31.635000228881836,0.0,0.0
feature.Height.managed.CWHvm_HW_CW_M,21,210,10,0.0,10000.0,1.0,1.0,33.29600143432617,0.0,0.0
feature.Height.managed.CWHvm_HW_CW_M,22,220,10,0.0,10000.0,1.0,1.0,34.784000396728516,0.0,0.0
feature.Height.managed.CWHvm_HW_CW_M,23,230,10,0.0,10000.0,1.0,1.0,36.06800079345703,0.0,0.0
feature.Height.managed.CWHvm_HW_CW_M,24,240,10,0.0,10000.0,1.0,1.0,35.643001556396484,0.0,0.0
feature.Height.managed.CWHvm_HW_CW_M,25,250,10,0.0,10000.0,1.0,1.0,28.94700050354004,0.0,0.0
feature.Height.managed.CWHvm_HW_CW_M,26,260,10,0.0,10000.0,1.0,1.0,28.969999313354492,0.0,0.0
feature.Height.managed.CWHvm_HW_CW_M,27,270,10,0.0,10000.0,1.0,1.0,30.79400062561035,0.0,0.0
feature.Height.managed.CWHvm_HW_CW_M,28,280,10,0.0,10000.0,1.0,1.0,20.711000442504883,0.0,0.0
feature.Height.managed.CWHvm_HW_CW_M,29,290,10,0.0,10000.0,1.0,1.0,16.163000106811523,0.0,0.0
feature.Height.managed.CWHvm_HW_CW_M,30,300,10,0.0,10000.0,1.0,1.0,18.73699951171875,0.0,0.0
feature.Height.managed.CWHvm_HW_FDC_H,0,0,10,0.0,10000.0,1.0,1.0,33.762001037597656,0.0,0.0
feature.Height.managed.CWHvm_HW_FDC_H,1,10,10,0.0,10000.0,1.0,1.0,37.36600112915039,0.0,0.0
feature.Height.managed.CWHvm_HW_FDC_H,2,20,10,0.0,10000.0,1.0,1.0,34.57099914550781,0.0,0.0
feature.Height.managed.CWHvm_HW_FDC_H,3,30,10,0.0,10000.0,1.0,1.0,35.667999267578125,0.0,0.0
feature.Height.managed.CWHvm_HW_FDC_H,4,40,10,0.0,10000.0,1.0,1.0,34.91999816894531,0.0,0.0
feature.Height.managed.CWHvm_HW_FDC_H,5,50,10,0.0,10000.0,1.0,1.0,34.96500015258789,0.0,0.0
feature.Height.managed.CWHvm_HW_FDC_H,6,60,10,0.0,10000.0,1.0,1.0,38.393001556396484,0.0,0.0
feature.Height.managed.CWHvm_HW_FDC_H,7,70,10,0.0,10000.0,1.0,1.0,38.72100067138672,0.0,0.0
feature.Height.managed.CWHvm_HW_FDC_H,8,80,10,0.0,10000.0,1.0,1.0,39.02899932861328,0.0,0.0
feature.Height.managed.CWHvm_HW_FDC_H,9,90,10,0.0,10000.0,1.0,1.0,41.180999755859375,0.0,0.0
feature.Height.managed.CWHvm_HW_FDC_H,10,100,10,0.0,10000.0,1.0,1.0,38.10499954223633,0.0,0.0
feature.Height.managed.CWHvm_HW_FDC_H,11,110,10,0.0,10000.0,1.0,1.0,36.275001525878906,0.0,0.0
feature.Height.managed.CWHvm_HW_FDC_H,12,120,10,0.0,10000.0,1.0,1.0,37.763999938964844,0.0,0.0
feature.Height.managed.CWHvm_HW_FDC_H,13,130,10,0.0,10000.0,1.0,1.0,35.446998596191406,0.0,0.0
feature.Height.managed.CWHvm_HW_FDC_H,14,140,10,0.0,10000.0,1.0,1.0,35.619998931884766,0.0,0.0
feature.Height.managed.CWHvm_HW_FDC_H,15,150,10,0.0,10000.0,1.0,1.0,33.76499938964844,0.0,0.0
feature.Height.managed.CWHvm_HW_FDC_H,16,160,10,0.0,10000.0,1.0,1.0,35.06399917602539,0.0,0.0
feature.Height.managed.CWHvm_HW_FDC_H,17,170,10,0.0,10000.0,1.0,1.0,35.34299850463867,0.0,0.0
feature.Height.managed.CWHvm_HW_FDC_H,18,180,10,0.0,10000.0,1.0,1.0,34.79600143432617,0.0,0.0
feature.Height.managed.CWHvm_HW_FDC_H,19,190,10,0.0,10000.0,1.0,1.0,36.81700134277344,0.0,0.0
feature.Height.managed.CWHvm_HW_FDC_H,20,200,10,0.0,10000.0,1.0,1.0,34.638999938964844,0.0,0.0
feature.Height.managed.CWHvm_HW_FDC_H,21,210,10,0.0,10000.0,1.0,1.0,38.0989990234375,0.0,0.0
feature.Height.managed.CWHvm_HW_FDC_H,22,220,10,0.0,10000.0,1.0,1.0,40.750999450683594,0.0,0.0
feature.Height.managed.CWHvm_HW_FDC_H,23,230,10,0.0,10000.0,1.0,1.0,43.2140007019043,0.0,0.0
feature.Height.managed.CWHvm_HW_FDC_H,24,240,10,0.0,10000.0,1.0,1.0,44.130001068115234,0.0,0.0
feature.Height.managed.CWHvm_HW_FDC_H,25,250,10,0.0,10000.0,1.0,1.0,43.76100158691406,0.0,0.0
feature.Height.managed.CWHvm_HW_FDC_H,26,260,10,0.0,10000.0,1.0,1.0,40.79499816894531,0.0,0.0
feature.Height.managed.CWHvm_HW_FDC_H,27,270,10,0.0,10000.0,1.0,1.0,39.00199890136719,0.0,0.0
feature.Height.managed.CWHvm_HW_FDC_H,28,280,10,0.0,10000.0,1.0,1.0,36.1879997253418,0.0,0.0
feature.Height.managed.CWHvm_HW_FDC_H,29,290,10,0.0,10000.0,1.0,1.0,35.81399917602539,0.0,0.0
feature.Height.managed.CWHvm_HW_FDC_H,30,300,10,0.0,10000.0,1.0,1.0,39.040000915527344,0.0,0.0
feature.Height.managed.CWHvm_HW_FDC_L,0,0,10,0.0,10000.0,1.0,1.0,30.64699935913086,0.0,0.0
feature.Height.managed.CWHvm_HW_FDC_L,1,10,10,0.0,10000.0,1.0,1.0,28.697999954223633,0.0,0.0
feature.Height.managed.CWHvm_HW_FDC_L,2,20,10,0.0,10000.0,1.0,1.0,30.493999481201172,0.0,0.0
feature.Height.managed.CWHvm_HW_FDC_L,3,30,10,0.0,10000.0,1.0,1.0,31.011999130249023,0.0,0.0
feature.Height.managed.CWHvm_HW_FDC_L,4,40,10,0.0,10000.0,1.0,1.0,31.259000778198242,0.0,0.0
feature.Height.managed.CWHvm_HW_FDC_L,5,50,10,0.0,10000.0,1.0,1.0,28.666000366210938,0.0,0.0
feature.Height.managed.CWHvm_HW_FDC_L,6,60,10,0.0,10000.0,1.0,1.0,26.549999237060547,0.0,0.0
feature.Height.managed.CWHvm_HW_FDC_L,7,70,10,0.0,10000.0,1.0,1.0,28.746000289916992,0.0,0.0
feature.Height.managed.CWHvm_HW_FDC_L,8,80,10,0.0,10000.0,1.0,1.0,31.44099998474121,0.0,0.0
feature.Height.managed.CWHvm_HW_FDC_L,9,90,10,0.0,10000.0,1.0,1.0,32.93199920654297,0.0,0.0
feature.Height.managed.CWHvm_HW_FDC_L,10,100,10,0.0,10000.0,1.0,1.0,35.11000061035156,0.0,0.0
feature.Height.managed.CWHvm_HW_FDC_L,11,110,10,0.0,10000.0,1.0,1.0,36.027000427246094,0.0,0.0
feature.Height.managed.CWHvm_HW_FDC_L,12,120,10,0.0,10000.0,1.0,1.0,31.73699951171875,0.0,0.0
feature.Height.managed.CWHvm_HW_FDC_L,13,130,10,0.0,10000.0,1.0,1.0,32.4900016784668,0.0,0.0
feature.Height.managed.CWHvm_HW_FDC_L,14,140,10,0.0,10000.0,1.0,1.0,26.687000274658203,0.0,0.0
feature.Height.managed.CWHvm_HW_FDC_L,15,150,10,0.0,10000.0,1.0,1.0,29.360000610351562,0.0,0.0
feature.Height.managed.CWHvm_HW_FDC_L,16,160,10,0.0,10000.0,1.0,1.0,31.590999603271484,0.0,0.0
feature.Height.managed.CWHvm_HW_FDC_L,17,170,10,0.0,10000.0,1.0,1.0,34.0369987487793,0.0,0.0
feature.Height.managed.CWHvm_HW_FDC_L,18,180,10,0.0,10000.0,1.0,1.0,36.20399856567383,0.0,0.0
feature.Height.managed.CWHvm_HW_FDC_L,19,190,10,0.0,10000.0,1.0,1.0,38.09700012207031,0.0,0.0
feature.Height.managed.CWHvm_HW_FDC_L,20,200,10,0.0,10000.0,1.0,1.0,36.224998474121094,0.0,0.0
feature.Height.managed.CWHvm_HW_FDC_L,21,210,10,0.0,10000.0,1.0,1.0,36.117000579833984,0.0,0.0
feature.Height.managed.CWHvm_HW_FDC_L,22,220,10,0.0,10000.0,1.0,1.0,37.72200012207031,0.0,0.0
feature.Height.managed.CWHvm_HW_FDC_L,23,230,10,0.0,10000.0,1.0,1.0,36.584999084472656,0.0,0.0
feature.Height.managed.CWHvm_HW_FDC_L,24,240,10,0.0,10000.0,1.0,1.0,31.20400047302246,0.0,0.0
feature.Height.managed.CWHvm_HW_FDC_L,25,250,10,0.0,10000.0,1.0,1.0,31.44099998474121,0.0,0.0
feature.Height.managed.CWHvm_HW_FDC_L,26,260,10,0.0,10000.0,1.0,1.0,32.292999267578125,0.0,0.0
feature.Height.managed.CWHvm_HW_FDC_L,27,270,10,0.0,10000.0,1.0,1.0,34.606998443603516,0.0,0.0
feature.Height.managed.CWHvm_HW_FDC_L,28,280,10,0.0,10000.0,1.0,1.0,35.7140007019043,0.0,0.0
feature.Height.managed.CWHvm_HW_FDC_L,29,290,10,0.0,10000.0,1.0,1.0,37.650001525878906,0.0,0.0
feature.Height.managed.CWHvm_HW_FDC_L,30,300,10,0.0,10000.0,1.0,1.0,30.93600082397461,0.0,0.0
feature.Height.managed.CWHvm_HW_SS_M,0,0,10,0.0,10000.0,1.0,1.0,31.6299991607666,0.0,0.0
feature.Height.managed.CWHvm_HW_SS_M,1,10,10,0.0,10000.0,1.0,1.0,7.448999881744385,0.0,0.0
feature.Height.managed.CWHvm_HW_SS_M,2,20,10,0.0,10000.0,1.0,1.0,12.100000381469727,0.0,0.0
feature.Height.managed.CWHvm_HW_SS_M,3,30,10,0.0,10000.0,1.0,1.0,16.281999588012695,0.0,0.0
feature.Height.managed.CWHvm_HW_SS_M,4,40,10,0.0,10000.0,1.0,1.0,15.810999870300293,0.0,0.0
feature.Height.managed.CWHvm_HW_SS_M,5,50,10,0.0,10000.0,1.0,1.0,20.96299934387207,0.0,0.0
feature.Height.managed.CWHvm_HW_SS_M,6,60,10,0.0,10000.0,1.0,1.0,25.597999572753906,0.0,0.0
feature.Height.managed.CWHvm_HW_SS_M,7,70,10,0.0,10000.0,1.0,1.0,29.617000579833984,0.0,0.0
feature.Height.managed.CWHvm_HW_SS_M,8,80,10,0.0,10000.0,1.0,1.0,33.077999114990234,0.0,0.0
feature.Height.managed.CWHvm_HW_SS_M,9,90,10,0.0,10000.0,1.0,1.0,36.077999114990234,0.0,0.0
feature.Height.managed.CWHvm_HW_SS_M,10,100,10,0.0,10000.0,1.0,1.0,8.491000175476074,0.0,0.0
feature.Height.managed.CWHvm_HW_SS_M,11,110,10,0.0,10000.0,1.0,1.0,13.842000007629395,0.0,0.0
feature.Height.managed.CWHvm_HW_SS_M,12,120,10,0.0,10000.0,1.0,1.0,14.211000442504883,0.0,0.0
feature.Height.managed.CWHvm_HW_SS_M,13,130,10,0.0,10000.0,1.0,1.0,18.014999389648438,0.0,0.0
feature.Height.managed.CWHvm_HW_SS_M,14,140,10,0.0,10000.0,1.0,1.0,22.952999114990234,0.0,0.0
feature.Height.managed.CWHvm_HW_SS_M,15,150,10,0.0,10000.0,1.0,1.0,27.30900001525879,0.0,0.0
feature.Height.managed.CWHvm_HW_SS_M,16,160,10,0.0,10000.0,1.0,1.0,31.0939998626709,0.0,0.0
feature.Height.managed.CWHvm_HW_SS_M,17,170,10,0.0,10000.0,1.0,1.0,34.33599853515625,0.0,0.0
feature.Height.managed.CWHvm_HW_SS_M,18,180,10,0.0,10000.0,1.0,1.0,7.736000061035156,0.0,0.0
feature.Height.managed.CWHvm_HW_SS_M,19,190,10,0.0,10000.0,1.0,1.0,12.626999855041504,0.0,0.0
feature.Height.managed.CWHvm_HW_SS_M,20,200,10,0.0,10000.0,1.0,1.0,12.781000137329102,0.0,0.0
feature.Height.managed.CWHvm_HW_SS_M,21,210,10,0.0,10000.0,1.0,1.0,16.857999801635742,0.0,0.0
feature.Height.managed.CWHvm_HW_SS_M,22,220,10,0.0,10000.0,1.0,1.0,22.0310001373291,0.0,0.0
feature.Height.managed.CWHvm_HW_SS_M,23,230,10,0.0,10000.0,1.0,1.0,26.538000106811523,0.0,0.0
feature.Height.managed.CWHvm_HW_SS_M,24,240,10,0.0,10000.0,1.0,1.0,30.42799949645996,0.0,0.0
feature.Height.managed.CWHvm_HW_SS_M,25,250,10,0.0,10000.0,1.0,1.0,5.520999908447266,0.0,0.0
feature.Height.managed.CWHvm_HW_SS_M,26,260,10,0.0,10000.0,1.0,1.0,9.307999610900879,0.0,0.0
feature.Height.managed.CWHvm_HW_SS_M,27,270,10,0.0,10000.0,1.0,1.0,15.16100025177002,0.0,0.0
feature.Height.managed.CWHvm_HW_SS_M,28,280,10,0.0,10000.0,1.0,1.0,20.649999618530273,0.0,0.0
feature.Height.managed.CWHvm_HW_SS_M,29,290,10,0.0,10000.0,1.0,1.0,18.34000015258789,0.0,0.0
feature.Height.managed.CWHvm_HW_SS_M,30,300,10,0.0,10000.0,1.0,1.0,23.086999893188477,0.0,0.0
feature.Height.unmanaged.CWHvm_CW_HW_M,0,0,10,0.0,10000.0,1.0,1.0,89.05599975585938,0.0,0.0
feature.Height.unmanaged.CWHvm_CW_HW_M,1,10,10,0.0,10000.0,1.0,1.0,90.60800170898438,0.0,0.0
feature.Height.unmanaged.CWHvm_CW_HW_M,2,20,10,0.0,10000.0,1.0,1.0,92.16500091552734,0.0,0.0
feature.Height.unmanaged.CWHvm_CW_HW_M,3,30,10,0.0,10000.0,1.0,1.0,92.80699920654297,0.0,0.0
feature.Height.unmanaged.CWHvm_CW_HW_M,4,40,10,0.0,10000.0,1.0,1.0,93.22100067138672,0.0,0.0
feature.Height.unmanaged.CWHvm_CW_HW_M,5,50,10,0.0,10000.0,1.0,1.0,93.62999725341797,0.0,0.0
feature.Height.unmanaged.CWHvm_CW_HW_M,6,60,10,0.0,10000.0,1.0,1.0,94.04399871826172,0.0,0.0
feature.Height.unmanaged.CWHvm_CW_HW_M,7,70,10,0.0,10000.0,1.0,1.0,94.28099822998047,0.0,0.0
feature.Height.unmanaged.CWHvm_CW_HW_M,8,80,10,0.0,10000.0,1.0,1.0,94.41899871826172,0.0,0.0
feature.Height.unmanaged.CWHvm_CW_HW_M,9,90,10,0.0,10000.0,1.0,1.0,94.55699920654297,0.0,0.0
feature.Height.unmanaged.CWHvm_CW_HW_M,10,100,10,0.0,10000.0,1.0,1.0,94.69599914550781,0.0,0.0
feature.Height.unmanaged.CWHvm_CW_HW_M,11,110,10,0.0,10000.0,1.0,1.0,94.83399963378906,0.0,0.0
feature.Height.unmanaged.CWHvm_CW_HW_M,12,120,10,0.0,10000.0,1.0,1.0,94.9729995727539,0.0,0.0
feature.Height.unmanaged.CWHvm_CW_HW_M,13,130,10,0.0,10000.0,1.0,1.0,95.05999755859375,0.0,0.0
feature.Height.unmanaged.CWHvm_CW_HW_M,14,140,10,0.0,10000.0,1.0,1.0,95.13600158691406,0.0,0.0
feature.Height.unmanaged.CWHvm_CW_HW_M,15,150,10,0.0,10000.0,1.0,1.0,95.21099853515625,0.0,0.0
feature.Height.unmanaged.CWHvm_CW_HW_M,16,160,10,0.0,10000.0,1.0,1.0,95.28600311279297,0.0,0.0
feature.Height.unmanaged.CWHvm_CW_HW_M,17,170,10,0.0,10000.0,1.0,1.0,95.36100006103516,0.0,0.0
feature.Height.unmanaged.CWHvm_CW_HW_M,18,180,10,0.0,10000.0,1.0,1.0,95.40699768066406,0.0,0.0
feature.Height.unmanaged.CWHvm_CW_HW_M,19,190,10,0.0,10000.0,1.0,1.0,95.44599914550781,0.0,0.0
feature.Height.unmanaged.CWHvm_CW_HW_M,20,200,10,0.0,10000.0,1.0,1.0,95.48400115966797,0.0,0.0
feature.Height.unmanaged.CWHvm_CW_HW_M,21,210,10,0.0,10000.0,1.0,1.0,95.52300262451172,0.0,0.0
feature.Height.unmanaged.CWHvm_CW_HW_M,22,220,10,0.0,10000.0,1.0,1.0,95.56099700927734,0.0,0.0
feature.Height.unmanaged.CWHvm_CW_HW_M,23,230,10,0.0,10000.0,1.0,1.0,95.5999984741211,0.0,0.0
feature.Height.unmanaged.CWHvm_CW_HW_M,24,240,10,0.0,10000.0,1.0,1.0,95.63899993896484,0.0,0.0
feature.Height.unmanaged.CWHvm_CW_HW_M,25,250,10,0.0,10000.0,1.0,1.0,95.6780014038086,0.0,0.0
feature.Height.unmanaged.CWHvm_CW_HW_M,26,260,10,0.0,10000.0,1.0,1.0,95.68499755859375,0.0,0.0
feature.Height.unmanaged.CWHvm_CW_HW_M,27,270,10,0.0,10000.0,1.0,1.0,95.68499755859375,0.0,0.0
feature.Height.unmanaged.CWHvm_CW_HW_M,28,280,10,0.0,10000.0,1.0,1.0,95.68499755859375,0.0,0.0
feature.Height.unmanaged.CWHvm_CW_HW_M,29,290,10,0.0,10000.0,1.0,1.0,95.68499755859375,0.0,0.0
feature.Height.unmanaged.CWHvm_CW_HW_M,30,300,10,0.0,10000.0,1.0,1.0,95.68499755859375,0.0,0.0
feature.Height.unmanaged.CWHvm_CW_PLC_M,0,0,10,0.0,10000.0,1.0,1.0,54.04999923706055,0.0,0.0
feature.Height.unmanaged.CWHvm_CW_PLC_M,1,10,10,0.0,10000.0,1.0,1.0,54.685001373291016,0.0,0.0
feature.Height.unmanaged.CWHvm_CW_PLC_M,2,20,10,0.0,10000.0,1.0,1.0,55.31100082397461,0.0,0.0
feature.Height.unmanaged.CWHvm_CW_PLC_M,3,30,10,0.0,10000.0,1.0,1.0,55.95899963378906,0.0,0.0
feature.Height.unmanaged.CWHvm_CW_PLC_M,4,40,10,0.0,10000.0,1.0,1.0,56.59400177001953,0.0,0.0
feature.Height.unmanaged.CWHvm_CW_PLC_M,5,50,10,0.0,10000.0,1.0,1.0,57.242000579833984,0.0,0.0
feature.Height.unmanaged.CWHvm_CW_PLC_M,6,60,10,0.0,10000.0,1.0,1.0,57.875,0.0,0.0
feature.Height.unmanaged.CWHvm_CW_PLC_M,7,70,10,0.0,10000.0,1.0,1.0,57.999000549316406,0.0,0.0
feature.Height.unmanaged.CWHvm_CW_PLC_M,8,80,10,0.0,10000.0,1.0,1.0,57.999000549316406,0.0,0.0
feature.Height.unmanaged.CWHvm_CW_PLC_M,9,90,10,0.0,10000.0,1.0,1.0,57.999000549316406,0.0,0.0
feature.Height.unmanaged.CWHvm_CW_PLC_M,10,100,10,0.0,10000.0,1.0,1.0,57.999000549316406,0.0,0.0
feature.Height.unmanaged.CWHvm_CW_PLC_M,11,110,10,0.0,10000.0,1.0,1.0,57.999000549316406,0.0,0.0
feature.Height.unmanaged.CWHvm_CW_PLC_M,12,120,10,0.0,10000.0,1.0,1.0,57.999000549316406,0.0,0.0
feature.Height.unmanaged.CWHvm_CW_PLC_M,13,130,10,0.0,10000.0,1.0,1.0,57.999000549316406,0.0,0.0
feature.Height.unmanaged.CWHvm_CW_PLC_M,14,140,10,0.0,10000.0,1.0,1.0,57.999000549316406,0.0,0.0
feature.Height.unmanaged.CWHvm_CW_PLC_M,15,150,10,0.0,10000.0,1.0,1.0,57.999000549316406,0.0,0.0
feature.Height.unmanaged.CWHvm_CW_PLC_M,16,160,10,0.0,10000.0,1.0,1.0,57.999000549316406,0.0,0.0
feature.Height.unmanaged.CWHvm_CW_PLC_M,17,170,10,0.0,10000.0,1.0,1.0,57.999000549316406,0.0,0.0
feature.Height.unmanaged.CWHvm_CW_PLC_M,18,180,10,0.0,10000.0,1.0,1.0,57.999000549316406,0.0,0.0
feature.Height.unmanaged.CWHvm_CW_PLC_M,19,190,10,0.0,10000.0,1.0,1.0,57.999000549316406,0.0,0.0
feature.Height.unmanaged.CWHvm_CW_PLC_M,20,200,10,0.0,10000.0,1.0,1.0,57.999000549316406,0.0,0.0
feature.Height.unmanaged.CWHvm_CW_PLC_M,21,210,10,0.0,10000.0,1.0,1.0,57.999000549316406,0.0,0.0
feature.Height.unmanaged.CWHvm_CW_PLC_M,22,220,10,0.0,10000.0,1.0,1.0,57.999000549316406,0.0,0.0
feature.Height.unmanaged.CWHvm_CW_PLC_M,23,230,10,0.0,10000.0,1.0,1.0,57.999000549316406,0.0,0.0
feature.Height.unmanaged.CWHvm_CW_PLC_M,24,240,10,0.0,10000.0,1.0,1.0,57.999000549316406,0.0,0.0
feature.Height.unmanaged.CWHvm_CW_PLC_M,25,250,10,0.0,10000.0,1.0,1.0,57.999000549316406,0.0,0.0
feature.Height.unmanaged.CWHvm_CW_PLC_M,26,260,10,0.0,10000.0,1.0,1.0,57.999000549316406,0.0,0.0
feature.Height.unmanaged.CWHvm_CW_PLC_M,27,270,10,0.0,10000.0,1.0,1.0,57.999000549316406,0.0,0.0
feature.Height.unmanaged.CWHvm_CW_PLC_M,28,280,10,0.0,10000.0,1.0,1.0,57.999000549316406,0.0,0.0
feature.Height.unmanaged.CWHvm_CW_PLC_M,29,290,10,0.0,10000.0,1.0,1.0,57.999000549316406,0.0,0.0
feature.Height.unmanaged.CWHvm_CW_PLC_M,30,300,10,0.0,10000.0,1.0,1.0,57.999000549316406,0.0,0.0
feature.Height.unmanaged.CWHvm_CW_YC_M,0,0,10,0.0,10000.0,1.0,1.0,49.43199920654297,0.0,0.0
feature.Height.unmanaged.CWHvm_CW_YC_M,1,10,10,0.0,10000.0,1.0,1.0,50.05699920654297,0.0,0.0
feature.Height.unmanaged.CWHvm_CW_YC_M,2,20,10,0.0,10000.0,1.0,1.0,50.67300033569336,0.0,0.0
feature.Height.unmanaged.CWHvm_CW_YC_M,3,30,10,0.0,10000.0,1.0,1.0,50.79600143432617,0.0,0.0
feature.Height.unmanaged.CWHvm_CW_YC_M,4,40,10,0.0,10000.0,1.0,1.0,50.79600143432617,0.0,0.0
feature.Height.unmanaged.CWHvm_CW_YC_M,5,50,10,0.0,10000.0,1.0,1.0,50.79600143432617,0.0,0.0
feature.Height.unmanaged.CWHvm_CW_YC_M,6,60,10,0.0,10000.0,1.0,1.0,50.79600143432617,0.0,0.0
feature.Height.unmanaged.CWHvm_CW_YC_M,7,70,10,0.0,10000.0,1.0,1.0,50.79600143432617,0.0,0.0
feature.Height.unmanaged.CWHvm_CW_YC_M,8,80,10,0.0,10000.0,1.0,1.0,50.79600143432617,0.0,0.0
feature.Height.unmanaged.CWHvm_CW_YC_M,9,90,10,0.0,10000.0,1.0,1.0,50.79600143432617,0.0,0.0
feature.Height.unmanaged.CWHvm_CW_YC_M,10,100,10,0.0,10000.0,1.0,1.0,50.79600143432617,0.0,0.0
feature.Height.unmanaged.CWHvm_CW_YC_M,11,110,10,0.0,10000.0,1.0,1.0,50.79600143432617,0.0,0.0
feature.Height.unmanaged.CWHvm_CW_YC_M,12,120,10,0.0,10000.0,1.0,1.0,50.79600143432617,0.0,0.0
feature.Height.unmanaged.CWHvm_CW_YC_M,13,130,10,0.0,10000.0,1.0,1.0,50.79600143432617,0.0,0.0
feature.Height.unmanaged.CWHvm_CW_YC_M,14,140,10,0.0,10000.0,1.0,1.0,50.79600143432617,0.0,0.0
feature.Height.unmanaged.CWHvm_CW_YC_M,15,150,10,0.0,10000.0,1.0,1.0,50.79600143432617,0.0,0.0
feature.Height.unmanaged.CWHvm_CW_YC_M,16,160,10,0.0,10000.0,1.0,1.0,50.79600143432617,0.0,0.0
feature.Height.unmanaged.CWHvm_CW_YC_M,17,170,10,0.0,10000.0,1.0,1.0,50.79600143432617,0.0,0.0
feature.Height.unmanaged.CWHvm_CW_YC_M,18,180,10,0.0,10000.0,1.0,1.0,50.79600143432617,0.0,0.0
feature.Height.unmanaged.CWHvm_CW_YC_M,19,190,10,0.0,10000.0,1.0,1.0,50.79600143432617,0.0,0.0
feature.Height.unmanaged.CWHvm_CW_YC_M,20,200,10,0.0,10000.0,1.0,1.0,50.79600143432617,0.0,0.0
feature.Height.unmanaged.CWHvm_CW_YC_M,21,210,10,0.0,10000.0,1.0,1.0,50.79600143432617,0.0,0.0
feature.Height.unmanaged.CWHvm_CW_YC_M,22,220,10,0.0,10000.0,1.0,1.0,50.79600143432617,0.0,0.0
feature.Height.unmanaged.CWHvm_CW_YC_M,23,230,10,0.0,10000.0,1.0,1.0,50.79600143432617,0.0,0.0
feature.Height.unmanaged.CWHvm_CW_YC_M,24,240,10,0.0,10000.0,1.0,1.0,50.79600143432617,0.0,0.0
feature.Height.unmanaged.CWHvm_CW_YC_M,25,250,10,0.0,10000.0,1.0,1.0,50.79600143432617,0.0,0.0
feature.Height.unmanaged.CWHvm_CW_YC_M,26,260,10,0.0,10000.0,1.0,1.0,50.79600143432617,0.0,0.0
feature.Height.unmanaged.CWHvm_CW_YC_M,27,270,10,0.0,10000.0,1.0,1.0,50.79600143432617,0.0,0.0
feature.Height.unmanaged.CWHvm_CW_YC_M,28,280,10,0.0,10000.0,1.0,1.0,50.79600143432617,0.0,0.0
feature.Height.unmanaged.CWHvm_CW_YC_M,29,290,10,0.0,10000.0,1.0,1.0,50.79600143432617,0.0,0.0
feature.Height.unmanaged.CWHvm_CW_YC_M,30,300,10,0.0,10000.0,1.0,1.0,50.79600143432617,0.0,0.0
feature.Height.unmanaged.CWHvm_DR_HW_M,0,0,10,0.0,10000.0,1.0,1.0,26.591999053955078,0.0,0.0
feature.Height.unmanaged.CWHvm_DR_HW_M,1,10,10,0.0,10000.0,1.0,1.0,31.792999267578125,0.0,0.0
feature.Height.unmanaged.CWHvm_DR_HW_M,2,20,10,0.0,10000.0,1.0,1.0,37.02299880981445,0.0,0.0
feature.Height.unmanaged.CWHvm_DR_HW_M,3,30,10,0.0,10000.0,1.0,1.0,42.27199935913086,0.0,0.0
feature.Height.unmanaged.CWHvm_DR_HW_M,4,40,10,0.0,10000.0,1.0,1.0,47.492000579833984,0.0,0.0
feature.Height.unmanaged.CWHvm_DR_HW_M,5,50,10,0.0,10000.0,1.0,1.0,52.69300079345703,0.0,0.0
feature.Height.unmanaged.CWHvm_DR_HW_M,6,60,10,0.0,10000.0,1.0,1.0,57.89099884033203,0.0,0.0
feature.Height.unmanaged.CWHvm_DR_HW_M,7,70,10,0.0,10000.0,1.0,1.0,63.12200164794922,0.0,0.0
feature.Height.unmanaged.CWHvm_DR_HW_M,8,80,10,0.0,10000.0,1.0,1.0,68.37100219726562,0.0,0.0
feature.Height.unmanaged.CWHvm_DR_HW_M,9,90,10,0.0,10000.0,1.0,1.0,73.59200286865234,0.0,0.0
feature.Height.unmanaged.CWHvm_DR_HW_M,10,100,10,0.0,10000.0,1.0,1.0,78.79199981689453,0.0,0.0
feature.Height.unmanaged.CWHvm_DR_HW_M,11,110,10,0.0,10000.0,1.0,1.0,83.99299621582031,0.0,0.0
feature.Height.unmanaged.CWHvm_DR_HW_M,12,120,10,0.0,10000.0,1.0,1.0,89.22200012207031,0.0,0.0
feature.Height.unmanaged.CWHvm_DR_HW_M,13,130,10,0.0,10000.0,1.0,1.0,94.4729995727539,0.0,0.0
feature.Height.unmanaged.CWHvm_DR_HW_M,14,140,10,0.0,10000.0,1.0,1.0,99.69200134277344,0.0,0.0
feature.Height.unmanaged.CWHvm_DR_HW_M,15,150,10,0.0,10000.0,1.0,1.0,104.89099884033203,0.0,0.0
feature.Height.unmanaged.CWHvm_DR_HW_M,16,160,10,0.0,10000.0,1.0,1.0,110.09200286865234,0.0,0.0
feature.Height.unmanaged.CWHvm_DR_HW_M,17,170,10,0.0,10000.0,1.0,1.0,115.3239974975586,0.0,0.0
feature.Height.unmanaged.CWHvm_DR_HW_M,18,180,10,0.0,10000.0,1.0,1.0,120.5719985961914,0.0,0.0
feature.Height.unmanaged.CWHvm_DR_HW_M,19,190,10,0.0,10000.0,1.0,1.0,125.79299926757812,0.0,0.0
feature.Height.unmanaged.CWHvm_DR_HW_M,20,200,10,0.0,10000.0,1.0,1.0,130.9929962158203,0.0,0.0
feature.Height.unmanaged.CWHvm_DR_HW_M,21,210,10,0.0,10000.0,1.0,1.0,136.19200134277344,0.0,0.0
feature.Height.unmanaged.CWHvm_DR_HW_M,22,220,10,0.0,10000.0,1.0,1.0,141.4199981689453,0.0,0.0
feature.Height.unmanaged.CWHvm_DR_HW_M,23,230,10,0.0,10000.0,1.0,1.0,146.6699981689453,0.0,0.0
feature.Height.unmanaged.CWHvm_DR_HW_M,24,240,10,0.0,10000.0,1.0,1.0,151.8979949951172,0.0,0.0
feature.Height.unmanaged.CWHvm_DR_HW_M,25,250,10,0.0,10000.0,1.0,1.0,155.322998046875,0.0,0.0
feature.Height.unmanaged.CWHvm_DR_HW_M,26,260,10,0.0,10000.0,1.0,1.0,156.0959930419922,0.0,0.0
feature.Height.unmanaged.CWHvm_DR_HW_M,27,270,10,0.0,10000.0,1.0,1.0,156.0959930419922,0.0,0.0
feature.Height.unmanaged.CWHvm_DR_HW_M,28,280,10,0.0,10000.0,1.0,1.0,156.0959930419922,0.0,0.0
feature.Height.unmanaged.CWHvm_DR_HW_M,29,290,10,0.0,10000.0,1.0,1.0,156.0959930419922,0.0,0.0
feature.Height.unmanaged.CWHvm_DR_HW_M,30,300,10,0.0,10000.0,1.0,1.0,156.0959930419922,0.0,0.0
feature.Height.unmanaged.CWHvm_FDC_HW_H,0,0,10,0.0,10000.0,1.0,1.0,36.1609992980957,0.0,0.0
feature.Height.unmanaged.CWHvm_FDC_HW_H,1,10,10,0.0,10000.0,1.0,1.0,43.28900146484375,0.0,0.0
feature.Height.unmanaged.CWHvm_FDC_HW_H,2,20,10,0.0,10000.0,1.0,1.0,50.44499969482422,0.0,0.0
feature.Height.unmanaged.CWHvm_FDC_HW_H,3,30,10,0.0,10000.0,1.0,1.0,57.58700180053711,0.0,0.0
feature.Height.unmanaged.CWHvm_FDC_HW_H,4,40,10,0.0,10000.0,1.0,1.0,64.74299621582031,0.0,0.0
feature.Height.unmanaged.CWHvm_FDC_HW_H,5,50,10,0.0,10000.0,1.0,1.0,71.86299896240234,0.0,0.0
feature.Height.unmanaged.CWHvm_FDC_HW_H,6,60,10,0.0,10000.0,1.0,1.0,78.98799896240234,0.0,0.0
feature.Height.unmanaged.CWHvm_FDC_HW_H,7,70,10,0.0,10000.0,1.0,1.0,86.14199829101562,0.0,0.0
feature.Height.unmanaged.CWHvm_FDC_HW_H,8,80,10,0.0,10000.0,1.0,1.0,93.28700256347656,0.0,0.0
feature.Height.unmanaged.CWHvm_FDC_HW_H,9,90,10,0.0,10000.0,1.0,1.0,100.44300079345703,0.0,0.0
feature.Height.unmanaged.CWHvm_FDC_HW_H,10,100,10,0.0,10000.0,1.0,1.0,107.56199645996094,0.0,0.0
feature.Height.unmanaged.CWHvm_FDC_HW_H,11,110,10,0.0,10000.0,1.0,1.0,114.68699645996094,0.0,0.0
feature.Height.unmanaged.CWHvm_FDC_HW_H,12,120,10,0.0,10000.0,1.0,1.0,121.84300231933594,0.0,0.0
feature.Height.unmanaged.CWHvm_FDC_HW_H,13,130,10,0.0,10000.0,1.0,1.0,128.98800659179688,0.0,0.0
feature.Height.unmanaged.CWHvm_FDC_HW_H,14,140,10,0.0,10000.0,1.0,1.0,136.14300537109375,0.0,0.0
feature.Height.unmanaged.CWHvm_FDC_HW_H,15,150,10,0.0,10000.0,1.0,1.0,143.26100158691406,0.0,0.0
feature.Height.unmanaged.CWHvm_FDC_HW_H,16,160,10,0.0,10000.0,1.0,1.0,150.38699340820312,0.0,0.0
feature.Height.unmanaged.CWHvm_FDC_HW_H,17,170,10,0.0,10000.0,1.0,1.0,157.54299926757812,0.0,0.0
feature.Height.unmanaged.CWHvm_FDC_HW_H,18,180,10,0.0,10000.0,1.0,1.0,164.68800354003906,0.0,0.0
feature.Height.unmanaged.CWHvm_FDC_HW_H,19,190,10,0.0,10000.0,1.0,1.0,171.8419952392578,0.0,0.0
feature.Height.unmanaged.CWHvm_FDC_HW_H,20,200,10,0.0,10000.0,1.0,1.0,178.96299743652344,0.0,0.0
feature.Height.unmanaged.CWHvm_FDC_HW_H,21,210,10,0.0,10000.0,1.0,1.0,186.08900451660156,0.0,0.0
feature.Height.unmanaged.CWHvm_FDC_HW_H,22,220,10,0.0,10000.0,1.0,1.0,193.24400329589844,0.0,0.0
feature.Height.unmanaged.CWHvm_FDC_HW_H,23,230,10,0.0,10000.0,1.0,1.0,200.38600158691406,0.0,0.0
feature.Height.unmanaged.CWHvm_FDC_HW_H,24,240,10,0.0,10000.0,1.0,1.0,207.54600524902344,0.0,0.0
feature.Height.unmanaged.CWHvm_FDC_HW_H,25,250,10,0.0,10000.0,1.0,1.0,212.59100341796875,0.0,0.0
feature.Height.unmanaged.CWHvm_FDC_HW_H,26,260,10,0.0,10000.0,1.0,1.0,213.49600219726562,0.0,0.0
feature.Height.unmanaged.CWHvm_FDC_HW_H,27,270,10,0.0,10000.0,1.0,1.0,213.49600219726562,0.0,0.0
feature.Height.unmanaged.CWHvm_FDC_HW_H,28,280,10,0.0,10000.0,1.0,1.0,213.49600219726562,0.0,0.0
feature.Height.unmanaged.CWHvm_FDC_HW_H,29,290,10,0.0,10000.0,1.0,1.0,213.49600219726562,0.0,0.0
feature.Height.unmanaged.CWHvm_FDC_HW_H,30,300,10,0.0,10000.0,1.0,1.0,213.49600219726562,0.0,0.0
feature.Height.unmanaged.CWHvm_FDC_HW_L,0,0,10,0.0,10000.0,1.0,1.0,27.770999908447266,0.0,0.0
feature.Height.unmanaged.CWHvm_FDC_HW_L,1,10,10,0.0,10000.0,1.0,1.0,32.76900100708008,0.0,0.0
feature.Height.unmanaged.CWHvm_FDC_HW_L,2,20,10,0.0,10000.0,1.0,1.0,37.733001708984375,0.0,0.0
feature.Height.unmanaged.CWHvm_FDC_HW_L,3,30,10,0.0,10000.0,1.0,1.0,42.68600082397461,0.0,0.0
feature.Height.unmanaged.CWHvm_FDC_HW_L,4,40,10,0.0,10000.0,1.0,1.0,47.67300033569336,0.0,0.0
feature.Height.unmanaged.CWHvm_FDC_HW_L,5,50,10,0.0,10000.0,1.0,1.0,52.67100143432617,0.0,0.0
feature.Height.unmanaged.CWHvm_FDC_HW_L,6,60,10,0.0,10000.0,1.0,1.0,57.67100143432617,0.0,0.0
feature.Height.unmanaged.CWHvm_FDC_HW_L,7,70,10,0.0,10000.0,1.0,1.0,62.63199996948242,0.0,0.0
feature.Height.unmanaged.CWHvm_FDC_HW_L,8,80,10,0.0,10000.0,1.0,1.0,67.58599853515625,0.0,0.0
feature.Height.unmanaged.CWHvm_FDC_HW_L,9,90,10,0.0,10000.0,1.0,1.0,72.57499694824219,0.0,0.0
feature.Height.unmanaged.CWHvm_FDC_HW_L,10,100,10,0.0,10000.0,1.0,1.0,77.57099914550781,0.0,0.0
feature.Height.unmanaged.CWHvm_FDC_HW_L,11,110,10,0.0,10000.0,1.0,1.0,82.56700134277344,0.0,0.0
feature.Height.unmanaged.CWHvm_FDC_HW_L,12,120,10,0.0,10000.0,1.0,1.0,87.5270004272461,0.0,0.0
feature.Height.unmanaged.CWHvm_FDC_HW_L,13,130,10,0.0,10000.0,1.0,1.0,92.47799682617188,0.0,0.0
feature.Height.unmanaged.CWHvm_FDC_HW_L,14,140,10,0.0,10000.0,1.0,1.0,97.46199798583984,0.0,0.0
feature.Height.unmanaged.CWHvm_FDC_HW_L,15,150,10,0.0,10000.0,1.0,1.0,102.45500183105469,0.0,0.0
feature.Height.unmanaged.CWHvm_FDC_HW_L,16,160,10,0.0,10000.0,1.0,1.0,107.44999694824219,0.0,0.0
feature.Height.unmanaged.CWHvm_FDC_HW_L,17,170,10,0.0,10000.0,1.0,1.0,112.41000366210938,0.0,0.0
feature.Height.unmanaged.CWHvm_FDC_HW_L,18,180,10,0.0,10000.0,1.0,1.0,117.19100189208984,0.0,0.0
feature.Height.unmanaged.CWHvm_FDC_HW_L,19,190,10,0.0,10000.0,1.0,1.0,121.96199798583984,0.0,0.0
feature.Height.unmanaged.CWHvm_FDC_HW_L,20,200,10,0.0,10000.0,1.0,1.0,126.74400329589844,0.0,0.0
feature.Height.unmanaged.CWHvm_FDC_HW_L,21,210,10,0.0,10000.0,1.0,1.0,131.52699279785156,0.0,0.0
feature.Height.unmanaged.CWHvm_FDC_HW_L,22,220,10,0.0,10000.0,1.0,1.0,136.2740020751953,0.0,0.0
feature.Height.unmanaged.CWHvm_FDC_HW_L,23,230,10,0.0,10000.0,1.0,1.0,141.01199340820312,0.0,0.0
feature.Height.unmanaged.CWHvm_FDC_HW_L,24,240,10,0.0,10000.0,1.0,1.0,145.781005859375,0.0,0.0
feature.Height.unmanaged.CWHvm_FDC_HW_L,25,250,10,0.0,10000.0,1.0,1.0,148.46600341796875,0.0,0.0
feature.Height.unmanaged.CWHvm_FDC_HW_L,26,260,10,0.0,10000.0,1.0,1.0,148.89700317382812,0.0,0.0
feature.Height.unmanaged.CWHvm_FDC_HW_L,27,270,10,0.0,10000.0,1.0,1.0,148.89700317382812,0.0,0.0
feature.Height.unmanaged.CWHvm_FDC_HW_L,28,280,10,0.0,10000.0,1.0,1.0,148.89700317382812,0.0,0.0
feature.Height.unmanaged.CWHvm_FDC_HW_L,29,290,10,0.0,10000.0,1.0,1.0,148.89700317382812,0.0,0.0
feature.Height.unmanaged.CWHvm_FDC_HW_L,30,300,10,0.0,10000.0,1.0,1.0,148.89700317382812,0.0,0.0
feature.Height.unmanaged.CWHvm_FDC_HW_M,0,0,10,0.0,10000.0,1.0,1.0,43.891998291015625,0.0,0.0
feature.Height.unmanaged.CWHvm_FDC_HW_M,1,10,10,0.0,10000.0,1.0,1.0,50.428001403808594,0.0,0.0
feature.Height.unmanaged.CWHvm_FDC_HW_M,2,20,10,0.0,10000.0,1.0,1.0,56.98099899291992,0.0,0.0
feature.Height.unmanaged.CWHvm_FDC_HW_M,3,30,10,0.0,10000.0,1.0,1.0,63.5099983215332,0.0,0.0
feature.Height.unmanaged.CWHvm_FDC_HW_M,4,40,10,0.0,10000.0,1.0,1.0,70.072998046875,0.0,0.0
feature.Height.unmanaged.CWHvm_FDC_HW_M,5,50,10,0.0,10000.0,1.0,1.0,76.59100341796875,0.0,0.0
feature.Height.unmanaged.CWHvm_FDC_HW_M,6,60,10,0.0,10000.0,1.0,1.0,83.12799835205078,0.0,0.0
feature.Height.unmanaged.CWHvm_FDC_HW_M,7,70,10,0.0,10000.0,1.0,1.0,89.68399810791016,0.0,0.0
feature.Height.unmanaged.CWHvm_FDC_HW_M,8,80,10,0.0,10000.0,1.0,1.0,96.21099853515625,0.0,0.0
feature.Height.unmanaged.CWHvm_FDC_HW_M,9,90,10,0.0,10000.0,1.0,1.0,102.7750015258789,0.0,0.0
feature.Height.unmanaged.CWHvm_FDC_HW_M,10,100,10,0.0,10000.0,1.0,1.0,109.29100036621094,0.0,0.0
feature.Height.unmanaged.CWHvm_FDC_HW_M,11,110,10,0.0,10000.0,1.0,1.0,115.8280029296875,0.0,0.0
feature.Height.unmanaged.CWHvm_FDC_HW_M,12,120,10,0.0,10000.0,1.0,1.0,122.38300323486328,0.0,0.0
feature.Height.unmanaged.CWHvm_FDC_HW_M,13,130,10,0.0,10000.0,1.0,1.0,128.91200256347656,0.0,0.0
feature.Height.unmanaged.CWHvm_FDC_HW_M,14,140,10,0.0,10000.0,1.0,1.0,135.47500610351562,0.0,0.0
feature.Height.unmanaged.CWHvm_FDC_HW_M,15,150,10,0.0,10000.0,1.0,1.0,141.99000549316406,0.0,0.0
feature.Height.unmanaged.CWHvm_FDC_HW_M,16,160,10,0.0,10000.0,1.0,1.0,148.52699279785156,0.0,0.0
feature.Height.unmanaged.CWHvm_FDC_HW_M,17,170,10,0.0,10000.0,1.0,1.0,155.08299255371094,0.0,0.0
feature.Height.unmanaged.CWHvm_FDC_HW_M,18,180,10,0.0,10000.0,1.0,1.0,161.61199951171875,0.0,0.0
feature.Height.unmanaged.CWHvm_FDC_HW_M,19,190,10,0.0,10000.0,1.0,1.0,168.1750030517578,0.0,0.0
feature.Height.unmanaged.CWHvm_FDC_HW_M,20,200,10,0.0,10000.0,1.0,1.0,174.43299865722656,0.0,0.0
feature.Height.unmanaged.CWHvm_FDC_HW_M,21,210,10,0.0,10000.0,1.0,1.0,179.7259979248047,0.0,0.0
feature.Height.unmanaged.CWHvm_FDC_HW_M,22,220,10,0.0,10000.0,1.0,1.0,185.01199340820312,0.0,0.0
feature.Height.unmanaged.CWHvm_FDC_HW_M,23,230,10,0.0,10000.0,1.0,1.0,189.0449981689453,0.0,0.0
feature.Height.unmanaged.CWHvm_FDC_HW_M,24,240,10,0.0,10000.0,1.0,1.0,192.75999450683594,0.0,0.0
feature.Height.unmanaged.CWHvm_FDC_HW_M,25,250,10,0.0,10000.0,1.0,1.0,195.0989990234375,0.0,0.0
feature.Height.unmanaged.CWHvm_FDC_HW_M,26,260,10,0.0,10000.0,1.0,1.0,195.4980010986328,0.0,0.0
feature.Height.unmanaged.CWHvm_FDC_HW_M,27,270,10,0.0,10000.0,1.0,1.0,195.4980010986328,0.0,0.0
feature.Height.unmanaged.CWHvm_FDC_HW_M,28,280,10,0.0,10000.0,1.0,1.0,195.4980010986328,0.0,0.0
feature.Height.unmanaged.CWHvm_FDC_HW_M,29,290,10,0.0,10000.0,1.0,1.0,195.4980010986328,0.0,0.0
feature.Height.unmanaged.CWHvm_FDC_HW_M,30,300,10,0.0,10000.0,1.0,1.0,195.4980010986328,0.0,0.0
feature.Height.unmanaged.CWHvm_HW_BA_M,0,0,10,0.0,10000.0,1.0,1.0,70.97100067138672,0.0,0.0
feature.Height.unmanaged.CWHvm_HW_BA_M,1,10,10,0.0,10000.0,1.0,1.0,75.76300048828125,0.0,0.0
feature.Height.unmanaged.CWHvm_HW_BA_M,2,20,10,0.0,10000.0,1.0,1.0,80.51200103759766,0.0,0.0
feature.Height.unmanaged.CWHvm_HW_BA_M,3,30,10,0.0,10000.0,1.0,1.0,85.29100036621094,0.0,0.0
feature.Height.unmanaged.CWHvm_HW_BA_M,4,40,10,0.0,10000.0,1.0,1.0,90.08799743652344,0.0,0.0
feature.Height.unmanaged.CWHvm_HW_BA_M,5,50,10,0.0,10000.0,1.0,1.0,94.87000274658203,0.0,0.0
feature.Height.unmanaged.CWHvm_HW_BA_M,6,60,10,0.0,10000.0,1.0,1.0,99.66100311279297,0.0,0.0
feature.Height.unmanaged.CWHvm_HW_BA_M,7,70,10,0.0,10000.0,1.0,1.0,104.36000061035156,0.0,0.0
feature.Height.unmanaged.CWHvm_HW_BA_M,8,80,10,0.0,10000.0,1.0,1.0,109.0739974975586,0.0,0.0
feature.Height.unmanaged.CWHvm_HW_BA_M,9,90,10,0.0,10000.0,1.0,1.0,113.80500030517578,0.0,0.0
feature.Height.unmanaged.CWHvm_HW_BA_M,10,100,10,0.0,10000.0,1.0,1.0,117.1989974975586,0.0,0.0
feature.Height.unmanaged.CWHvm_HW_BA_M,11,110,10,0.0,10000.0,1.0,1.0,120.27400207519531,0.0,0.0
feature.Height.unmanaged.CWHvm_HW_BA_M,12,120,10,0.0,10000.0,1.0,1.0,123.33200073242188,0.0,0.0
feature.Height.unmanaged.CWHvm_HW_BA_M,13,130,10,0.0,10000.0,1.0,1.0,126.40399932861328,0.0,0.0
feature.Height.unmanaged.CWHvm_HW_BA_M,14,140,10,0.0,10000.0,1.0,1.0,129.48800659179688,0.0,0.0
feature.Height.unmanaged.CWHvm_HW_BA_M,15,150,10,0.0,10000.0,1.0,1.0,132.5540008544922,0.0,0.0
feature.Height.unmanaged.CWHvm_HW_BA_M,16,160,10,0.0,10000.0,1.0,1.0,135.6300048828125,0.0,0.0
feature.Height.unmanaged.CWHvm_HW_BA_M,17,170,10,0.0,10000.0,1.0,1.0,138.68299865722656,0.0,0.0
feature.Height.unmanaged.CWHvm_HW_BA_M,18,180,10,0.0,10000.0,1.0,1.0,140.73500061035156,0.0,0.0
feature.Height.unmanaged.CWHvm_HW_BA_M,19,190,10,0.0,10000.0,1.0,1.0,142.53700256347656,0.0,0.0
feature.Height.unmanaged.CWHvm_HW_BA_M,20,200,10,0.0,10000.0,1.0,1.0,142.8979949951172,0.0,0.0
feature.Height.unmanaged.CWHvm_HW_BA_M,21,210,10,0.0,10000.0,1.0,1.0,142.8979949951172,0.0,0.0
feature.Height.unmanaged.CWHvm_HW_BA_M,22,220,10,0.0,10000.0,1.0,1.0,142.8979949951172,0.0,0.0
feature.Height.unmanaged.CWHvm_HW_BA_M,23,230,10,0.0,10000.0,1.0,1.0,142.8979949951172,0.0,0.0
feature.Height.unmanaged.CWHvm_HW_BA_M,24,240,10,0.0,10000.0,1.0,1.0,142.8979949951172,0.0,0.0
feature.Height.unmanaged.CWHvm_HW_BA_M,25,250,10,0.0,10000.0,1.0,1.0,142.8979949951172,0.0,0.0
feature.Height.unmanaged.CWHvm_HW_BA_M,26,260,10,0.0,10000.0,1.0,1.0,142.8979949951172,0.0,0.0
feature.Height.unmanaged.CWHvm_HW_BA_M,27,270,10,0.0,10000.0,1.0,1.0,142.8979949951172,0.0,0.0
feature.Height.unmanaged.CWHvm_HW_BA_M,28,280,10,0.0,10000.0,1.0,1.0,142.8979949951172,0.0,0.0
feature.Height.unmanaged.CWHvm_HW_BA_M,29,290,10,0.0,10000.0,1.0,1.0,142.8979949951172,0.0,0.0
feature.Height.unmanaged.CWHvm_HW_BA_M,30,300,10,0.0,10000.0,1.0,1.0,142.8979949951172,0.0,0.0
feature.Height.unmanaged.CWHvm_HW_CW_H,0,0,10,0.0,10000.0,1.0,1.0,66.18900299072266,0.0,0.0
feature.Height.unmanaged.CWHvm_HW_CW_H,1,10,10,0.0,10000.0,1.0,1.0,71.21099853515625,0.0,0.0
feature.Height.unmanaged.CWHvm_HW_CW_H,2,20,10,0.0,10000.0,1.0,1.0,76.22799682617188,0.0,0.0
feature.Height.unmanaged.CWHvm_HW_CW_H,3,30,10,0.0,10000.0,1.0,1.0,81.23699951171875,0.0,0.0
feature.Height.unmanaged.CWHvm_HW_CW_H,4,40,10,0.0,10000.0,1.0,1.0,86.23799896240234,0.0,0.0
feature.Height.unmanaged.CWHvm_HW_CW_H,5,50,10,0.0,10000.0,1.0,1.0,91.29100036621094,0.0,0.0
feature.Height.unmanaged.CWHvm_HW_CW_H,6,60,10,0.0,10000.0,1.0,1.0,96.31099700927734,0.0,0.0
feature.Height.unmanaged.CWHvm_HW_CW_H,7,70,10,0.0,10000.0,1.0,1.0,101.3290023803711,0.0,0.0
feature.Height.unmanaged.CWHvm_HW_CW_H,8,80,10,0.0,10000.0,1.0,1.0,106.33699798583984,0.0,0.0
feature.Height.unmanaged.CWHvm_HW_CW_H,9,90,10,0.0,10000.0,1.0,1.0,111.33699798583984,0.0,0.0
feature.Height.unmanaged.CWHvm_HW_CW_H,10,100,10,0.0,10000.0,1.0,1.0,116.39099884033203,0.0,0.0
feature.Height.unmanaged.CWHvm_HW_CW_H,11,110,10,0.0,10000.0,1.0,1.0,121.41300201416016,0.0,0.0
feature.Height.unmanaged.CWHvm_HW_CW_H,12,120,10,0.0,10000.0,1.0,1.0,126.42900085449219,0.0,0.0
feature.Height.unmanaged.CWHvm_HW_CW_H,13,130,10,0.0,10000.0,1.0,1.0,130.28399658203125,0.0,0.0
feature.Height.unmanaged.CWHvm_HW_CW_H,14,140,10,0.0,10000.0,1.0,1.0,133.843994140625,0.0,0.0
feature.Height.unmanaged.CWHvm_HW_CW_H,15,150,10,0.0,10000.0,1.0,1.0,137.4340057373047,0.0,0.0
feature.Height.unmanaged.CWHvm_HW_CW_H,16,160,10,0.0,10000.0,1.0,1.0,141.0070037841797,0.0,0.0
feature.Height.unmanaged.CWHvm_HW_CW_H,17,170,10,0.0,10000.0,1.0,1.0,144.5850067138672,0.0,0.0
feature.Height.unmanaged.CWHvm_HW_CW_H,18,180,10,0.0,10000.0,1.0,1.0,146.281005859375,0.0,0.0
feature.Height.unmanaged.CWHvm_HW_CW_H,19,190,10,0.0,10000.0,1.0,1.0,147.5019989013672,0.0,0.0
feature.Height.unmanaged.CWHvm_HW_CW_H,20,200,10,0.0,10000.0,1.0,1.0,148.12100219726562,0.0,0.0
feature.Height.unmanaged.CWHvm_HW_CW_H,21,210,10,0.0,10000.0,1.0,1.0,148.58900451660156,0.0,0.0
feature.Height.unmanaged.CWHvm_HW_CW_H,22,220,10,0.0,10000.0,1.0,1.0,149.06399536132812,0.0,0.0
feature.Height.unmanaged.CWHvm_HW_CW_H,23,230,10,0.0,10000.0,1.0,1.0,149.53500366210938,0.0,0.0
feature.Height.unmanaged.CWHvm_HW_CW_H,24,240,10,0.0,10000.0,1.0,1.0,150.0019989013672,0.0,0.0
feature.Height.unmanaged.CWHvm_HW_CW_H,25,250,10,0.0,10000.0,1.0,1.0,150.0959930419922,0.0,0.0
feature.Height.unmanaged.CWHvm_HW_CW_H,26,260,10,0.0,10000.0,1.0,1.0,150.0959930419922,0.0,0.0
feature.Height.unmanaged.CWHvm_HW_CW_H,27,270,10,0.0,10000.0,1.0,1.0,150.0959930419922,0.0,0.0
feature.Height.unmanaged.CWHvm_HW_CW_H,28,280,10,0.0,10000.0,1.0,1.0,150.0959930419922,0.0,0.0
feature.Height.unmanaged.CWHvm_HW_CW_H,29,290,10,0.0,10000.0,1.0,1.0,150.0959930419922,0.0,0.0
feature.Height.unmanaged.CWHvm_HW_CW_H,30,300,10,0.0,10000.0,1.0,1.0,150.0959930419922,0.0,0.0
feature.Height.unmanaged.CWHvm_HW_CW_L,0,0,10,0.0,10000.0,1.0,1.0,87.55599975585938,0.0,0.0
feature.Height.unmanaged.CWHvm_HW_CW_L,1,10,10,0.0,10000.0,1.0,1.0,89.25599670410156,0.0,0.0
feature.Height.unmanaged.CWHvm_HW_CW_L,2,20,10,0.0,10000.0,1.0,1.0,90.95700073242188,0.0,0.0
feature.Height.unmanaged.CWHvm_HW_CW_L,3,30,10,0.0,10000.0,1.0,1.0,92.63700103759766,0.0,0.0
feature.Height.unmanaged.CWHvm_HW_CW_L,4,40,10,0.0,10000.0,1.0,1.0,94.32599639892578,0.0,0.0
feature.Height.unmanaged.CWHvm_HW_CW_L,5,50,10,0.0,10000.0,1.0,1.0,96.01000213623047,0.0,0.0
feature.Height.unmanaged.CWHvm_HW_CW_L,6,60,10,0.0,10000.0,1.0,1.0,97.26499938964844,0.0,0.0
feature.Height.unmanaged.CWHvm_HW_CW_L,7,70,10,0.0,10000.0,1.0,1.0,97.49600219726562,0.0,0.0
feature.Height.unmanaged.CWHvm_HW_CW_L,8,80,10,0.0,10000.0,1.0,1.0,97.49600219726562,0.0,0.0
feature.Height.unmanaged.CWHvm_HW_CW_L,9,90,10,0.0,10000.0,1.0,1.0,97.49600219726562,0.0,0.0
feature.Height.unmanaged.CWHvm_HW_CW_L,10,100,10,0.0,10000.0,1.0,1.0,97.49600219726562,0.0,0.0
feature.Height.unmanaged.CWHvm_HW_CW_L,11,110,10,0.0,10000.0,1.0,1.0,97.49600219726562,0.0,0.0
feature.Height.unmanaged.CWHvm_HW_CW_L,12,120,10,0.0,10000.0,1.0,1.0,97.49600219726562,0.0,0.0
feature.Height.unmanaged.CWHvm_HW_CW_L,13,130,10,0.0,10000.0,1.0,1.0,97.49600219726562,0.0,0.0
feature.Height.unmanaged.CWHvm_HW_CW_L,14,140,10,0.0,10000.0,1.0,1.0,97.49600219726562,0.0,0.0
feature.Height.unmanaged.CWHvm_HW_CW_L,15,150,10,0.0,10000.0,1.0,1.0,97.49600219726562,0.0,0.0
feature.Height.unmanaged.CWHvm_HW_CW_L,16,160,10,0.0,10000.0,1.0,1.0,97.49600219726562,0.0,0.0
feature.Height.unmanaged.CWHvm_HW_CW_L,17,170,10,0.0,10000.0,1.0,1.0,97.49600219726562,0.0,0.0
feature.Height.unmanaged.CWHvm_HW_CW_L,18,180,10,0.0,10000.0,1.0,1.0,97.49600219726562,0.0,0.0
feature.Height.unmanaged.CWHvm_HW_CW_L,19,190,10,0.0,10000.0,1.0,1.0,97.49600219726562,0.0,0.0
feature.Height.unmanaged.CWHvm_HW_CW_L,20,200,10,0.0,10000.0,1.0,1.0,97.49600219726562,0.0,0.0
feature.Height.unmanaged.CWHvm_HW_CW_L,21,210,10,0.0,10000.0,1.0,1.0,97.49600219726562,0.0,0.0
feature.Height.unmanaged.CWHvm_HW_CW_L,22,220,10,0.0,10000.0,1.0,1.0,97.49600219726562,0.0,0.0
feature.Height.unmanaged.CWHvm_HW_CW_L,23,230,10,0.0,10000.0,1.0,1.0,97.49600219726562,0.0,0.0
feature.Height.unmanaged.CWHvm_HW_CW_L,24,240,10,0.0,10000.0,1.0,1.0,97.49600219726562,0.0,0.0
feature.Height.unmanaged.CWHvm_HW_CW_L,25,250,10,0.0,10000.0,1.0,1.0,97.49600219726562,0.0,0.0
feature.Height.unmanaged.CWHvm_HW_CW_L,26,260,10,0.0,10000.0,1.0,1.0,97.49600219726562,0.0,0.0
feature.Height.unmanaged.CWHvm_HW_CW_L,27,270,10,0.0,10000.0,1.0,1.0,97.49600219726562,0.0,0.0
feature.Height.unmanaged.CWHvm_HW_CW_L,28,280,10,0.0,10000.0,1.0,1.0,97.49600219726562,0.0,0.0
feature.Height.unmanaged.CWHvm_HW_CW_L,29,290,10,0.0,10000.0,1.0,1.0,97.49600219726562,0.0,0.0
feature.Height.unmanaged.CWHvm_HW_CW_L,30,300,10,0.0,10000.0,1.0,1.0,97.49600219726562,0.0,0.0
feature.Height.unmanaged.CWHvm_HW_CW_M,0,0,10,0.0,10000.0,1.0,1.0,44.90999984741211,0.0,0.0
feature.Height.unmanaged.CWHvm_HW_CW_M,1,10,10,0.0,10000.0,1.0,1.0,49.00899887084961,0.0,0.0
feature.Height.unmanaged.CWHvm_HW_CW_M,2,20,10,0.0,10000.0,1.0,1.0,53.108001708984375,0.0,0.0
feature.Height.unmanaged.CWHvm_HW_CW_M,3,30,10,0.0,10000.0,1.0,1.0,57.20899963378906,0.0,0.0
feature.Height.unmanaged.CWHvm_HW_CW_M,4,40,10,0.0,10000.0,1.0,1.0,61.308998107910156,0.0,0.0
feature.Height.unmanaged.CWHvm_HW_CW_M,5,50,10,0.0,10000.0,1.0,1.0,65.40899658203125,0.0,0.0
feature.Height.unmanaged.CWHvm_HW_CW_M,6,60,10,0.0,10000.0,1.0,1.0,69.51000213623047,0.0,0.0
feature.Height.unmanaged.CWHvm_HW_CW_M,7,70,10,0.0,10000.0,1.0,1.0,73.60800170898438,0.0,0.0
feature.Height.unmanaged.CWHvm_HW_CW_M,8,80,10,0.0,10000.0,1.0,1.0,77.70899963378906,0.0,0.0
feature.Height.unmanaged.CWHvm_HW_CW_M,9,90,10,0.0,10000.0,1.0,1.0,81.80799865722656,0.0,0.0
feature.Height.unmanaged.CWHvm_HW_CW_M,10,100,10,0.0,10000.0,1.0,1.0,85.90799713134766,0.0,0.0
feature.Height.unmanaged.CWHvm_HW_CW_M,11,110,10,0.0,10000.0,1.0,1.0,90.00900268554688,0.0,0.0
feature.Height.unmanaged.CWHvm_HW_CW_M,12,120,10,0.0,10000.0,1.0,1.0,94.11000061035156,0.0,0.0
feature.Height.unmanaged.CWHvm_HW_CW_M,13,130,10,0.0,10000.0,1.0,1.0,97.55000305175781,0.0,0.0
feature.Height.unmanaged.CWHvm_HW_CW_M,14,140,10,0.0,10000.0,1.0,1.0,100.822998046875,0.0,0.0
feature.Height.unmanaged.CWHvm_HW_CW_M,15,150,10,0.0,10000.0,1.0,1.0,104.09500122070312,0.0,0.0
feature.Height.unmanaged.CWHvm_HW_CW_M,16,160,10,0.0,10000.0,1.0,1.0,107.36900329589844,0.0,0.0
feature.Height.unmanaged.CWHvm_HW_CW_M,17,170,10,0.0,10000.0,1.0,1.0,110.64600372314453,0.0,0.0
feature.Height.unmanaged.CWHvm_HW_CW_M,18,180,10,0.0,10000.0,1.0,1.0,112.4990005493164,0.0,0.0
feature.Height.unmanaged.CWHvm_HW_CW_M,19,190,10,0.0,10000.0,1.0,1.0,113.99500274658203,0.0,0.0
feature.Height.unmanaged.CWHvm_HW_CW_M,20,200,10,0.0,10000.0,1.0,1.0,115.49299621582031,0.0,0.0
feature.Height.unmanaged.CWHvm_HW_CW_M,21,210,10,0.0,10000.0,1.0,1.0,116.98999786376953,0.0,0.0
feature.Height.unmanaged.CWHvm_HW_CW_M,22,220,10,0.0,10000.0,1.0,1.0,118.48699951171875,0.0,0.0
feature.Height.unmanaged.CWHvm_HW_CW_M,23,230,10,0.0,10000.0,1.0,1.0,119.98500061035156,0.0,0.0
feature.Height.unmanaged.CWHvm_HW_CW_M,24,240,10,0.0,10000.0,1.0,1.0,121.48400115966797,0.0,0.0
feature.Height.unmanaged.CWHvm_HW_CW_M,25,250,10,0.0,10000.0,1.0,1.0,122.10900115966797,0.0,0.0
feature.Height.unmanaged.CWHvm_HW_CW_M,26,260,10,0.0,10000.0,1.0,1.0,122.51599884033203,0.0,0.0
feature.Height.unmanaged.CWHvm_HW_CW_M,27,270,10,0.0,10000.0,1.0,1.0,122.5979995727539,0.0,0.0
feature.Height.unmanaged.CWHvm_HW_CW_M,28,280,10,0.0,10000.0,1.0,1.0,122.5979995727539,0.0,0.0
feature.Height.unmanaged.CWHvm_HW_CW_M,29,290,10,0.0,10000.0,1.0,1.0,122.5979995727539,0.0,0.0
feature.Height.unmanaged.CWHvm_HW_CW_M,30,300,10,0.0,10000.0,1.0,1.0,122.5979995727539,0.0,0.0
feature.Height.unmanaged.CWHvm_HW_FDC_H,0,0,10,0.0,10000.0,1.0,1.0,43.64699935913086,0.0,0.0
feature.Height.unmanaged.CWHvm_HW_FDC_H,1,10,10,0.0,10000.0,1.0,1.0,49.9370002746582,0.0,0.0
feature.Height.unmanaged.CWHvm_HW_FDC_H,2,20,10,0.0,10000.0,1.0,1.0,56.19599914550781,0.0,0.0
feature.Height.unmanaged.CWHvm_HW_FDC_H,3,30,10,0.0,10000.0,1.0,1.0,62.45899963378906,0.0,0.0
feature.Height.unmanaged.CWHvm_HW_FDC_H,4,40,10,0.0,10000.0,1.0,1.0,68.7509994506836,0.0,0.0
feature.Height.unmanaged.CWHvm_HW_FDC_H,5,50,10,0.0,10000.0,1.0,1.0,75.0469970703125,0.0,0.0
feature.Height.unmanaged.CWHvm_HW_FDC_H,6,60,10,0.0,10000.0,1.0,1.0,81.33699798583984,0.0,0.0
feature.Height.unmanaged.CWHvm_HW_FDC_H,7,70,10,0.0,10000.0,1.0,1.0,87.59500122070312,0.0,0.0
feature.Height.unmanaged.CWHvm_HW_FDC_H,8,80,10,0.0,10000.0,1.0,1.0,93.85800170898438,0.0,0.0
feature.Height.unmanaged.CWHvm_HW_FDC_H,9,90,10,0.0,10000.0,1.0,1.0,100.15399932861328,0.0,0.0
feature.Height.unmanaged.CWHvm_HW_FDC_H,10,100,10,0.0,10000.0,1.0,1.0,106.447998046875,0.0,0.0
feature.Height.unmanaged.CWHvm_HW_FDC_H,11,110,10,0.0,10000.0,1.0,1.0,112.73899841308594,0.0,0.0
feature.Height.unmanaged.CWHvm_HW_FDC_H,12,120,10,0.0,10000.0,1.0,1.0,118.99500274658203,0.0,0.0
feature.Height.unmanaged.CWHvm_HW_FDC_H,13,130,10,0.0,10000.0,1.0,1.0,125.26100158691406,0.0,0.0
feature.Height.unmanaged.CWHvm_HW_FDC_H,14,140,10,0.0,10000.0,1.0,1.0,131.55499267578125,0.0,0.0
feature.Height.unmanaged.CWHvm_HW_FDC_H,15,150,10,0.0,10000.0,1.0,1.0,137.84800720214844,0.0,0.0
feature.Height.unmanaged.CWHvm_HW_FDC_H,16,160,10,0.0,10000.0,1.0,1.0,144.13600158691406,0.0,0.0
feature.Height.unmanaged.CWHvm_HW_FDC_H,17,170,10,0.0,10000.0,1.0,1.0,150.39700317382812,0.0,0.0
feature.Height.unmanaged.CWHvm_HW_FDC_H,18,180,10,0.0,10000.0,1.0,1.0,156.16200256347656,0.0,0.0
feature.Height.unmanaged.CWHvm_HW_FDC_H,19,190,10,0.0,10000.0,1.0,1.0,161.83099365234375,0.0,0.0
feature.Height.unmanaged.CWHvm_HW_FDC_H,20,200,10,0.0,10000.0,1.0,1.0,166.88999938964844,0.0,0.0
feature.Height.unmanaged.CWHvm_HW_FDC_H,21,210,10,0.0,10000.0,1.0,1.0,171.65199279785156,0.0,0.0
feature.Height.unmanaged.CWHvm_HW_FDC_H,22,220,10,0.0,10000.0,1.0,1.0,176.38699340820312,0.0,0.0
feature.Height.unmanaged.CWHvm_HW_FDC_H,23,230,10,0.0,10000.0,1.0,1.0,181.1300048828125,0.0,0.0
feature.Height.unmanaged.CWHvm_HW_FDC_H,24,240,10,0.0,10000.0,1.0,1.0,185.38999938964844,0.0,0.0
feature.Height.unmanaged.CWHvm_HW_FDC_H,25,250,10,0.0,10000.0,1.0,1.0,187.4720001220703,0.0,0.0
feature.Height.unmanaged.CWHvm_HW_FDC_H,26,260,10,0.0,10000.0,1.0,1.0,187.78500366210938,0.0,0.0
feature.Height.unmanaged.CWHvm_HW_FDC_H,27,270,10,0.0,10000.0,1.0,1.0,187.78500366210938,0.0,0.0
feature.Height.unmanaged.CWHvm_HW_FDC_H,28,280,10,0.0,10000.0,1.0,1.0,187.78500366210938,0.0,0.0
feature.Height.unmanaged.CWHvm_HW_FDC_H,29,290,10,0.0,10000.0,1.0,1.0,187.78500366210938,0.0,0.0
feature.Height.unmanaged.CWHvm_HW_FDC_H,30,300,10,0.0,10000.0,1.0,1.0,187.78500366210938,0.0,0.0
feature.Height.unmanaged.CWHvm_HW_FDC_L,0,0,10,0.0,10000.0,1.0,1.0,35.5989990234375,0.0,0.0
feature.Height.unmanaged.CWHvm_HW_FDC_L,1,10,10,0.0,10000.0,1.0,1.0,40.387001037597656,0.0,0.0
feature.Height.unmanaged.CWHvm_HW_FDC_L,2,20,10,0.0,10000.0,1.0,1.0,45.16400146484375,0.0,0.0
feature.Height.unmanaged.CWHvm_HW_FDC_L,3,30,10,0.0,10000.0,1.0,1.0,49.93299865722656,0.0,0.0
feature.Height.unmanaged.CWHvm_HW_FDC_L,4,40,10,0.0,10000.0,1.0,1.0,54.724998474121094,0.0,0.0
feature.Height.unmanaged.CWHvm_HW_FDC_L,5,50,10,0.0,10000.0,1.0,1.0,59.5,0.0,0.0
feature.Height.unmanaged.CWHvm_HW_FDC_L,6,60,10,0.0,10000.0,1.0,1.0,64.28700256347656,0.0,0.0
feature.Height.unmanaged.CWHvm_HW_FDC_L,7,70,10,0.0,10000.0,1.0,1.0,69.06500244140625,0.0,0.0
feature.Height.unmanaged.CWHvm_HW_FDC_L,8,80,10,0.0,10000.0,1.0,1.0,73.83300018310547,0.0,0.0
feature.Height.unmanaged.CWHvm_HW_FDC_L,9,90,10,0.0,10000.0,1.0,1.0,78.6259994506836,0.0,0.0
feature.Height.unmanaged.CWHvm_HW_FDC_L,10,100,10,0.0,10000.0,1.0,1.0,83.4000015258789,0.0,0.0
feature.Height.unmanaged.CWHvm_HW_FDC_L,11,110,10,0.0,10000.0,1.0,1.0,88.18699645996094,0.0,0.0
feature.Height.unmanaged.CWHvm_HW_FDC_L,12,120,10,0.0,10000.0,1.0,1.0,92.96499633789062,0.0,0.0
feature.Height.unmanaged.CWHvm_HW_FDC_L,13,130,10,0.0,10000.0,1.0,1.0,97.73500061035156,0.0,0.0
feature.Height.unmanaged.CWHvm_HW_FDC_L,14,140,10,0.0,10000.0,1.0,1.0,102.5250015258789,0.0,0.0
feature.Height.unmanaged.CWHvm_HW_FDC_L,15,150,10,0.0,10000.0,1.0,1.0,107.30000305175781,0.0,0.0
feature.Height.unmanaged.CWHvm_HW_FDC_L,16,160,10,0.0,10000.0,1.0,1.0,112.08699798583984,0.0,0.0
feature.Height.unmanaged.CWHvm_HW_FDC_L,17,170,10,0.0,10000.0,1.0,1.0,116.86100006103516,0.0,0.0
feature.Height.unmanaged.CWHvm_HW_FDC_L,18,180,10,0.0,10000.0,1.0,1.0,120.62100219726562,0.0,0.0
feature.Height.unmanaged.CWHvm_HW_FDC_L,19,190,10,0.0,10000.0,1.0,1.0,124.15399932861328,0.0,0.0
feature.Height.unmanaged.CWHvm_HW_FDC_L,20,200,10,0.0,10000.0,1.0,1.0,127.68800354003906,0.0,0.0
feature.Height.unmanaged.CWHvm_HW_FDC_L,21,210,10,0.0,10000.0,1.0,1.0,131.2270050048828,0.0,0.0
feature.Height.unmanaged.CWHvm_HW_FDC_L,22,220,10,0.0,10000.0,1.0,1.0,134.7449951171875,0.0,0.0
feature.Height.unmanaged.CWHvm_HW_FDC_L,23,230,10,0.0,10000.0,1.0,1.0,137.8560028076172,0.0,0.0
feature.Height.unmanaged.CWHvm_HW_FDC_L,24,240,10,0.0,10000.0,1.0,1.0,140.8350067138672,0.0,0.0
feature.Height.unmanaged.CWHvm_HW_FDC_L,25,250,10,0.0,10000.0,1.0,1.0,142.5989990234375,0.0,0.0
feature.Height.unmanaged.CWHvm_HW_FDC_L,26,260,10,0.0,10000.0,1.0,1.0,142.89199829101562,0.0,0.0
feature.Height.unmanaged.CWHvm_HW_FDC_L,27,270,10,0.0,10000.0,1.0,1.0,142.89199829101562,0.0,0.0
feature.Height.unmanaged.CWHvm_HW_FDC_L,28,280,10,0.0,10000.0,1.0,1.0,142.89199829101562,0.0,0.0
feature.Height.unmanaged.CWHvm_HW_FDC_L,29,290,10,0.0,10000.0,1.0,1.0,142.89199829101562,0.0,0.0
feature.Height.unmanaged.CWHvm_HW_FDC_L,30,300,10,0.0,10000.0,1.0,1.0,142.89199829101562,0.0,0.0
feature.Height.unmanaged.CWHvm_HW_SS_M,0,0,10,0.0,10000.0,1.0,1.0,36.70500183105469,0.0,0.0
feature.Height.unmanaged.CWHvm_HW_SS_M,1,10,10,0.0,10000.0,1.0,1.0,42.37799835205078,0.0,0.0
feature.Height.unmanaged.CWHvm_HW_SS_M,2,20,10,0.0,10000.0,1.0,1.0,48.007999420166016,0.0,0.0
feature.Height.unmanaged.CWHvm_HW_SS_M,3,30,10,0.0,10000.0,1.0,1.0,53.678001403808594,0.0,0.0
feature.Height.unmanaged.CWHvm_HW_SS_M,4,40,10,0.0,10000.0,1.0,1.0,59.37099838256836,0.0,0.0
feature.Height.unmanaged.CWHvm_HW_SS_M,5,50,10,0.0,10000.0,1.0,1.0,65.00399780273438,0.0,0.0
feature.Height.unmanaged.CWHvm_HW_SS_M,6,60,10,0.0,10000.0,1.0,1.0,70.6780014038086,0.0,0.0
feature.Height.unmanaged.CWHvm_HW_SS_M,7,70,10,0.0,10000.0,1.0,1.0,76.30799865722656,0.0,0.0
feature.Height.unmanaged.CWHvm_HW_SS_M,8,80,10,0.0,10000.0,1.0,1.0,81.97799682617188,0.0,0.0
feature.Height.unmanaged.CWHvm_HW_SS_M,9,90,10,0.0,10000.0,1.0,1.0,87.6709976196289,0.0,0.0
feature.Height.unmanaged.CWHvm_HW_SS_M,10,100,10,0.0,10000.0,1.0,1.0,93.30500030517578,0.0,0.0
feature.Height.unmanaged.CWHvm_HW_SS_M,11,110,10,0.0,10000.0,1.0,1.0,98.97799682617188,0.0,0.0
feature.Height.unmanaged.CWHvm_HW_SS_M,12,120,10,0.0,10000.0,1.0,1.0,104.60800170898438,0.0,0.0
feature.Height.unmanaged.CWHvm_HW_SS_M,13,130,10,0.0,10000.0,1.0,1.0,110.27799987792969,0.0,0.0
feature.Height.unmanaged.CWHvm_HW_SS_M,14,140,10,0.0,10000.0,1.0,1.0,115.97000122070312,0.0,0.0
feature.Height.unmanaged.CWHvm_HW_SS_M,15,150,10,0.0,10000.0,1.0,1.0,121.6050033569336,0.0,0.0
feature.Height.unmanaged.CWHvm_HW_SS_M,16,160,10,0.0,10000.0,1.0,1.0,127.2770004272461,0.0,0.0
feature.Height.unmanaged.CWHvm_HW_SS_M,17,170,10,0.0,10000.0,1.0,1.0,132.9080047607422,0.0,0.0
feature.Height.unmanaged.CWHvm_HW_SS_M,18,180,10,0.0,10000.0,1.0,1.0,138.5780029296875,0.0,0.0
feature.Height.unmanaged.CWHvm_HW_SS_M,19,190,10,0.0,10000.0,1.0,1.0,144.27099609375,0.0,0.0
feature.Height.unmanaged.CWHvm_HW_SS_M,20,200,10,0.0,10000.0,1.0,1.0,149.9040069580078,0.0,0.0
feature.Height.unmanaged.CWHvm_HW_SS_M,21,210,10,0.0,10000.0,1.0,1.0,155.5780029296875,0.0,0.0
feature.Height.unmanaged.CWHvm_HW_SS_M,22,220,10,0.0,10000.0,1.0,1.0,161.20899963378906,0.0,0.0
feature.Height.unmanaged.CWHvm_HW_SS_M,23,230,10,0.0,10000.0,1.0,1.0,166.85699462890625,0.0,0.0
feature.Height.unmanaged.CWHvm_HW_SS_M,24,240,10,0.0,10000.0,1.0,1.0,168.4720001220703,0.0,0.0
feature.Height.unmanaged.CWHvm_HW_SS_M,25,250,10,0.0,10000.0,1.0,1.0,169.07699584960938,0.0,0.0
feature.Height.unmanaged.CWHvm_HW_SS_M,26,260,10,0.0,10000.0,1.0,1.0,169.19900512695312,0.0,0.0
feature.Height.unmanaged.CWHvm_HW_SS_M,27,270,10,0.0,10000.0,1.0,1.0,169.19900512695312,0.0,0.0
feature.Height.unmanaged.CWHvm_HW_SS_M,28,280,10,0.0,10000.0,1.0,1.0,169.19900512695312,0.0,0.0
feature.Height.unmanaged.CWHvm_HW_SS_M,29,290,10,0.0,10000.0,1.0,1.0,169.19900512695312,0.0,0.0
feature.Height.unmanaged.CWHvm_HW_SS_M,30,300,10,0.0,10000.0,1.0,1.0,169.19900512695312,0.0,0.0
feature.QMD.managed.CWHvm_CW_HW_M,0,0,10,0.0,10000.0,1.0,1.0,14.394000053405762,0.0,0.0
feature.QMD.managed.CWHvm_CW_HW_M,1,10,10,0.0,10000.0,1.0,1.0,16.930999755859375,0.0,0.0
feature.QMD.managed.CWHvm_CW_HW_M,2,20,10,0.0,10000.0,1.0,1.0,18.777000427246094,0.0,0.0
feature.QMD.managed.CWHvm_CW_HW_M,3,30,10,0.0,10000.0,1.0,1.0,20.06599998474121,0.0,0.0
feature.QMD.managed.CWHvm_CW_HW_M,4,40,10,0.0,10000.0,1.0,1.0,21.070999145507812,0.0,0.0
feature.QMD.managed.CWHvm_CW_HW_M,5,50,10,0.0,10000.0,1.0,1.0,21.926000595092773,0.0,0.0
feature.QMD.managed.CWHvm_CW_HW_M,6,60,10,0.0,10000.0,1.0,1.0,22.652999877929688,0.0,0.0
feature.QMD.managed.CWHvm_CW_HW_M,7,70,10,0.0,10000.0,1.0,1.0,18.902999877929688,0.0,0.0
feature.QMD.managed.CWHvm_CW_HW_M,8,80,10,0.0,10000.0,1.0,1.0,19.28700065612793,0.0,0.0
feature.QMD.managed.CWHvm_CW_HW_M,9,90,10,0.0,10000.0,1.0,1.0,19.780000686645508,0.0,0.0
feature.QMD.managed.CWHvm_CW_HW_M,10,100,10,0.0,10000.0,1.0,1.0,20.91900062561035,0.0,0.0
feature.QMD.managed.CWHvm_CW_HW_M,11,110,10,0.0,10000.0,1.0,1.0,22.231000900268555,0.0,0.0
feature.QMD.managed.CWHvm_CW_HW_M,12,120,10,0.0,10000.0,1.0,1.0,23.149999618530273,0.0,0.0
feature.QMD.managed.CWHvm_CW_HW_M,13,130,10,0.0,10000.0,1.0,1.0,23.58300018310547,0.0,0.0
feature.QMD.managed.CWHvm_CW_HW_M,14,140,10,0.0,10000.0,1.0,1.0,22.677000045776367,0.0,0.0
feature.QMD.managed.CWHvm_CW_HW_M,15,150,10,0.0,10000.0,1.0,1.0,22.555999755859375,0.0,0.0
feature.QMD.managed.CWHvm_CW_HW_M,16,160,10,0.0,10000.0,1.0,1.0,22.951000213623047,0.0,0.0
feature.QMD.managed.CWHvm_CW_HW_M,17,170,10,0.0,10000.0,1.0,1.0,23.56599998474121,0.0,0.0
feature.QMD.managed.CWHvm_CW_HW_M,18,180,10,0.0,10000.0,1.0,1.0,24.187000274658203,0.0,0.0
feature.QMD.managed.CWHvm_CW_HW_M,19,190,10,0.0,10000.0,1.0,1.0,24.038000106811523,0.0,0.0
feature.QMD.managed.CWHvm_CW_HW_M,20,200,10,0.0,10000.0,1.0,1.0,19.802000045776367,0.0,0.0
feature.QMD.managed.CWHvm_CW_HW_M,21,210,10,0.0,10000.0,1.0,1.0,19.958999633789062,0.0,0.0
feature.QMD.managed.CWHvm_CW_HW_M,22,220,10,0.0,10000.0,1.0,1.0,20.350000381469727,0.0,0.0
feature.QMD.managed.CWHvm_CW_HW_M,23,230,10,0.0,10000.0,1.0,1.0,21.54400062561035,0.0,0.0
feature.QMD.managed.CWHvm_CW_HW_M,24,240,10,0.0,10000.0,1.0,1.0,22.600000381469727,0.0,0.0
feature.QMD.managed.CWHvm_CW_HW_M,25,250,10,0.0,10000.0,1.0,1.0,23.399999618530273,0.0,0.0
feature.QMD.managed.CWHvm_CW_HW_M,26,260,10,0.0,10000.0,1.0,1.0,23.858999252319336,0.0,0.0
feature.QMD.managed.CWHvm_CW_HW_M,27,270,10,0.0,10000.0,1.0,1.0,22.999000549316406,0.0,0.0
feature.QMD.managed.CWHvm_CW_HW_M,28,280,10,0.0,10000.0,1.0,1.0,22.790000915527344,0.0,0.0
feature.QMD.managed.CWHvm_CW_HW_M,29,290,10,0.0,10000.0,1.0,1.0,23.051000595092773,0.0,0.0
feature.QMD.managed.CWHvm_CW_HW_M,30,300,10,0.0,10000.0,1.0,1.0,23.381999969482422,0.0,0.0
feature.QMD.managed.CWHvm_DR_HW_M,0,0,10,0.0,10000.0,1.0,1.0,22.41200065612793,0.0,0.0
feature.QMD.managed.CWHvm_DR_HW_M,1,10,10,0.0,10000.0,1.0,1.0,24.73900032043457,0.0,0.0
feature.QMD.managed.CWHvm_DR_HW_M,2,20,10,0.0,10000.0,1.0,1.0,24.44700050354004,0.0,0.0
feature.QMD.managed.CWHvm_DR_HW_M,3,30,10,0.0,10000.0,1.0,1.0,19.94700050354004,0.0,0.0
feature.QMD.managed.CWHvm_DR_HW_M,4,40,10,0.0,10000.0,1.0,1.0,18.829999923706055,0.0,0.0
feature.QMD.managed.CWHvm_DR_HW_M,5,50,10,0.0,10000.0,1.0,1.0,21.632999420166016,0.0,0.0
feature.QMD.managed.CWHvm_DR_HW_M,6,60,10,0.0,10000.0,1.0,1.0,25.006000518798828,0.0,0.0
feature.QMD.managed.CWHvm_DR_HW_M,7,70,10,0.0,10000.0,1.0,1.0,26.948999404907227,0.0,0.0
feature.QMD.managed.CWHvm_DR_HW_M,8,80,10,0.0,10000.0,1.0,1.0,28.179000854492188,0.0,0.0
feature.QMD.managed.CWHvm_DR_HW_M,9,90,10,0.0,10000.0,1.0,1.0,28.27400016784668,0.0,0.0
feature.QMD.managed.CWHvm_DR_HW_M,10,100,10,0.0,10000.0,1.0,1.0,26.83799934387207,0.0,0.0
feature.QMD.managed.CWHvm_DR_HW_M,11,110,10,0.0,10000.0,1.0,1.0,20.79199981689453,0.0,0.0
feature.QMD.managed.CWHvm_DR_HW_M,12,120,10,0.0,10000.0,1.0,1.0,15.925999641418457,0.0,0.0
feature.QMD.managed.CWHvm_DR_HW_M,13,130,10,0.0,10000.0,1.0,1.0,18.423999786376953,0.0,0.0
feature.QMD.managed.CWHvm_DR_HW_M,14,140,10,0.0,10000.0,1.0,1.0,22.26099967956543,0.0,0.0
feature.QMD.managed.CWHvm_DR_HW_M,15,150,10,0.0,10000.0,1.0,1.0,25.440000534057617,0.0,0.0
feature.QMD.managed.CWHvm_DR_HW_M,16,160,10,0.0,10000.0,1.0,1.0,25.982999801635742,0.0,0.0
feature.QMD.managed.CWHvm_DR_HW_M,17,170,10,0.0,10000.0,1.0,1.0,27.233999252319336,0.0,0.0
feature.QMD.managed.CWHvm_DR_HW_M,18,180,10,0.0,10000.0,1.0,1.0,28.44700050354004,0.0,0.0
feature.QMD.managed.CWHvm_DR_HW_M,19,190,10,0.0,10000.0,1.0,1.0,14.586999893188477,0.0,0.0
feature.QMD.managed.CWHvm_DR_HW_M,20,200,10,0.0,10000.0,1.0,1.0,13.845000267028809,0.0,0.0
feature.QMD.managed.CWHvm_DR_HW_M,21,210,10,0.0,10000.0,1.0,1.0,17.0,0.0,0.0
feature.QMD.managed.CWHvm_DR_HW_M,22,220,10,0.0,10000.0,1.0,1.0,22.242000579833984,0.0,0.0
feature.QMD.managed.CWHvm_DR_HW_M,23,230,10,0.0,10000.0,1.0,1.0,25.12299919128418,0.0,0.0
feature.QMD.managed.CWHvm_DR_HW_M,24,240,10,0.0,10000.0,1.0,1.0,26.788000106811523,0.0,0.0
feature.QMD.managed.CWHvm_DR_HW_M,25,250,10,0.0,10000.0,1.0,1.0,28.033000946044922,0.0,0.0
feature.QMD.managed.CWHvm_DR_HW_M,26,260,10,0.0,10000.0,1.0,1.0,26.115999221801758,0.0,0.0
feature.QMD.managed.CWHvm_DR_HW_M,27,270,10,0.0,10000.0,1.0,1.0,25.81800079345703,0.0,0.0
feature.QMD.managed.CWHvm_DR_HW_M,28,280,10,0.0,10000.0,1.0,1.0,22.20599937438965,0.0,0.0
feature.QMD.managed.CWHvm_DR_HW_M,29,290,10,0.0,10000.0,1.0,1.0,20.68199920654297,0.0,0.0
feature.QMD.managed.CWHvm_DR_HW_M,30,300,10,0.0,10000.0,1.0,1.0,18.961999893188477,0.0,0.0
feature.QMD.managed.CWHvm_FDC_HW_H,0,0,10,0.0,10000.0,1.0,1.0,29.121000289916992,0.0,0.0
feature.QMD.managed.CWHvm_FDC_HW_H,1,10,10,0.0,10000.0,1.0,1.0,27.38599967956543,0.0,0.0
feature.QMD.managed.CWHvm_FDC_HW_H,2,20,10,0.0,10000.0,1.0,1.0,28.200000762939453,0.0,0.0
feature.QMD.managed.CWHvm_FDC_HW_H,3,30,10,0.0,10000.0,1.0,1.0,30.398000717163086,0.0,0.0
feature.QMD.managed.CWHvm_FDC_HW_H,4,40,10,0.0,10000.0,1.0,1.0,31.8439998626709,0.0,0.0
feature.QMD.managed.CWHvm_FDC_HW_H,5,50,10,0.0,10000.0,1.0,1.0,32.470001220703125,0.0,0.0
feature.QMD.managed.CWHvm_FDC_HW_H,6,60,10,0.0,10000.0,1.0,1.0,22.406999588012695,0.0,0.0
feature.QMD.managed.CWHvm_FDC_HW_H,7,70,10,0.0,10000.0,1.0,1.0,23.922000885009766,0.0,0.0
feature.QMD.managed.CWHvm_FDC_HW_H,8,80,10,0.0,10000.0,1.0,1.0,27.89900016784668,0.0,0.0
feature.QMD.managed.CWHvm_FDC_HW_H,9,90,10,0.0,10000.0,1.0,1.0,29.009000778198242,0.0,0.0
feature.QMD.managed.CWHvm_FDC_HW_H,10,100,10,0.0,10000.0,1.0,1.0,30.863000869750977,0.0,0.0
feature.QMD.managed.CWHvm_FDC_HW_H,11,110,10,0.0,10000.0,1.0,1.0,32.15399932861328,0.0,0.0
feature.QMD.managed.CWHvm_FDC_HW_H,12,120,10,0.0,10000.0,1.0,1.0,28.375,0.0,0.0
feature.QMD.managed.CWHvm_FDC_HW_H,13,130,10,0.0,10000.0,1.0,1.0,29.215999603271484,0.0,0.0
feature.QMD.managed.CWHvm_FDC_HW_H,14,140,10,0.0,10000.0,1.0,1.0,29.89900016784668,0.0,0.0
feature.QMD.managed.CWHvm_FDC_HW_H,15,150,10,0.0,10000.0,1.0,1.0,30.948999404907227,0.0,0.0
feature.QMD.managed.CWHvm_FDC_HW_H,16,160,10,0.0,10000.0,1.0,1.0,30.520999908447266,0.0,0.0
feature.QMD.managed.CWHvm_FDC_HW_H,17,170,10,0.0,10000.0,1.0,1.0,31.0939998626709,0.0,0.0
feature.QMD.managed.CWHvm_FDC_HW_H,18,180,10,0.0,10000.0,1.0,1.0,27.41900062561035,0.0,0.0
feature.QMD.managed.CWHvm_FDC_HW_H,19,190,10,0.0,10000.0,1.0,1.0,24.94099998474121,0.0,0.0
feature.QMD.managed.CWHvm_FDC_HW_H,20,200,10,0.0,10000.0,1.0,1.0,26.746999740600586,0.0,0.0
feature.QMD.managed.CWHvm_FDC_HW_H,21,210,10,0.0,10000.0,1.0,1.0,28.03499984741211,0.0,0.0
feature.QMD.managed.CWHvm_FDC_HW_H,22,220,10,0.0,10000.0,1.0,1.0,25.466999053955078,0.0,0.0
feature.QMD.managed.CWHvm_FDC_HW_H,23,230,10,0.0,10000.0,1.0,1.0,26.659000396728516,0.0,0.0
feature.QMD.managed.CWHvm_FDC_HW_H,24,240,10,0.0,10000.0,1.0,1.0,24.11199951171875,0.0,0.0
feature.QMD.managed.CWHvm_FDC_HW_H,25,250,10,0.0,10000.0,1.0,1.0,25.659000396728516,0.0,0.0
feature.QMD.managed.CWHvm_FDC_HW_H,26,260,10,0.0,10000.0,1.0,1.0,28.05299949645996,0.0,0.0
feature.QMD.managed.CWHvm_FDC_HW_H,27,270,10,0.0,10000.0,1.0,1.0,29.722999572753906,0.0,0.0
feature.QMD.managed.CWHvm_FDC_HW_H,28,280,10,0.0,10000.0,1.0,1.0,30.67799949645996,0.0,0.0
feature.QMD.managed.CWHvm_FDC_HW_H,29,290,10,0.0,10000.0,1.0,1.0,28.659000396728516,0.0,0.0
feature.QMD.managed.CWHvm_FDC_HW_H,30,300,10,0.0,10000.0,1.0,1.0,25.017000198364258,0.0,0.0
feature.QMD.managed.CWHvm_FDC_HW_L,0,0,10,0.0,10000.0,1.0,1.0,22.770000457763672,0.0,0.0
feature.QMD.managed.CWHvm_FDC_HW_L,1,10,10,0.0,10000.0,1.0,1.0,24.211000442504883,0.0,0.0
feature.QMD.managed.CWHvm_FDC_HW_L,2,20,10,0.0,10000.0,1.0,1.0,25.325000762939453,0.0,0.0
feature.QMD.managed.CWHvm_FDC_HW_L,3,30,10,0.0,10000.0,1.0,1.0,23.535999298095703,0.0,0.0
feature.QMD.managed.CWHvm_FDC_HW_L,4,40,10,0.0,10000.0,1.0,1.0,24.215999603271484,0.0,0.0
feature.QMD.managed.CWHvm_FDC_HW_L,5,50,10,0.0,10000.0,1.0,1.0,22.722999572753906,0.0,0.0
feature.QMD.managed.CWHvm_FDC_HW_L,6,60,10,0.0,10000.0,1.0,1.0,22.840999603271484,0.0,0.0
feature.QMD.managed.CWHvm_FDC_HW_L,7,70,10,0.0,10000.0,1.0,1.0,23.874000549316406,0.0,0.0
feature.QMD.managed.CWHvm_FDC_HW_L,8,80,10,0.0,10000.0,1.0,1.0,25.040000915527344,0.0,0.0
feature.QMD.managed.CWHvm_FDC_HW_L,9,90,10,0.0,10000.0,1.0,1.0,26.03700065612793,0.0,0.0
feature.QMD.managed.CWHvm_FDC_HW_L,10,100,10,0.0,10000.0,1.0,1.0,26.097000122070312,0.0,0.0
feature.QMD.managed.CWHvm_FDC_HW_L,11,110,10,0.0,10000.0,1.0,1.0,26.611000061035156,0.0,0.0
feature.QMD.managed.CWHvm_FDC_HW_L,12,120,10,0.0,10000.0,1.0,1.0,25.447999954223633,0.0,0.0
feature.QMD.managed.CWHvm_FDC_HW_L,13,130,10,0.0,10000.0,1.0,1.0,25.840999603271484,0.0,0.0
feature.QMD.managed.CWHvm_FDC_HW_L,14,140,10,0.0,10000.0,1.0,1.0,26.725000381469727,0.0,0.0
feature.QMD.managed.CWHvm_FDC_HW_L,15,150,10,0.0,10000.0,1.0,1.0,23.163999557495117,0.0,0.0
feature.QMD.managed.CWHvm_FDC_HW_L,16,160,10,0.0,10000.0,1.0,1.0,22.613000869750977,0.0,0.0
feature.QMD.managed.CWHvm_FDC_HW_L,17,170,10,0.0,10000.0,1.0,1.0,24.382999420166016,0.0,0.0
feature.QMD.managed.CWHvm_FDC_HW_L,18,180,10,0.0,10000.0,1.0,1.0,25.6560001373291,0.0,0.0
feature.QMD.managed.CWHvm_FDC_HW_L,19,190,10,0.0,10000.0,1.0,1.0,26.541000366210938,0.0,0.0
feature.QMD.managed.CWHvm_FDC_HW_L,20,200,10,0.0,10000.0,1.0,1.0,27.093000411987305,0.0,0.0
feature.QMD.managed.CWHvm_FDC_HW_L,21,210,10,0.0,10000.0,1.0,1.0,10.822999954223633,0.0,0.0
feature.QMD.managed.CWHvm_FDC_HW_L,22,220,10,0.0,10000.0,1.0,1.0,11.300999641418457,0.0,0.0
feature.QMD.managed.CWHvm_FDC_HW_L,23,230,10,0.0,10000.0,1.0,1.0,14.437999725341797,0.0,0.0
feature.QMD.managed.CWHvm_FDC_HW_L,24,240,10,0.0,10000.0,1.0,1.0,17.867000579833984,0.0,0.0
feature.QMD.managed.CWHvm_FDC_HW_L,25,250,10,0.0,10000.0,1.0,1.0,18.815000534057617,0.0,0.0
feature.QMD.managed.CWHvm_FDC_HW_L,26,260,10,0.0,10000.0,1.0,1.0,18.108999252319336,0.0,0.0
feature.QMD.managed.CWHvm_FDC_HW_L,27,270,10,0.0,10000.0,1.0,1.0,19.235000610351562,0.0,0.0
feature.QMD.managed.CWHvm_FDC_HW_L,28,280,10,0.0,10000.0,1.0,1.0,21.316999435424805,0.0,0.0
feature.QMD.managed.CWHvm_FDC_HW_L,29,290,10,0.0,10000.0,1.0,1.0,22.719999313354492,0.0,0.0
feature.QMD.managed.CWHvm_FDC_HW_L,30,300,10,0.0,10000.0,1.0,1.0,24.229999542236328,0.0,0.0
feature.QMD.managed.CWHvm_FDC_HW_M,0,0,10,0.0,10000.0,1.0,1.0,27.836000442504883,0.0,0.0
feature.QMD.managed.CWHvm_FDC_HW_M,1,10,10,0.0,10000.0,1.0,1.0,22.996000289916992,0.0,0.0
feature.QMD.managed.CWHvm_FDC_HW_M,2,20,10,0.0,10000.0,1.0,1.0,25.01799964904785,0.0,0.0
feature.QMD.managed.CWHvm_FDC_HW_M,3,30,10,0.0,10000.0,1.0,1.0,20.104000091552734,0.0,0.0
feature.QMD.managed.CWHvm_FDC_HW_M,4,40,10,0.0,10000.0,1.0,1.0,17.559999465942383,0.0,0.0
feature.QMD.managed.CWHvm_FDC_HW_M,5,50,10,0.0,10000.0,1.0,1.0,20.02400016784668,0.0,0.0
feature.QMD.managed.CWHvm_FDC_HW_M,6,60,10,0.0,10000.0,1.0,1.0,24.71500015258789,0.0,0.0
feature.QMD.managed.CWHvm_FDC_HW_M,7,70,10,0.0,10000.0,1.0,1.0,26.482999801635742,0.0,0.0
feature.QMD.managed.CWHvm_FDC_HW_M,8,80,10,0.0,10000.0,1.0,1.0,22.156999588012695,0.0,0.0
feature.QMD.managed.CWHvm_FDC_HW_M,9,90,10,0.0,10000.0,1.0,1.0,12.758999824523926,0.0,0.0
feature.QMD.managed.CWHvm_FDC_HW_M,10,100,10,0.0,10000.0,1.0,1.0,16.191999435424805,0.0,0.0
feature.QMD.managed.CWHvm_FDC_HW_M,11,110,10,0.0,10000.0,1.0,1.0,17.089000701904297,0.0,0.0
feature.QMD.managed.CWHvm_FDC_HW_M,12,120,10,0.0,10000.0,1.0,1.0,22.26300048828125,0.0,0.0
feature.QMD.managed.CWHvm_FDC_HW_M,13,130,10,0.0,10000.0,1.0,1.0,24.479000091552734,0.0,0.0
feature.QMD.managed.CWHvm_FDC_HW_M,14,140,10,0.0,10000.0,1.0,1.0,27.152000427246094,0.0,0.0
feature.QMD.managed.CWHvm_FDC_HW_M,15,150,10,0.0,10000.0,1.0,1.0,29.263999938964844,0.0,0.0
feature.QMD.managed.CWHvm_FDC_HW_M,16,160,10,0.0,10000.0,1.0,1.0,22.139999389648438,0.0,0.0
feature.QMD.managed.CWHvm_FDC_HW_M,17,170,10,0.0,10000.0,1.0,1.0,14.25100040435791,0.0,0.0
feature.QMD.managed.CWHvm_FDC_HW_M,18,180,10,0.0,10000.0,1.0,1.0,17.305999755859375,0.0,0.0
feature.QMD.managed.CWHvm_FDC_HW_M,19,190,10,0.0,10000.0,1.0,1.0,19.267000198364258,0.0,0.0
feature.QMD.managed.CWHvm_FDC_HW_M,20,200,10,0.0,10000.0,1.0,1.0,23.679000854492188,0.0,0.0
feature.QMD.managed.CWHvm_FDC_HW_M,21,210,10,0.0,10000.0,1.0,1.0,27.00200080871582,0.0,0.0
feature.QMD.managed.CWHvm_FDC_HW_M,22,220,10,0.0,10000.0,1.0,1.0,25.083999633789062,0.0,0.0
feature.QMD.managed.CWHvm_FDC_HW_M,23,230,10,0.0,10000.0,1.0,1.0,10.649999618530273,0.0,0.0
feature.QMD.managed.CWHvm_FDC_HW_M,24,240,10,0.0,10000.0,1.0,1.0,10.430999755859375,0.0,0.0
feature.QMD.managed.CWHvm_FDC_HW_M,25,250,10,0.0,10000.0,1.0,1.0,17.382999420166016,0.0,0.0
feature.QMD.managed.CWHvm_FDC_HW_M,26,260,10,0.0,10000.0,1.0,1.0,23.402000427246094,0.0,0.0
feature.QMD.managed.CWHvm_FDC_HW_M,27,270,10,0.0,10000.0,1.0,1.0,23.26799964904785,0.0,0.0
feature.QMD.managed.CWHvm_FDC_HW_M,28,280,10,0.0,10000.0,1.0,1.0,26.031999588012695,0.0,0.0
feature.QMD.managed.CWHvm_FDC_HW_M,29,290,10,0.0,10000.0,1.0,1.0,26.645999908447266,0.0,0.0
feature.QMD.managed.CWHvm_FDC_HW_M,30,300,10,0.0,10000.0,1.0,1.0,23.461999893188477,0.0,0.0
feature.QMD.managed.CWHvm_HW_BA_M,0,0,10,0.0,10000.0,1.0,1.0,29.05900001525879,0.0,0.0
feature.QMD.managed.CWHvm_HW_BA_M,1,10,10,0.0,10000.0,1.0,1.0,29.426000595092773,0.0,0.0
feature.QMD.managed.CWHvm_HW_BA_M,2,20,10,0.0,10000.0,1.0,1.0,29.79199981689453,0.0,0.0
feature.QMD.managed.CWHvm_HW_BA_M,3,30,10,0.0,10000.0,1.0,1.0,30.065000534057617,0.0,0.0
feature.QMD.managed.CWHvm_HW_BA_M,4,40,10,0.0,10000.0,1.0,1.0,30.325000762939453,0.0,0.0
feature.QMD.managed.CWHvm_HW_BA_M,5,50,10,0.0,10000.0,1.0,1.0,22.391000747680664,0.0,0.0
feature.QMD.managed.CWHvm_HW_BA_M,6,60,10,0.0,10000.0,1.0,1.0,22.66900062561035,0.0,0.0
feature.QMD.managed.CWHvm_HW_BA_M,7,70,10,0.0,10000.0,1.0,1.0,22.42099952697754,0.0,0.0
feature.QMD.managed.CWHvm_HW_BA_M,8,80,10,0.0,10000.0,1.0,1.0,4.303999900817871,0.0,0.0
feature.QMD.managed.CWHvm_HW_BA_M,9,90,10,0.0,10000.0,1.0,1.0,6.46999979019165,0.0,0.0
feature.QMD.managed.CWHvm_HW_BA_M,10,100,10,0.0,10000.0,1.0,1.0,14.187999725341797,0.0,0.0
feature.QMD.managed.CWHvm_HW_BA_M,11,110,10,0.0,10000.0,1.0,1.0,19.097999572753906,0.0,0.0
feature.QMD.managed.CWHvm_HW_BA_M,12,120,10,0.0,10000.0,1.0,1.0,21.947999954223633,0.0,0.0
feature.QMD.managed.CWHvm_HW_BA_M,13,130,10,0.0,10000.0,1.0,1.0,23.95599937438965,0.0,0.0
feature.QMD.managed.CWHvm_HW_BA_M,14,140,10,0.0,10000.0,1.0,1.0,25.533000946044922,0.0,0.0
feature.QMD.managed.CWHvm_HW_BA_M,15,150,10,0.0,10000.0,1.0,1.0,26.684999465942383,0.0,0.0
feature.QMD.managed.CWHvm_HW_BA_M,16,160,10,0.0,10000.0,1.0,1.0,27.554000854492188,0.0,0.0
feature.QMD.managed.CWHvm_HW_BA_M,17,170,10,0.0,10000.0,1.0,1.0,25.97100067138672,0.0,0.0
feature.QMD.managed.CWHvm_HW_BA_M,18,180,10,0.0,10000.0,1.0,1.0,26.506999969482422,0.0,0.0
feature.QMD.managed.CWHvm_HW_BA_M,19,190,10,0.0,10000.0,1.0,1.0,27.290000915527344,0.0,0.0
feature.QMD.managed.CWHvm_HW_BA_M,20,200,10,0.0,10000.0,1.0,1.0,20.392000198364258,0.0,0.0
feature.QMD.managed.CWHvm_HW_BA_M,21,210,10,0.0,10000.0,1.0,1.0,21.136999130249023,0.0,0.0
feature.QMD.managed.CWHvm_HW_BA_M,22,220,10,0.0,10000.0,1.0,1.0,23.30699920654297,0.0,0.0
feature.QMD.managed.CWHvm_HW_BA_M,23,230,10,0.0,10000.0,1.0,1.0,25.739999771118164,0.0,0.0
feature.QMD.managed.CWHvm_HW_BA_M,24,240,10,0.0,10000.0,1.0,1.0,27.09000015258789,0.0,0.0
feature.QMD.managed.CWHvm_HW_BA_M,25,250,10,0.0,10000.0,1.0,1.0,28.027000427246094,0.0,0.0
feature.QMD.managed.CWHvm_HW_BA_M,26,260,10,0.0,10000.0,1.0,1.0,26.368000030517578,0.0,0.0
feature.QMD.managed.CWHvm_HW_BA_M,27,270,10,0.0,10000.0,1.0,1.0,26.88800048828125,0.0,0.0
feature.QMD.managed.CWHvm_HW_BA_M,28,280,10,0.0,10000.0,1.0,1.0,27.908000946044922,0.0,0.0
feature.QMD.managed.CWHvm_HW_BA_M,29,290,10,0.0,10000.0,1.0,1.0,24.57699966430664,0.0,0.0
feature.QMD.managed.CWHvm_HW_BA_M,30,300,10,0.0,10000.0,1.0,1.0,25.11199951171875,0.0,0.0
feature.QMD.managed.CWHvm_HW_CW_H,0,0,10,0.0,10000.0,1.0,1.0,27.920000076293945,0.0,0.0
feature.QMD.managed.CWHvm_HW_CW_H,1,10,10,0.0,10000.0,1.0,1.0,24.46500015258789,0.0,0.0
feature.QMD.managed.CWHvm_HW_CW_H,2,20,10,0.0,10000.0,1.0,1.0,21.538999557495117,0.0,0.0
feature.QMD.managed.CWHvm_HW_CW_H,3,30,10,0.0,10000.0,1.0,1.0,22.145999908447266,0.0,0.0
feature.QMD.managed.CWHvm_HW_CW_H,4,40,10,0.0,10000.0,1.0,1.0,24.02199935913086,0.0,0.0
feature.QMD.managed.CWHvm_HW_CW_H,5,50,10,0.0,10000.0,1.0,1.0,25.33300018310547,0.0,0.0
feature.QMD.managed.CWHvm_HW_CW_H,6,60,10,0.0,10000.0,1.0,1.0,26.06599998474121,0.0,0.0
feature.QMD.managed.CWHvm_HW_CW_H,7,70,10,0.0,10000.0,1.0,1.0,22.26099967956543,0.0,0.0
feature.QMD.managed.CWHvm_HW_CW_H,8,80,10,0.0,10000.0,1.0,1.0,23.422000885009766,0.0,0.0
feature.QMD.managed.CWHvm_HW_CW_H,9,90,10,0.0,10000.0,1.0,1.0,21.26099967956543,0.0,0.0
feature.QMD.managed.CWHvm_HW_CW_H,10,100,10,0.0,10000.0,1.0,1.0,23.319000244140625,0.0,0.0
feature.QMD.managed.CWHvm_HW_CW_H,11,110,10,0.0,10000.0,1.0,1.0,24.642000198364258,0.0,0.0
feature.QMD.managed.CWHvm_HW_CW_H,12,120,10,0.0,10000.0,1.0,1.0,23.187999725341797,0.0,0.0
feature.QMD.managed.CWHvm_HW_CW_H,13,130,10,0.0,10000.0,1.0,1.0,23.547000885009766,0.0,0.0
feature.QMD.managed.CWHvm_HW_CW_H,14,140,10,0.0,10000.0,1.0,1.0,25.0310001373291,0.0,0.0
feature.QMD.managed.CWHvm_HW_CW_H,15,150,10,0.0,10000.0,1.0,1.0,26.33799934387207,0.0,0.0
feature.QMD.managed.CWHvm_HW_CW_H,16,160,10,0.0,10000.0,1.0,1.0,27.670000076293945,0.0,0.0
feature.QMD.managed.CWHvm_HW_CW_H,17,170,10,0.0,10000.0,1.0,1.0,28.812000274658203,0.0,0.0
feature.QMD.managed.CWHvm_HW_CW_H,18,180,10,0.0,10000.0,1.0,1.0,29.632999420166016,0.0,0.0
feature.QMD.managed.CWHvm_HW_CW_H,19,190,10,0.0,10000.0,1.0,1.0,25.81599998474121,0.0,0.0
feature.QMD.managed.CWHvm_HW_CW_H,20,200,10,0.0,10000.0,1.0,1.0,26.195999145507812,0.0,0.0
feature.QMD.managed.CWHvm_HW_CW_H,21,210,10,0.0,10000.0,1.0,1.0,26.020999908447266,0.0,0.0
feature.QMD.managed.CWHvm_HW_CW_H,22,220,10,0.0,10000.0,1.0,1.0,23.354999542236328,0.0,0.0
feature.QMD.managed.CWHvm_HW_CW_H,23,230,10,0.0,10000.0,1.0,1.0,24.45800018310547,0.0,0.0
feature.QMD.managed.CWHvm_HW_CW_H,24,240,10,0.0,10000.0,1.0,1.0,25.40399932861328,0.0,0.0
feature.QMD.managed.CWHvm_HW_CW_H,25,250,10,0.0,10000.0,1.0,1.0,22.937000274658203,0.0,0.0
feature.QMD.managed.CWHvm_HW_CW_H,26,260,10,0.0,10000.0,1.0,1.0,23.04199981689453,0.0,0.0
feature.QMD.managed.CWHvm_HW_CW_H,27,270,10,0.0,10000.0,1.0,1.0,19.589000701904297,0.0,0.0
feature.QMD.managed.CWHvm_HW_CW_H,28,280,10,0.0,10000.0,1.0,1.0,21.68400001525879,0.0,0.0
feature.QMD.managed.CWHvm_HW_CW_H,29,290,10,0.0,10000.0,1.0,1.0,22.834999084472656,0.0,0.0
feature.QMD.managed.CWHvm_HW_CW_H,30,300,10,0.0,10000.0,1.0,1.0,22.233999252319336,0.0,0.0
feature.QMD.managed.CWHvm_HW_CW_L,0,0,10,0.0,10000.0,1.0,1.0,24.986000061035156,0.0,0.0
feature.QMD.managed.CWHvm_HW_CW_L,1,10,10,0.0,10000.0,1.0,1.0,25.32699966430664,0.0,0.0
feature.QMD.managed.CWHvm_HW_CW_L,2,20,10,0.0,10000.0,1.0,1.0,22.96500015258789,0.0,0.0
feature.QMD.managed.CWHvm_HW_CW_L,3,30,10,0.0,10000.0,1.0,1.0,19.243999481201172,0.0,0.0
feature.QMD.managed.CWHvm_HW_CW_L,4,40,10,0.0,10000.0,1.0,1.0,19.395999908447266,0.0,0.0
feature.QMD.managed.CWHvm_HW_CW_L,5,50,10,0.0,10000.0,1.0,1.0,20.04199981689453,0.0,0.0
feature.QMD.managed.CWHvm_HW_CW_L,6,60,10,0.0,10000.0,1.0,1.0,15.4399995803833,0.0,0.0
feature.QMD.managed.CWHvm_HW_CW_L,7,70,10,0.0,10000.0,1.0,1.0,16.91900062561035,0.0,0.0
feature.QMD.managed.CWHvm_HW_CW_L,8,80,10,0.0,10000.0,1.0,1.0,18.06999969482422,0.0,0.0
feature.QMD.managed.CWHvm_HW_CW_L,9,90,10,0.0,10000.0,1.0,1.0,19.451000213623047,0.0,0.0
feature.QMD.managed.CWHvm_HW_CW_L,10,100,10,0.0,10000.0,1.0,1.0,21.18000030517578,0.0,0.0
feature.QMD.managed.CWHvm_HW_CW_L,11,110,10,0.0,10000.0,1.0,1.0,22.479999542236328,0.0,0.0
feature.QMD.managed.CWHvm_HW_CW_L,12,120,10,0.0,10000.0,1.0,1.0,23.320999145507812,0.0,0.0
feature.QMD.managed.CWHvm_HW_CW_L,13,130,10,0.0,10000.0,1.0,1.0,23.95400047302246,0.0,0.0
feature.QMD.managed.CWHvm_HW_CW_L,14,140,10,0.0,10000.0,1.0,1.0,24.45199966430664,0.0,0.0
feature.QMD.managed.CWHvm_HW_CW_L,15,150,10,0.0,10000.0,1.0,1.0,24.832000732421875,0.0,0.0
feature.QMD.managed.CWHvm_HW_CW_L,16,160,10,0.0,10000.0,1.0,1.0,21.143999099731445,0.0,0.0
feature.QMD.managed.CWHvm_HW_CW_L,17,170,10,0.0,10000.0,1.0,1.0,16.482999801635742,0.0,0.0
feature.QMD.managed.CWHvm_HW_CW_L,18,180,10,0.0,10000.0,1.0,1.0,10.906000137329102,0.0,0.0
feature.QMD.managed.CWHvm_HW_CW_L,19,190,10,0.0,10000.0,1.0,1.0,12.008999824523926,0.0,0.0
feature.QMD.managed.CWHvm_HW_CW_L,20,200,10,0.0,10000.0,1.0,1.0,13.449000358581543,0.0,0.0
feature.QMD.managed.CWHvm_HW_CW_L,21,210,10,0.0,10000.0,1.0,1.0,15.885000228881836,0.0,0.0
feature.QMD.managed.CWHvm_HW_CW_L,22,220,10,0.0,10000.0,1.0,1.0,18.66699981689453,0.0,0.0
feature.QMD.managed.CWHvm_HW_CW_L,23,230,10,0.0,10000.0,1.0,1.0,20.58099937438965,0.0,0.0
feature.QMD.managed.CWHvm_HW_CW_L,24,240,10,0.0,10000.0,1.0,1.0,21.777999877929688,0.0,0.0
feature.QMD.managed.CWHvm_HW_CW_L,25,250,10,0.0,10000.0,1.0,1.0,19.66200065612793,0.0,0.0
feature.QMD.managed.CWHvm_HW_CW_L,26,260,10,0.0,10000.0,1.0,1.0,20.34600067138672,0.0,0.0
feature.QMD.managed.CWHvm_HW_CW_L,27,270,10,0.0,10000.0,1.0,1.0,17.17300033569336,0.0,0.0
feature.QMD.managed.CWHvm_HW_CW_L,28,280,10,0.0,10000.0,1.0,1.0,18.27199935913086,0.0,0.0
feature.QMD.managed.CWHvm_HW_CW_L,29,290,10,0.0,10000.0,1.0,1.0,19.32200050354004,0.0,0.0
feature.QMD.managed.CWHvm_HW_CW_L,30,300,10,0.0,10000.0,1.0,1.0,20.56399917602539,0.0,0.0
feature.QMD.managed.CWHvm_HW_CW_M,0,0,10,0.0,10000.0,1.0,1.0,28.45199966430664,0.0,0.0
feature.QMD.managed.CWHvm_HW_CW_M,1,10,10,0.0,10000.0,1.0,1.0,25.7189998626709,0.0,0.0
feature.QMD.managed.CWHvm_HW_CW_M,2,20,10,0.0,10000.0,1.0,1.0,25.023000717163086,0.0,0.0
feature.QMD.managed.CWHvm_HW_CW_M,3,30,10,0.0,10000.0,1.0,1.0,24.208999633789062,0.0,0.0
feature.QMD.managed.CWHvm_HW_CW_M,4,40,10,0.0,10000.0,1.0,1.0,22.56800079345703,0.0,0.0
feature.QMD.managed.CWHvm_HW_CW_M,5,50,10,0.0,10000.0,1.0,1.0,23.341999053955078,0.0,0.0
feature.QMD.managed.CWHvm_HW_CW_M,6,60,10,0.0,10000.0,1.0,1.0,24.535999298095703,0.0,0.0
feature.QMD.managed.CWHvm_HW_CW_M,7,70,10,0.0,10000.0,1.0,1.0,22.809999465942383,0.0,0.0
feature.QMD.managed.CWHvm_HW_CW_M,8,80,10,0.0,10000.0,1.0,1.0,24.082000732421875,0.0,0.0
feature.QMD.managed.CWHvm_HW_CW_M,9,90,10,0.0,10000.0,1.0,1.0,25.231000900268555,0.0,0.0
feature.QMD.managed.CWHvm_HW_CW_M,10,100,10,0.0,10000.0,1.0,1.0,26.660999298095703,0.0,0.0
feature.QMD.managed.CWHvm_HW_CW_M,11,110,10,0.0,10000.0,1.0,1.0,27.773000717163086,0.0,0.0
feature.QMD.managed.CWHvm_HW_CW_M,12,120,10,0.0,10000.0,1.0,1.0,25.23200035095215,0.0,0.0
feature.QMD.managed.CWHvm_HW_CW_M,13,130,10,0.0,10000.0,1.0,1.0,25.68400001525879,0.0,0.0
feature.QMD.managed.CWHvm_HW_CW_M,14,140,10,0.0,10000.0,1.0,1.0,18.788000106811523,0.0,0.0
feature.QMD.managed.CWHvm_HW_CW_M,15,150,10,0.0,10000.0,1.0,1.0,16.155000686645508,0.0,0.0
feature.QMD.managed.CWHvm_HW_CW_M,16,160,10,0.0,10000.0,1.0,1.0,16.479000091552734,0.0,0.0
feature.QMD.managed.CWHvm_HW_CW_M,17,170,10,0.0,10000.0,1.0,1.0,19.54199981689453,0.0,0.0
feature.QMD.managed.CWHvm_HW_CW_M,18,180,10,0.0,10000.0,1.0,1.0,22.229999542236328,0.0,0.0
feature.QMD.managed.CWHvm_HW_CW_M,19,190,10,0.0,10000.0,1.0,1.0,24.33099937438965,0.0,0.0
feature.QMD.managed.CWHvm_HW_CW_M,20,200,10,0.0,10000.0,1.0,1.0,25.709999084472656,0.0,0.0
feature.QMD.managed.CWHvm_HW_CW_M,21,210,10,0.0,10000.0,1.0,1.0,26.827999114990234,0.0,0.0
feature.QMD.managed.CWHvm_HW_CW_M,22,220,10,0.0,10000.0,1.0,1.0,27.70199966430664,0.0,0.0
feature.QMD.managed.CWHvm_HW_CW_M,23,230,10,0.0,10000.0,1.0,1.0,28.375999450683594,0.0,0.0
feature.QMD.managed.CWHvm_HW_CW_M,24,240,10,0.0,10000.0,1.0,1.0,27.763999938964844,0.0,0.0
feature.QMD.managed.CWHvm_HW_CW_M,25,250,10,0.0,10000.0,1.0,1.0,21.7549991607666,0.0,0.0
feature.QMD.managed.CWHvm_HW_CW_M,26,260,10,0.0,10000.0,1.0,1.0,20.996999740600586,0.0,0.0
feature.QMD.managed.CWHvm_HW_CW_M,27,270,10,0.0,10000.0,1.0,1.0,22.618999481201172,0.0,0.0
feature.QMD.managed.CWHvm_HW_CW_M,28,280,10,0.0,10000.0,1.0,1.0,14.725000381469727,0.0,0.0
feature.QMD.managed.CWHvm_HW_CW_M,29,290,10,0.0,10000.0,1.0,1.0,11.39900016784668,0.0,0.0
feature.QMD.managed.CWHvm_HW_CW_M,30,300,10,0.0,10000.0,1.0,1.0,13.579999923706055,0.0,0.0
feature.QMD.managed.CWHvm_HW_FDC_H,0,0,10,0.0,10000.0,1.0,1.0,30.618999481201172,0.0,0.0
feature.QMD.managed.CWHvm_HW_FDC_H,1,10,10,0.0,10000.0,1.0,1.0,32.435001373291016,0.0,0.0
feature.QMD.managed.CWHvm_HW_FDC_H,2,20,10,0.0,10000.0,1.0,1.0,28.655000686645508,0.0,0.0
feature.QMD.managed.CWHvm_HW_FDC_H,3,30,10,0.0,10000.0,1.0,1.0,28.31100082397461,0.0,0.0
feature.QMD.managed.CWHvm_HW_FDC_H,4,40,10,0.0,10000.0,1.0,1.0,27.25,0.0,0.0
feature.QMD.managed.CWHvm_HW_FDC_H,5,50,10,0.0,10000.0,1.0,1.0,27.253999710083008,0.0,0.0
feature.QMD.managed.CWHvm_HW_FDC_H,6,60,10,0.0,10000.0,1.0,1.0,29.968000411987305,0.0,0.0
feature.QMD.managed.CWHvm_HW_FDC_H,7,70,10,0.0,10000.0,1.0,1.0,30.191999435424805,0.0,0.0
feature.QMD.managed.CWHvm_HW_FDC_H,8,80,10,0.0,10000.0,1.0,1.0,30.150999069213867,0.0,0.0
feature.QMD.managed.CWHvm_HW_FDC_H,9,90,10,0.0,10000.0,1.0,1.0,31.429000854492188,0.0,0.0
feature.QMD.managed.CWHvm_HW_FDC_H,10,100,10,0.0,10000.0,1.0,1.0,28.2810001373291,0.0,0.0
feature.QMD.managed.CWHvm_HW_FDC_H,11,110,10,0.0,10000.0,1.0,1.0,25.957000732421875,0.0,0.0
feature.QMD.managed.CWHvm_HW_FDC_H,12,120,10,0.0,10000.0,1.0,1.0,27.388999938964844,0.0,0.0
feature.QMD.managed.CWHvm_HW_FDC_H,13,130,10,0.0,10000.0,1.0,1.0,26.506999969482422,0.0,0.0
feature.QMD.managed.CWHvm_HW_FDC_H,14,140,10,0.0,10000.0,1.0,1.0,26.961000442504883,0.0,0.0
feature.QMD.managed.CWHvm_HW_FDC_H,15,150,10,0.0,10000.0,1.0,1.0,26.409000396728516,0.0,0.0
feature.QMD.managed.CWHvm_HW_FDC_H,16,160,10,0.0,10000.0,1.0,1.0,27.37700080871582,0.0,0.0
feature.QMD.managed.CWHvm_HW_FDC_H,17,170,10,0.0,10000.0,1.0,1.0,27.232999801635742,0.0,0.0
feature.QMD.managed.CWHvm_HW_FDC_H,18,180,10,0.0,10000.0,1.0,1.0,26.323999404907227,0.0,0.0
feature.QMD.managed.CWHvm_HW_FDC_H,19,190,10,0.0,10000.0,1.0,1.0,27.577999114990234,0.0,0.0
feature.QMD.managed.CWHvm_HW_FDC_H,20,200,10,0.0,10000.0,1.0,1.0,25.658000946044922,0.0,0.0
feature.QMD.managed.CWHvm_HW_FDC_H,21,210,10,0.0,10000.0,1.0,1.0,28.39299964904785,0.0,0.0
feature.QMD.managed.CWHvm_HW_FDC_H,22,220,10,0.0,10000.0,1.0,1.0,30.570999145507812,0.0,0.0
feature.QMD.managed.CWHvm_HW_FDC_H,23,230,10,0.0,10000.0,1.0,1.0,32.117000579833984,0.0,0.0
feature.QMD.managed.CWHvm_HW_FDC_H,24,240,10,0.0,10000.0,1.0,1.0,32.034000396728516,0.0,0.0
feature.QMD.managed.CWHvm_HW_FDC_H,25,250,10,0.0,10000.0,1.0,1.0,30.875999450683594,0.0,0.0
feature.QMD.managed.CWHvm_HW_FDC_H,26,260,10,0.0,10000.0,1.0,1.0,28.858999252319336,0.0,0.0
feature.QMD.managed.CWHvm_HW_FDC_H,27,270,10,0.0,10000.0,1.0,1.0,27.156999588012695,0.0,0.0
feature.QMD.managed.CWHvm_HW_FDC_H,28,280,10,0.0,10000.0,1.0,1.0,25.18000030517578,0.0,0.0
feature.QMD.managed.CWHvm_HW_FDC_H,29,290,10,0.0,10000.0,1.0,1.0,24.988000869750977,0.0,0.0
feature.QMD.managed.CWHvm_HW_FDC_H,30,300,10,0.0,10000.0,1.0,1.0,28.336000442504883,0.0,0.0
feature.QMD.managed.CWHvm_HW_FDC_L,0,0,10,0.0,10000.0,1.0,1.0,27.426000595092773,0.0,0.0
feature.QMD.managed.CWHvm_HW_FDC_L,1,10,10,0.0,10000.0,1.0,1.0,25.240999221801758,0.0,0.0
feature.QMD.managed.CWHvm_HW_FDC_L,2,20,10,0.0,10000.0,1.0,1.0,25.816999435424805,0.0,0.0
feature.QMD.managed.CWHvm_HW_FDC_L,3,30,10,0.0,10000.0,1.0,1.0,26.05900001525879,0.0,0.0
feature.QMD.managed.CWHvm_HW_FDC_L,4,40,10,0.0,10000.0,1.0,1.0,25.865999221801758,0.0,0.0
feature.QMD.managed.CWHvm_HW_FDC_L,5,50,10,0.0,10000.0,1.0,1.0,22.937000274658203,0.0,0.0
feature.QMD.managed.CWHvm_HW_FDC_L,6,60,10,0.0,10000.0,1.0,1.0,20.65399932861328,0.0,0.0
feature.QMD.managed.CWHvm_HW_FDC_L,7,70,10,0.0,10000.0,1.0,1.0,22.115999221801758,0.0,0.0
feature.QMD.managed.CWHvm_HW_FDC_L,8,80,10,0.0,10000.0,1.0,1.0,25.375999450683594,0.0,0.0
feature.QMD.managed.CWHvm_HW_FDC_L,9,90,10,0.0,10000.0,1.0,1.0,26.98200035095215,0.0,0.0
feature.QMD.managed.CWHvm_HW_FDC_L,10,100,10,0.0,10000.0,1.0,1.0,28.535999298095703,0.0,0.0
feature.QMD.managed.CWHvm_HW_FDC_L,11,110,10,0.0,10000.0,1.0,1.0,28.881000518798828,0.0,0.0
feature.QMD.managed.CWHvm_HW_FDC_L,12,120,10,0.0,10000.0,1.0,1.0,24.618000030517578,0.0,0.0
feature.QMD.managed.CWHvm_HW_FDC_L,13,130,10,0.0,10000.0,1.0,1.0,24.177000045776367,0.0,0.0
feature.QMD.managed.CWHvm_HW_FDC_L,14,140,10,0.0,10000.0,1.0,1.0,19.378999710083008,0.0,0.0
feature.QMD.managed.CWHvm_HW_FDC_L,15,150,10,0.0,10000.0,1.0,1.0,21.5,0.0,0.0
feature.QMD.managed.CWHvm_HW_FDC_L,16,160,10,0.0,10000.0,1.0,1.0,24.18899917602539,0.0,0.0
feature.QMD.managed.CWHvm_HW_FDC_L,17,170,10,0.0,10000.0,1.0,1.0,26.87700080871582,0.0,0.0
feature.QMD.managed.CWHvm_HW_FDC_L,18,180,10,0.0,10000.0,1.0,1.0,28.650999069213867,0.0,0.0
feature.QMD.managed.CWHvm_HW_FDC_L,19,190,10,0.0,10000.0,1.0,1.0,29.843000411987305,0.0,0.0
feature.QMD.managed.CWHvm_HW_FDC_L,20,200,10,0.0,10000.0,1.0,1.0,27.45599937438965,0.0,0.0
feature.QMD.managed.CWHvm_HW_FDC_L,21,210,10,0.0,10000.0,1.0,1.0,26.58799934387207,0.0,0.0
feature.QMD.managed.CWHvm_HW_FDC_L,22,220,10,0.0,10000.0,1.0,1.0,27.422000885009766,0.0,0.0
feature.QMD.managed.CWHvm_HW_FDC_L,23,230,10,0.0,10000.0,1.0,1.0,27.097000122070312,0.0,0.0
feature.QMD.managed.CWHvm_HW_FDC_L,24,240,10,0.0,10000.0,1.0,1.0,22.072999954223633,0.0,0.0
feature.QMD.managed.CWHvm_HW_FDC_L,25,250,10,0.0,10000.0,1.0,1.0,21.756000518798828,0.0,0.0
feature.QMD.managed.CWHvm_HW_FDC_L,26,260,10,0.0,10000.0,1.0,1.0,23.261999130249023,0.0,0.0
feature.QMD.managed.CWHvm_HW_FDC_L,27,270,10,0.0,10000.0,1.0,1.0,25.94099998474121,0.0,0.0
feature.QMD.managed.CWHvm_HW_FDC_L,28,280,10,0.0,10000.0,1.0,1.0,27.155000686645508,0.0,0.0
feature.QMD.managed.CWHvm_HW_FDC_L,29,290,10,0.0,10000.0,1.0,1.0,28.68600082397461,0.0,0.0
feature.QMD.managed.CWHvm_HW_FDC_L,30,300,10,0.0,10000.0,1.0,1.0,23.024999618530273,0.0,0.0
feature.QMD.managed.CWHvm_HW_SS_M,0,0,10,0.0,10000.0,1.0,1.0,30.259000778198242,0.0,0.0
feature.QMD.managed.CWHvm_HW_SS_M,1,10,10,0.0,10000.0,1.0,1.0,5.770999908447266,0.0,0.0
feature.QMD.managed.CWHvm_HW_SS_M,2,20,10,0.0,10000.0,1.0,1.0,8.317000389099121,0.0,0.0
feature.QMD.managed.CWHvm_HW_SS_M,3,30,10,0.0,10000.0,1.0,1.0,14.506999969482422,0.0,0.0
feature.QMD.managed.CWHvm_HW_SS_M,4,40,10,0.0,10000.0,1.0,1.0,16.84000015258789,0.0,0.0
feature.QMD.managed.CWHvm_HW_SS_M,5,50,10,0.0,10000.0,1.0,1.0,21.243999481201172,0.0,0.0
feature.QMD.managed.CWHvm_HW_SS_M,6,60,10,0.0,10000.0,1.0,1.0,25.7549991607666,0.0,0.0
feature.QMD.managed.CWHvm_HW_SS_M,7,70,10,0.0,10000.0,1.0,1.0,28.8439998626709,0.0,0.0
feature.QMD.managed.CWHvm_HW_SS_M,8,80,10,0.0,10000.0,1.0,1.0,30.930999755859375,0.0,0.0
feature.QMD.managed.CWHvm_HW_SS_M,9,90,10,0.0,10000.0,1.0,1.0,32.38199996948242,0.0,0.0
feature.QMD.managed.CWHvm_HW_SS_M,10,100,10,0.0,10000.0,1.0,1.0,5.877999782562256,0.0,0.0
feature.QMD.managed.CWHvm_HW_SS_M,11,110,10,0.0,10000.0,1.0,1.0,9.73799991607666,0.0,0.0
feature.QMD.managed.CWHvm_HW_SS_M,12,120,10,0.0,10000.0,1.0,1.0,14.020000457763672,0.0,0.0
feature.QMD.managed.CWHvm_HW_SS_M,13,130,10,0.0,10000.0,1.0,1.0,18.88599967956543,0.0,0.0
feature.QMD.managed.CWHvm_HW_SS_M,14,140,10,0.0,10000.0,1.0,1.0,23.81599998474121,0.0,0.0
feature.QMD.managed.CWHvm_HW_SS_M,15,150,10,0.0,10000.0,1.0,1.0,27.170000076293945,0.0,0.0
feature.QMD.managed.CWHvm_HW_SS_M,16,160,10,0.0,10000.0,1.0,1.0,29.78700065612793,0.0,0.0
feature.QMD.managed.CWHvm_HW_SS_M,17,170,10,0.0,10000.0,1.0,1.0,31.655000686645508,0.0,0.0
feature.QMD.managed.CWHvm_HW_SS_M,18,180,10,0.0,10000.0,1.0,1.0,5.761000156402588,0.0,0.0
feature.QMD.managed.CWHvm_HW_SS_M,19,190,10,0.0,10000.0,1.0,1.0,8.76099967956543,0.0,0.0
feature.QMD.managed.CWHvm_HW_SS_M,20,200,10,0.0,10000.0,1.0,1.0,11.888999938964844,0.0,0.0
feature.QMD.managed.CWHvm_HW_SS_M,21,210,10,0.0,10000.0,1.0,1.0,17.684999465942383,0.0,0.0
feature.QMD.managed.CWHvm_HW_SS_M,22,220,10,0.0,10000.0,1.0,1.0,22.66200065612793,0.0,0.0
feature.QMD.managed.CWHvm_HW_SS_M,23,230,10,0.0,10000.0,1.0,1.0,26.815000534057617,0.0,0.0
feature.QMD.managed.CWHvm_HW_SS_M,24,240,10,0.0,10000.0,1.0,1.0,29.44499969482422,0.0,0.0
feature.QMD.managed.CWHvm_HW_SS_M,25,250,10,0.0,10000.0,1.0,1.0,5.295000076293945,0.0,0.0
feature.QMD.managed.CWHvm_HW_SS_M,26,260,10,0.0,10000.0,1.0,1.0,6.171999931335449,0.0,0.0
feature.QMD.managed.CWHvm_HW_SS_M,27,270,10,0.0,10000.0,1.0,1.0,11.526000022888184,0.0,0.0
feature.QMD.managed.CWHvm_HW_SS_M,28,280,10,0.0,10000.0,1.0,1.0,21.381000518798828,0.0,0.0
feature.QMD.managed.CWHvm_HW_SS_M,29,290,10,0.0,10000.0,1.0,1.0,19.30900001525879,0.0,0.0
feature.QMD.managed.CWHvm_HW_SS_M,30,300,10,0.0,10000.0,1.0,1.0,22.816999435424805,0.0,0.0
feature.QMD.unmanaged.CWHvm_CW_HW_M,0,0,10,0.0,10000.0,1.0,1.0,32.94200134277344,0.0,0.0
feature.QMD.unmanaged.CWHvm_CW_HW_M,1,10,10,0.0,10000.0,1.0,1.0,32.584999084472656,0.0,0.0
feature.QMD.unmanaged.CWHvm_CW_HW_M,2,20,10,0.0,10000.0,1.0,1.0,32.196998596191406,0.0,0.0
feature.QMD.unmanaged.CWHvm_CW_HW_M,3,30,10,0.0,10000.0,1.0,1.0,32.0359992980957,0.0,0.0
feature.QMD.unmanaged.CWHvm_CW_HW_M,4,40,10,0.0,10000.0,1.0,1.0,31.93899917602539,0.0,0.0
feature.QMD.unmanaged.CWHvm_CW_HW_M,5,50,10,0.0,10000.0,1.0,1.0,31.836000442504883,0.0,0.0
feature.QMD.unmanaged.CWHvm_CW_HW_M,6,60,10,0.0,10000.0,1.0,1.0,31.725000381469727,0.0,0.0
feature.QMD.unmanaged.CWHvm_CW_HW_M,7,70,10,0.0,10000.0,1.0,1.0,31.6560001373291,0.0,0.0
feature.QMD.unmanaged.CWHvm_CW_HW_M,8,80,10,0.0,10000.0,1.0,1.0,31.611000061035156,0.0,0.0
feature.QMD.unmanaged.CWHvm_CW_HW_M,9,90,10,0.0,10000.0,1.0,1.0,31.56599998474121,0.0,0.0
feature.QMD.unmanaged.CWHvm_CW_HW_M,10,100,10,0.0,10000.0,1.0,1.0,31.52199935913086,0.0,0.0
feature.QMD.unmanaged.CWHvm_CW_HW_M,11,110,10,0.0,10000.0,1.0,1.0,31.474000930786133,0.0,0.0
feature.QMD.unmanaged.CWHvm_CW_HW_M,12,120,10,0.0,10000.0,1.0,1.0,31.427000045776367,0.0,0.0
feature.QMD.unmanaged.CWHvm_CW_HW_M,13,130,10,0.0,10000.0,1.0,1.0,31.39299964904785,0.0,0.0
feature.QMD.unmanaged.CWHvm_CW_HW_M,14,140,10,0.0,10000.0,1.0,1.0,31.363000869750977,0.0,0.0
feature.QMD.unmanaged.CWHvm_CW_HW_M,15,150,10,0.0,10000.0,1.0,1.0,31.33099937438965,0.0,0.0
feature.QMD.unmanaged.CWHvm_CW_HW_M,16,160,10,0.0,10000.0,1.0,1.0,31.304000854492188,0.0,0.0
feature.QMD.unmanaged.CWHvm_CW_HW_M,17,170,10,0.0,10000.0,1.0,1.0,31.2810001373291,0.0,0.0
feature.QMD.unmanaged.CWHvm_CW_HW_M,18,180,10,0.0,10000.0,1.0,1.0,31.266000747680664,0.0,0.0
feature.QMD.unmanaged.CWHvm_CW_HW_M,19,190,10,0.0,10000.0,1.0,1.0,31.253000259399414,0.0,0.0
feature.QMD.unmanaged.CWHvm_CW_HW_M,20,200,10,0.0,10000.0,1.0,1.0,31.239999771118164,0.0,0.0
feature.QMD.unmanaged.CWHvm_CW_HW_M,21,210,10,0.0,10000.0,1.0,1.0,31.22800064086914,0.0,0.0
feature.QMD.unmanaged.CWHvm_CW_HW_M,22,220,10,0.0,10000.0,1.0,1.0,31.215999603271484,0.0,0.0
feature.QMD.unmanaged.CWHvm_CW_HW_M,23,230,10,0.0,10000.0,1.0,1.0,31.20400047302246,0.0,0.0
feature.QMD.unmanaged.CWHvm_CW_HW_M,24,240,10,0.0,10000.0,1.0,1.0,31.194000244140625,0.0,0.0
feature.QMD.unmanaged.CWHvm_CW_HW_M,25,250,10,0.0,10000.0,1.0,1.0,31.183000564575195,0.0,0.0
feature.QMD.unmanaged.CWHvm_CW_HW_M,26,260,10,0.0,10000.0,1.0,1.0,31.180999755859375,0.0,0.0
feature.QMD.unmanaged.CWHvm_CW_HW_M,27,270,10,0.0,10000.0,1.0,1.0,31.180999755859375,0.0,0.0
feature.QMD.unmanaged.CWHvm_CW_HW_M,28,280,10,0.0,10000.0,1.0,1.0,31.180999755859375,0.0,0.0
feature.QMD.unmanaged.CWHvm_CW_HW_M,29,290,10,0.0,10000.0,1.0,1.0,31.180999755859375,0.0,0.0
feature.QMD.unmanaged.CWHvm_CW_HW_M,30,300,10,0.0,10000.0,1.0,1.0,31.180999755859375,0.0,0.0
feature.QMD.unmanaged.CWHvm_CW_PLC_M,0,0,10,0.0,10000.0,1.0,1.0,0.0,0.0,0.0
feature.QMD.unmanaged.CWHvm_CW_PLC_M,1,10,10,0.0,10000.0,1.0,1.0,0.0,0.0,0.0
feature.QMD.unmanaged.CWHvm_CW_PLC_M,2,20,10,0.0,10000.0,1.0,1.0,0.0,0.0,0.0
feature.QMD.unmanaged.CWHvm_CW_PLC_M,3,30,10,0.0,10000.0,1.0,1.0,0.0,0.0,0.0
feature.QMD.unmanaged.CWHvm_CW_PLC_M,4,40,10,0.0,10000.0,1.0,1.0,0.0,0.0,0.0
feature.QMD.unmanaged.CWHvm_CW_PLC_M,5,50,10,0.0,10000.0,1.0,1.0,0.0,0.0,0.0
feature.QMD.unmanaged.CWHvm_CW_PLC_M,6,60,10,0.0,10000.0,1.0,1.0,0.0,0.0,0.0
feature.QMD.unmanaged.CWHvm_CW_PLC_M,7,70,10,0.0,10000.0,1.0,1.0,0.0,0.0,0.0
feature.QMD.unmanaged.CWHvm_CW_PLC_M,8,80,10,0.0,10000.0,1.0,1.0,0.0,0.0,0.0
feature.QMD.unmanaged.CWHvm_CW_PLC_M,9,90,10,0.0,10000.0,1.0,1.0,0.0,0.0,0.0
feature.QMD.unmanaged.CWHvm_CW_PLC_M,10,100,10,0.0,10000.0,1.0,1.0,0.0,0.0,0.0
feature.QMD.unmanaged.CWHvm_CW_PLC_M,11,110,10,0.0,10000.0,1.0,1.0,0.0,0.0,0.0
feature.QMD.unmanaged.CWHvm_CW_PLC_M,12,120,10,0.0,10000.0,1.0,1.0,0.0,0.0,0.0
feature.QMD.unmanaged.CWHvm_CW_PLC_M,13,130,10,0.0,10000.0,1.0,1.0,0.0,0.0,0.0
feature.QMD.unmanaged.CWHvm_CW_PLC_M,14,140,10,0.0,10000.0,1.0,1.0,0.0,0.0,0.0
feature.QMD.unmanaged.CWHvm_CW_PLC_M,15,150,10,0.0,10000.0,1.0,1.0,0.0,0.0,0.0
feature.QMD.unmanaged.CWHvm_CW_PLC_M,16,160,10,0.0,10000.0,1.0,1.0,0.0,0.0,0.0
feature.QMD.unmanaged.CWHvm_CW_PLC_M,17,170,10,0.0,10000.0,1.0,1.0,0.0,0.0,0.0
feature.QMD.unmanaged.CWHvm_CW_PLC_M,18,180,10,0.0,10000.0,1.0,1.0,0.0,0.0,0.0
feature.QMD.unmanaged.CWHvm_CW_PLC_M,19,190,10,0.0,10000.0,1.0,1.0,0.0,0.0,0.0
feature.QMD.unmanaged.CWHvm_CW_PLC_M,20,200,10,0.0,10000.0,1.0,1.0,0.0,0.0,0.0
feature.QMD.unmanaged.CWHvm_CW_PLC_M,21,210,10,0.0,10000.0,1.0,1.0,0.0,0.0,0.0
feature.QMD.unmanaged.CWHvm_CW_PLC_M,22,220,10,0.0,10000.0,1.0,1.0,0.0,0.0,0.0
feature.QMD.unmanaged.CWHvm_CW_PLC_M,23,230,10,0.0,10000.0,1.0,1.0,0.0,0.0,0.0
feature.QMD.unmanaged.CWHvm_CW_PLC_M,24,240,10,0.0,10000.0,1.0,1.0,0.0,0.0,0.0
feature.QMD.unmanaged.CWHvm_CW_PLC_M,25,250,10,0.0,10000.0,1.0,1.0,0.0,0.0,0.0
feature.QMD.unmanaged.CWHvm_CW_PLC_M,26,260,10,0.0,10000.0,1.0,1.0,0.0,0.0,0.0
feature.QMD.unmanaged.CWHvm_CW_PLC_M,27,270,10,0.0,10000.0,1.0,1.0,0.0,0.0,0.0
feature.QMD.unmanaged.CWHvm_CW_PLC_M,28,280,10,0.0,10000.0,1.0,1.0,0.0,0.0,0.0
feature.QMD.unmanaged.CWHvm_CW_PLC_M,29,290,10,0.0,10000.0,1.0,1.0,0.0,0.0,0.0
feature.QMD.unmanaged.CWHvm_CW_PLC_M,30,300,10,0.0,10000.0,1.0,1.0,0.0,0.0,0.0
feature.QMD.unmanaged.CWHvm_CW_YC_M,0,0,10,0.0,10000.0,1.0,1.0,16.614999771118164,0.0,0.0
feature.QMD.unmanaged.CWHvm_CW_YC_M,1,10,10,0.0,10000.0,1.0,1.0,16.530000686645508,0.0,0.0
feature.QMD.unmanaged.CWHvm_CW_YC_M,2,20,10,0.0,10000.0,1.0,1.0,16.422000885009766,0.0,0.0
feature.QMD.unmanaged.CWHvm_CW_YC_M,3,30,10,0.0,10000.0,1.0,1.0,16.39699935913086,0.0,0.0
feature.QMD.unmanaged.CWHvm_CW_YC_M,4,40,10,0.0,10000.0,1.0,1.0,16.39699935913086,0.0,0.0
feature.QMD.unmanaged.CWHvm_CW_YC_M,5,50,10,0.0,10000.0,1.0,1.0,16.39699935913086,0.0,0.0
feature.QMD.unmanaged.CWHvm_CW_YC_M,6,60,10,0.0,10000.0,1.0,1.0,16.39699935913086,0.0,0.0
feature.QMD.unmanaged.CWHvm_CW_YC_M,7,70,10,0.0,10000.0,1.0,1.0,16.39699935913086,0.0,0.0
feature.QMD.unmanaged.CWHvm_CW_YC_M,8,80,10,0.0,10000.0,1.0,1.0,16.39699935913086,0.0,0.0
feature.QMD.unmanaged.CWHvm_CW_YC_M,9,90,10,0.0,10000.0,1.0,1.0,16.39699935913086,0.0,0.0
feature.QMD.unmanaged.CWHvm_CW_YC_M,10,100,10,0.0,10000.0,1.0,1.0,16.39699935913086,0.0,0.0
feature.QMD.unmanaged.CWHvm_CW_YC_M,11,110,10,0.0,10000.0,1.0,1.0,16.39699935913086,0.0,0.0
feature.QMD.unmanaged.CWHvm_CW_YC_M,12,120,10,0.0,10000.0,1.0,1.0,16.39699935913086,0.0,0.0
feature.QMD.unmanaged.CWHvm_CW_YC_M,13,130,10,0.0,10000.0,1.0,1.0,16.39699935913086,0.0,0.0
feature.QMD.unmanaged.CWHvm_CW_YC_M,14,140,10,0.0,10000.0,1.0,1.0,16.39699935913086,0.0,0.0
feature.QMD.unmanaged.CWHvm_CW_YC_M,15,150,10,0.0,10000.0,1.0,1.0,16.39699935913086,0.0,0.0
feature.QMD.unmanaged.CWHvm_CW_YC_M,16,160,10,0.0,10000.0,1.0,1.0,16.39699935913086,0.0,0.0
feature.QMD.unmanaged.CWHvm_CW_YC_M,17,170,10,0.0,10000.0,1.0,1.0,16.39699935913086,0.0,0.0
feature.QMD.unmanaged.CWHvm_CW_YC_M,18,180,10,0.0,10000.0,1.0,1.0,16.39699935913086,0.0,0.0
feature.QMD.unmanaged.CWHvm_CW_YC_M,19,190,10,0.0,10000.0,1.0,1.0,16.39699935913086,0.0,0.0
feature.QMD.unmanaged.CWHvm_CW_YC_M,20,200,10,0.0,10000.0,1.0,1.0,16.39699935913086,0.0,0.0
feature.QMD.unmanaged.CWHvm_CW_YC_M,21,210,10,0.0,10000.0,1.0,1.0,16.39699935913086,0.0,0.0
feature.QMD.unmanaged.CWHvm_CW_YC_M,22,220,10,0.0,10000.0,1.0,1.0,16.39699935913086,0.0,0.0
feature.QMD.unmanaged.CWHvm_CW_YC_M,23,230,10,0.0,10000.0,1.0,1.0,16.39699935913086,0.0,0.0
feature.QMD.unmanaged.CWHvm_CW_YC_M,24,240,10,0.0,10000.0,1.0,1.0,16.39699935913086,0.0,0.0
feature.QMD.unmanaged.CWHvm_CW_YC_M,25,250,10,0.0,10000.0,1.0,1.0,16.39699935913086,0.0,0.0
feature.QMD.unmanaged.CWHvm_CW_YC_M,26,260,10,0.0,10000.0,1.0,1.0,16.39699935913086,0.0,0.0
feature.QMD.unmanaged.CWHvm_CW_YC_M,27,270,10,0.0,10000.0,1.0,1.0,16.39699935913086,0.0,0.0
feature.QMD.unmanaged.CWHvm_CW_YC_M,28,280,10,0.0,10000.0,1.0,1.0,16.39699935913086,0.0,0.0
feature.QMD.unmanaged.CWHvm_CW_YC_M,29,290,10,0.0,10000.0,1.0,1.0,16.39699935913086,0.0,0.0
feature.QMD.unmanaged.CWHvm_CW_YC_M,30,300,10,0.0,10000.0,1.0,1.0,16.39699935913086,0.0,0.0
feature.QMD.unmanaged.CWHvm_DR_HW_M,0,0,10,0.0,10000.0,1.0,1.0,32.71900177001953,0.0,0.0
feature.QMD.unmanaged.CWHvm_DR_HW_M,1,10,10,0.0,10000.0,1.0,1.0,33.16299819946289,0.0,0.0
feature.QMD.unmanaged.CWHvm_DR_HW_M,2,20,10,0.0,10000.0,1.0,1.0,33.066001892089844,0.0,0.0
feature.QMD.unmanaged.CWHvm_DR_HW_M,3,30,10,0.0,10000.0,1.0,1.0,32.555999755859375,0.0,0.0
feature.QMD.unmanaged.CWHvm_DR_HW_M,4,40,10,0.0,10000.0,1.0,1.0,31.790000915527344,0.0,0.0
feature.QMD.unmanaged.CWHvm_DR_HW_M,5,50,10,0.0,10000.0,1.0,1.0,30.849000930786133,0.0,0.0
feature.QMD.unmanaged.CWHvm_DR_HW_M,6,60,10,0.0,10000.0,1.0,1.0,29.759000778198242,0.0,0.0
feature.QMD.unmanaged.CWHvm_DR_HW_M,7,70,10,0.0,10000.0,1.0,1.0,28.551000595092773,0.0,0.0
feature.QMD.unmanaged.CWHvm_DR_HW_M,8,80,10,0.0,10000.0,1.0,1.0,27.301000595092773,0.0,0.0
feature.QMD.unmanaged.CWHvm_DR_HW_M,9,90,10,0.0,10000.0,1.0,1.0,26.051000595092773,0.0,0.0
feature.QMD.unmanaged.CWHvm_DR_HW_M,10,100,10,0.0,10000.0,1.0,1.0,24.773000717163086,0.0,0.0
feature.QMD.unmanaged.CWHvm_DR_HW_M,11,110,10,0.0,10000.0,1.0,1.0,23.472999572753906,0.0,0.0
feature.QMD.unmanaged.CWHvm_DR_HW_M,12,120,10,0.0,10000.0,1.0,1.0,22.200000762939453,0.0,0.0
feature.QMD.unmanaged.CWHvm_DR_HW_M,13,130,10,0.0,10000.0,1.0,1.0,20.979999542236328,0.0,0.0
feature.QMD.unmanaged.CWHvm_DR_HW_M,14,140,10,0.0,10000.0,1.0,1.0,19.841999053955078,0.0,0.0
feature.QMD.unmanaged.CWHvm_DR_HW_M,15,150,10,0.0,10000.0,1.0,1.0,18.920000076293945,0.0,0.0
feature.QMD.unmanaged.CWHvm_DR_HW_M,16,160,10,0.0,10000.0,1.0,1.0,18.357999801635742,0.0,0.0
feature.QMD.unmanaged.CWHvm_DR_HW_M,17,170,10,0.0,10000.0,1.0,1.0,17.954999923706055,0.0,0.0
feature.QMD.unmanaged.CWHvm_DR_HW_M,18,180,10,0.0,10000.0,1.0,1.0,17.468000411987305,0.0,0.0
feature.QMD.unmanaged.CWHvm_DR_HW_M,19,190,10,0.0,10000.0,1.0,1.0,16.97599983215332,0.0,0.0
feature.QMD.unmanaged.CWHvm_DR_HW_M,20,200,10,0.0,10000.0,1.0,1.0,16.527000427246094,0.0,0.0
feature.QMD.unmanaged.CWHvm_DR_HW_M,21,210,10,0.0,10000.0,1.0,1.0,16.076000213623047,0.0,0.0
feature.QMD.unmanaged.CWHvm_DR_HW_M,22,220,10,0.0,10000.0,1.0,1.0,15.657999992370605,0.0,0.0
feature.QMD.unmanaged.CWHvm_DR_HW_M,23,230,10,0.0,10000.0,1.0,1.0,15.258000373840332,0.0,0.0
feature.QMD.unmanaged.CWHvm_DR_HW_M,24,240,10,0.0,10000.0,1.0,1.0,14.878999710083008,0.0,0.0
feature.QMD.unmanaged.CWHvm_DR_HW_M,25,250,10,0.0,10000.0,1.0,1.0,14.645000457763672,0.0,0.0
feature.QMD.unmanaged.CWHvm_DR_HW_M,26,260,10,0.0,10000.0,1.0,1.0,14.595999717712402,0.0,0.0
feature.QMD.unmanaged.CWHvm_DR_HW_M,27,270,10,0.0,10000.0,1.0,1.0,14.595999717712402,0.0,0.0
feature.QMD.unmanaged.CWHvm_DR_HW_M,28,280,10,0.0,10000.0,1.0,1.0,14.595999717712402,0.0,0.0
feature.QMD.unmanaged.CWHvm_DR_HW_M,29,290,10,0.0,10000.0,1.0,1.0,14.595999717712402,0.0,0.0
feature.QMD.unmanaged.CWHvm_DR_HW_M,30,300,10,0.0,10000.0,1.0,1.0,14.595999717712402,0.0,0.0
feature.QMD.unmanaged.CWHvm_FDC_HW_H,0,0,10,0.0,10000.0,1.0,1.0,29.0,0.0,0.0
feature.QMD.unmanaged.CWHvm_FDC_HW_H,1,10,10,0.0,10000.0,1.0,1.0,30.465999603271484,0.0,0.0
feature.QMD.unmanaged.CWHvm_FDC_HW_H,2,20,10,0.0,10000.0,1.0,1.0,31.43400001525879,0.0,0.0
feature.QMD.unmanaged.CWHvm_FDC_HW_H,3,30,10,0.0,10000.0,1.0,1.0,31.97800064086914,0.0,0.0
feature.QMD.unmanaged.CWHvm_FDC_HW_H,4,40,10,0.0,10000.0,1.0,1.0,32.2400016784668,0.0,0.0
feature.QMD.unmanaged.CWHvm_FDC_HW_H,5,50,10,0.0,10000.0,1.0,1.0,32.24700164794922,0.0,0.0
feature.QMD.unmanaged.CWHvm_FDC_HW_H,6,60,10,0.0,10000.0,1.0,1.0,32.05799865722656,0.0,0.0
feature.QMD.unmanaged.CWHvm_FDC_HW_H,7,70,10,0.0,10000.0,1.0,1.0,31.725000381469727,0.0,0.0
feature.QMD.unmanaged.CWHvm_FDC_HW_H,8,80,10,0.0,10000.0,1.0,1.0,31.238000869750977,0.0,0.0
feature.QMD.unmanaged.CWHvm_FDC_HW_H,9,90,10,0.0,10000.0,1.0,1.0,30.631000518798828,0.0,0.0
feature.QMD.unmanaged.CWHvm_FDC_HW_H,10,100,10,0.0,10000.0,1.0,1.0,29.951000213623047,0.0,0.0
feature.QMD.unmanaged.CWHvm_FDC_HW_H,11,110,10,0.0,10000.0,1.0,1.0,29.224000930786133,0.0,0.0
feature.QMD.unmanaged.CWHvm_FDC_HW_H,12,120,10,0.0,10000.0,1.0,1.0,28.417999267578125,0.0,0.0
feature.QMD.unmanaged.CWHvm_FDC_HW_H,13,130,10,0.0,10000.0,1.0,1.0,27.562999725341797,0.0,0.0
feature.QMD.unmanaged.CWHvm_FDC_HW_H,14,140,10,0.0,10000.0,1.0,1.0,26.743999481201172,0.0,0.0
feature.QMD.unmanaged.CWHvm_FDC_HW_H,15,150,10,0.0,10000.0,1.0,1.0,25.97100067138672,0.0,0.0
feature.QMD.unmanaged.CWHvm_FDC_HW_H,16,160,10,0.0,10000.0,1.0,1.0,25.302000045776367,0.0,0.0
feature.QMD.unmanaged.CWHvm_FDC_HW_H,17,170,10,0.0,10000.0,1.0,1.0,24.73900032043457,0.0,0.0
feature.QMD.unmanaged.CWHvm_FDC_HW_H,18,180,10,0.0,10000.0,1.0,1.0,24.18199920654297,0.0,0.0
feature.QMD.unmanaged.CWHvm_FDC_HW_H,19,190,10,0.0,10000.0,1.0,1.0,23.663999557495117,0.0,0.0
feature.QMD.unmanaged.CWHvm_FDC_HW_H,20,200,10,0.0,10000.0,1.0,1.0,23.165000915527344,0.0,0.0
feature.QMD.unmanaged.CWHvm_FDC_HW_H,21,210,10,0.0,10000.0,1.0,1.0,22.68899917602539,0.0,0.0
feature.QMD.unmanaged.CWHvm_FDC_HW_H,22,220,10,0.0,10000.0,1.0,1.0,22.243999481201172,0.0,0.0
feature.QMD.unmanaged.CWHvm_FDC_HW_H,23,230,10,0.0,10000.0,1.0,1.0,21.790000915527344,0.0,0.0
feature.QMD.unmanaged.CWHvm_FDC_HW_H,24,240,10,0.0,10000.0,1.0,1.0,21.38800048828125,0.0,0.0
feature.QMD.unmanaged.CWHvm_FDC_HW_H,25,250,10,0.0,10000.0,1.0,1.0,21.138999938964844,0.0,0.0
feature.QMD.unmanaged.CWHvm_FDC_HW_H,26,260,10,0.0,10000.0,1.0,1.0,21.09600067138672,0.0,0.0
feature.QMD.unmanaged.CWHvm_FDC_HW_H,27,270,10,0.0,10000.0,1.0,1.0,21.09600067138672,0.0,0.0
feature.QMD.unmanaged.CWHvm_FDC_HW_H,28,280,10,0.0,10000.0,1.0,1.0,21.09600067138672,0.0,0.0
feature.QMD.unmanaged.CWHvm_FDC_HW_H,29,290,10,0.0,10000.0,1.0,1.0,21.09600067138672,0.0,0.0
feature.QMD.unmanaged.CWHvm_FDC_HW_H,30,300,10,0.0,10000.0,1.0,1.0,21.09600067138672,0.0,0.0
feature.QMD.unmanaged.CWHvm_FDC_HW_L,0,0,10,0.0,10000.0,1.0,1.0,20.016000747680664,0.0,0.0
feature.QMD.unmanaged.CWHvm_FDC_HW_L,1,10,10,0.0,10000.0,1.0,1.0,24.256000518798828,0.0,0.0
feature.QMD.unmanaged.CWHvm_FDC_HW_L,2,20,10,0.0,10000.0,1.0,1.0,27.71500015258789,0.0,0.0
feature.QMD.unmanaged.CWHvm_FDC_HW_L,3,30,10,0.0,10000.0,1.0,1.0,30.385000228881836,0.0,0.0
feature.QMD.unmanaged.CWHvm_FDC_HW_L,4,40,10,0.0,10000.0,1.0,1.0,32.39500045776367,0.0,0.0
feature.QMD.unmanaged.CWHvm_FDC_HW_L,5,50,10,0.0,10000.0,1.0,1.0,33.880001068115234,0.0,0.0
feature.QMD.unmanaged.CWHvm_FDC_HW_L,6,60,10,0.0,10000.0,1.0,1.0,34.91899871826172,0.0,0.0
feature.QMD.unmanaged.CWHvm_FDC_HW_L,7,70,10,0.0,10000.0,1.0,1.0,35.555999755859375,0.0,0.0
feature.QMD.unmanaged.CWHvm_FDC_HW_L,8,80,10,0.0,10000.0,1.0,1.0,35.880001068115234,0.0,0.0
feature.QMD.unmanaged.CWHvm_FDC_HW_L,9,90,10,0.0,10000.0,1.0,1.0,35.98500061035156,0.0,0.0
feature.QMD.unmanaged.CWHvm_FDC_HW_L,10,100,10,0.0,10000.0,1.0,1.0,35.86399841308594,0.0,0.0
feature.QMD.unmanaged.CWHvm_FDC_HW_L,11,110,10,0.0,10000.0,1.0,1.0,35.54899978637695,0.0,0.0
feature.QMD.unmanaged.CWHvm_FDC_HW_L,12,120,10,0.0,10000.0,1.0,1.0,35.111000061035156,0.0,0.0
feature.QMD.unmanaged.CWHvm_FDC_HW_L,13,130,10,0.0,10000.0,1.0,1.0,34.54600143432617,0.0,0.0
feature.QMD.unmanaged.CWHvm_FDC_HW_L,14,140,10,0.0,10000.0,1.0,1.0,33.84000015258789,0.0,0.0
feature.QMD.unmanaged.CWHvm_FDC_HW_L,15,150,10,0.0,10000.0,1.0,1.0,33.02399826049805,0.0,0.0
feature.QMD.unmanaged.CWHvm_FDC_HW_L,16,160,10,0.0,10000.0,1.0,1.0,32.154998779296875,0.0,0.0
feature.QMD.unmanaged.CWHvm_FDC_HW_L,17,170,10,0.0,10000.0,1.0,1.0,31.30699920654297,0.0,0.0
feature.QMD.unmanaged.CWHvm_FDC_HW_L,18,180,10,0.0,10000.0,1.0,1.0,30.56100082397461,0.0,0.0
feature.QMD.unmanaged.CWHvm_FDC_HW_L,19,190,10,0.0,10000.0,1.0,1.0,29.878999710083008,0.0,0.0
feature.QMD.unmanaged.CWHvm_FDC_HW_L,20,200,10,0.0,10000.0,1.0,1.0,29.2450008392334,0.0,0.0
feature.QMD.unmanaged.CWHvm_FDC_HW_L,21,210,10,0.0,10000.0,1.0,1.0,28.658000946044922,0.0,0.0
feature.QMD.unmanaged.CWHvm_FDC_HW_L,22,220,10,0.0,10000.0,1.0,1.0,28.084999084472656,0.0,0.0
feature.QMD.unmanaged.CWHvm_FDC_HW_L,23,230,10,0.0,10000.0,1.0,1.0,27.547000885009766,0.0,0.0
feature.QMD.unmanaged.CWHvm_FDC_HW_L,24,240,10,0.0,10000.0,1.0,1.0,27.03700065612793,0.0,0.0
feature.QMD.unmanaged.CWHvm_FDC_HW_L,25,250,10,0.0,10000.0,1.0,1.0,26.743999481201172,0.0,0.0
feature.QMD.unmanaged.CWHvm_FDC_HW_L,26,260,10,0.0,10000.0,1.0,1.0,26.695999145507812,0.0,0.0
feature.QMD.unmanaged.CWHvm_FDC_HW_L,27,270,10,0.0,10000.0,1.0,1.0,26.695999145507812,0.0,0.0
feature.QMD.unmanaged.CWHvm_FDC_HW_L,28,280,10,0.0,10000.0,1.0,1.0,26.695999145507812,0.0,0.0
feature.QMD.unmanaged.CWHvm_FDC_HW_L,29,290,10,0.0,10000.0,1.0,1.0,26.695999145507812,0.0,0.0
feature.QMD.unmanaged.CWHvm_FDC_HW_L,30,300,10,0.0,10000.0,1.0,1.0,26.695999145507812,0.0,0.0
feature.QMD.unmanaged.CWHvm_FDC_HW_M,0,0,10,0.0,10000.0,1.0,1.0,30.93400001525879,0.0,0.0
feature.QMD.unmanaged.CWHvm_FDC_HW_M,1,10,10,0.0,10000.0,1.0,1.0,31.809999465942383,0.0,0.0
feature.QMD.unmanaged.CWHvm_FDC_HW_M,2,20,10,0.0,10000.0,1.0,1.0,32.29899978637695,0.0,0.0
feature.QMD.unmanaged.CWHvm_FDC_HW_M,3,30,10,0.0,10000.0,1.0,1.0,32.52299880981445,0.0,0.0
feature.QMD.unmanaged.CWHvm_FDC_HW_M,4,40,10,0.0,10000.0,1.0,1.0,32.479000091552734,0.0,0.0
feature.QMD.unmanaged.CWHvm_FDC_HW_M,5,50,10,0.0,10000.0,1.0,1.0,32.27399826049805,0.0,0.0
feature.QMD.unmanaged.CWHvm_FDC_HW_M,6,60,10,0.0,10000.0,1.0,1.0,31.90999984741211,0.0,0.0
feature.QMD.unmanaged.CWHvm_FDC_HW_M,7,70,10,0.0,10000.0,1.0,1.0,31.40999984741211,0.0,0.0
feature.QMD.unmanaged.CWHvm_FDC_HW_M,8,80,10,0.0,10000.0,1.0,1.0,30.832000732421875,0.0,0.0
feature.QMD.unmanaged.CWHvm_FDC_HW_M,9,90,10,0.0,10000.0,1.0,1.0,30.15399932861328,0.0,0.0
feature.QMD.unmanaged.CWHvm_FDC_HW_M,10,100,10,0.0,10000.0,1.0,1.0,29.451000213623047,0.0,0.0
feature.QMD.unmanaged.CWHvm_FDC_HW_M,11,110,10,0.0,10000.0,1.0,1.0,28.704999923706055,0.0,0.0
feature.QMD.unmanaged.CWHvm_FDC_HW_M,12,120,10,0.0,10000.0,1.0,1.0,27.961999893188477,0.0,0.0
feature.QMD.unmanaged.CWHvm_FDC_HW_M,13,130,10,0.0,10000.0,1.0,1.0,27.200000762939453,0.0,0.0
feature.QMD.unmanaged.CWHvm_FDC_HW_M,14,140,10,0.0,10000.0,1.0,1.0,26.465999603271484,0.0,0.0
feature.QMD.unmanaged.CWHvm_FDC_HW_M,15,150,10,0.0,10000.0,1.0,1.0,25.788999557495117,0.0,0.0
feature.QMD.unmanaged.CWHvm_FDC_HW_M,16,160,10,0.0,10000.0,1.0,1.0,25.180999755859375,0.0,0.0
feature.QMD.unmanaged.CWHvm_FDC_HW_M,17,170,10,0.0,10000.0,1.0,1.0,24.652999877929688,0.0,0.0
feature.QMD.unmanaged.CWHvm_FDC_HW_M,18,180,10,0.0,10000.0,1.0,1.0,24.108999252319336,0.0,0.0
feature.QMD.unmanaged.CWHvm_FDC_HW_M,19,190,10,0.0,10000.0,1.0,1.0,23.604999542236328,0.0,0.0
feature.QMD.unmanaged.CWHvm_FDC_HW_M,20,200,10,0.0,10000.0,1.0,1.0,23.131000518798828,0.0,0.0
feature.QMD.unmanaged.CWHvm_FDC_HW_M,21,210,10,0.0,10000.0,1.0,1.0,22.76099967956543,0.0,0.0
feature.QMD.unmanaged.CWHvm_FDC_HW_M,22,220,10,0.0,10000.0,1.0,1.0,22.402000427246094,0.0,0.0
feature.QMD.unmanaged.CWHvm_FDC_HW_M,23,230,10,0.0,10000.0,1.0,1.0,22.124000549316406,0.0,0.0
feature.QMD.unmanaged.CWHvm_FDC_HW_M,24,240,10,0.0,10000.0,1.0,1.0,21.878999710083008,0.0,0.0
feature.QMD.unmanaged.CWHvm_FDC_HW_M,25,250,10,0.0,10000.0,1.0,1.0,21.722999572753906,0.0,0.0
feature.QMD.unmanaged.CWHvm_FDC_HW_M,26,260,10,0.0,10000.0,1.0,1.0,21.69700050354004,0.0,0.0
feature.QMD.unmanaged.CWHvm_FDC_HW_M,27,270,10,0.0,10000.0,1.0,1.0,21.69700050354004,0.0,0.0
feature.QMD.unmanaged.CWHvm_FDC_HW_M,28,280,10,0.0,10000.0,1.0,1.0,21.69700050354004,0.0,0.0
feature.QMD.unmanaged.CWHvm_FDC_HW_M,29,290,10,0.0,10000.0,1.0,1.0,21.69700050354004,0.0,0.0
feature.QMD.unmanaged.CWHvm_FDC_HW_M,30,300,10,0.0,10000.0,1.0,1.0,21.69700050354004,0.0,0.0
feature.QMD.unmanaged.CWHvm_HW_BA_M,0,0,10,0.0,10000.0,1.0,1.0,44.742000579833984,0.0,0.0
feature.QMD.unmanaged.CWHvm_HW_BA_M,1,10,10,0.0,10000.0,1.0,1.0,43.917999267578125,0.0,0.0
feature.QMD.unmanaged.CWHvm_HW_BA_M,2,20,10,0.0,10000.0,1.0,1.0,42.97100067138672,0.0,0.0
feature.QMD.unmanaged.CWHvm_HW_BA_M,3,30,10,0.0,10000.0,1.0,1.0,41.89799880981445,0.0,0.0
feature.QMD.unmanaged.CWHvm_HW_BA_M,4,40,10,0.0,10000.0,1.0,1.0,40.858001708984375,0.0,0.0
feature.QMD.unmanaged.CWHvm_HW_BA_M,5,50,10,0.0,10000.0,1.0,1.0,39.902000427246094,0.0,0.0
feature.QMD.unmanaged.CWHvm_HW_BA_M,6,60,10,0.0,10000.0,1.0,1.0,38.84199905395508,0.0,0.0
feature.QMD.unmanaged.CWHvm_HW_BA_M,7,70,10,0.0,10000.0,1.0,1.0,37.69300079345703,0.0,0.0
feature.QMD.unmanaged.CWHvm_HW_BA_M,8,80,10,0.0,10000.0,1.0,1.0,36.54999923706055,0.0,0.0
feature.QMD.unmanaged.CWHvm_HW_BA_M,9,90,10,0.0,10000.0,1.0,1.0,35.375,0.0,0.0
feature.QMD.unmanaged.CWHvm_HW_BA_M,10,100,10,0.0,10000.0,1.0,1.0,34.38399887084961,0.0,0.0
feature.QMD.unmanaged.CWHvm_HW_BA_M,11,110,10,0.0,10000.0,1.0,1.0,33.46500015258789,0.0,0.0
feature.QMD.unmanaged.CWHvm_HW_BA_M,12,120,10,0.0,10000.0,1.0,1.0,32.67399978637695,0.0,0.0
feature.QMD.unmanaged.CWHvm_HW_BA_M,13,130,10,0.0,10000.0,1.0,1.0,32.053001403808594,0.0,0.0
feature.QMD.unmanaged.CWHvm_HW_BA_M,14,140,10,0.0,10000.0,1.0,1.0,31.54199981689453,0.0,0.0
feature.QMD.unmanaged.CWHvm_HW_BA_M,15,150,10,0.0,10000.0,1.0,1.0,31.184999465942383,0.0,0.0
feature.QMD.unmanaged.CWHvm_HW_BA_M,16,160,10,0.0,10000.0,1.0,1.0,30.798999786376953,0.0,0.0
feature.QMD.unmanaged.CWHvm_HW_BA_M,17,170,10,0.0,10000.0,1.0,1.0,30.36400032043457,0.0,0.0
feature.QMD.unmanaged.CWHvm_HW_BA_M,18,180,10,0.0,10000.0,1.0,1.0,30.090999603271484,0.0,0.0
feature.QMD.unmanaged.CWHvm_HW_BA_M,19,190,10,0.0,10000.0,1.0,1.0,29.847000122070312,0.0,0.0
feature.QMD.unmanaged.CWHvm_HW_BA_M,20,200,10,0.0,10000.0,1.0,1.0,29.797000885009766,0.0,0.0
feature.QMD.unmanaged.CWHvm_HW_BA_M,21,210,10,0.0,10000.0,1.0,1.0,29.797000885009766,0.0,0.0
feature.QMD.unmanaged.CWHvm_HW_BA_M,22,220,10,0.0,10000.0,1.0,1.0,29.797000885009766,0.0,0.0
feature.QMD.unmanaged.CWHvm_HW_BA_M,23,230,10,0.0,10000.0,1.0,1.0,29.797000885009766,0.0,0.0
feature.QMD.unmanaged.CWHvm_HW_BA_M,24,240,10,0.0,10000.0,1.0,1.0,29.797000885009766,0.0,0.0
feature.QMD.unmanaged.CWHvm_HW_BA_M,25,250,10,0.0,10000.0,1.0,1.0,29.797000885009766,0.0,0.0
feature.QMD.unmanaged.CWHvm_HW_BA_M,26,260,10,0.0,10000.0,1.0,1.0,29.797000885009766,0.0,0.0
feature.QMD.unmanaged.CWHvm_HW_BA_M,27,270,10,0.0,10000.0,1.0,1.0,29.797000885009766,0.0,0.0
feature.QMD.unmanaged.CWHvm_HW_BA_M,28,280,10,0.0,10000.0,1.0,1.0,29.797000885009766,0.0,0.0
feature.QMD.unmanaged.CWHvm_HW_BA_M,29,290,10,0.0,10000.0,1.0,1.0,29.797000885009766,0.0,0.0
feature.QMD.unmanaged.CWHvm_HW_BA_M,30,300,10,0.0,10000.0,1.0,1.0,29.797000885009766,0.0,0.0
feature.QMD.unmanaged.CWHvm_HW_CW_H,0,0,10,0.0,10000.0,1.0,1.0,37.79800033569336,0.0,0.0
feature.QMD.unmanaged.CWHvm_HW_CW_H,1,10,10,0.0,10000.0,1.0,1.0,37.821998596191406,0.0,0.0
feature.QMD.unmanaged.CWHvm_HW_CW_H,2,20,10,0.0,10000.0,1.0,1.0,37.58300018310547,0.0,0.0
feature.QMD.unmanaged.CWHvm_HW_CW_H,3,30,10,0.0,10000.0,1.0,1.0,37.16600036621094,0.0,0.0
feature.QMD.unmanaged.CWHvm_HW_CW_H,4,40,10,0.0,10000.0,1.0,1.0,36.59600067138672,0.0,0.0
feature.QMD.unmanaged.CWHvm_HW_CW_H,5,50,10,0.0,10000.0,1.0,1.0,35.96500015258789,0.0,0.0
feature.QMD.unmanaged.CWHvm_HW_CW_H,6,60,10,0.0,10000.0,1.0,1.0,35.244998931884766,0.0,0.0
feature.QMD.unmanaged.CWHvm_HW_CW_H,7,70,10,0.0,10000.0,1.0,1.0,34.46699905395508,0.0,0.0
feature.QMD.unmanaged.CWHvm_HW_CW_H,8,80,10,0.0,10000.0,1.0,1.0,33.64699935913086,0.0,0.0
feature.QMD.unmanaged.CWHvm_HW_CW_H,9,90,10,0.0,10000.0,1.0,1.0,32.823001861572266,0.0,0.0
feature.QMD.unmanaged.CWHvm_HW_CW_H,10,100,10,0.0,10000.0,1.0,1.0,32.05099868774414,0.0,0.0
feature.QMD.unmanaged.CWHvm_HW_CW_H,11,110,10,0.0,10000.0,1.0,1.0,31.292999267578125,0.0,0.0
feature.QMD.unmanaged.CWHvm_HW_CW_H,12,120,10,0.0,10000.0,1.0,1.0,30.589000701904297,0.0,0.0
feature.QMD.unmanaged.CWHvm_HW_CW_H,13,130,10,0.0,10000.0,1.0,1.0,30.025999069213867,0.0,0.0
feature.QMD.unmanaged.CWHvm_HW_CW_H,14,140,10,0.0,10000.0,1.0,1.0,29.49799919128418,0.0,0.0
feature.QMD.unmanaged.CWHvm_HW_CW_H,15,150,10,0.0,10000.0,1.0,1.0,29.003999710083008,0.0,0.0
feature.QMD.unmanaged.CWHvm_HW_CW_H,16,160,10,0.0,10000.0,1.0,1.0,28.531999588012695,0.0,0.0
feature.QMD.unmanaged.CWHvm_HW_CW_H,17,170,10,0.0,10000.0,1.0,1.0,28.0939998626709,0.0,0.0
feature.QMD.unmanaged.CWHvm_HW_CW_H,18,180,10,0.0,10000.0,1.0,1.0,27.87700080871582,0.0,0.0
feature.QMD.unmanaged.CWHvm_HW_CW_H,19,190,10,0.0,10000.0,1.0,1.0,27.722000122070312,0.0,0.0
feature.QMD.unmanaged.CWHvm_HW_CW_H,20,200,10,0.0,10000.0,1.0,1.0,27.639999389648438,0.0,0.0
feature.QMD.unmanaged.CWHvm_HW_CW_H,21,210,10,0.0,10000.0,1.0,1.0,27.575000762939453,0.0,0.0
feature.QMD.unmanaged.CWHvm_HW_CW_H,22,220,10,0.0,10000.0,1.0,1.0,27.516000747680664,0.0,0.0
feature.QMD.unmanaged.CWHvm_HW_CW_H,23,230,10,0.0,10000.0,1.0,1.0,27.459999084472656,0.0,0.0
feature.QMD.unmanaged.CWHvm_HW_CW_H,24,240,10,0.0,10000.0,1.0,1.0,27.4060001373291,0.0,0.0
feature.QMD.unmanaged.CWHvm_HW_CW_H,25,250,10,0.0,10000.0,1.0,1.0,27.395999908447266,0.0,0.0
feature.QMD.unmanaged.CWHvm_HW_CW_H,26,260,10,0.0,10000.0,1.0,1.0,27.395999908447266,0.0,0.0
feature.QMD.unmanaged.CWHvm_HW_CW_H,27,270,10,0.0,10000.0,1.0,1.0,27.395999908447266,0.0,0.0
feature.QMD.unmanaged.CWHvm_HW_CW_H,28,280,10,0.0,10000.0,1.0,1.0,27.395999908447266,0.0,0.0
feature.QMD.unmanaged.CWHvm_HW_CW_H,29,290,10,0.0,10000.0,1.0,1.0,27.395999908447266,0.0,0.0
feature.QMD.unmanaged.CWHvm_HW_CW_H,30,300,10,0.0,10000.0,1.0,1.0,27.395999908447266,0.0,0.0
feature.QMD.unmanaged.CWHvm_HW_CW_L,0,0,10,0.0,10000.0,1.0,1.0,26.70599937438965,0.0,0.0
feature.QMD.unmanaged.CWHvm_HW_CW_L,1,10,10,0.0,10000.0,1.0,1.0,26.264999389648438,0.0,0.0
feature.QMD.unmanaged.CWHvm_HW_CW_L,2,20,10,0.0,10000.0,1.0,1.0,25.945999145507812,0.0,0.0
feature.QMD.unmanaged.CWHvm_HW_CW_L,3,30,10,0.0,10000.0,1.0,1.0,25.69499969482422,0.0,0.0
feature.QMD.unmanaged.CWHvm_HW_CW_L,4,40,10,0.0,10000.0,1.0,1.0,25.41699981689453,0.0,0.0
feature.QMD.unmanaged.CWHvm_HW_CW_L,5,50,10,0.0,10000.0,1.0,1.0,25.139999389648438,0.0,0.0
feature.QMD.unmanaged.CWHvm_HW_CW_L,6,60,10,0.0,10000.0,1.0,1.0,24.93400001525879,0.0,0.0
feature.QMD.unmanaged.CWHvm_HW_CW_L,7,70,10,0.0,10000.0,1.0,1.0,24.895999908447266,0.0,0.0
feature.QMD.unmanaged.CWHvm_HW_CW_L,8,80,10,0.0,10000.0,1.0,1.0,24.895999908447266,0.0,0.0
feature.QMD.unmanaged.CWHvm_HW_CW_L,9,90,10,0.0,10000.0,1.0,1.0,24.895999908447266,0.0,0.0
feature.QMD.unmanaged.CWHvm_HW_CW_L,10,100,10,0.0,10000.0,1.0,1.0,24.895999908447266,0.0,0.0
feature.QMD.unmanaged.CWHvm_HW_CW_L,11,110,10,0.0,10000.0,1.0,1.0,24.895999908447266,0.0,0.0
feature.QMD.unmanaged.CWHvm_HW_CW_L,12,120,10,0.0,10000.0,1.0,1.0,24.895999908447266,0.0,0.0
feature.QMD.unmanaged.CWHvm_HW_CW_L,13,130,10,0.0,10000.0,1.0,1.0,24.895999908447266,0.0,0.0
feature.QMD.unmanaged.CWHvm_HW_CW_L,14,140,10,0.0,10000.0,1.0,1.0,24.895999908447266,0.0,0.0
feature.QMD.unmanaged.CWHvm_HW_CW_L,15,150,10,0.0,10000.0,1.0,1.0,24.895999908447266,0.0,0.0
feature.QMD.unmanaged.CWHvm_HW_CW_L,16,160,10,0.0,10000.0,1.0,1.0,24.895999908447266,0.0,0.0
feature.QMD.unmanaged.CWHvm_HW_CW_L,17,170,10,0.0,10000.0,1.0,1.0,24.895999908447266,0.0,0.0
feature.QMD.unmanaged.CWHvm_HW_CW_L,18,180,10,0.0,10000.0,1.0,1.0,24.895999908447266,0.0,0.0
feature.QMD.unmanaged.CWHvm_HW_CW_L,19,190,10,0.0,10000.0,1.0,1.0,24.895999908447266,0.0,0.0
feature.QMD.unmanaged.CWHvm_HW_CW_L,20,200,10,0.0,10000.0,1.0,1.0,24.895999908447266,0.0,0.0
feature.QMD.unmanaged.CWHvm_HW_CW_L,21,210,10,0.0,10000.0,1.0,1.0,24.895999908447266,0.0,0.0
feature.QMD.unmanaged.CWHvm_HW_CW_L,22,220,10,0.0,10000.0,1.0,1.0,24.895999908447266,0.0,0.0
feature.QMD.unmanaged.CWHvm_HW_CW_L,23,230,10,0.0,10000.0,1.0,1.0,24.895999908447266,0.0,0.0
feature.QMD.unmanaged.CWHvm_HW_CW_L,24,240,10,0.0,10000.0,1.0,1.0,24.895999908447266,0.0,0.0
feature.QMD.unmanaged.CWHvm_HW_CW_L,25,250,10,0.0,10000.0,1.0,1.0,24.895999908447266,0.0,0.0
feature.QMD.unmanaged.CWHvm_HW_CW_L,26,260,10,0.0,10000.0,1.0,1.0,24.895999908447266,0.0,0.0
feature.QMD.unmanaged.CWHvm_HW_CW_L,27,270,10,0.0,10000.0,1.0,1.0,24.895999908447266,0.0,0.0
feature.QMD.unmanaged.CWHvm_HW_CW_L,28,280,10,0.0,10000.0,1.0,1.0,24.895999908447266,0.0,0.0
feature.QMD.unmanaged.CWHvm_HW_CW_L,29,290,10,0.0,10000.0,1.0,1.0,24.895999908447266,0.0,0.0
feature.QMD.unmanaged.CWHvm_HW_CW_L,30,300,10,0.0,10000.0,1.0,1.0,24.895999908447266,0.0,0.0
feature.QMD.unmanaged.CWHvm_HW_CW_M,0,0,10,0.0,10000.0,1.0,1.0,28.687999725341797,0.0,0.0
feature.QMD.unmanaged.CWHvm_HW_CW_M,1,10,10,0.0,10000.0,1.0,1.0,29.87700080871582,0.0,0.0
feature.QMD.unmanaged.CWHvm_HW_CW_M,2,20,10,0.0,10000.0,1.0,1.0,30.67799949645996,0.0,0.0
feature.QMD.unmanaged.CWHvm_HW_CW_M,3,30,10,0.0,10000.0,1.0,1.0,31.107999801635742,0.0,0.0
feature.QMD.unmanaged.CWHvm_HW_CW_M,4,40,10,0.0,10000.0,1.0,1.0,31.266000747680664,0.0,0.0
feature.QMD.unmanaged.CWHvm_HW_CW_M,5,50,10,0.0,10000.0,1.0,1.0,31.211000442504883,0.0,0.0
feature.QMD.unmanaged.CWHvm_HW_CW_M,6,60,10,0.0,10000.0,1.0,1.0,30.99799919128418,0.0,0.0
feature.QMD.unmanaged.CWHvm_HW_CW_M,7,70,10,0.0,10000.0,1.0,1.0,30.655000686645508,0.0,0.0
feature.QMD.unmanaged.CWHvm_HW_CW_M,8,80,10,0.0,10000.0,1.0,1.0,30.195999145507812,0.0,0.0
feature.QMD.unmanaged.CWHvm_HW_CW_M,9,90,10,0.0,10000.0,1.0,1.0,29.68600082397461,0.0,0.0
feature.QMD.unmanaged.CWHvm_HW_CW_M,10,100,10,0.0,10000.0,1.0,1.0,29.172000885009766,0.0,0.0
feature.QMD.unmanaged.CWHvm_HW_CW_M,11,110,10,0.0,10000.0,1.0,1.0,28.60099983215332,0.0,0.0
feature.QMD.unmanaged.CWHvm_HW_CW_M,12,120,10,0.0,10000.0,1.0,1.0,28.014999389648438,0.0,0.0
feature.QMD.unmanaged.CWHvm_HW_CW_M,13,130,10,0.0,10000.0,1.0,1.0,27.493000030517578,0.0,0.0
feature.QMD.unmanaged.CWHvm_HW_CW_M,14,140,10,0.0,10000.0,1.0,1.0,26.993000030517578,0.0,0.0
feature.QMD.unmanaged.CWHvm_HW_CW_M,15,150,10,0.0,10000.0,1.0,1.0,26.493000030517578,0.0,0.0
feature.QMD.unmanaged.CWHvm_HW_CW_M,16,160,10,0.0,10000.0,1.0,1.0,25.988000869750977,0.0,0.0
feature.QMD.unmanaged.CWHvm_HW_CW_M,17,170,10,0.0,10000.0,1.0,1.0,25.534000396728516,0.0,0.0
feature.QMD.unmanaged.CWHvm_HW_CW_M,18,180,10,0.0,10000.0,1.0,1.0,25.238000869750977,0.0,0.0
feature.QMD.unmanaged.CWHvm_HW_CW_M,19,190,10,0.0,10000.0,1.0,1.0,25.0049991607666,0.0,0.0
feature.QMD.unmanaged.CWHvm_HW_CW_M,20,200,10,0.0,10000.0,1.0,1.0,24.77899932861328,0.0,0.0
feature.QMD.unmanaged.CWHvm_HW_CW_M,21,210,10,0.0,10000.0,1.0,1.0,24.576000213623047,0.0,0.0
feature.QMD.unmanaged.CWHvm_HW_CW_M,22,220,10,0.0,10000.0,1.0,1.0,24.382999420166016,0.0,0.0
feature.QMD.unmanaged.CWHvm_HW_CW_M,23,230,10,0.0,10000.0,1.0,1.0,24.197999954223633,0.0,0.0
feature.QMD.unmanaged.CWHvm_HW_CW_M,24,240,10,0.0,10000.0,1.0,1.0,24.024999618530273,0.0,0.0
feature.QMD.unmanaged.CWHvm_HW_CW_M,25,250,10,0.0,10000.0,1.0,1.0,23.95199966430664,0.0,0.0
feature.QMD.unmanaged.CWHvm_HW_CW_M,26,260,10,0.0,10000.0,1.0,1.0,23.906999588012695,0.0,0.0
feature.QMD.unmanaged.CWHvm_HW_CW_M,27,270,10,0.0,10000.0,1.0,1.0,23.898000717163086,0.0,0.0
feature.QMD.unmanaged.CWHvm_HW_CW_M,28,280,10,0.0,10000.0,1.0,1.0,23.898000717163086,0.0,0.0
feature.QMD.unmanaged.CWHvm_HW_CW_M,29,290,10,0.0,10000.0,1.0,1.0,23.898000717163086,0.0,0.0
feature.QMD.unmanaged.CWHvm_HW_CW_M,30,300,10,0.0,10000.0,1.0,1.0,23.898000717163086,0.0,0.0
feature.QMD.unmanaged.CWHvm_HW_FDC_H,0,0,10,0.0,10000.0,1.0,1.0,31.02400016784668,0.0,0.0
feature.QMD.unmanaged.CWHvm_HW_FDC_H,1,10,10,0.0,10000.0,1.0,1.0,31.900999069213867,0.0,0.0
feature.QMD.unmanaged.CWHvm_HW_FDC_H,2,20,10,0.0,10000.0,1.0,1.0,32.39699935913086,0.0,0.0
feature.QMD.unmanaged.CWHvm_HW_FDC_H,3,30,10,0.0,10000.0,1.0,1.0,32.60100173950195,0.0,0.0
feature.QMD.unmanaged.CWHvm_HW_FDC_H,4,40,10,0.0,10000.0,1.0,1.0,32.56399917602539,0.0,0.0
feature.QMD.unmanaged.CWHvm_HW_FDC_H,5,50,10,0.0,10000.0,1.0,1.0,32.35100173950195,0.0,0.0
feature.QMD.unmanaged.CWHvm_HW_FDC_H,6,60,10,0.0,10000.0,1.0,1.0,32.00600051879883,0.0,0.0
feature.QMD.unmanaged.CWHvm_HW_FDC_H,7,70,10,0.0,10000.0,1.0,1.0,31.51300048828125,0.0,0.0
feature.QMD.unmanaged.CWHvm_HW_FDC_H,8,80,10,0.0,10000.0,1.0,1.0,30.94499969482422,0.0,0.0
feature.QMD.unmanaged.CWHvm_HW_FDC_H,9,90,10,0.0,10000.0,1.0,1.0,30.295000076293945,0.0,0.0
feature.QMD.unmanaged.CWHvm_HW_FDC_H,10,100,10,0.0,10000.0,1.0,1.0,29.59600067138672,0.0,0.0
feature.QMD.unmanaged.CWHvm_HW_FDC_H,11,110,10,0.0,10000.0,1.0,1.0,28.871000289916992,0.0,0.0
feature.QMD.unmanaged.CWHvm_HW_FDC_H,12,120,10,0.0,10000.0,1.0,1.0,28.1200008392334,0.0,0.0
feature.QMD.unmanaged.CWHvm_HW_FDC_H,13,130,10,0.0,10000.0,1.0,1.0,27.368999481201172,0.0,0.0
feature.QMD.unmanaged.CWHvm_HW_FDC_H,14,140,10,0.0,10000.0,1.0,1.0,26.601999282836914,0.0,0.0
feature.QMD.unmanaged.CWHvm_HW_FDC_H,15,150,10,0.0,10000.0,1.0,1.0,25.87299919128418,0.0,0.0
feature.QMD.unmanaged.CWHvm_HW_FDC_H,16,160,10,0.0,10000.0,1.0,1.0,25.218000411987305,0.0,0.0
feature.QMD.unmanaged.CWHvm_HW_FDC_H,17,170,10,0.0,10000.0,1.0,1.0,24.610000610351562,0.0,0.0
feature.QMD.unmanaged.CWHvm_HW_FDC_H,18,180,10,0.0,10000.0,1.0,1.0,24.069000244140625,0.0,0.0
feature.QMD.unmanaged.CWHvm_HW_FDC_H,19,190,10,0.0,10000.0,1.0,1.0,23.552000045776367,0.0,0.0
feature.QMD.unmanaged.CWHvm_HW_FDC_H,20,200,10,0.0,10000.0,1.0,1.0,23.115999221801758,0.0,0.0
feature.QMD.unmanaged.CWHvm_HW_FDC_H,21,210,10,0.0,10000.0,1.0,1.0,22.73200035095215,0.0,0.0
feature.QMD.unmanaged.CWHvm_HW_FDC_H,22,220,10,0.0,10000.0,1.0,1.0,22.35300064086914,0.0,0.0
feature.QMD.unmanaged.CWHvm_HW_FDC_H,23,230,10,0.0,10000.0,1.0,1.0,21.981000900268555,0.0,0.0
feature.QMD.unmanaged.CWHvm_HW_FDC_H,24,240,10,0.0,10000.0,1.0,1.0,21.658000946044922,0.0,0.0
feature.QMD.unmanaged.CWHvm_HW_FDC_H,25,250,10,0.0,10000.0,1.0,1.0,21.509000778198242,0.0,0.0
feature.QMD.unmanaged.CWHvm_HW_FDC_H,26,260,10,0.0,10000.0,1.0,1.0,21.48699951171875,0.0,0.0
feature.QMD.unmanaged.CWHvm_HW_FDC_H,27,270,10,0.0,10000.0,1.0,1.0,21.48699951171875,0.0,0.0
feature.QMD.unmanaged.CWHvm_HW_FDC_H,28,280,10,0.0,10000.0,1.0,1.0,21.48699951171875,0.0,0.0
feature.QMD.unmanaged.CWHvm_HW_FDC_H,29,290,10,0.0,10000.0,1.0,1.0,21.48699951171875,0.0,0.0
feature.QMD.unmanaged.CWHvm_HW_FDC_H,30,300,10,0.0,10000.0,1.0,1.0,21.48699951171875,0.0,0.0
feature.QMD.unmanaged.CWHvm_HW_FDC_L,0,0,10,0.0,10000.0,1.0,1.0,31.660999298095703,0.0,0.0
feature.QMD.unmanaged.CWHvm_HW_FDC_L,1,10,10,0.0,10000.0,1.0,1.0,32.402000427246094,0.0,0.0
feature.QMD.unmanaged.CWHvm_HW_FDC_L,2,20,10,0.0,10000.0,1.0,1.0,32.79100036621094,0.0,0.0
feature.QMD.unmanaged.CWHvm_HW_FDC_L,3,30,10,0.0,10000.0,1.0,1.0,32.93199920654297,0.0,0.0
feature.QMD.unmanaged.CWHvm_HW_FDC_L,4,40,10,0.0,10000.0,1.0,1.0,32.862998962402344,0.0,0.0
feature.QMD.unmanaged.CWHvm_HW_FDC_L,5,50,10,0.0,10000.0,1.0,1.0,32.62200164794922,0.0,0.0
feature.QMD.unmanaged.CWHvm_HW_FDC_L,6,60,10,0.0,10000.0,1.0,1.0,32.237998962402344,0.0,0.0
feature.QMD.unmanaged.CWHvm_HW_FDC_L,7,70,10,0.0,10000.0,1.0,1.0,31.716999053955078,0.0,0.0
feature.QMD.unmanaged.CWHvm_HW_FDC_L,8,80,10,0.0,10000.0,1.0,1.0,31.167999267578125,0.0,0.0
feature.QMD.unmanaged.CWHvm_HW_FDC_L,9,90,10,0.0,10000.0,1.0,1.0,30.55699920654297,0.0,0.0
feature.QMD.unmanaged.CWHvm_HW_FDC_L,10,100,10,0.0,10000.0,1.0,1.0,29.868999481201172,0.0,0.0
feature.QMD.unmanaged.CWHvm_HW_FDC_L,11,110,10,0.0,10000.0,1.0,1.0,29.173999786376953,0.0,0.0
feature.QMD.unmanaged.CWHvm_HW_FDC_L,12,120,10,0.0,10000.0,1.0,1.0,28.459999084472656,0.0,0.0
feature.QMD.unmanaged.CWHvm_HW_FDC_L,13,130,10,0.0,10000.0,1.0,1.0,27.743000030517578,0.0,0.0
feature.QMD.unmanaged.CWHvm_HW_FDC_L,14,140,10,0.0,10000.0,1.0,1.0,27.011999130249023,0.0,0.0
feature.QMD.unmanaged.CWHvm_HW_FDC_L,15,150,10,0.0,10000.0,1.0,1.0,26.29199981689453,0.0,0.0
feature.QMD.unmanaged.CWHvm_HW_FDC_L,16,160,10,0.0,10000.0,1.0,1.0,25.631999969482422,0.0,0.0
feature.QMD.unmanaged.CWHvm_HW_FDC_L,17,170,10,0.0,10000.0,1.0,1.0,25.006999969482422,0.0,0.0
feature.QMD.unmanaged.CWHvm_HW_FDC_L,18,180,10,0.0,10000.0,1.0,1.0,24.509000778198242,0.0,0.0
feature.QMD.unmanaged.CWHvm_HW_FDC_L,19,190,10,0.0,10000.0,1.0,1.0,24.066999435424805,0.0,0.0
feature.QMD.unmanaged.CWHvm_HW_FDC_L,20,200,10,0.0,10000.0,1.0,1.0,23.658000946044922,0.0,0.0
feature.QMD.unmanaged.CWHvm_HW_FDC_L,21,210,10,0.0,10000.0,1.0,1.0,23.2810001373291,0.0,0.0
feature.QMD.unmanaged.CWHvm_HW_FDC_L,22,220,10,0.0,10000.0,1.0,1.0,22.916000366210938,0.0,0.0
feature.QMD.unmanaged.CWHvm_HW_FDC_L,23,230,10,0.0,10000.0,1.0,1.0,22.59000015258789,0.0,0.0
feature.QMD.unmanaged.CWHvm_HW_FDC_L,24,240,10,0.0,10000.0,1.0,1.0,22.291000366210938,0.0,0.0
feature.QMD.unmanaged.CWHvm_HW_FDC_L,25,250,10,0.0,10000.0,1.0,1.0,22.121999740600586,0.0,0.0
feature.QMD.unmanaged.CWHvm_HW_FDC_L,26,260,10,0.0,10000.0,1.0,1.0,22.094999313354492,0.0,0.0
feature.QMD.unmanaged.CWHvm_HW_FDC_L,27,270,10,0.0,10000.0,1.0,1.0,22.094999313354492,0.0,0.0
feature.QMD.unmanaged.CWHvm_HW_FDC_L,28,280,10,0.0,10000.0,1.0,1.0,22.094999313354492,0.0,0.0
feature.QMD.unmanaged.CWHvm_HW_FDC_L,29,290,10,0.0,10000.0,1.0,1.0,22.094999313354492,0.0,0.0
feature.QMD.unmanaged.CWHvm_HW_FDC_L,30,300,10,0.0,10000.0,1.0,1.0,22.094999313354492,0.0,0.0
feature.QMD.unmanaged.CWHvm_HW_SS_M,0,0,10,0.0,10000.0,1.0,1.0,29.709999084472656,0.0,0.0
feature.QMD.unmanaged.CWHvm_HW_SS_M,1,10,10,0.0,10000.0,1.0,1.0,30.520999908447266,0.0,0.0
feature.QMD.unmanaged.CWHvm_HW_SS_M,2,20,10,0.0,10000.0,1.0,1.0,30.989999771118164,0.0,0.0
feature.QMD.unmanaged.CWHvm_HW_SS_M,3,30,10,0.0,10000.0,1.0,1.0,31.209999084472656,0.0,0.0
feature.QMD.unmanaged.CWHvm_HW_SS_M,4,40,10,0.0,10000.0,1.0,1.0,31.215999603271484,0.0,0.0
feature.QMD.unmanaged.CWHvm_HW_SS_M,5,50,10,0.0,10000.0,1.0,1.0,31.018999099731445,0.0,0.0
feature.QMD.unmanaged.CWHvm_HW_SS_M,6,60,10,0.0,10000.0,1.0,1.0,30.68400001525879,0.0,0.0
feature.QMD.unmanaged.CWHvm_HW_SS_M,7,70,10,0.0,10000.0,1.0,1.0,30.23900032043457,0.0,0.0
feature.QMD.unmanaged.CWHvm_HW_SS_M,8,80,10,0.0,10000.0,1.0,1.0,29.69099998474121,0.0,0.0
feature.QMD.unmanaged.CWHvm_HW_SS_M,9,90,10,0.0,10000.0,1.0,1.0,29.104000091552734,0.0,0.0
feature.QMD.unmanaged.CWHvm_HW_SS_M,10,100,10,0.0,10000.0,1.0,1.0,28.381999969482422,0.0,0.0
feature.QMD.unmanaged.CWHvm_HW_SS_M,11,110,10,0.0,10000.0,1.0,1.0,27.666000366210938,0.0,0.0
feature.QMD.unmanaged.CWHvm_HW_SS_M,12,120,10,0.0,10000.0,1.0,1.0,26.899999618530273,0.0,0.0
feature.QMD.unmanaged.CWHvm_HW_SS_M,13,130,10,0.0,10000.0,1.0,1.0,26.107999801635742,0.0,0.0
feature.QMD.unmanaged.CWHvm_HW_SS_M,14,140,10,0.0,10000.0,1.0,1.0,25.37299919128418,0.0,0.0
feature.QMD.unmanaged.CWHvm_HW_SS_M,15,150,10,0.0,10000.0,1.0,1.0,24.724000930786133,0.0,0.0
feature.QMD.unmanaged.CWHvm_HW_SS_M,16,160,10,0.0,10000.0,1.0,1.0,24.111000061035156,0.0,0.0
feature.QMD.unmanaged.CWHvm_HW_SS_M,17,170,10,0.0,10000.0,1.0,1.0,23.507999420166016,0.0,0.0
feature.QMD.unmanaged.CWHvm_HW_SS_M,18,180,10,0.0,10000.0,1.0,1.0,22.969999313354492,0.0,0.0
feature.QMD.unmanaged.CWHvm_HW_SS_M,19,190,10,0.0,10000.0,1.0,1.0,22.458999633789062,0.0,0.0
feature.QMD.unmanaged.CWHvm_HW_SS_M,20,200,10,0.0,10000.0,1.0,1.0,21.95599937438965,0.0,0.0
feature.QMD.unmanaged.CWHvm_HW_SS_M,21,210,10,0.0,10000.0,1.0,1.0,21.457000732421875,0.0,0.0
feature.QMD.unmanaged.CWHvm_HW_SS_M,22,220,10,0.0,10000.0,1.0,1.0,21.018999099731445,0.0,0.0
feature.QMD.unmanaged.CWHvm_HW_SS_M,23,230,10,0.0,10000.0,1.0,1.0,20.579999923706055,0.0,0.0
feature.QMD.unmanaged.CWHvm_HW_SS_M,24,240,10,0.0,10000.0,1.0,1.0,20.45400047302246,0.0,0.0
feature.QMD.unmanaged.CWHvm_HW_SS_M,25,250,10,0.0,10000.0,1.0,1.0,20.408000946044922,0.0,0.0
feature.QMD.unmanaged.CWHvm_HW_SS_M,26,260,10,0.0,10000.0,1.0,1.0,20.39900016784668,0.0,0.0
feature.QMD.unmanaged.CWHvm_HW_SS_M,27,270,10,0.0,10000.0,1.0,1.0,20.39900016784668,0.0,0.0
feature.QMD.unmanaged.CWHvm_HW_SS_M,28,280,10,0.0,10000.0,1.0,1.0,20.39900016784668,0.0,0.0
feature.QMD.unmanaged.CWHvm_HW_SS_M,29,290,10,0.0,10000.0,1.0,1.0,20.39900016784668,0.0,0.0
feature.QMD.unmanaged.CWHvm_HW_SS_M,30,300,10,0.0,10000.0,1.0,1.0,20.39900016784668,0.0,0.0
feature.Seral.CWHvm_CW_HW_M.immature,0,0,10,0.0,10000.0,1.0,1.0,102.33300018310547,0.0,0.0
feature.Seral.CWHvm_CW_HW_M.immature,1,10,10,0.0,10000.0,1.0,1.0,98.16300201416016,0.0,0.0
feature.Seral.CWHvm_CW_HW_M.immature,2,20,10,0.0,10000.0,1.0,1.0,98.16300201416016,0.0,0.0
feature.Seral.CWHvm_CW_HW_M.immature,3,30,10,0.0,10000.0,1.0,1.0,98.59100341796875,0.0,0.0
feature.Seral.CWHvm_CW_HW_M.immature,4,40,10,0.0,10000.0,1.0,1.0,99.58599853515625,0.0,0.0
feature.Seral.CWHvm_CW_HW_M.immature,5,50,10,0.0,10000.0,1.0,1.0,97.7699966430664,0.0,0.0
feature.Seral.CWHvm_CW_HW_M.immature,6,60,10,0.0,10000.0,1.0,1.0,97.7699966430664,0.0,0.0
feature.Seral.CWHvm_CW_HW_M.immature,7,70,10,0.0,10000.0,1.0,1.0,56.95199966430664,0.0,0.0
feature.Seral.CWHvm_CW_HW_M.immature,8,80,10,0.0,10000.0,1.0,1.0,48.959999084472656,0.0,0.0
feature.Seral.CWHvm_CW_HW_M.immature,9,90,10,0.0,10000.0,1.0,1.0,50.275001525878906,0.0,0.0
feature.Seral.CWHvm_CW_HW_M.immature,10,100,10,0.0,10000.0,1.0,1.0,24.641000747680664,0.0,0.0
feature.Seral.CWHvm_CW_HW_M.immature,11,110,10,0.0,10000.0,1.0,1.0,24.641000747680664,0.0,0.0
feature.Seral.CWHvm_CW_HW_M.immature,12,120,10,0.0,10000.0,1.0,1.0,24.641000747680664,0.0,0.0
feature.Seral.CWHvm_CW_HW_M.immature,13,130,10,0.0,10000.0,1.0,1.0,23.645999908447266,0.0,0.0
feature.Seral.CWHvm_CW_HW_M.immature,14,140,10,0.0,10000.0,1.0,1.0,23.218000411987305,0.0,0.0
feature.Seral.CWHvm_CW_HW_M.immature,15,150,10,0.0,10000.0,1.0,1.0,24.21299934387207,0.0,0.0
feature.Seral.CWHvm_CW_HW_M.immature,16,160,10,0.0,10000.0,1.0,1.0,30.718000411987305,0.0,0.0
feature.Seral.CWHvm_CW_HW_M.immature,17,170,10,0.0,10000.0,1.0,1.0,32.96200180053711,0.0,0.0
feature.Seral.CWHvm_CW_HW_M.immature,18,180,10,0.0,10000.0,1.0,1.0,32.96200180053711,0.0,0.0
feature.Seral.CWHvm_CW_HW_M.immature,19,190,10,0.0,10000.0,1.0,1.0,32.96200180053711,0.0,0.0
feature.Seral.CWHvm_CW_HW_M.immature,20,200,10,0.0,10000.0,1.0,1.0,9.744000434875488,0.0,0.0
feature.Seral.CWHvm_CW_HW_M.immature,21,210,10,0.0,10000.0,1.0,1.0,9.744000434875488,0.0,0.0
feature.Seral.CWHvm_CW_HW_M.immature,22,220,10,0.0,10000.0,1.0,1.0,35.66699981689453,0.0,0.0
feature.Seral.CWHvm_CW_HW_M.immature,23,230,10,0.0,10000.0,1.0,1.0,35.66699981689453,0.0,0.0
feature.Seral.CWHvm_CW_HW_M.immature,24,240,10,0.0,10000.0,1.0,1.0,34.672000885009766,0.0,0.0
feature.Seral.CWHvm_CW_HW_M.immature,25,250,10,0.0,10000.0,1.0,1.0,34.672000885009766,0.0,0.0
feature.Seral.CWHvm_CW_HW_M.immature,26,260,10,0.0,10000.0,1.0,1.0,35.23899841308594,0.0,0.0
feature.Seral.CWHvm_CW_HW_M.immature,27,270,10,0.0,10000.0,1.0,1.0,28.733999252319336,0.0,0.0
feature.Seral.CWHvm_CW_HW_M.immature,28,280,10,0.0,10000.0,1.0,1.0,27.34600067138672,0.0,0.0
feature.Seral.CWHvm_CW_HW_M.immature,29,290,10,0.0,10000.0,1.0,1.0,27.34600067138672,0.0,0.0
feature.Seral.CWHvm_CW_HW_M.immature,30,300,10,0.0,10000.0,1.0,1.0,33.85100173950195,0.0,0.0
feature.Seral.CWHvm_CW_HW_M.mature,0,0,10,0.0,10000.0,1.0,1.0,3.359999895095825,0.0,0.0
feature.Seral.CWHvm_CW_HW_M.mature,1,10,10,0.0,10000.0,1.0,1.0,6.10699987411499,0.0,0.0
feature.Seral.CWHvm_CW_HW_M.mature,2,20,10,0.0,10000.0,1.0,1.0,6.10699987411499,0.0,0.0
feature.Seral.CWHvm_CW_HW_M.mature,3,30,10,0.0,10000.0,1.0,1.0,2.746999979019165,0.0,0.0
feature.Seral.CWHvm_CW_HW_M.mature,4,40,10,0.0,10000.0,1.0,1.0,2.746999979019165,0.0,0.0
feature.Seral.CWHvm_CW_HW_M.mature,5,50,10,0.0,10000.0,1.0,1.0,4.563000202178955,0.0,0.0
feature.Seral.CWHvm_CW_HW_M.mature,6,60,10,0.0,10000.0,1.0,1.0,4.563000202178955,0.0,0.0
feature.Seral.CWHvm_CW_HW_M.mature,7,70,10,0.0,10000.0,1.0,1.0,22.163000106811523,0.0,0.0
feature.Seral.CWHvm_CW_HW_M.mature,8,80,10,0.0,10000.0,1.0,1.0,27.408000946044922,0.0,0.0
feature.Seral.CWHvm_CW_HW_M.mature,9,90,10,0.0,10000.0,1.0,1.0,49.31100082397461,0.0,0.0
feature.Seral.CWHvm_CW_HW_M.mature,10,100,10,0.0,10000.0,1.0,1.0,74.94499969482422,0.0,0.0
feature.Seral.CWHvm_CW_HW_M.mature,11,110,10,0.0,10000.0,1.0,1.0,74.94499969482422,0.0,0.0
feature.Seral.CWHvm_CW_HW_M.mature,12,120,10,0.0,10000.0,1.0,1.0,73.12899780273438,0.0,0.0
feature.Seral.CWHvm_CW_HW_M.mature,13,130,10,0.0,10000.0,1.0,1.0,73.12899780273438,0.0,0.0
feature.Seral.CWHvm_CW_HW_M.mature,14,140,10,0.0,10000.0,1.0,1.0,49.45199966430664,0.0,0.0
feature.Seral.CWHvm_CW_HW_M.mature,15,150,10,0.0,10000.0,1.0,1.0,41.03200149536133,0.0,0.0
feature.Seral.CWHvm_CW_HW_M.mature,16,160,10,0.0,10000.0,1.0,1.0,25.634000778198242,0.0,0.0
feature.Seral.CWHvm_CW_HW_M.mature,17,170,10,0.0,10000.0,1.0,1.0,0.0,0.0,0.0
feature.Seral.CWHvm_CW_HW_M.mature,18,180,10,0.0,10000.0,1.0,1.0,0.0,0.0,0.0
feature.Seral.CWHvm_CW_HW_M.mature,19,190,10,0.0,10000.0,1.0,1.0,0.0,0.0,0.0
feature.Seral.CWHvm_CW_HW_M.mature,20,200,10,0.0,10000.0,1.0,1.0,0.0,0.0,0.0
feature.Seral.CWHvm_CW_HW_M.mature,21,210,10,0.0,10000.0,1.0,1.0,0.0,0.0,0.0
feature.Seral.CWHvm_CW_HW_M.mature,22,220,10,0.0,10000.0,1.0,1.0,0.0,0.0,0.0
feature.Seral.CWHvm_CW_HW_M.mature,23,230,10,0.0,10000.0,1.0,1.0,0.0,0.0,0.0
feature.Seral.CWHvm_CW_HW_M.mature,24,240,10,0.0,10000.0,1.0,1.0,0.0,0.0,0.0
feature.Seral.CWHvm_CW_HW_M.mature,25,250,10,0.0,10000.0,1.0,1.0,0.0,0.0,0.0
feature.Seral.CWHvm_CW_HW_M.mature,26,260,10,0.0,10000.0,1.0,1.0,0.0,0.0,0.0
feature.Seral.CWHvm_CW_HW_M.mature,27,270,10,0.0,10000.0,1.0,1.0,0.0,0.0,0.0
feature.Seral.CWHvm_CW_HW_M.mature,28,280,10,0.0,10000.0,1.0,1.0,1.815999984741211,0.0,0.0
feature.Seral.CWHvm_CW_HW_M.mature,29,290,10,0.0,10000.0,1.0,1.0,1.815999984741211,0.0,0.0
feature.Seral.CWHvm_CW_HW_M.mature,30,300,10,0.0,10000.0,1.0,1.0,1.815999984741211,0.0,0.0
feature.Seral.CWHvm_CW_HW_M.overmature,0,0,10,0.0,10000.0,1.0,1.0,184.41700744628906,0.0,0.0
feature.Seral.CWHvm_CW_HW_M.overmature,1,10,10,0.0,10000.0,1.0,1.0,184.41700744628906,0.0,0.0
feature.Seral.CWHvm_CW_HW_M.overmature,2,20,10,0.0,10000.0,1.0,1.0,184.41700744628906,0.0,0.0
feature.Seral.CWHvm_CW_HW_M.overmature,3,30,10,0.0,10000.0,1.0,1.0,187.77699279785156,0.0,0.0
feature.Seral.CWHvm_CW_HW_M.overmature,4,40,10,0.0,10000.0,1.0,1.0,187.77699279785156,0.0,0.0
feature.Seral.CWHvm_CW_HW_M.overmature,5,50,10,0.0,10000.0,1.0,1.0,187.77699279785156,0.0,0.0
feature.Seral.CWHvm_CW_HW_M.overmature,6,60,10,0.0,10000.0,1.0,1.0,187.77699279785156,0.0,0.0
feature.Seral.CWHvm_CW_HW_M.overmature,7,70,10,0.0,10000.0,1.0,1.0,187.77699279785156,0.0,0.0
feature.Seral.CWHvm_CW_HW_M.overmature,8,80,10,0.0,10000.0,1.0,1.0,190.5240020751953,0.0,0.0
feature.Seral.CWHvm_CW_HW_M.overmature,9,90,10,0.0,10000.0,1.0,1.0,190.5240020751953,0.0,0.0
feature.Seral.CWHvm_CW_HW_M.overmature,10,100,10,0.0,10000.0,1.0,1.0,190.5240020751953,0.0,0.0
feature.Seral.CWHvm_CW_HW_M.overmature,11,110,10,0.0,10000.0,1.0,1.0,190.5240020751953,0.0,0.0
feature.Seral.CWHvm_CW_HW_M.overmature,12,120,10,0.0,10000.0,1.0,1.0,192.33999633789062,0.0,0.0
feature.Seral.CWHvm_CW_HW_M.overmature,13,130,10,0.0,10000.0,1.0,1.0,192.33999633789062,0.0,0.0
feature.Seral.CWHvm_CW_HW_M.overmature,14,140,10,0.0,10000.0,1.0,1.0,209.94000244140625,0.0,0.0
feature.Seral.CWHvm_CW_HW_M.overmature,15,150,10,0.0,10000.0,1.0,1.0,216.11599731445312,0.0,0.0
feature.Seral.CWHvm_CW_HW_M.overmature,16,160,10,0.0,10000.0,1.0,1.0,231.51400756835938,0.0,0.0
feature.Seral.CWHvm_CW_HW_M.overmature,17,170,10,0.0,10000.0,1.0,1.0,257.14801025390625,0.0,0.0
feature.Seral.CWHvm_CW_HW_M.overmature,18,180,10,0.0,10000.0,1.0,1.0,257.14801025390625,0.0,0.0
feature.Seral.CWHvm_CW_HW_M.overmature,19,190,10,0.0,10000.0,1.0,1.0,254.4429931640625,0.0,0.0
feature.Seral.CWHvm_CW_HW_M.overmature,20,200,10,0.0,10000.0,1.0,1.0,254.4429931640625,0.0,0.0
feature.Seral.CWHvm_CW_HW_M.overmature,21,210,10,0.0,10000.0,1.0,1.0,254.4429931640625,0.0,0.0
feature.Seral.CWHvm_CW_HW_M.overmature,22,220,10,0.0,10000.0,1.0,1.0,254.4429931640625,0.0,0.0
feature.Seral.CWHvm_CW_HW_M.overmature,23,230,10,0.0,10000.0,1.0,1.0,254.4429931640625,0.0,0.0
feature.Seral.CWHvm_CW_HW_M.overmature,24,240,10,0.0,10000.0,1.0,1.0,254.4429931640625,0.0,0.0
feature.Seral.CWHvm_CW_HW_M.overmature,25,250,10,0.0,10000.0,1.0,1.0,254.4429931640625,0.0,0.0
feature.Seral.CWHvm_CW_HW_M.overmature,26,260,10,0.0,10000.0,1.0,1.0,254.4429931640625,0.0,0.0
feature.Seral.CWHvm_CW_HW_M.overmature,27,270,10,0.0,10000.0,1.0,1.0,254.4429931640625,0.0,0.0
feature.Seral.CWHvm_CW_HW_M.overmature,28,280,10,0.0,10000.0,1.0,1.0,251.98800659179688,0.0,0.0
feature.Seral.CWHvm_CW_HW_M.overmature,29,290,10,0.0,10000.0,1.0,1.0,251.98800659179688,0.0,0.0
feature.Seral.CWHvm_CW_HW_M.overmature,30,300,10,0.0,10000.0,1.0,1.0,251.98800659179688,0.0,0.0
feature.Seral.CWHvm_CW_HW_M.regenerating,0,0,10,0.0,10000.0,1.0,1.0,0.0,0.0,0.0
feature.Seral.CWHvm_CW_HW_M.regenerating,1,10,10,0.0,10000.0,1.0,1.0,0.9950000047683716,0.0,0.0
feature.Seral.CWHvm_CW_HW_M.regenerating,2,20,10,0.0,10000.0,1.0,1.0,0.0,0.0,0.0
feature.Seral.CWHvm_CW_HW_M.regenerating,3,30,10,0.0,10000.0,1.0,1.0,0.0,0.0,0.0
feature.Seral.CWHvm_CW_HW_M.regenerating,4,40,10,0.0,10000.0,1.0,1.0,0.0,0.0,0.0
feature.Seral.CWHvm_CW_HW_M.regenerating,5,50,10,0.0,10000.0,1.0,1.0,0.0,0.0,0.0
feature.Seral.CWHvm_CW_HW_M.regenerating,6,60,10,0.0,10000.0,1.0,1.0,0.0,0.0,0.0
feature.Seral.CWHvm_CW_HW_M.regenerating,7,70,10,0.0,10000.0,1.0,1.0,0.0,0.0,0.0
feature.Seral.CWHvm_CW_HW_M.regenerating,8,80,10,0.0,10000.0,1.0,1.0,0.0,0.0,0.0
feature.Seral.CWHvm_CW_HW_M.regenerating,9,90,10,0.0,10000.0,1.0,1.0,0.0,0.0,0.0
feature.Seral.CWHvm_CW_HW_M.regenerating,10,100,10,0.0,10000.0,1.0,1.0,0.0,0.0,0.0
feature.Seral.CWHvm_CW_HW_M.regenerating,11,110,10,0.0,10000.0,1.0,1.0,0.0,0.0,0.0
feature.Seral.CWHvm_CW_HW_M.regenerating,12,120,10,0.0,10000.0,1.0,1.0,0.0,0.0,0.0
feature.Seral.CWHvm_CW_HW_M.regenerating,13,130,10,0.0,10000.0,1.0,1.0,0.0,0.0,0.0
feature.Seral.CWHvm_CW_HW_M.regenerating,14,140,10,0.0,10000.0,1.0,1.0,0.0,0.0,0.0
feature.Seral.CWHvm_CW_HW_M.regenerating,15,150,10,0.0,10000.0,1.0,1.0,0.0,0.0,0.0
feature.Seral.CWHvm_CW_HW_M.regenerating,16,160,10,0.0,10000.0,1.0,1.0,0.0,0.0,0.0
feature.Seral.CWHvm_CW_HW_M.regenerating,17,170,10,0.0,10000.0,1.0,1.0,0.0,0.0,0.0
feature.Seral.CWHvm_CW_HW_M.regenerating,18,180,10,0.0,10000.0,1.0,1.0,0.0,0.0,0.0
feature.Seral.CWHvm_CW_HW_M.regenerating,19,190,10,0.0,10000.0,1.0,1.0,2.7049999237060547,0.0,0.0
feature.Seral.CWHvm_CW_HW_M.regenerating,20,200,10,0.0,10000.0,1.0,1.0,0.0,0.0,0.0
feature.Seral.CWHvm_CW_HW_M.regenerating,21,210,10,0.0,10000.0,1.0,1.0,0.0,0.0,0.0
feature.Seral.CWHvm_CW_HW_M.regenerating,22,220,10,0.0,10000.0,1.0,1.0,0.0,0.0,0.0
feature.Seral.CWHvm_CW_HW_M.regenerating,23,230,10,0.0,10000.0,1.0,1.0,0.0,0.0,0.0
feature.Seral.CWHvm_CW_HW_M.regenerating,24,240,10,0.0,10000.0,1.0,1.0,0.0,0.0,0.0
feature.Seral.CWHvm_CW_HW_M.regenerating,25,250,10,0.0,10000.0,1.0,1.0,0.0,0.0,0.0
feature.Seral.CWHvm_CW_HW_M.regenerating,26,260,10,0.0,10000.0,1.0,1.0,0.0,0.0,0.0
feature.Seral.CWHvm_CW_HW_M.regenerating,27,270,10,0.0,10000.0,1.0,1.0,6.505000114440918,0.0,0.0
feature.Seral.CWHvm_CW_HW_M.regenerating,28,280,10,0.0,10000.0,1.0,1.0,2.4549999237060547,0.0,0.0
feature.Seral.CWHvm_CW_HW_M.regenerating,29,290,10,0.0,10000.0,1.0,1.0,0.0,0.0,0.0
feature.Seral.CWHvm_CW_HW_M.regenerating,30,300,10,0.0,10000.0,1.0,1.0,0.0,0.0,0.0
feature.Seral.CWHvm_CW_HW_M.young,0,0,10,0.0,10000.0,1.0,1.0,0.0,0.0,0.0
feature.Seral.CWHvm_CW_HW_M.young,1,10,10,0.0,10000.0,1.0,1.0,0.42800000309944153,0.0,0.0
feature.Seral.CWHvm_CW_HW_M.young,2,20,10,0.0,10000.0,1.0,1.0,1.4229999780654907,0.0,0.0
feature.Seral.CWHvm_CW_HW_M.young,3,30,10,0.0,10000.0,1.0,1.0,0.9950000047683716,0.0,0.0
feature.Seral.CWHvm_CW_HW_M.young,4,40,10,0.0,10000.0,1.0,1.0,0.0,0.0,0.0
feature.Seral.CWHvm_CW_HW_M.young,5,50,10,0.0,10000.0,1.0,1.0,0.0,0.0,0.0
feature.Seral.CWHvm_CW_HW_M.young,6,60,10,0.0,10000.0,1.0,1.0,0.0,0.0,0.0
feature.Seral.CWHvm_CW_HW_M.young,7,70,10,0.0,10000.0,1.0,1.0,23.218000411987305,0.0,0.0
feature.Seral.CWHvm_CW_HW_M.young,8,80,10,0.0,10000.0,1.0,1.0,23.218000411987305,0.0,0.0
feature.Seral.CWHvm_CW_HW_M.young,9,90,10,0.0,10000.0,1.0,1.0,0.0,0.0,0.0
feature.Seral.CWHvm_CW_HW_M.young,10,100,10,0.0,10000.0,1.0,1.0,0.0,0.0,0.0
feature.Seral.CWHvm_CW_HW_M.young,11,110,10,0.0,10000.0,1.0,1.0,0.0,0.0,0.0
feature.Seral.CWHvm_CW_HW_M.young,12,120,10,0.0,10000.0,1.0,1.0,0.0,0.0,0.0
feature.Seral.CWHvm_CW_HW_M.young,13,130,10,0.0,10000.0,1.0,1.0,0.9950000047683716,0.0,0.0
feature.Seral.CWHvm_CW_HW_M.young,14,140,10,0.0,10000.0,1.0,1.0,7.5,0.0,0.0
feature.Seral.CWHvm_CW_HW_M.young,15,150,10,0.0,10000.0,1.0,1.0,8.74899959564209,0.0,0.0
feature.Seral.CWHvm_CW_HW_M.young,16,160,10,0.0,10000.0,1.0,1.0,2.24399995803833,0.0,0.0
feature.Seral.CWHvm_CW_HW_M.young,17,170,10,0.0,10000.0,1.0,1.0,0.0,0.0,0.0
feature.Seral.CWHvm_CW_HW_M.young,18,180,10,0.0,10000.0,1.0,1.0,0.0,0.0,0.0
feature.Seral.CWHvm_CW_HW_M.young,19,190,10,0.0,10000.0,1.0,1.0,0.0,0.0,0.0
feature.Seral.CWHvm_CW_HW_M.young,20,200,10,0.0,10000.0,1.0,1.0,25.92300033569336,0.0,0.0
feature.Seral.CWHvm_CW_HW_M.young,21,210,10,0.0,10000.0,1.0,1.0,25.92300033569336,0.0,0.0
feature.Seral.CWHvm_CW_HW_M.young,22,220,10,0.0,10000.0,1.0,1.0,0.0,0.0,0.0
feature.Seral.CWHvm_CW_HW_M.young,23,230,10,0.0,10000.0,1.0,1.0,0.0,0.0,0.0
feature.Seral.CWHvm_CW_HW_M.young,24,240,10,0.0,10000.0,1.0,1.0,0.9950000047683716,0.0,0.0
feature.Seral.CWHvm_CW_HW_M.young,25,250,10,0.0,10000.0,1.0,1.0,0.9950000047683716,0.0,0.0
feature.Seral.CWHvm_CW_HW_M.young,26,260,10,0.0,10000.0,1.0,1.0,0.42800000309944153,0.0,0.0
feature.Seral.CWHvm_CW_HW_M.young,27,270,10,0.0,10000.0,1.0,1.0,0.42800000309944153,0.0,0.0
feature.Seral.CWHvm_CW_HW_M.young,28,280,10,0.0,10000.0,1.0,1.0,6.505000114440918,0.0,0.0
feature.Seral.CWHvm_CW_HW_M.young,29,290,10,0.0,10000.0,1.0,1.0,8.960000038146973,0.0,0.0
feature.Seral.CWHvm_CW_HW_M.young,30,300,10,0.0,10000.0,1.0,1.0,2.4549999237060547,0.0,0.0
feature.Seral.CWHvm_CW_PLC_M.immature,0,0,10,0.0,10000.0,1.0,1.0,0.0,0.0,0.0
feature.Seral.CWHvm_CW_PLC_M.immature,1,10,10,0.0,10000.0,1.0,1.0,0.0,0.0,0.0
feature.Seral.CWHvm_CW_PLC_M.immature,2,20,10,0.0,10000.0,1.0,1.0,0.0,0.0,0.0
feature.Seral.CWHvm_CW_PLC_M.immature,3,30,10,0.0,10000.0,1.0,1.0,0.0,0.0,0.0
feature.Seral.CWHvm_CW_PLC_M.immature,4,40,10,0.0,10000.0,1.0,1.0,0.0,0.0,0.0
feature.Seral.CWHvm_CW_PLC_M.immature,5,50,10,0.0,10000.0,1.0,1.0,0.0,0.0,0.0
feature.Seral.CWHvm_CW_PLC_M.immature,6,60,10,0.0,10000.0,1.0,1.0,0.0,0.0,0.0
feature.Seral.CWHvm_CW_PLC_M.immature,7,70,10,0.0,10000.0,1.0,1.0,0.0,0.0,0.0
feature.Seral.CWHvm_CW_PLC_M.immature,8,80,10,0.0,10000.0,1.0,1.0,0.0,0.0,0.0
feature.Seral.CWHvm_CW_PLC_M.immature,9,90,10,0.0,10000.0,1.0,1.0,0.0,0.0,0.0
feature.Seral.CWHvm_CW_PLC_M.immature,10,100,10,0.0,10000.0,1.0,1.0,0.0,0.0,0.0
feature.Seral.CWHvm_CW_PLC_M.immature,11,110,10,0.0,10000.0,1.0,1.0,0.0,0.0,0.0
feature.Seral.CWHvm_CW_PLC_M.immature,12,120,10,0.0,10000.0,1.0,1.0,0.0,0.0,0.0
feature.Seral.CWHvm_CW_PLC_M.immature,13,130,10,0.0,10000.0,1.0,1.0,0.0,0.0,0.0
feature.Seral.CWHvm_CW_PLC_M.immature,14,140,10,0.0,10000.0,1.0,1.0,0.0,0.0,0.0
feature.Seral.CWHvm_CW_PLC_M.immature,15,150,10,0.0,10000.0,1.0,1.0,0.0,0.0,0.0
feature.Seral.CWHvm_CW_PLC_M.immature,16,160,10,0.0,10000.0,1.0,1.0,0.0,0.0,0.0
feature.Seral.CWHvm_CW_PLC_M.immature,17,170,10,0.0,10000.0,1.0,1.0,0.0,0.0,0.0
feature.Seral.CWHvm_CW_PLC_M.immature,18,180,10,0.0,10000.0,1.0,1.0,0.0,0.0,0.0
feature.Seral.CWHvm_CW_PLC_M.immature,19,190,10,0.0,10000.0,1.0,1.0,0.0,0.0,0.0
feature.Seral.CWHvm_CW_PLC_M.immature,20,200,10,0.0,10000.0,1.0,1.0,0.0,0.0,0.0
feature.Seral.CWHvm_CW_PLC_M.immature,21,210,10,0.0,10000.0,1.0,1.0,0.0,0.0,0.0
feature.Seral.CWHvm_CW_PLC_M.immature,22,220,10,0.0,10000.0,1.0,1.0,0.0,0.0,0.0
feature.Seral.CWHvm_CW_PLC_M.immature,23,230,10,0.0,10000.0,1.0,1.0,0.0,0.0,0.0
feature.Seral.CWHvm_CW_PLC_M.immature,24,240,10,0.0,10000.0,1.0,1.0,0.0,0.0,0.0
feature.Seral.CWHvm_CW_PLC_M.immature,25,250,10,0.0,10000.0,1.0,1.0,0.0,0.0,0.0
feature.Seral.CWHvm_CW_PLC_M.immature,26,260,10,0.0,10000.0,1.0,1.0,0.0,0.0,0.0
feature.Seral.CWHvm_CW_PLC_M.immature,27,270,10,0.0,10000.0,1.0,1.0,0.0,0.0,0.0
feature.Seral.CWHvm_CW_PLC_M.immature,28,280,10,0.0,10000.0,1.0,1.0,0.0,0.0,0.0
feature.Seral.CWHvm_CW_PLC_M.immature,29,290,10,0.0,10000.0,1.0,1.0,0.0,0.0,0.0
feature.Seral.CWHvm_CW_PLC_M.immature,30,300,10,0.0,10000.0,1.0,1.0,0.0,0.0,0.0
feature.Seral.CWHvm_CW_PLC_M.mature,0,0,10,0.0,10000.0,1.0,1.0,0.0,0.0,0.0
feature.Seral.CWHvm_CW_PLC_M.mature,1,10,10,0.0,10000.0,1.0,1.0,0.0,0.0,0.0
feature.Seral.CWHvm_CW_PLC_M.mature,2,20,10,0.0,10000.0,1.0,1.0,0.0,0.0,0.0
feature.Seral.CWHvm_CW_PLC_M.mature,3,30,10,0.0,10000.0,1.0,1.0,0.0,0.0,0.0
feature.Seral.CWHvm_CW_PLC_M.mature,4,40,10,0.0,10000.0,1.0,1.0,0.0,0.0,0.0
feature.Seral.CWHvm_CW_PLC_M.mature,5,50,10,0.0,10000.0,1.0,1.0,0.0,0.0,0.0
feature.Seral.CWHvm_CW_PLC_M.mature,6,60,10,0.0,10000.0,1.0,1.0,0.0,0.0,0.0
feature.Seral.CWHvm_CW_PLC_M.mature,7,70,10,0.0,10000.0,1.0,1.0,0.0,0.0,0.0
feature.Seral.CWHvm_CW_PLC_M.mature,8,80,10,0.0,10000.0,1.0,1.0,0.0,0.0,0.0
feature.Seral.CWHvm_CW_PLC_M.mature,9,90,10,0.0,10000.0,1.0,1.0,0.0,0.0,0.0
feature.Seral.CWHvm_CW_PLC_M.mature,10,100,10,0.0,10000.0,1.0,1.0,0.0,0.0,0.0
feature.Seral.CWHvm_CW_PLC_M.mature,11,110,10,0.0,10000.0,1.0,1.0,0.0,0.0,0.0
feature.Seral.CWHvm_CW_PLC_M.mature,12,120,10,0.0,10000.0,1.0,1.0,0.0,0.0,0.0
feature.Seral.CWHvm_CW_PLC_M.mature,13,130,10,0.0,10000.0,1.0,1.0,0.0,0.0,0.0
feature.Seral.CWHvm_CW_PLC_M.mature,14,140,10,0.0,10000.0,1.0,1.0,0.0,0.0,0.0
feature.Seral.CWHvm_CW_PLC_M.mature,15,150,10,0.0,10000.0,1.0,1.0,0.0,0.0,0.0
feature.Seral.CWHvm_CW_PLC_M.mature,16,160,10,0.0,10000.0,1.0,1.0,0.0,0.0,0.0
feature.Seral.CWHvm_CW_PLC_M.mature,17,170,10,0.0,10000.0,1.0,1.0,0.0,0.0,0.0
feature.Seral.CWHvm_CW_PLC_M.mature,18,180,10,0.0,10000.0,1.0,1.0,0.0,0.0,0.0
feature.Seral.CWHvm_CW_PLC_M.mature,19,190,10,0.0,10000.0,1.0,1.0,0.0,0.0,0.0
feature.Seral.CWHvm_CW_PLC_M.mature,20,200,10,0.0,10000.0,1.0,1.0,0.0,0.0,0.0
feature.Seral.CWHvm_CW_PLC_M.mature,21,210,10,0.0,10000.0,1.0,1.0,0.0,0.0,0.0
feature.Seral.CWHvm_CW_PLC_M.mature,22,220,10,0.0,10000.0,1.0,1.0,0.0,0.0,0.0
feature.Seral.CWHvm_CW_PLC_M.mature,23,230,10,0.0,10000.0,1.0,1.0,0.0,0.0,0.0
feature.Seral.CWHvm_CW_PLC_M.mature,24,240,10,0.0,10000.0,1.0,1.0,0.0,0.0,0.0
feature.Seral.CWHvm_CW_PLC_M.mature,25,250,10,0.0,10000.0,1.0,1.0,0.0,0.0,0.0
feature.Seral.CWHvm_CW_PLC_M.mature,26,260,10,0.0,10000.0,1.0,1.0,0.0,0.0,0.0
feature.Seral.CWHvm_CW_PLC_M.mature,27,270,10,0.0,10000.0,1.0,1.0,0.0,0.0,0.0
feature.Seral.CWHvm_CW_PLC_M.mature,28,280,10,0.0,10000.0,1.0,1.0,0.0,0.0,0.0
feature.Seral.CWHvm_CW_PLC_M.mature,29,290,10,0.0,10000.0,1.0,1.0,0.0,0.0,0.0
feature.Seral.CWHvm_CW_PLC_M.mature,30,300,10,0.0,10000.0,1.0,1.0,0.0,0.0,0.0
feature.Seral.CWHvm_CW_PLC_M.overmature,0,0,10,0.0,10000.0,1.0,1.0,32.47200012207031,0.0,0.0
feature.Seral.CWHvm_CW_PLC_M.overmature,1,10,10,0.0,10000.0,1.0,1.0,32.47200012207031,0.0,0.0
feature.Seral.CWHvm_CW_PLC_M.overmature,2,20,10,0.0,10000.0,1.0,1.0,32.47200012207031,0.0,0.0
feature.Seral.CWHvm_CW_PLC_M.overmature,3,30,10,0.0,10000.0,1.0,1.0,32.47200012207031,0.0,0.0
feature.Seral.CWHvm_CW_PLC_M.overmature,4,40,10,0.0,10000.0,1.0,1.0,32.47200012207031,0.0,0.0
feature.Seral.CWHvm_CW_PLC_M.overmature,5,50,10,0.0,10000.0,1.0,1.0,32.47200012207031,0.0,0.0
feature.Seral.CWHvm_CW_PLC_M.overmature,6,60,10,0.0,10000.0,1.0,1.0,32.47200012207031,0.0,0.0
feature.Seral.CWHvm_CW_PLC_M.overmature,7,70,10,0.0,10000.0,1.0,1.0,32.47200012207031,0.0,0.0
feature.Seral.CWHvm_CW_PLC_M.overmature,8,80,10,0.0,10000.0,1.0,1.0,32.47200012207031,0.0,0.0
feature.Seral.CWHvm_CW_PLC_M.overmature,9,90,10,0.0,10000.0,1.0,1.0,32.47200012207031,0.0,0.0
feature.Seral.CWHvm_CW_PLC_M.overmature,10,100,10,0.0,10000.0,1.0,1.0,32.47200012207031,0.0,0.0
feature.Seral.CWHvm_CW_PLC_M.overmature,11,110,10,0.0,10000.0,1.0,1.0,32.47200012207031,0.0,0.0
feature.Seral.CWHvm_CW_PLC_M.overmature,12,120,10,0.0,10000.0,1.0,1.0,32.47200012207031,0.0,0.0
feature.Seral.CWHvm_CW_PLC_M.overmature,13,130,10,0.0,10000.0,1.0,1.0,32.47200012207031,0.0,0.0
feature.Seral.CWHvm_CW_PLC_M.overmature,14,140,10,0.0,10000.0,1.0,1.0,32.47200012207031,0.0,0.0
feature.Seral.CWHvm_CW_PLC_M.overmature,15,150,10,0.0,10000.0,1.0,1.0,32.47200012207031,0.0,0.0
feature.Seral.CWHvm_CW_PLC_M.overmature,16,160,10,0.0,10000.0,1.0,1.0,32.47200012207031,0.0,0.0
feature.Seral.CWHvm_CW_PLC_M.overmature,17,170,10,0.0,10000.0,1.0,1.0,32.47200012207031,0.0,0.0
feature.Seral.CWHvm_CW_PLC_M.overmature,18,180,10,0.0,10000.0,1.0,1.0,32.47200012207031,0.0,0.0
feature.Seral.CWHvm_CW_PLC_M.overmature,19,190,10,0.0,10000.0,1.0,1.0,32.47200012207031,0.0,0.0
feature.Seral.CWHvm_CW_PLC_M.overmature,20,200,10,0.0,10000.0,1.0,1.0,32.47200012207031,0.0,0.0
feature.Seral.CWHvm_CW_PLC_M.overmature,21,210,10,0.0,10000.0,1.0,1.0,32.47200012207031,0.0,0.0
feature.Seral.CWHvm_CW_PLC_M.overmature,22,220,10,0.0,10000.0,1.0,1.0,32.47200012207031,0.0,0.0
feature.Seral.CWHvm_CW_PLC_M.overmature,23,230,10,0.0,10000.0,1.0,1.0,32.47200012207031,0.0,0.0
feature.Seral.CWHvm_CW_PLC_M.overmature,24,240,10,0.0,10000.0,1.0,1.0,32.47200012207031,0.0,0.0
feature.Seral.CWHvm_CW_PLC_M.overmature,25,250,10,0.0,10000.0,1.0,1.0,32.47200012207031,0.0,0.0
feature.Seral.CWHvm_CW_PLC_M.overmature,26,260,10,0.0,10000.0,1.0,1.0,32.47200012207031,0.0,0.0
feature.Seral.CWHvm_CW_PLC_M.overmature,27,270,10,0.0,10000.0,1.0,1.0,32.47200012207031,0.0,0.0
feature.Seral.CWHvm_CW_PLC_M.overmature,28,280,10,0.0,10000.0,1.0,1.0,32.47200012207031,0.0,0.0
feature.Seral.CWHvm_CW_PLC_M.overmature,29,290,10,0.0,10000.0,1.0,1.0,32.47200012207031,0.0,0.0
feature.Seral.CWHvm_CW_PLC_M.overmature,30,300,10,0.0,10000.0,1.0,1.0,32.47200012207031,0.0,0.0
feature.Seral.CWHvm_CW_PLC_M.regenerating,0,0,10,0.0,10000.0,1.0,1.0,0.0,0.0,0.0
feature.Seral.CWHvm_CW_PLC_M.regenerating,1,10,10,0.0,10000.0,1.0,1.0,0.0,0.0,0.0
feature.Seral.CWHvm_CW_PLC_M.regenerating,2,20,10,0.0,10000.0,1.0,1.0,0.0,0.0,0.0
feature.Seral.CWHvm_CW_PLC_M.regenerating,3,30,10,0.0,10000.0,1.0,1.0,0.0,0.0,0.0
feature.Seral.CWHvm_CW_PLC_M.regenerating,4,40,10,0.0,10000.0,1.0,1.0,0.0,0.0,0.0
feature.Seral.CWHvm_CW_PLC_M.regenerating,5,50,10,0.0,10000.0,1.0,1.0,0.0,0.0,0.0
feature.Seral.CWHvm_CW_PLC_M.regenerating,6,60,10,0.0,10000.0,1.0,1.0,0.0,0.0,0.0
feature.Seral.CWHvm_CW_PLC_M.regenerating,7,70,10,0.0,10000.0,1.0,1.0,0.0,0.0,0.0
feature.Seral.CWHvm_CW_PLC_M.regenerating,8,80,10,0.0,10000.0,1.0,1.0,0.0,0.0,0.0
feature.Seral.CWHvm_CW_PLC_M.regenerating,9,90,10,0.0,10000.0,1.0,1.0,0.0,0.0,0.0
feature.Seral.CWHvm_CW_PLC_M.regenerating,10,100,10,0.0,10000.0,1.0,1.0,0.0,0.0,0.0
feature.Seral.CWHvm_CW_PLC_M.regenerating,11,110,10,0.0,10000.0,1.0,1.0,0.0,0.0,0.0
feature.Seral.CWHvm_CW_PLC_M.regenerating,12,120,10,0.0,10000.0,1.0,1.0,0.0,0.0,0.0
feature.Seral.CWHvm_CW_PLC_M.regenerating,13,130,10,0.0,10000.0,1.0,1.0,0.0,0.0,0.0
feature.Seral.CWHvm_CW_PLC_M.regenerating,14,140,10,0.0,10000.0,1.0,1.0,0.0,0.0,0.0
feature.Seral.CWHvm_CW_PLC_M.regenerating,15,150,10,0.0,10000.0,1.0,1.0,0.0,0.0,0.0
feature.Seral.CWHvm_CW_PLC_M.regenerating,16,160,10,0.0,10000.0,1.0,1.0,0.0,0.0,0.0
feature.Seral.CWHvm_CW_PLC_M.regenerating,17,170,10,0.0,10000.0,1.0,1.0,0.0,0.0,0.0
feature.Seral.CWHvm_CW_PLC_M.regenerating,18,180,10,0.0,10000.0,1.0,1.0,0.0,0.0,0.0
feature.Seral.CWHvm_CW_PLC_M.regenerating,19,190,10,0.0,10000.0,1.0,1.0,0.0,0.0,0.0
feature.Seral.CWHvm_CW_PLC_M.regenerating,20,200,10,0.0,10000.0,1.0,1.0,0.0,0.0,0.0
feature.Seral.CWHvm_CW_PLC_M.regenerating,21,210,10,0.0,10000.0,1.0,1.0,0.0,0.0,0.0
feature.Seral.CWHvm_CW_PLC_M.regenerating,22,220,10,0.0,10000.0,1.0,1.0,0.0,0.0,0.0
feature.Seral.CWHvm_CW_PLC_M.regenerating,23,230,10,0.0,10000.0,1.0,1.0,0.0,0.0,0.0
feature.Seral.CWHvm_CW_PLC_M.regenerating,24,240,10,0.0,10000.0,1.0,1.0,0.0,0.0,0.0
feature.Seral.CWHvm_CW_PLC_M.regenerating,25,250,10,0.0,10000.0,1.0,1.0,0.0,0.0,0.0
feature.Seral.CWHvm_CW_PLC_M.regenerating,26,260,10,0.0,10000.0,1.0,1.0,0.0,0.0,0.0
feature.Seral.CWHvm_CW_PLC_M.regenerating,27,270,10,0.0,10000.0,1.0,1.0,0.0,0.0,0.0
feature.Seral.CWHvm_CW_PLC_M.regenerating,28,280,10,0.0,10000.0,1.0,1.0,0.0,0.0,0.0
feature.Seral.CWHvm_CW_PLC_M.regenerating,29,290,10,0.0,10000.0,1.0,1.0,0.0,0.0,0.0
feature.Seral.CWHvm_CW_PLC_M.regenerating,30,300,10,0.0,10000.0,1.0,1.0,0.0,0.0,0.0
feature.Seral.CWHvm_CW_PLC_M.young,0,0,10,0.0,10000.0,1.0,1.0,0.0,0.0,0.0
feature.Seral.CWHvm_CW_PLC_M.young,1,10,10,0.0,10000.0,1.0,1.0,0.0,0.0,0.0
feature.Seral.CWHvm_CW_PLC_M.young,2,20,10,0.0,10000.0,1.0,1.0,0.0,0.0,0.0
feature.Seral.CWHvm_CW_PLC_M.young,3,30,10,0.0,10000.0,1.0,1.0,0.0,0.0,0.0
feature.Seral.CWHvm_CW_PLC_M.young,4,40,10,0.0,10000.0,1.0,1.0,0.0,0.0,0.0
feature.Seral.CWHvm_CW_PLC_M.young,5,50,10,0.0,10000.0,1.0,1.0,0.0,0.0,0.0
feature.Seral.CWHvm_CW_PLC_M.young,6,60,10,0.0,10000.0,1.0,1.0,0.0,0.0,0.0
feature.Seral.CWHvm_CW_PLC_M.young,7,70,10,0.0,10000.0,1.0,1.0,0.0,0.0,0.0
feature.Seral.CWHvm_CW_PLC_M.young,8,80,10,0.0,10000.0,1.0,1.0,0.0,0.0,0.0
feature.Seral.CWHvm_CW_PLC_M.young,9,90,10,0.0,10000.0,1.0,1.0,0.0,0.0,0.0
feature.Seral.CWHvm_CW_PLC_M.young,10,100,10,0.0,10000.0,1.0,1.0,0.0,0.0,0.0
feature.Seral.CWHvm_CW_PLC_M.young,11,110,10,0.0,10000.0,1.0,1.0,0.0,0.0,0.0
feature.Seral.CWHvm_CW_PLC_M.young,12,120,10,0.0,10000.0,1.0,1.0,0.0,0.0,0.0
feature.Seral.CWHvm_CW_PLC_M.young,13,130,10,0.0,10000.0,1.0,1.0,0.0,0.0,0.0
feature.Seral.CWHvm_CW_PLC_M.young,14,140,10,0.0,10000.0,1.0,1.0,0.0,0.0,0.0
feature.Seral.CWHvm_CW_PLC_M.young,15,150,10,0.0,10000.0,1.0,1.0,0.0,0.0,0.0
feature.Seral.CWHvm_CW_PLC_M.young,16,160,10,0.0,10000.0,1.0,1.0,0.0,0.0,0.0
feature.Seral.CWHvm_CW_PLC_M.young,17,170,10,0.0,10000.0,1.0,1.0,0.0,0.0,0.0
feature.Seral.CWHvm_CW_PLC_M.young,18,180,10,0.0,10000.0,1.0,1.0,0.0,0.0,0.0
feature.Seral.CWHvm_CW_PLC_M.young,19,190,10,0.0,10000.0,1.0,1.0,0.0,0.0,0.0
feature.Seral.CWHvm_CW_PLC_M.young,20,200,10,0.0,10000.0,1.0,1.0,0.0,0.0,0.0
feature.Seral.CWHvm_CW_PLC_M.young,21,210,10,0.0,10000.0,1.0,1.0,0.0,0.0,0.0
feature.Seral.CWHvm_CW_PLC_M.young,22,220,10,0.0,10000.0,1.0,1.0,0.0,0.0,0.0
feature.Seral.CWHvm_CW_PLC_M.young,23,230,10,0.0,10000.0,1.0,1.0,0.0,0.0,0.0
feature.Seral.CWHvm_CW_PLC_M.young,24,240,10,0.0,10000.0,1.0,1.0,0.0,0.0,0.0
feature.Seral.CWHvm_CW_PLC_M.young,25,250,10,0.0,10000.0,1.0,1.0,0.0,0.0,0.0
feature.Seral.CWHvm_CW_PLC_M.young,26,260,10,0.0,10000.0,1.0,1.0,0.0,0.0,0.0
feature.Seral.CWHvm_CW_PLC_M.young,27,270,10,0.0,10000.0,1.0,1.0,0.0,0.0,0.0
feature.Seral.CWHvm_CW_PLC_M.young,28,280,10,0.0,10000.0,1.0,1.0,0.0,0.0,0.0
feature.Seral.CWHvm_CW_PLC_M.young,29,290,10,0.0,10000.0,1.0,1.0,0.0,0.0,0.0
feature.Seral.CWHvm_CW_PLC_M.young,30,300,10,0.0,10000.0,1.0,1.0,0.0,0.0,0.0
feature.Seral.CWHvm_CW_YC_M.immature,0,0,10,0.0,10000.0,1.0,1.0,0.0,0.0,0.0
feature.Seral.CWHvm_CW_YC_M.immature,1,10,10,0.0,10000.0,1.0,1.0,0.0,0.0,0.0
feature.Seral.CWHvm_CW_YC_M.immature,2,20,10,0.0,10000.0,1.0,1.0,0.0,0.0,0.0
feature.Seral.CWHvm_CW_YC_M.immature,3,30,10,0.0,10000.0,1.0,1.0,0.0,0.0,0.0
feature.Seral.CWHvm_CW_YC_M.immature,4,40,10,0.0,10000.0,1.0,1.0,0.0,0.0,0.0
feature.Seral.CWHvm_CW_YC_M.immature,5,50,10,0.0,10000.0,1.0,1.0,0.0,0.0,0.0
feature.Seral.CWHvm_CW_YC_M.immature,6,60,10,0.0,10000.0,1.0,1.0,0.0,0.0,0.0
feature.Seral.CWHvm_CW_YC_M.immature,7,70,10,0.0,10000.0,1.0,1.0,0.0,0.0,0.0
feature.Seral.CWHvm_CW_YC_M.immature,8,80,10,0.0,10000.0,1.0,1.0,0.0,0.0,0.0
feature.Seral.CWHvm_CW_YC_M.immature,9,90,10,0.0,10000.0,1.0,1.0,0.0,0.0,0.0
feature.Seral.CWHvm_CW_YC_M.immature,10,100,10,0.0,10000.0,1.0,1.0,0.0,0.0,0.0
feature.Seral.CWHvm_CW_YC_M.immature,11,110,10,0.0,10000.0,1.0,1.0,0.0,0.0,0.0
feature.Seral.CWHvm_CW_YC_M.immature,12,120,10,0.0,10000.0,1.0,1.0,0.0,0.0,0.0
feature.Seral.CWHvm_CW_YC_M.immature,13,130,10,0.0,10000.0,1.0,1.0,0.0,0.0,0.0
feature.Seral.CWHvm_CW_YC_M.immature,14,140,10,0.0,10000.0,1.0,1.0,0.0,0.0,0.0
feature.Seral.CWHvm_CW_YC_M.immature,15,150,10,0.0,10000.0,1.0,1.0,0.0,0.0,0.0
feature.Seral.CWHvm_CW_YC_M.immature,16,160,10,0.0,10000.0,1.0,1.0,0.0,0.0,0.0
feature.Seral.CWHvm_CW_YC_M.immature,17,170,10,0.0,10000.0,1.0,1.0,0.0,0.0,0.0
feature.Seral.CWHvm_CW_YC_M.immature,18,180,10,0.0,10000.0,1.0,1.0,0.0,0.0,0.0
feature.Seral.CWHvm_CW_YC_M.immature,19,190,10,0.0,10000.0,1.0,1.0,0.0,0.0,0.0
feature.Seral.CWHvm_CW_YC_M.immature,20,200,10,0.0,10000.0,1.0,1.0,0.0,0.0,0.0
feature.Seral.CWHvm_CW_YC_M.immature,21,210,10,0.0,10000.0,1.0,1.0,0.0,0.0,0.0
feature.Seral.CWHvm_CW_YC_M.immature,22,220,10,0.0,10000.0,1.0,1.0,0.0,0.0,0.0
feature.Seral.CWHvm_CW_YC_M.immature,23,230,10,0.0,10000.0,1.0,1.0,0.0,0.0,0.0
feature.Seral.CWHvm_CW_YC_M.immature,24,240,10,0.0,10000.0,1.0,1.0,0.0,0.0,0.0
feature.Seral.CWHvm_CW_YC_M.immature,25,250,10,0.0,10000.0,1.0,1.0,0.0,0.0,0.0
feature.Seral.CWHvm_CW_YC_M.immature,26,260,10,0.0,10000.0,1.0,1.0,0.0,0.0,0.0
feature.Seral.CWHvm_CW_YC_M.immature,27,270,10,0.0,10000.0,1.0,1.0,0.0,0.0,0.0
feature.Seral.CWHvm_CW_YC_M.immature,28,280,10,0.0,10000.0,1.0,1.0,0.0,0.0,0.0
feature.Seral.CWHvm_CW_YC_M.immature,29,290,10,0.0,10000.0,1.0,1.0,0.0,0.0,0.0
feature.Seral.CWHvm_CW_YC_M.immature,30,300,10,0.0,10000.0,1.0,1.0,0.0,0.0,0.0
feature.Seral.CWHvm_CW_YC_M.mature,0,0,10,0.0,10000.0,1.0,1.0,0.0,0.0,0.0
feature.Seral.CWHvm_CW_YC_M.mature,1,10,10,0.0,10000.0,1.0,1.0,0.0,0.0,0.0
feature.Seral.CWHvm_CW_YC_M.mature,2,20,10,0.0,10000.0,1.0,1.0,0.0,0.0,0.0
feature.Seral.CWHvm_CW_YC_M.mature,3,30,10,0.0,10000.0,1.0,1.0,0.0,0.0,0.0
feature.Seral.CWHvm_CW_YC_M.mature,4,40,10,0.0,10000.0,1.0,1.0,0.0,0.0,0.0
feature.Seral.CWHvm_CW_YC_M.mature,5,50,10,0.0,10000.0,1.0,1.0,0.0,0.0,0.0
feature.Seral.CWHvm_CW_YC_M.mature,6,60,10,0.0,10000.0,1.0,1.0,0.0,0.0,0.0
feature.Seral.CWHvm_CW_YC_M.mature,7,70,10,0.0,10000.0,1.0,1.0,0.0,0.0,0.0
feature.Seral.CWHvm_CW_YC_M.mature,8,80,10,0.0,10000.0,1.0,1.0,0.0,0.0,0.0
feature.Seral.CWHvm_CW_YC_M.mature,9,90,10,0.0,10000.0,1.0,1.0,0.0,0.0,0.0
feature.Seral.CWHvm_CW_YC_M.mature,10,100,10,0.0,10000.0,1.0,1.0,0.0,0.0,0.0
feature.Seral.CWHvm_CW_YC_M.mature,11,110,10,0.0,10000.0,1.0,1.0,0.0,0.0,0.0
feature.Seral.CWHvm_CW_YC_M.mature,12,120,10,0.0,10000.0,1.0,1.0,0.0,0.0,0.0
feature.Seral.CWHvm_CW_YC_M.mature,13,130,10,0.0,10000.0,1.0,1.0,0.0,0.0,0.0
feature.Seral.CWHvm_CW_YC_M.mature,14,140,10,0.0,10000.0,1.0,1.0,0.0,0.0,0.0
feature.Seral.CWHvm_CW_YC_M.mature,15,150,10,0.0,10000.0,1.0,1.0,0.0,0.0,0.0
feature.Seral.CWHvm_CW_YC_M.mature,16,160,10,0.0,10000.0,1.0,1.0,0.0,0.0,0.0
feature.Seral.CWHvm_CW_YC_M.mature,17,170,10,0.0,10000.0,1.0,1.0,0.0,0.0,0.0
feature.Seral.CWHvm_CW_YC_M.mature,18,180,10,0.0,10000.0,1.0,1.0,0.0,0.0,0.0
feature.Seral.CWHvm_CW_YC_M.mature,19,190,10,0.0,10000.0,1.0,1.0,0.0,0.0,0.0
feature.Seral.CWHvm_CW_YC_M.mature,20,200,10,0.0,10000.0,1.0,1.0,0.0,0.0,0.0
feature.Seral.CWHvm_CW_YC_M.mature,21,210,10,0.0,10000.0,1.0,1.0,0.0,0.0,0.0
feature.Seral.CWHvm_CW_YC_M.mature,22,220,10,0.0,10000.0,1.0,1.0,0.0,0.0,0.0
feature.Seral.CWHvm_CW_YC_M.mature,23,230,10,0.0,10000.0,1.0,1.0,0.0,0.0,0.0
feature.Seral.CWHvm_CW_YC_M.mature,24,240,10,0.0,10000.0,1.0,1.0,0.0,0.0,0.0
feature.Seral.CWHvm_CW_YC_M.mature,25,250,10,0.0,10000.0,1.0,1.0,0.0,0.0,0.0
feature.Seral.CWHvm_CW_YC_M.mature,26,260,10,0.0,10000.0,1.0,1.0,0.0,0.0,0.0
feature.Seral.CWHvm_CW_YC_M.mature,27,270,10,0.0,10000.0,1.0,1.0,0.0,0.0,0.0
feature.Seral.CWHvm_CW_YC_M.mature,28,280,10,0.0,10000.0,1.0,1.0,0.0,0.0,0.0
feature.Seral.CWHvm_CW_YC_M.mature,29,290,10,0.0,10000.0,1.0,1.0,0.0,0.0,0.0
feature.Seral.CWHvm_CW_YC_M.mature,30,300,10,0.0,10000.0,1.0,1.0,0.0,0.0,0.0
feature.Seral.CWHvm_CW_YC_M.overmature,0,0,10,0.0,10000.0,1.0,1.0,41.14799880981445,0.0,0.0
feature.Seral.CWHvm_CW_YC_M.overmature,1,10,10,0.0,10000.0,1.0,1.0,41.14799880981445,0.0,0.0
feature.Seral.CWHvm_CW_YC_M.overmature,2,20,10,0.0,10000.0,1.0,1.0,41.14799880981445,0.0,0.0
feature.Seral.CWHvm_CW_YC_M.overmature,3,30,10,0.0,10000.0,1.0,1.0,41.14799880981445,0.0,0.0
feature.Seral.CWHvm_CW_YC_M.overmature,4,40,10,0.0,10000.0,1.0,1.0,41.14799880981445,0.0,0.0
feature.Seral.CWHvm_CW_YC_M.overmature,5,50,10,0.0,10000.0,1.0,1.0,41.14799880981445,0.0,0.0
feature.Seral.CWHvm_CW_YC_M.overmature,6,60,10,0.0,10000.0,1.0,1.0,41.14799880981445,0.0,0.0
feature.Seral.CWHvm_CW_YC_M.overmature,7,70,10,0.0,10000.0,1.0,1.0,41.14799880981445,0.0,0.0
feature.Seral.CWHvm_CW_YC_M.overmature,8,80,10,0.0,10000.0,1.0,1.0,41.14799880981445,0.0,0.0
feature.Seral.CWHvm_CW_YC_M.overmature,9,90,10,0.0,10000.0,1.0,1.0,41.14799880981445,0.0,0.0
feature.Seral.CWHvm_CW_YC_M.overmature,10,100,10,0.0,10000.0,1.0,1.0,41.14799880981445,0.0,0.0
feature.Seral.CWHvm_CW_YC_M.overmature,11,110,10,0.0,10000.0,1.0,1.0,41.14799880981445,0.0,0.0
feature.Seral.CWHvm_CW_YC_M.overmature,12,120,10,0.0,10000.0,1.0,1.0,41.14799880981445,0.0,0.0
feature.Seral.CWHvm_CW_YC_M.overmature,13,130,10,0.0,10000.0,1.0,1.0,41.14799880981445,0.0,0.0
feature.Seral.CWHvm_CW_YC_M.overmature,14,140,10,0.0,10000.0,1.0,1.0,41.14799880981445,0.0,0.0
feature.Seral.CWHvm_CW_YC_M.overmature,15,150,10,0.0,10000.0,1.0,1.0,41.14799880981445,0.0,0.0
feature.Seral.CWHvm_CW_YC_M.overmature,16,160,10,0.0,10000.0,1.0,1.0,41.14799880981445,0.0,0.0
feature.Seral.CWHvm_CW_YC_M.overmature,17,170,10,0.0,10000.0,1.0,1.0,41.14799880981445,0.0,0.0
feature.Seral.CWHvm_CW_YC_M.overmature,18,180,10,0.0,10000.0,1.0,1.0,41.14799880981445,0.0,0.0
feature.Seral.CWHvm_CW_YC_M.overmature,19,190,10,0.0,10000.0,1.0,1.0,41.14799880981445,0.0,0.0
feature.Seral.CWHvm_CW_YC_M.overmature,20,200,10,0.0,10000.0,1.0,1.0,41.14799880981445,0.0,0.0
feature.Seral.CWHvm_CW_YC_M.overmature,21,210,10,0.0,10000.0,1.0,1.0,41.14799880981445,0.0,0.0
feature.Seral.CWHvm_CW_YC_M.overmature,22,220,10,0.0,10000.0,1.0,1.0,41.14799880981445,0.0,0.0
feature.Seral.CWHvm_CW_YC_M.overmature,23,230,10,0.0,10000.0,1.0,1.0,41.14799880981445,0.0,0.0
feature.Seral.CWHvm_CW_YC_M.overmature,24,240,10,0.0,10000.0,1.0,1.0,41.14799880981445,0.0,0.0
feature.Seral.CWHvm_CW_YC_M.overmature,25,250,10,0.0,10000.0,1.0,1.0,41.14799880981445,0.0,0.0
feature.Seral.CWHvm_CW_YC_M.overmature,26,260,10,0.0,10000.0,1.0,1.0,41.14799880981445,0.0,0.0
feature.Seral.CWHvm_CW_YC_M.overmature,27,270,10,0.0,10000.0,1.0,1.0,41.14799880981445,0.0,0.0
feature.Seral.CWHvm_CW_YC_M.overmature,28,280,10,0.0,10000.0,1.0,1.0,41.14799880981445,0.0,0.0
feature.Seral.CWHvm_CW_YC_M.overmature,29,290,10,0.0,10000.0,1.0,1.0,41.14799880981445,0.0,0.0
feature.Seral.CWHvm_CW_YC_M.overmature,30,300,10,0.0,10000.0,1.0,1.0,41.14799880981445,0.0,0.0
feature.Seral.CWHvm_CW_YC_M.regenerating,0,0,10,0.0,10000.0,1.0,1.0,0.0,0.0,0.0
feature.Seral.CWHvm_CW_YC_M.regenerating,1,10,10,0.0,10000.0,1.0,1.0,0.0,0.0,0.0
feature.Seral.CWHvm_CW_YC_M.regenerating,2,20,10,0.0,10000.0,1.0,1.0,0.0,0.0,0.0
feature.Seral.CWHvm_CW_YC_M.regenerating,3,30,10,0.0,10000.0,1.0,1.0,0.0,0.0,0.0
feature.Seral.CWHvm_CW_YC_M.regenerating,4,40,10,0.0,10000.0,1.0,1.0,0.0,0.0,0.0
feature.Seral.CWHvm_CW_YC_M.regenerating,5,50,10,0.0,10000.0,1.0,1.0,0.0,0.0,0.0
feature.Seral.CWHvm_CW_YC_M.regenerating,6,60,10,0.0,10000.0,1.0,1.0,0.0,0.0,0.0
feature.Seral.CWHvm_CW_YC_M.regenerating,7,70,10,0.0,10000.0,1.0,1.0,0.0,0.0,0.0
feature.Seral.CWHvm_CW_YC_M.regenerating,8,80,10,0.0,10000.0,1.0,1.0,0.0,0.0,0.0
feature.Seral.CWHvm_CW_YC_M.regenerating,9,90,10,0.0,10000.0,1.0,1.0,0.0,0.0,0.0
feature.Seral.CWHvm_CW_YC_M.regenerating,10,100,10,0.0,10000.0,1.0,1.0,0.0,0.0,0.0
feature.Seral.CWHvm_CW_YC_M.regenerating,11,110,10,0.0,10000.0,1.0,1.0,0.0,0.0,0.0
feature.Seral.CWHvm_CW_YC_M.regenerating,12,120,10,0.0,10000.0,1.0,1.0,0.0,0.0,0.0
feature.Seral.CWHvm_CW_YC_M.regenerating,13,130,10,0.0,10000.0,1.0,1.0,0.0,0.0,0.0
feature.Seral.CWHvm_CW_YC_M.regenerating,14,140,10,0.0,10000.0,1.0,1.0,0.0,0.0,0.0
feature.Seral.CWHvm_CW_YC_M.regenerating,15,150,10,0.0,10000.0,1.0,1.0,0.0,0.0,0.0
feature.Seral.CWHvm_CW_YC_M.regenerating,16,160,10,0.0,10000.0,1.0,1.0,0.0,0.0,0.0
feature.Seral.CWHvm_CW_YC_M.regenerating,17,170,10,0.0,10000.0,1.0,1.0,0.0,0.0,0.0
feature.Seral.CWHvm_CW_YC_M.regenerating,18,180,10,0.0,10000.0,1.0,1.0,0.0,0.0,0.0
feature.Seral.CWHvm_CW_YC_M.regenerating,19,190,10,0.0,10000.0,1.0,1.0,0.0,0.0,0.0
feature.Seral.CWHvm_CW_YC_M.regenerating,20,200,10,0.0,10000.0,1.0,1.0,0.0,0.0,0.0
feature.Seral.CWHvm_CW_YC_M.regenerating,21,210,10,0.0,10000.0,1.0,1.0,0.0,0.0,0.0
feature.Seral.CWHvm_CW_YC_M.regenerating,22,220,10,0.0,10000.0,1.0,1.0,0.0,0.0,0.0
feature.Seral.CWHvm_CW_YC_M.regenerating,23,230,10,0.0,10000.0,1.0,1.0,0.0,0.0,0.0
feature.Seral.CWHvm_CW_YC_M.regenerating,24,240,10,0.0,10000.0,1.0,1.0,0.0,0.0,0.0
feature.Seral.CWHvm_CW_YC_M.regenerating,25,250,10,0.0,10000.0,1.0,1.0,0.0,0.0,0.0
feature.Seral.CWHvm_CW_YC_M.regenerating,26,260,10,0.0,10000.0,1.0,1.0,0.0,0.0,0.0
feature.Seral.CWHvm_CW_YC_M.regenerating,27,270,10,0.0,10000.0,1.0,1.0,0.0,0.0,0.0
feature.Seral.CWHvm_CW_YC_M.regenerating,28,280,10,0.0,10000.0,1.0,1.0,0.0,0.0,0.0
feature.Seral.CWHvm_CW_YC_M.regenerating,29,290,10,0.0,10000.0,1.0,1.0,0.0,0.0,0.0
feature.Seral.CWHvm_CW_YC_M.regenerating,30,300,10,0.0,10000.0,1.0,1.0,0.0,0.0,0.0
feature.Seral.CWHvm_CW_YC_M.young,0,0,10,0.0,10000.0,1.0,1.0,0.0,0.0,0.0
feature.Seral.CWHvm_CW_YC_M.young,1,10,10,0.0,10000.0,1.0,1.0,0.0,0.0,0.0
feature.Seral.CWHvm_CW_YC_M.young,2,20,10,0.0,10000.0,1.0,1.0,0.0,0.0,0.0
feature.Seral.CWHvm_CW_YC_M.young,3,30,10,0.0,10000.0,1.0,1.0,0.0,0.0,0.0
feature.Seral.CWHvm_CW_YC_M.young,4,40,10,0.0,10000.0,1.0,1.0,0.0,0.0,0.0
feature.Seral.CWHvm_CW_YC_M.young,5,50,10,0.0,10000.0,1.0,1.0,0.0,0.0,0.0
feature.Seral.CWHvm_CW_YC_M.young,6,60,10,0.0,10000.0,1.0,1.0,0.0,0.0,0.0
feature.Seral.CWHvm_CW_YC_M.young,7,70,10,0.0,10000.0,1.0,1.0,0.0,0.0,0.0
feature.Seral.CWHvm_CW_YC_M.young,8,80,10,0.0,10000.0,1.0,1.0,0.0,0.0,0.0
feature.Seral.CWHvm_CW_YC_M.young,9,90,10,0.0,10000.0,1.0,1.0,0.0,0.0,0.0
feature.Seral.CWHvm_CW_YC_M.young,10,100,10,0.0,10000.0,1.0,1.0,0.0,0.0,0.0
feature.Seral.CWHvm_CW_YC_M.young,11,110,10,0.0,10000.0,1.0,1.0,0.0,0.0,0.0
feature.Seral.CWHvm_CW_YC_M.young,12,120,10,0.0,10000.0,1.0,1.0,0.0,0.0,0.0
feature.Seral.CWHvm_CW_YC_M.young,13,130,10,0.0,10000.0,1.0,1.0,0.0,0.0,0.0
feature.Seral.CWHvm_CW_YC_M.young,14,140,10,0.0,10000.0,1.0,1.0,0.0,0.0,0.0
feature.Seral.CWHvm_CW_YC_M.young,15,150,10,0.0,10000.0,1.0,1.0,0.0,0.0,0.0
feature.Seral.CWHvm_CW_YC_M.young,16,160,10,0.0,10000.0,1.0,1.0,0.0,0.0,0.0
feature.Seral.CWHvm_CW_YC_M.young,17,170,10,0.0,10000.0,1.0,1.0,0.0,0.0,0.0
feature.Seral.CWHvm_CW_YC_M.young,18,180,10,0.0,10000.0,1.0,1.0,0.0,0.0,0.0
feature.Seral.CWHvm_CW_YC_M.young,19,190,10,0.0,10000.0,1.0,1.0,0.0,0.0,0.0
feature.Seral.CWHvm_CW_YC_M.young,20,200,10,0.0,10000.0,1.0,1.0,0.0,0.0,0.0
feature.Seral.CWHvm_CW_YC_M.young,21,210,10,0.0,10000.0,1.0,1.0,0.0,0.0,0.0
feature.Seral.CWHvm_CW_YC_M.young,22,220,10,0.0,10000.0,1.0,1.0,0.0,0.0,0.0
feature.Seral.CWHvm_CW_YC_M.young,23,230,10,0.0,10000.0,1.0,1.0,0.0,0.0,0.0
feature.Seral.CWHvm_CW_YC_M.young,24,240,10,0.0,10000.0,1.0,1.0,0.0,0.0,0.0
feature.Seral.CWHvm_CW_YC_M.young,25,250,10,0.0,10000.0,1.0,1.0,0.0,0.0,0.0
feature.Seral.CWHvm_CW_YC_M.young,26,260,10,0.0,10000.0,1.0,1.0,0.0,0.0,0.0
feature.Seral.CWHvm_CW_YC_M.young,27,270,10,0.0,10000.0,1.0,1.0,0.0,0.0,0.0
feature.Seral.CWHvm_CW_YC_M.young,28,280,10,0.0,10000.0,1.0,1.0,0.0,0.0,0.0
feature.Seral.CWHvm_CW_YC_M.young,29,290,10,0.0,10000.0,1.0,1.0,0.0,0.0,0.0
feature.Seral.CWHvm_CW_YC_M.young,30,300,10,0.0,10000.0,1.0,1.0,0.0,0.0,0.0
feature.Seral.CWHvm_DR_HW_M.immature,0,0,10,0.0,10000.0,1.0,1.0,66.09200286865234,0.0,0.0
feature.Seral.CWHvm_DR_HW_M.immature,1,10,10,0.0,10000.0,1.0,1.0,66.09200286865234,0.0,0.0
feature.Seral.CWHvm_DR_HW_M.immature,2,20,10,0.0,10000.0,1.0,1.0,62.422000885009766,0.0,0.0
feature.Seral.CWHvm_DR_HW_M.immature,3,30,10,0.0,10000.0,1.0,1.0,52.04600143432617,0.0,0.0
feature.Seral.CWHvm_DR_HW_M.immature,4,40,10,0.0,10000.0,1.0,1.0,34.42100143432617,0.0,0.0
feature.Seral.CWHvm_DR_HW_M.immature,5,50,10,0.0,10000.0,1.0,1.0,7.892000198364258,0.0,0.0
feature.Seral.CWHvm_DR_HW_M.immature,6,60,10,0.0,10000.0,1.0,1.0,18.900999069213867,0.0,0.0
feature.Seral.CWHvm_DR_HW_M.immature,7,70,10,0.0,10000.0,1.0,1.0,18.900999069213867,0.0,0.0
feature.Seral.CWHvm_DR_HW_M.immature,8,80,10,0.0,10000.0,1.0,1.0,18.900999069213867,0.0,0.0
feature.Seral.CWHvm_DR_HW_M.immature,9,90,10,0.0,10000.0,1.0,1.0,18.900999069213867,0.0,0.0
feature.Seral.CWHvm_DR_HW_M.immature,10,100,10,0.0,10000.0,1.0,1.0,15.230999946594238,0.0,0.0
feature.Seral.CWHvm_DR_HW_M.immature,11,110,10,0.0,10000.0,1.0,1.0,11.008999824523926,0.0,0.0
feature.Seral.CWHvm_DR_HW_M.immature,12,120,10,0.0,10000.0,1.0,1.0,4.999000072479248,0.0,0.0
feature.Seral.CWHvm_DR_HW_M.immature,13,130,10,0.0,10000.0,1.0,1.0,11.817000389099121,0.0,0.0
feature.Seral.CWHvm_DR_HW_M.immature,14,140,10,0.0,10000.0,1.0,1.0,20.893999099731445,0.0,0.0
feature.Seral.CWHvm_DR_HW_M.immature,15,150,10,0.0,10000.0,1.0,1.0,27.04800033569336,0.0,0.0
feature.Seral.CWHvm_DR_HW_M.immature,16,160,10,0.0,10000.0,1.0,1.0,27.04800033569336,0.0,0.0
feature.Seral.CWHvm_DR_HW_M.immature,17,170,10,0.0,10000.0,1.0,1.0,27.04800033569336,0.0,0.0
feature.Seral.CWHvm_DR_HW_M.immature,18,180,10,0.0,10000.0,1.0,1.0,27.506000518798828,0.0,0.0
feature.Seral.CWHvm_DR_HW_M.immature,19,190,10,0.0,10000.0,1.0,1.0,4.210999965667725,0.0,0.0
feature.Seral.CWHvm_DR_HW_M.immature,20,200,10,0.0,10000.0,1.0,1.0,1.7869999408721924,0.0,0.0
feature.Seral.CWHvm_DR_HW_M.immature,21,210,10,0.0,10000.0,1.0,1.0,9.677000045776367,0.0,0.0
feature.Seral.CWHvm_DR_HW_M.immature,22,220,10,0.0,10000.0,1.0,1.0,27.503999710083008,0.0,0.0
feature.Seral.CWHvm_DR_HW_M.immature,23,230,10,0.0,10000.0,1.0,1.0,29.92799949645996,0.0,0.0
feature.Seral.CWHvm_DR_HW_M.immature,24,240,10,0.0,10000.0,1.0,1.0,29.92799949645996,0.0,0.0
feature.Seral.CWHvm_DR_HW_M.immature,25,250,10,0.0,10000.0,1.0,1.0,28.141000747680664,0.0,0.0
feature.Seral.CWHvm_DR_HW_M.immature,26,260,10,0.0,10000.0,1.0,1.0,23.142000198364258,0.0,0.0
feature.Seral.CWHvm_DR_HW_M.immature,27,270,10,0.0,10000.0,1.0,1.0,21.3439998626709,0.0,0.0
feature.Seral.CWHvm_DR_HW_M.immature,28,280,10,0.0,10000.0,1.0,1.0,4.999000072479248,0.0,0.0
feature.Seral.CWHvm_DR_HW_M.immature,29,290,10,0.0,10000.0,1.0,1.0,4.999000072479248,0.0,0.0
feature.Seral.CWHvm_DR_HW_M.immature,30,300,10,0.0,10000.0,1.0,1.0,15.375,0.0,0.0
feature.Seral.CWHvm_DR_HW_M.mature,0,0,10,0.0,10000.0,1.0,1.0,0.0,0.0,0.0
feature.Seral.CWHvm_DR_HW_M.mature,1,10,10,0.0,10000.0,1.0,1.0,0.0,0.0,0.0
feature.Seral.CWHvm_DR_HW_M.mature,2,20,10,0.0,10000.0,1.0,1.0,0.0,0.0,0.0
feature.Seral.CWHvm_DR_HW_M.mature,3,30,10,0.0,10000.0,1.0,1.0,0.0,0.0,0.0
feature.Seral.CWHvm_DR_HW_M.mature,4,40,10,0.0,10000.0,1.0,1.0,16.440000534057617,0.0,0.0
feature.Seral.CWHvm_DR_HW_M.mature,5,50,10,0.0,10000.0,1.0,1.0,47.191001892089844,0.0,0.0
feature.Seral.CWHvm_DR_HW_M.mature,6,60,10,0.0,10000.0,1.0,1.0,47.191001892089844,0.0,0.0
feature.Seral.CWHvm_DR_HW_M.mature,7,70,10,0.0,10000.0,1.0,1.0,47.191001892089844,0.0,0.0
feature.Seral.CWHvm_DR_HW_M.mature,8,80,10,0.0,10000.0,1.0,1.0,47.191001892089844,0.0,0.0
feature.Seral.CWHvm_DR_HW_M.mature,9,90,10,0.0,10000.0,1.0,1.0,45.86199951171875,0.0,0.0
feature.Seral.CWHvm_DR_HW_M.mature,10,100,10,0.0,10000.0,1.0,1.0,45.86199951171875,0.0,0.0
feature.Seral.CWHvm_DR_HW_M.mature,11,110,10,0.0,10000.0,1.0,1.0,39.04399871826172,0.0,0.0
feature.Seral.CWHvm_DR_HW_M.mature,12,120,10,0.0,10000.0,1.0,1.0,39.04399871826172,0.0,0.0
feature.Seral.CWHvm_DR_HW_M.mature,13,130,10,0.0,10000.0,1.0,1.0,39.04399871826172,0.0,0.0
feature.Seral.CWHvm_DR_HW_M.mature,14,140,10,0.0,10000.0,1.0,1.0,39.04399871826172,0.0,0.0
feature.Seral.CWHvm_DR_HW_M.mature,15,150,10,0.0,10000.0,1.0,1.0,30.750999450683594,0.0,0.0
feature.Seral.CWHvm_DR_HW_M.mature,16,160,10,0.0,10000.0,1.0,1.0,0.0,0.0,0.0
feature.Seral.CWHvm_DR_HW_M.mature,17,170,10,0.0,10000.0,1.0,1.0,0.0,0.0,0.0
feature.Seral.CWHvm_DR_HW_M.mature,18,180,10,0.0,10000.0,1.0,1.0,1.3289999961853027,0.0,0.0
feature.Seral.CWHvm_DR_HW_M.mature,19,190,10,0.0,10000.0,1.0,1.0,0.0,0.0,0.0
feature.Seral.CWHvm_DR_HW_M.mature,20,200,10,0.0,10000.0,1.0,1.0,0.0,0.0,0.0
feature.Seral.CWHvm_DR_HW_M.mature,21,210,10,0.0,10000.0,1.0,1.0,0.0,0.0,0.0
feature.Seral.CWHvm_DR_HW_M.mature,22,220,10,0.0,10000.0,1.0,1.0,0.0,0.0,0.0
feature.Seral.CWHvm_DR_HW_M.mature,23,230,10,0.0,10000.0,1.0,1.0,0.0,0.0,0.0
feature.Seral.CWHvm_DR_HW_M.mature,24,240,10,0.0,10000.0,1.0,1.0,0.0,0.0,0.0
feature.Seral.CWHvm_DR_HW_M.mature,25,250,10,0.0,10000.0,1.0,1.0,1.7869999408721924,0.0,0.0
feature.Seral.CWHvm_DR_HW_M.mature,26,260,10,0.0,10000.0,1.0,1.0,1.7869999408721924,0.0,0.0
feature.Seral.CWHvm_DR_HW_M.mature,27,270,10,0.0,10000.0,1.0,1.0,1.7869999408721924,0.0,0.0
feature.Seral.CWHvm_DR_HW_M.mature,28,280,10,0.0,10000.0,1.0,1.0,14.553000450134277,0.0,0.0
feature.Seral.CWHvm_DR_HW_M.mature,29,290,10,0.0,10000.0,1.0,1.0,9.697999954223633,0.0,0.0
feature.Seral.CWHvm_DR_HW_M.mature,30,300,10,0.0,10000.0,1.0,1.0,2.880000114440918,0.0,0.0
feature.Seral.CWHvm_DR_HW_M.overmature,0,0,10,0.0,10000.0,1.0,1.0,0.0,0.0,0.0
feature.Seral.CWHvm_DR_HW_M.overmature,1,10,10,0.0,10000.0,1.0,1.0,0.0,0.0,0.0
feature.Seral.CWHvm_DR_HW_M.overmature,2,20,10,0.0,10000.0,1.0,1.0,0.0,0.0,0.0
feature.Seral.CWHvm_DR_HW_M.overmature,3,30,10,0.0,10000.0,1.0,1.0,0.0,0.0,0.0
feature.Seral.CWHvm_DR_HW_M.overmature,4,40,10,0.0,10000.0,1.0,1.0,0.0,0.0,0.0
feature.Seral.CWHvm_DR_HW_M.overmature,5,50,10,0.0,10000.0,1.0,1.0,0.0,0.0,0.0
feature.Seral.CWHvm_DR_HW_M.overmature,6,60,10,0.0,10000.0,1.0,1.0,0.0,0.0,0.0
feature.Seral.CWHvm_DR_HW_M.overmature,7,70,10,0.0,10000.0,1.0,1.0,0.0,0.0,0.0
feature.Seral.CWHvm_DR_HW_M.overmature,8,80,10,0.0,10000.0,1.0,1.0,0.0,0.0,0.0
feature.Seral.CWHvm_DR_HW_M.overmature,9,90,10,0.0,10000.0,1.0,1.0,0.0,0.0,0.0
feature.Seral.CWHvm_DR_HW_M.overmature,10,100,10,0.0,10000.0,1.0,1.0,0.0,0.0,0.0
feature.Seral.CWHvm_DR_HW_M.overmature,11,110,10,0.0,10000.0,1.0,1.0,0.0,0.0,0.0
feature.Seral.CWHvm_DR_HW_M.overmature,12,120,10,0.0,10000.0,1.0,1.0,0.0,0.0,0.0
feature.Seral.CWHvm_DR_HW_M.overmature,13,130,10,0.0,10000.0,1.0,1.0,0.0,0.0,0.0
feature.Seral.CWHvm_DR_HW_M.overmature,14,140,10,0.0,10000.0,1.0,1.0,0.0,0.0,0.0
feature.Seral.CWHvm_DR_HW_M.overmature,15,150,10,0.0,10000.0,1.0,1.0,8.293000221252441,0.0,0.0
feature.Seral.CWHvm_DR_HW_M.overmature,16,160,10,0.0,10000.0,1.0,1.0,37.25699996948242,0.0,0.0
feature.Seral.CWHvm_DR_HW_M.overmature,17,170,10,0.0,10000.0,1.0,1.0,37.25699996948242,0.0,0.0
feature.Seral.CWHvm_DR_HW_M.overmature,18,180,10,0.0,10000.0,1.0,1.0,37.25699996948242,0.0,0.0
feature.Seral.CWHvm_DR_HW_M.overmature,19,190,10,0.0,10000.0,1.0,1.0,36.16400146484375,0.0,0.0
feature.Seral.CWHvm_DR_HW_M.overmature,20,200,10,0.0,10000.0,1.0,1.0,36.16400146484375,0.0,0.0
feature.Seral.CWHvm_DR_HW_M.overmature,21,210,10,0.0,10000.0,1.0,1.0,36.16400146484375,0.0,0.0
feature.Seral.CWHvm_DR_HW_M.overmature,22,220,10,0.0,10000.0,1.0,1.0,36.16400146484375,0.0,0.0
feature.Seral.CWHvm_DR_HW_M.overmature,23,230,10,0.0,10000.0,1.0,1.0,36.16400146484375,0.0,0.0
feature.Seral.CWHvm_DR_HW_M.overmature,24,240,10,0.0,10000.0,1.0,1.0,36.16400146484375,0.0,0.0
feature.Seral.CWHvm_DR_HW_M.overmature,25,250,10,0.0,10000.0,1.0,1.0,36.16400146484375,0.0,0.0
feature.Seral.CWHvm_DR_HW_M.overmature,26,260,10,0.0,10000.0,1.0,1.0,36.16400146484375,0.0,0.0
feature.Seral.CWHvm_DR_HW_M.overmature,27,270,10,0.0,10000.0,1.0,1.0,36.16400146484375,0.0,0.0
feature.Seral.CWHvm_DR_HW_M.overmature,28,280,10,0.0,10000.0,1.0,1.0,36.16400146484375,0.0,0.0
feature.Seral.CWHvm_DR_HW_M.overmature,29,290,10,0.0,10000.0,1.0,1.0,36.16400146484375,0.0,0.0
feature.Seral.CWHvm_DR_HW_M.overmature,30,300,10,0.0,10000.0,1.0,1.0,36.16400146484375,0.0,0.0
feature.Seral.CWHvm_DR_HW_M.regenerating,0,0,10,0.0,10000.0,1.0,1.0,0.0,0.0,0.0
feature.Seral.CWHvm_DR_HW_M.regenerating,1,10,10,0.0,10000.0,1.0,1.0,0.0,0.0,0.0
feature.Seral.CWHvm_DR_HW_M.regenerating,2,20,10,0.0,10000.0,1.0,1.0,0.0,0.0,0.0
feature.Seral.CWHvm_DR_HW_M.regenerating,3,30,10,0.0,10000.0,1.0,1.0,6.1539998054504395,0.0,0.0
feature.Seral.CWHvm_DR_HW_M.regenerating,4,40,10,0.0,10000.0,1.0,1.0,0.0,0.0,0.0
feature.Seral.CWHvm_DR_HW_M.regenerating,5,50,10,0.0,10000.0,1.0,1.0,0.0,0.0,0.0
feature.Seral.CWHvm_DR_HW_M.regenerating,6,60,10,0.0,10000.0,1.0,1.0,0.0,0.0,0.0
feature.Seral.CWHvm_DR_HW_M.regenerating,7,70,10,0.0,10000.0,1.0,1.0,0.0,0.0,0.0
feature.Seral.CWHvm_DR_HW_M.regenerating,8,80,10,0.0,10000.0,1.0,1.0,0.0,0.0,0.0
feature.Seral.CWHvm_DR_HW_M.regenerating,9,90,10,0.0,10000.0,1.0,1.0,1.3289999961853027,0.0,0.0
feature.Seral.CWHvm_DR_HW_M.regenerating,10,100,10,0.0,10000.0,1.0,1.0,0.0,0.0,0.0
feature.Seral.CWHvm_DR_HW_M.regenerating,11,110,10,0.0,10000.0,1.0,1.0,4.2220001220703125,0.0,0.0
feature.Seral.CWHvm_DR_HW_M.regenerating,12,120,10,0.0,10000.0,1.0,1.0,6.1539998054504395,0.0,0.0
feature.Seral.CWHvm_DR_HW_M.regenerating,13,130,10,0.0,10000.0,1.0,1.0,0.0,0.0,0.0
feature.Seral.CWHvm_DR_HW_M.regenerating,14,140,10,0.0,10000.0,1.0,1.0,0.0,0.0,0.0
feature.Seral.CWHvm_DR_HW_M.regenerating,15,150,10,0.0,10000.0,1.0,1.0,0.0,0.0,0.0
feature.Seral.CWHvm_DR_HW_M.regenerating,16,160,10,0.0,10000.0,1.0,1.0,0.0,0.0,0.0
feature.Seral.CWHvm_DR_HW_M.regenerating,17,170,10,0.0,10000.0,1.0,1.0,0.0,0.0,0.0
feature.Seral.CWHvm_DR_HW_M.regenerating,18,180,10,0.0,10000.0,1.0,1.0,0.0,0.0,0.0
feature.Seral.CWHvm_DR_HW_M.regenerating,19,190,10,0.0,10000.0,1.0,1.0,17.82699966430664,0.0,0.0
feature.Seral.CWHvm_DR_HW_M.regenerating,20,200,10,0.0,10000.0,1.0,1.0,2.4240000247955322,0.0,0.0
feature.Seral.CWHvm_DR_HW_M.regenerating,21,210,10,0.0,10000.0,1.0,1.0,0.0,0.0,0.0
feature.Seral.CWHvm_DR_HW_M.regenerating,22,220,10,0.0,10000.0,1.0,1.0,0.0,0.0,0.0
feature.Seral.CWHvm_DR_HW_M.regenerating,23,230,10,0.0,10000.0,1.0,1.0,0.0,0.0,0.0
feature.Seral.CWHvm_DR_HW_M.regenerating,24,240,10,0.0,10000.0,1.0,1.0,0.0,0.0,0.0
feature.Seral.CWHvm_DR_HW_M.regenerating,25,250,10,0.0,10000.0,1.0,1.0,0.0,0.0,0.0
feature.Seral.CWHvm_DR_HW_M.regenerating,26,260,10,0.0,10000.0,1.0,1.0,0.0,0.0,0.0
feature.Seral.CWHvm_DR_HW_M.regenerating,27,270,10,0.0,10000.0,1.0,1.0,1.7979999780654907,0.0,0.0
feature.Seral.CWHvm_DR_HW_M.regenerating,28,280,10,0.0,10000.0,1.0,1.0,0.0,0.0,0.0
feature.Seral.CWHvm_DR_HW_M.regenerating,29,290,10,0.0,10000.0,1.0,1.0,4.855000019073486,0.0,0.0
feature.Seral.CWHvm_DR_HW_M.regenerating,30,300,10,0.0,10000.0,1.0,1.0,6.817999839782715,0.0,0.0
feature.Seral.CWHvm_DR_HW_M.young,0,0,10,0.0,10000.0,1.0,1.0,0.0,0.0,0.0
feature.Seral.CWHvm_DR_HW_M.young,1,10,10,0.0,10000.0,1.0,1.0,0.0,0.0,0.0
feature.Seral.CWHvm_DR_HW_M.young,2,20,10,0.0,10000.0,1.0,1.0,3.6700000762939453,0.0,0.0
feature.Seral.CWHvm_DR_HW_M.young,3,30,10,0.0,10000.0,1.0,1.0,7.892000198364258,0.0,0.0
feature.Seral.CWHvm_DR_HW_M.young,4,40,10,0.0,10000.0,1.0,1.0,15.230999946594238,0.0,0.0
feature.Seral.CWHvm_DR_HW_M.young,5,50,10,0.0,10000.0,1.0,1.0,11.008999824523926,0.0,0.0
feature.Seral.CWHvm_DR_HW_M.young,6,60,10,0.0,10000.0,1.0,1.0,0.0,0.0,0.0
feature.Seral.CWHvm_DR_HW_M.young,7,70,10,0.0,10000.0,1.0,1.0,0.0,0.0,0.0
feature.Seral.CWHvm_DR_HW_M.young,8,80,10,0.0,10000.0,1.0,1.0,0.0,0.0,0.0
feature.Seral.CWHvm_DR_HW_M.young,9,90,10,0.0,10000.0,1.0,1.0,0.0,0.0,0.0
feature.Seral.CWHvm_DR_HW_M.young,10,100,10,0.0,10000.0,1.0,1.0,4.999000072479248,0.0,0.0
feature.Seral.CWHvm_DR_HW_M.young,11,110,10,0.0,10000.0,1.0,1.0,11.817000389099121,0.0,0.0
feature.Seral.CWHvm_DR_HW_M.young,12,120,10,0.0,10000.0,1.0,1.0,15.895000457763672,0.0,0.0
feature.Seral.CWHvm_DR_HW_M.young,13,130,10,0.0,10000.0,1.0,1.0,15.230999946594238,0.0,0.0
feature.Seral.CWHvm_DR_HW_M.young,14,140,10,0.0,10000.0,1.0,1.0,6.1539998054504395,0.0,0.0
feature.Seral.CWHvm_DR_HW_M.young,15,150,10,0.0,10000.0,1.0,1.0,0.0,0.0,0.0
feature.Seral.CWHvm_DR_HW_M.young,16,160,10,0.0,10000.0,1.0,1.0,1.7869999408721924,0.0,0.0
feature.Seral.CWHvm_DR_HW_M.young,17,170,10,0.0,10000.0,1.0,1.0,1.7869999408721924,0.0,0.0
feature.Seral.CWHvm_DR_HW_M.young,18,180,10,0.0,10000.0,1.0,1.0,0.0,0.0,0.0
feature.Seral.CWHvm_DR_HW_M.young,19,190,10,0.0,10000.0,1.0,1.0,7.889999866485596,0.0,0.0
feature.Seral.CWHvm_DR_HW_M.young,20,200,10,0.0,10000.0,1.0,1.0,25.716999053955078,0.0,0.0
feature.Seral.CWHvm_DR_HW_M.young,21,210,10,0.0,10000.0,1.0,1.0,20.250999450683594,0.0,0.0
feature.Seral.CWHvm_DR_HW_M.young,22,220,10,0.0,10000.0,1.0,1.0,2.4240000247955322,0.0,0.0
feature.Seral.CWHvm_DR_HW_M.young,23,230,10,0.0,10000.0,1.0,1.0,0.0,0.0,0.0
feature.Seral.CWHvm_DR_HW_M.young,24,240,10,0.0,10000.0,1.0,1.0,0.0,0.0,0.0
feature.Seral.CWHvm_DR_HW_M.young,25,250,10,0.0,10000.0,1.0,1.0,0.0,0.0,0.0
feature.Seral.CWHvm_DR_HW_M.young,26,260,10,0.0,10000.0,1.0,1.0,4.999000072479248,0.0,0.0
feature.Seral.CWHvm_DR_HW_M.young,27,270,10,0.0,10000.0,1.0,1.0,4.999000072479248,0.0,0.0
feature.Seral.CWHvm_DR_HW_M.young,28,280,10,0.0,10000.0,1.0,1.0,10.37600040435791,0.0,0.0
feature.Seral.CWHvm_DR_HW_M.young,29,290,10,0.0,10000.0,1.0,1.0,10.37600040435791,0.0,0.0
feature.Seral.CWHvm_DR_HW_M.young,30,300,10,0.0,10000.0,1.0,1.0,4.855000019073486,0.0,0.0
feature.Seral.CWHvm_FDC_HW_H.immature,0,0,10,0.0,10000.0,1.0,1.0,182.99099731445312,0.0,0.0
feature.Seral.CWHvm_FDC_HW_H.immature,1,10,10,0.0,10000.0,1.0,1.0,158.177001953125,0.0,0.0
feature.Seral.CWHvm_FDC_HW_H.immature,2,20,10,0.0,10000.0,1.0,1.0,93.58200073242188,0.0,0.0
feature.Seral.CWHvm_FDC_HW_H.immature,3,30,10,0.0,10000.0,1.0,1.0,18.916000366210938,0.0,0.0
feature.Seral.CWHvm_FDC_HW_H.immature,4,40,10,0.0,10000.0,1.0,1.0,26.308000564575195,0.0,0.0
feature.Seral.CWHvm_FDC_HW_H.immature,5,50,10,0.0,10000.0,1.0,1.0,26.308000564575195,0.0,0.0
feature.Seral.CWHvm_FDC_HW_H.immature,6,60,10,0.0,10000.0,1.0,1.0,7.392000198364258,0.0,0.0
feature.Seral.CWHvm_FDC_HW_H.immature,7,70,10,0.0,10000.0,1.0,1.0,8.75,0.0,0.0
feature.Seral.CWHvm_FDC_HW_H.immature,8,80,10,0.0,10000.0,1.0,1.0,45.604000091552734,0.0,0.0
feature.Seral.CWHvm_FDC_HW_H.immature,9,90,10,0.0,10000.0,1.0,1.0,63.0260009765625,0.0,0.0
feature.Seral.CWHvm_FDC_HW_H.immature,10,100,10,0.0,10000.0,1.0,1.0,63.0260009765625,0.0,0.0
feature.Seral.CWHvm_FDC_HW_H.immature,11,110,10,0.0,10000.0,1.0,1.0,70.41799926757812,0.0,0.0
feature.Seral.CWHvm_FDC_HW_H.immature,12,120,10,0.0,10000.0,1.0,1.0,44.24599838256836,0.0,0.0
feature.Seral.CWHvm_FDC_HW_H.immature,13,130,10,0.0,10000.0,1.0,1.0,13.289999961853027,0.0,0.0
feature.Seral.CWHvm_FDC_HW_H.immature,14,140,10,0.0,10000.0,1.0,1.0,7.392000198364258,0.0,0.0
feature.Seral.CWHvm_FDC_HW_H.immature,15,150,10,0.0,10000.0,1.0,1.0,32.20600128173828,0.0,0.0
feature.Seral.CWHvm_FDC_HW_H.immature,16,160,10,0.0,10000.0,1.0,1.0,24.81399917602539,0.0,0.0
feature.Seral.CWHvm_FDC_HW_H.immature,17,170,10,0.0,10000.0,1.0,1.0,30.711999893188477,0.0,0.0
feature.Seral.CWHvm_FDC_HW_H.immature,18,180,10,0.0,10000.0,1.0,1.0,5.8979997634887695,0.0,0.0
feature.Seral.CWHvm_FDC_HW_H.immature,19,190,10,0.0,10000.0,1.0,1.0,13.289999961853027,0.0,0.0
feature.Seral.CWHvm_FDC_HW_H.immature,20,200,10,0.0,10000.0,1.0,1.0,19.187999725341797,0.0,0.0
feature.Seral.CWHvm_FDC_HW_H.immature,21,210,10,0.0,10000.0,1.0,1.0,32.20600128173828,0.0,0.0
feature.Seral.CWHvm_FDC_HW_H.immature,22,220,10,0.0,10000.0,1.0,1.0,49.29999923706055,0.0,0.0
feature.Seral.CWHvm_FDC_HW_H.immature,23,230,10,0.0,10000.0,1.0,1.0,49.29999923706055,0.0,0.0
feature.Seral.CWHvm_FDC_HW_H.immature,24,240,10,0.0,10000.0,1.0,1.0,28.889999389648438,0.0,0.0
feature.Seral.CWHvm_FDC_HW_H.immature,25,250,10,0.0,10000.0,1.0,1.0,43.840999603271484,0.0,0.0
feature.Seral.CWHvm_FDC_HW_H.immature,26,260,10,0.0,10000.0,1.0,1.0,70.14900207519531,0.0,0.0
feature.Seral.CWHvm_FDC_HW_H.immature,27,270,10,0.0,10000.0,1.0,1.0,53.05500030517578,0.0,0.0
feature.Seral.CWHvm_FDC_HW_H.immature,28,280,10,0.0,10000.0,1.0,1.0,58.952999114990234,0.0,0.0
feature.Seral.CWHvm_FDC_HW_H.immature,29,290,10,0.0,10000.0,1.0,1.0,53.05500030517578,0.0,0.0
feature.Seral.CWHvm_FDC_HW_H.immature,30,300,10,0.0,10000.0,1.0,1.0,5.8979997634887695,0.0,0.0
feature.Seral.CWHvm_FDC_HW_H.mature,0,0,10,0.0,10000.0,1.0,1.0,0.0,0.0,0.0
feature.Seral.CWHvm_FDC_HW_H.mature,1,10,10,0.0,10000.0,1.0,1.0,5.8979997634887695,0.0,0.0
feature.Seral.CWHvm_FDC_HW_H.mature,2,20,10,0.0,10000.0,1.0,1.0,63.10100173950195,0.0,0.0
feature.Seral.CWHvm_FDC_HW_H.mature,3,30,10,0.0,10000.0,1.0,1.0,156.68299865722656,0.0,0.0
feature.Seral.CWHvm_FDC_HW_H.mature,4,40,10,0.0,10000.0,1.0,1.0,156.68299865722656,0.0,0.0
feature.Seral.CWHvm_FDC_HW_H.mature,5,50,10,0.0,10000.0,1.0,1.0,155.3249969482422,0.0,0.0
feature.Seral.CWHvm_FDC_HW_H.mature,6,60,10,0.0,10000.0,1.0,1.0,118.47100067138672,0.0,0.0
feature.Seral.CWHvm_FDC_HW_H.mature,7,70,10,0.0,10000.0,1.0,1.0,112.572998046875,0.0,0.0
feature.Seral.CWHvm_FDC_HW_H.mature,8,80,10,0.0,10000.0,1.0,1.0,112.572998046875,0.0,0.0
feature.Seral.CWHvm_FDC_HW_H.mature,9,90,10,0.0,10000.0,1.0,1.0,112.572998046875,0.0,0.0
feature.Seral.CWHvm_FDC_HW_H.mature,10,100,10,0.0,10000.0,1.0,1.0,112.572998046875,0.0,0.0
feature.Seral.CWHvm_FDC_HW_H.mature,11,110,10,0.0,10000.0,1.0,1.0,112.572998046875,0.0,0.0
feature.Seral.CWHvm_FDC_HW_H.mature,12,120,10,0.0,10000.0,1.0,1.0,113.93099975585938,0.0,0.0
feature.Seral.CWHvm_FDC_HW_H.mature,13,130,10,0.0,10000.0,1.0,1.0,144.88699340820312,0.0,0.0
feature.Seral.CWHvm_FDC_HW_H.mature,14,140,10,0.0,10000.0,1.0,1.0,125.89600372314453,0.0,0.0
feature.Seral.CWHvm_FDC_HW_H.mature,15,150,10,0.0,10000.0,1.0,1.0,32.31399917602539,0.0,0.0
feature.Seral.CWHvm_FDC_HW_H.mature,16,160,10,0.0,10000.0,1.0,1.0,32.31399917602539,0.0,0.0
feature.Seral.CWHvm_FDC_HW_H.mature,17,170,10,0.0,10000.0,1.0,1.0,32.31399917602539,0.0,0.0
feature.Seral.CWHvm_FDC_HW_H.mature,18,180,10,0.0,10000.0,1.0,1.0,32.31399917602539,0.0,0.0
feature.Seral.CWHvm_FDC_HW_H.mature,19,190,10,0.0,10000.0,1.0,1.0,15.220000267028809,0.0,0.0
feature.Seral.CWHvm_FDC_HW_H.mature,20,200,10,0.0,10000.0,1.0,1.0,15.220000267028809,0.0,0.0
feature.Seral.CWHvm_FDC_HW_H.mature,21,210,10,0.0,10000.0,1.0,1.0,15.220000267028809,0.0,0.0
feature.Seral.CWHvm_FDC_HW_H.mature,22,220,10,0.0,10000.0,1.0,1.0,15.220000267028809,0.0,0.0
feature.Seral.CWHvm_FDC_HW_H.mature,23,230,10,0.0,10000.0,1.0,1.0,15.220000267028809,0.0,0.0
feature.Seral.CWHvm_FDC_HW_H.mature,24,240,10,0.0,10000.0,1.0,1.0,13.862000465393066,0.0,0.0
feature.Seral.CWHvm_FDC_HW_H.mature,25,250,10,0.0,10000.0,1.0,1.0,0.0,0.0,0.0
feature.Seral.CWHvm_FDC_HW_H.mature,26,260,10,0.0,10000.0,1.0,1.0,0.0,0.0,0.0
feature.Seral.CWHvm_FDC_HW_H.mature,27,270,10,0.0,10000.0,1.0,1.0,17.0939998626709,0.0,0.0
feature.Seral.CWHvm_FDC_HW_H.mature,28,280,10,0.0,10000.0,1.0,1.0,17.0939998626709,0.0,0.0
feature.Seral.CWHvm_FDC_HW_H.mature,29,290,10,0.0,10000.0,1.0,1.0,17.0939998626709,0.0,0.0
feature.Seral.CWHvm_FDC_HW_H.mature,30,300,10,0.0,10000.0,1.0,1.0,37.94300079345703,0.0,0.0
feature.Seral.CWHvm_FDC_HW_H.overmature,0,0,10,0.0,10000.0,1.0,1.0,0.0,0.0,0.0
feature.Seral.CWHvm_FDC_HW_H.overmature,1,10,10,0.0,10000.0,1.0,1.0,0.0,0.0,0.0
feature.Seral.CWHvm_FDC_HW_H.overmature,2,20,10,0.0,10000.0,1.0,1.0,0.0,0.0,0.0
feature.Seral.CWHvm_FDC_HW_H.overmature,3,30,10,0.0,10000.0,1.0,1.0,0.0,0.0,0.0
feature.Seral.CWHvm_FDC_HW_H.overmature,4,40,10,0.0,10000.0,1.0,1.0,0.0,0.0,0.0
feature.Seral.CWHvm_FDC_HW_H.overmature,5,50,10,0.0,10000.0,1.0,1.0,0.0,0.0,0.0
feature.Seral.CWHvm_FDC_HW_H.overmature,6,60,10,0.0,10000.0,1.0,1.0,0.0,0.0,0.0
feature.Seral.CWHvm_FDC_HW_H.overmature,7,70,10,0.0,10000.0,1.0,1.0,0.0,0.0,0.0
feature.Seral.CWHvm_FDC_HW_H.overmature,8,80,10,0.0,10000.0,1.0,1.0,0.0,0.0,0.0
feature.Seral.CWHvm_FDC_HW_H.overmature,9,90,10,0.0,10000.0,1.0,1.0,0.0,0.0,0.0
feature.Seral.CWHvm_FDC_HW_H.overmature,10,100,10,0.0,10000.0,1.0,1.0,0.0,0.0,0.0
feature.Seral.CWHvm_FDC_HW_H.overmature,11,110,10,0.0,10000.0,1.0,1.0,0.0,0.0,0.0
feature.Seral.CWHvm_FDC_HW_H.overmature,12,120,10,0.0,10000.0,1.0,1.0,0.0,0.0,0.0
feature.Seral.CWHvm_FDC_HW_H.overmature,13,130,10,0.0,10000.0,1.0,1.0,0.0,0.0,0.0
feature.Seral.CWHvm_FDC_HW_H.overmature,14,140,10,0.0,10000.0,1.0,1.0,18.990999221801758,0.0,0.0
feature.Seral.CWHvm_FDC_HW_H.overmature,15,150,10,0.0,10000.0,1.0,1.0,112.572998046875,0.0,0.0
feature.Seral.CWHvm_FDC_HW_H.overmature,16,160,10,0.0,10000.0,1.0,1.0,112.572998046875,0.0,0.0
feature.Seral.CWHvm_FDC_HW_H.overmature,17,170,10,0.0,10000.0,1.0,1.0,112.572998046875,0.0,0.0
feature.Seral.CWHvm_FDC_HW_H.overmature,18,180,10,0.0,10000.0,1.0,1.0,112.572998046875,0.0,0.0
feature.Seral.CWHvm_FDC_HW_H.overmature,19,190,10,0.0,10000.0,1.0,1.0,112.572998046875,0.0,0.0
feature.Seral.CWHvm_FDC_HW_H.overmature,20,200,10,0.0,10000.0,1.0,1.0,112.572998046875,0.0,0.0
feature.Seral.CWHvm_FDC_HW_H.overmature,21,210,10,0.0,10000.0,1.0,1.0,112.572998046875,0.0,0.0
feature.Seral.CWHvm_FDC_HW_H.overmature,22,220,10,0.0,10000.0,1.0,1.0,91.7239990234375,0.0,0.0
feature.Seral.CWHvm_FDC_HW_H.overmature,23,230,10,0.0,10000.0,1.0,1.0,91.7239990234375,0.0,0.0
feature.Seral.CWHvm_FDC_HW_H.overmature,24,240,10,0.0,10000.0,1.0,1.0,93.08200073242188,0.0,0.0
feature.Seral.CWHvm_FDC_HW_H.overmature,25,250,10,0.0,10000.0,1.0,1.0,106.94400024414062,0.0,0.0
feature.Seral.CWHvm_FDC_HW_H.overmature,26,260,10,0.0,10000.0,1.0,1.0,106.94400024414062,0.0,0.0
feature.Seral.CWHvm_FDC_HW_H.overmature,27,270,10,0.0,10000.0,1.0,1.0,106.94400024414062,0.0,0.0
feature.Seral.CWHvm_FDC_HW_H.overmature,28,280,10,0.0,10000.0,1.0,1.0,106.94400024414062,0.0,0.0
feature.Seral.CWHvm_FDC_HW_H.overmature,29,290,10,0.0,10000.0,1.0,1.0,98.95099639892578,0.0,0.0
feature.Seral.CWHvm_FDC_HW_H.overmature,30,300,10,0.0,10000.0,1.0,1.0,98.95099639892578,0.0,0.0
feature.Seral.CWHvm_FDC_HW_H.regenerating,0,0,10,0.0,10000.0,1.0,1.0,0.0,0.0,0.0
feature.Seral.CWHvm_FDC_HW_H.regenerating,1,10,10,0.0,10000.0,1.0,1.0,0.0,0.0,0.0
feature.Seral.CWHvm_FDC_HW_H.regenerating,2,20,10,0.0,10000.0,1.0,1.0,0.0,0.0,0.0
feature.Seral.CWHvm_FDC_HW_H.regenerating,3,30,10,0.0,10000.0,1.0,1.0,0.0,0.0,0.0
feature.Seral.CWHvm_FDC_HW_H.regenerating,4,40,10,0.0,10000.0,1.0,1.0,0.0,0.0,0.0
feature.Seral.CWHvm_FDC_HW_H.regenerating,5,50,10,0.0,10000.0,1.0,1.0,0.0,0.0,0.0
feature.Seral.CWHvm_FDC_HW_H.regenerating,6,60,10,0.0,10000.0,1.0,1.0,18.916000366210938,0.0,0.0
feature.Seral.CWHvm_FDC_HW_H.regenerating,7,70,10,0.0,10000.0,1.0,1.0,0.0,0.0,0.0
feature.Seral.CWHvm_FDC_HW_H.regenerating,8,80,10,0.0,10000.0,1.0,1.0,0.0,0.0,0.0
feature.Seral.CWHvm_FDC_HW_H.regenerating,9,90,10,0.0,10000.0,1.0,1.0,0.0,0.0,0.0
feature.Seral.CWHvm_FDC_HW_H.regenerating,10,100,10,0.0,10000.0,1.0,1.0,0.0,0.0,0.0
feature.Seral.CWHvm_FDC_HW_H.regenerating,11,110,10,0.0,10000.0,1.0,1.0,0.0,0.0,0.0
feature.Seral.CWHvm_FDC_HW_H.regenerating,12,120,10,0.0,10000.0,1.0,1.0,24.81399917602539,0.0,0.0
feature.Seral.CWHvm_FDC_HW_H.regenerating,13,130,10,0.0,10000.0,1.0,1.0,0.0,0.0,0.0
feature.Seral.CWHvm_FDC_HW_H.regenerating,14,140,10,0.0,10000.0,1.0,1.0,5.8979997634887695,0.0,0.0
feature.Seral.CWHvm_FDC_HW_H.regenerating,15,150,10,0.0,10000.0,1.0,1.0,0.0,0.0,0.0
feature.Seral.CWHvm_FDC_HW_H.regenerating,16,160,10,0.0,10000.0,1.0,1.0,7.392000198364258,0.0,0.0
feature.Seral.CWHvm_FDC_HW_H.regenerating,17,170,10,0.0,10000.0,1.0,1.0,0.0,0.0,0.0
feature.Seral.CWHvm_FDC_HW_H.regenerating,18,180,10,0.0,10000.0,1.0,1.0,18.916000366210938,0.0,0.0
feature.Seral.CWHvm_FDC_HW_H.regenerating,19,190,10,0.0,10000.0,1.0,1.0,17.0939998626709,0.0,0.0
feature.Seral.CWHvm_FDC_HW_H.regenerating,20,200,10,0.0,10000.0,1.0,1.0,0.0,0.0,0.0
feature.Seral.CWHvm_FDC_HW_H.regenerating,21,210,10,0.0,10000.0,1.0,1.0,5.8979997634887695,0.0,0.0
feature.Seral.CWHvm_FDC_HW_H.regenerating,22,220,10,0.0,10000.0,1.0,1.0,20.849000930786133,0.0,0.0
feature.Seral.CWHvm_FDC_HW_H.regenerating,23,230,10,0.0,10000.0,1.0,1.0,0.0,0.0,0.0
feature.Seral.CWHvm_FDC_HW_H.regenerating,24,240,10,0.0,10000.0,1.0,1.0,0.0,0.0,0.0
feature.Seral.CWHvm_FDC_HW_H.regenerating,25,250,10,0.0,10000.0,1.0,1.0,5.8979997634887695,0.0,0.0
feature.Seral.CWHvm_FDC_HW_H.regenerating,26,260,10,0.0,10000.0,1.0,1.0,0.0,0.0,0.0
feature.Seral.CWHvm_FDC_HW_H.regenerating,27,270,10,0.0,10000.0,1.0,1.0,0.0,0.0,0.0
feature.Seral.CWHvm_FDC_HW_H.regenerating,28,280,10,0.0,10000.0,1.0,1.0,0.0,0.0,0.0
feature.Seral.CWHvm_FDC_HW_H.regenerating,29,290,10,0.0,10000.0,1.0,1.0,1.3580000400543213,0.0,0.0
feature.Seral.CWHvm_FDC_HW_H.regenerating,30,300,10,0.0,10000.0,1.0,1.0,0.0,0.0,0.0
feature.Seral.CWHvm_FDC_HW_H.young,0,0,10,0.0,10000.0,1.0,1.0,0.0,0.0,0.0
feature.Seral.CWHvm_FDC_HW_H.young,1,10,10,0.0,10000.0,1.0,1.0,18.916000366210938,0.0,0.0
feature.Seral.CWHvm_FDC_HW_H.young,2,20,10,0.0,10000.0,1.0,1.0,26.308000564575195,0.0,0.0
feature.Seral.CWHvm_FDC_HW_H.young,3,30,10,0.0,10000.0,1.0,1.0,7.392000198364258,0.0,0.0
feature.Seral.CWHvm_FDC_HW_H.young,4,40,10,0.0,10000.0,1.0,1.0,0.0,0.0,0.0
feature.Seral.CWHvm_FDC_HW_H.young,5,50,10,0.0,10000.0,1.0,1.0,1.3580000400543213,0.0,0.0
feature.Seral.CWHvm_FDC_HW_H.young,6,60,10,0.0,10000.0,1.0,1.0,38.21200180053711,0.0,0.0
feature.Seral.CWHvm_FDC_HW_H.young,7,70,10,0.0,10000.0,1.0,1.0,61.667999267578125,0.0,0.0
feature.Seral.CWHvm_FDC_HW_H.young,8,80,10,0.0,10000.0,1.0,1.0,24.81399917602539,0.0,0.0
feature.Seral.CWHvm_FDC_HW_H.young,9,90,10,0.0,10000.0,1.0,1.0,7.392000198364258,0.0,0.0
feature.Seral.CWHvm_FDC_HW_H.young,10,100,10,0.0,10000.0,1.0,1.0,7.392000198364258,0.0,0.0
feature.Seral.CWHvm_FDC_HW_H.young,11,110,10,0.0,10000.0,1.0,1.0,0.0,0.0,0.0
feature.Seral.CWHvm_FDC_HW_H.young,12,120,10,0.0,10000.0,1.0,1.0,0.0,0.0,0.0
feature.Seral.CWHvm_FDC_HW_H.young,13,130,10,0.0,10000.0,1.0,1.0,24.81399917602539,0.0,0.0
feature.Seral.CWHvm_FDC_HW_H.young,14,140,10,0.0,10000.0,1.0,1.0,24.81399917602539,0.0,0.0
feature.Seral.CWHvm_FDC_HW_H.young,15,150,10,0.0,10000.0,1.0,1.0,5.8979997634887695,0.0,0.0
feature.Seral.CWHvm_FDC_HW_H.young,16,160,10,0.0,10000.0,1.0,1.0,5.8979997634887695,0.0,0.0
feature.Seral.CWHvm_FDC_HW_H.young,17,170,10,0.0,10000.0,1.0,1.0,7.392000198364258,0.0,0.0
feature.Seral.CWHvm_FDC_HW_H.young,18,180,10,0.0,10000.0,1.0,1.0,13.289999961853027,0.0,0.0
feature.Seral.CWHvm_FDC_HW_H.young,19,190,10,0.0,10000.0,1.0,1.0,24.81399917602539,0.0,0.0
feature.Seral.CWHvm_FDC_HW_H.young,20,200,10,0.0,10000.0,1.0,1.0,36.0099983215332,0.0,0.0
feature.Seral.CWHvm_FDC_HW_H.young,21,210,10,0.0,10000.0,1.0,1.0,17.0939998626709,0.0,0.0
feature.Seral.CWHvm_FDC_HW_H.young,22,220,10,0.0,10000.0,1.0,1.0,5.8979997634887695,0.0,0.0
feature.Seral.CWHvm_FDC_HW_H.young,23,230,10,0.0,10000.0,1.0,1.0,26.746999740600586,0.0,0.0
feature.Seral.CWHvm_FDC_HW_H.young,24,240,10,0.0,10000.0,1.0,1.0,47.15700149536133,0.0,0.0
feature.Seral.CWHvm_FDC_HW_H.young,25,250,10,0.0,10000.0,1.0,1.0,26.308000564575195,0.0,0.0
feature.Seral.CWHvm_FDC_HW_H.young,26,260,10,0.0,10000.0,1.0,1.0,5.8979997634887695,0.0,0.0
feature.Seral.CWHvm_FDC_HW_H.young,27,270,10,0.0,10000.0,1.0,1.0,5.8979997634887695,0.0,0.0
feature.Seral.CWHvm_FDC_HW_H.young,28,280,10,0.0,10000.0,1.0,1.0,0.0,0.0,0.0
feature.Seral.CWHvm_FDC_HW_H.young,29,290,10,0.0,10000.0,1.0,1.0,12.532999992370605,0.0,0.0
feature.Seral.CWHvm_FDC_HW_H.young,30,300,10,0.0,10000.0,1.0,1.0,40.19900131225586,0.0,0.0
feature.Seral.CWHvm_FDC_HW_L.immature,0,0,10,0.0,10000.0,1.0,1.0,118.77899932861328,0.0,0.0
feature.Seral.CWHvm_FDC_HW_L.immature,1,10,10,0.0,10000.0,1.0,1.0,118.77899932861328,0.0,0.0
feature.Seral.CWHvm_FDC_HW_L.immature,2,20,10,0.0,10000.0,1.0,1.0,118.77899932861328,0.0,0.0
feature.Seral.CWHvm_FDC_HW_L.immature,3,30,10,0.0,10000.0,1.0,1.0,118.77899932861328,0.0,0.0
feature.Seral.CWHvm_FDC_HW_L.immature,4,40,10,0.0,10000.0,1.0,1.0,118.77899932861328,0.0,0.0
feature.Seral.CWHvm_FDC_HW_L.immature,5,50,10,0.0,10000.0,1.0,1.0,40.297000885009766,0.0,0.0
feature.Seral.CWHvm_FDC_HW_L.immature,6,60,10,0.0,10000.0,1.0,1.0,12.5,0.0,0.0
feature.Seral.CWHvm_FDC_HW_L.immature,7,70,10,0.0,10000.0,1.0,1.0,25.617000579833984,0.0,0.0
feature.Seral.CWHvm_FDC_HW_L.immature,8,80,10,0.0,10000.0,1.0,1.0,25.617000579833984,0.0,0.0
feature.Seral.CWHvm_FDC_HW_L.immature,9,90,10,0.0,10000.0,1.0,1.0,30.71500015258789,0.0,0.0
feature.Seral.CWHvm_FDC_HW_L.immature,10,100,10,0.0,10000.0,1.0,1.0,33.321998596191406,0.0,0.0
feature.Seral.CWHvm_FDC_HW_L.immature,11,110,10,0.0,10000.0,1.0,1.0,33.321998596191406,0.0,0.0
feature.Seral.CWHvm_FDC_HW_L.immature,12,120,10,0.0,10000.0,1.0,1.0,33.321998596191406,0.0,0.0
feature.Seral.CWHvm_FDC_HW_L.immature,13,130,10,0.0,10000.0,1.0,1.0,24.323999404907227,0.0,0.0
feature.Seral.CWHvm_FDC_HW_L.immature,14,140,10,0.0,10000.0,1.0,1.0,31.836000442504883,0.0,0.0
feature.Seral.CWHvm_FDC_HW_L.immature,15,150,10,0.0,10000.0,1.0,1.0,14.744000434875488,0.0,0.0
feature.Seral.CWHvm_FDC_HW_L.immature,16,160,10,0.0,10000.0,1.0,1.0,14.744000434875488,0.0,0.0
feature.Seral.CWHvm_FDC_HW_L.immature,17,170,10,0.0,10000.0,1.0,1.0,33.33000183105469,0.0,0.0
feature.Seral.CWHvm_FDC_HW_L.immature,18,180,10,0.0,10000.0,1.0,1.0,33.33000183105469,0.0,0.0
feature.Seral.CWHvm_FDC_HW_L.immature,19,190,10,0.0,10000.0,1.0,1.0,38.494998931884766,0.0,0.0
feature.Seral.CWHvm_FDC_HW_L.immature,20,200,10,0.0,10000.0,1.0,1.0,38.494998931884766,0.0,0.0
feature.Seral.CWHvm_FDC_HW_L.immature,21,210,10,0.0,10000.0,1.0,1.0,34.99300003051758,0.0,0.0
feature.Seral.CWHvm_FDC_HW_L.immature,22,220,10,0.0,10000.0,1.0,1.0,26.357999801635742,0.0,0.0
feature.Seral.CWHvm_FDC_HW_L.immature,23,230,10,0.0,10000.0,1.0,1.0,26.357999801635742,0.0,0.0
feature.Seral.CWHvm_FDC_HW_L.immature,24,240,10,0.0,10000.0,1.0,1.0,106.62699890136719,0.0,0.0
feature.Seral.CWHvm_FDC_HW_L.immature,25,250,10,0.0,10000.0,1.0,1.0,83.77100372314453,0.0,0.0
feature.Seral.CWHvm_FDC_HW_L.immature,26,260,10,0.0,10000.0,1.0,1.0,83.77100372314453,0.0,0.0
feature.Seral.CWHvm_FDC_HW_L.immature,27,270,10,0.0,10000.0,1.0,1.0,96.447998046875,0.0,0.0
feature.Seral.CWHvm_FDC_HW_L.immature,28,280,10,0.0,10000.0,1.0,1.0,100.04299926757812,0.0,0.0
feature.Seral.CWHvm_FDC_HW_L.immature,29,290,10,0.0,10000.0,1.0,1.0,113.177001953125,0.0,0.0
feature.Seral.CWHvm_FDC_HW_L.immature,30,300,10,0.0,10000.0,1.0,1.0,118.2750015258789,0.0,0.0
feature.Seral.CWHvm_FDC_HW_L.mature,0,0,10,0.0,10000.0,1.0,1.0,32.840999603271484,0.0,0.0
feature.Seral.CWHvm_FDC_HW_L.mature,1,10,10,0.0,10000.0,1.0,1.0,23.30900001525879,0.0,0.0
feature.Seral.CWHvm_FDC_HW_L.mature,2,20,10,0.0,10000.0,1.0,1.0,23.30900001525879,0.0,0.0
feature.Seral.CWHvm_FDC_HW_L.mature,3,30,10,0.0,10000.0,1.0,1.0,10.809000015258789,0.0,0.0
feature.Seral.CWHvm_FDC_HW_L.mature,4,40,10,0.0,10000.0,1.0,1.0,10.809000015258789,0.0,0.0
feature.Seral.CWHvm_FDC_HW_L.mature,5,50,10,0.0,10000.0,1.0,1.0,98.19599914550781,0.0,0.0
feature.Seral.CWHvm_FDC_HW_L.mature,6,60,10,0.0,10000.0,1.0,1.0,120.8949966430664,0.0,0.0
feature.Seral.CWHvm_FDC_HW_L.mature,7,70,10,0.0,10000.0,1.0,1.0,118.28800201416016,0.0,0.0
feature.Seral.CWHvm_FDC_HW_L.mature,8,80,10,0.0,10000.0,1.0,1.0,107.47899627685547,0.0,0.0
feature.Seral.CWHvm_FDC_HW_L.mature,9,90,10,0.0,10000.0,1.0,1.0,107.47899627685547,0.0,0.0
feature.Seral.CWHvm_FDC_HW_L.mature,10,100,10,0.0,10000.0,1.0,1.0,107.47899627685547,0.0,0.0
feature.Seral.CWHvm_FDC_HW_L.mature,11,110,10,0.0,10000.0,1.0,1.0,107.47899627685547,0.0,0.0
feature.Seral.CWHvm_FDC_HW_L.mature,12,120,10,0.0,10000.0,1.0,1.0,99.96700286865234,0.0,0.0
feature.Seral.CWHvm_FDC_HW_L.mature,13,130,10,0.0,10000.0,1.0,1.0,112.46700286865234,0.0,0.0
feature.Seral.CWHvm_FDC_HW_L.mature,14,140,10,0.0,10000.0,1.0,1.0,112.46700286865234,0.0,0.0
feature.Seral.CWHvm_FDC_HW_L.mature,15,150,10,0.0,10000.0,1.0,1.0,22.101999282836914,0.0,0.0
feature.Seral.CWHvm_FDC_HW_L.mature,16,160,10,0.0,10000.0,1.0,1.0,9.522000312805176,0.0,0.0
feature.Seral.CWHvm_FDC_HW_L.mature,17,170,10,0.0,10000.0,1.0,1.0,12.128999710083008,0.0,0.0
feature.Seral.CWHvm_FDC_HW_L.mature,18,180,10,0.0,10000.0,1.0,1.0,12.128999710083008,0.0,0.0
feature.Seral.CWHvm_FDC_HW_L.mature,19,190,10,0.0,10000.0,1.0,1.0,12.128999710083008,0.0,0.0
feature.Seral.CWHvm_FDC_HW_L.mature,20,200,10,0.0,10000.0,1.0,1.0,12.128999710083008,0.0,0.0
feature.Seral.CWHvm_FDC_HW_L.mature,21,210,10,0.0,10000.0,1.0,1.0,15.630999565124512,0.0,0.0
feature.Seral.CWHvm_FDC_HW_L.mature,22,220,10,0.0,10000.0,1.0,1.0,23.14299964904785,0.0,0.0
feature.Seral.CWHvm_FDC_HW_L.mature,23,230,10,0.0,10000.0,1.0,1.0,19.641000747680664,0.0,0.0
feature.Seral.CWHvm_FDC_HW_L.mature,24,240,10,0.0,10000.0,1.0,1.0,12.128999710083008,0.0,0.0
feature.Seral.CWHvm_FDC_HW_L.mature,25,250,10,0.0,10000.0,1.0,1.0,20.204999923706055,0.0,0.0
feature.Seral.CWHvm_FDC_HW_L.mature,26,260,10,0.0,10000.0,1.0,1.0,7.704999923706055,0.0,0.0
feature.Seral.CWHvm_FDC_HW_L.mature,27,270,10,0.0,10000.0,1.0,1.0,0.0,0.0,0.0
feature.Seral.CWHvm_FDC_HW_L.mature,28,280,10,0.0,10000.0,1.0,1.0,0.0,0.0,0.0
feature.Seral.CWHvm_FDC_HW_L.mature,29,290,10,0.0,10000.0,1.0,1.0,0.0,0.0,0.0
feature.Seral.CWHvm_FDC_HW_L.mature,30,300,10,0.0,10000.0,1.0,1.0,0.0,0.0,0.0
feature.Seral.CWHvm_FDC_HW_L.overmature,0,0,10,0.0,10000.0,1.0,1.0,1.1230000257492065,0.0,0.0
feature.Seral.CWHvm_FDC_HW_L.overmature,1,10,10,0.0,10000.0,1.0,1.0,10.654999732971191,0.0,0.0
feature.Seral.CWHvm_FDC_HW_L.overmature,2,20,10,0.0,10000.0,1.0,1.0,10.654999732971191,0.0,0.0
feature.Seral.CWHvm_FDC_HW_L.overmature,3,30,10,0.0,10000.0,1.0,1.0,10.654999732971191,0.0,0.0
feature.Seral.CWHvm_FDC_HW_L.overmature,4,40,10,0.0,10000.0,1.0,1.0,10.654999732971191,0.0,0.0
feature.Seral.CWHvm_FDC_HW_L.overmature,5,50,10,0.0,10000.0,1.0,1.0,1.1330000162124634,0.0,0.0
feature.Seral.CWHvm_FDC_HW_L.overmature,6,60,10,0.0,10000.0,1.0,1.0,1.1330000162124634,0.0,0.0
feature.Seral.CWHvm_FDC_HW_L.overmature,7,70,10,0.0,10000.0,1.0,1.0,1.1330000162124634,0.0,0.0
feature.Seral.CWHvm_FDC_HW_L.overmature,8,80,10,0.0,10000.0,1.0,1.0,11.942000389099121,0.0,0.0
feature.Seral.CWHvm_FDC_HW_L.overmature,9,90,10,0.0,10000.0,1.0,1.0,11.942000389099121,0.0,0.0
feature.Seral.CWHvm_FDC_HW_L.overmature,10,100,10,0.0,10000.0,1.0,1.0,8.4399995803833,0.0,0.0
feature.Seral.CWHvm_FDC_HW_L.overmature,11,110,10,0.0,10000.0,1.0,1.0,8.4399995803833,0.0,0.0
feature.Seral.CWHvm_FDC_HW_L.overmature,12,120,10,0.0,10000.0,1.0,1.0,8.4399995803833,0.0,0.0
feature.Seral.CWHvm_FDC_HW_L.overmature,13,130,10,0.0,10000.0,1.0,1.0,7.316999912261963,0.0,0.0
feature.Seral.CWHvm_FDC_HW_L.overmature,14,140,10,0.0,10000.0,1.0,1.0,7.316999912261963,0.0,0.0
feature.Seral.CWHvm_FDC_HW_L.overmature,15,150,10,0.0,10000.0,1.0,1.0,94.7040023803711,0.0,0.0
feature.Seral.CWHvm_FDC_HW_L.overmature,16,160,10,0.0,10000.0,1.0,1.0,102.11900329589844,0.0,0.0
feature.Seral.CWHvm_FDC_HW_L.overmature,17,170,10,0.0,10000.0,1.0,1.0,102.11900329589844,0.0,0.0
feature.Seral.CWHvm_FDC_HW_L.overmature,18,180,10,0.0,10000.0,1.0,1.0,102.11900329589844,0.0,0.0
feature.Seral.CWHvm_FDC_HW_L.overmature,19,190,10,0.0,10000.0,1.0,1.0,102.11900329589844,0.0,0.0
feature.Seral.CWHvm_FDC_HW_L.overmature,20,200,10,0.0,10000.0,1.0,1.0,102.11900329589844,0.0,0.0
feature.Seral.CWHvm_FDC_HW_L.overmature,21,210,10,0.0,10000.0,1.0,1.0,22.972999572753906,0.0,0.0
feature.Seral.CWHvm_FDC_HW_L.overmature,22,220,10,0.0,10000.0,1.0,1.0,22.972999572753906,0.0,0.0
feature.Seral.CWHvm_FDC_HW_L.overmature,23,230,10,0.0,10000.0,1.0,1.0,22.972999572753906,0.0,0.0
feature.Seral.CWHvm_FDC_HW_L.overmature,24,240,10,0.0,10000.0,1.0,1.0,22.972999572753906,0.0,0.0
feature.Seral.CWHvm_FDC_HW_L.overmature,25,250,10,0.0,10000.0,1.0,1.0,32.494998931884766,0.0,0.0
feature.Seral.CWHvm_FDC_HW_L.overmature,26,260,10,0.0,10000.0,1.0,1.0,32.494998931884766,0.0,0.0
feature.Seral.CWHvm_FDC_HW_L.overmature,27,270,10,0.0,10000.0,1.0,1.0,34.46799850463867,0.0,0.0
feature.Seral.CWHvm_FDC_HW_L.overmature,28,280,10,0.0,10000.0,1.0,1.0,34.46799850463867,0.0,0.0
feature.Seral.CWHvm_FDC_HW_L.overmature,29,290,10,0.0,10000.0,1.0,1.0,31.861000061035156,0.0,0.0
feature.Seral.CWHvm_FDC_HW_L.overmature,30,300,10,0.0,10000.0,1.0,1.0,31.861000061035156,0.0,0.0
feature.Seral.CWHvm_FDC_HW_L.regenerating,0,0,10,0.0,10000.0,1.0,1.0,0.0,0.0,0.0
feature.Seral.CWHvm_FDC_HW_L.regenerating,1,10,10,0.0,10000.0,1.0,1.0,0.0,0.0,0.0
feature.Seral.CWHvm_FDC_HW_L.regenerating,2,20,10,0.0,10000.0,1.0,1.0,0.0,0.0,0.0
feature.Seral.CWHvm_FDC_HW_L.regenerating,3,30,10,0.0,10000.0,1.0,1.0,0.0,0.0,0.0
feature.Seral.CWHvm_FDC_HW_L.regenerating,4,40,10,0.0,10000.0,1.0,1.0,0.0,0.0,0.0
feature.Seral.CWHvm_FDC_HW_L.regenerating,5,50,10,0.0,10000.0,1.0,1.0,0.0,0.0,0.0
feature.Seral.CWHvm_FDC_HW_L.regenerating,6,60,10,0.0,10000.0,1.0,1.0,5.0980000495910645,0.0,0.0
feature.Seral.CWHvm_FDC_HW_L.regenerating,7,70,10,0.0,10000.0,1.0,1.0,2.6070001125335693,0.0,0.0
feature.Seral.CWHvm_FDC_HW_L.regenerating,8,80,10,0.0,10000.0,1.0,1.0,0.0,0.0,0.0
feature.Seral.CWHvm_FDC_HW_L.regenerating,9,90,10,0.0,10000.0,1.0,1.0,0.0,0.0,0.0
feature.Seral.CWHvm_FDC_HW_L.regenerating,10,100,10,0.0,10000.0,1.0,1.0,3.502000093460083,0.0,0.0
feature.Seral.CWHvm_FDC_HW_L.regenerating,11,110,10,0.0,10000.0,1.0,1.0,0.0,0.0,0.0
feature.Seral.CWHvm_FDC_HW_L.regenerating,12,120,10,0.0,10000.0,1.0,1.0,0.0,0.0,0.0
feature.Seral.CWHvm_FDC_HW_L.regenerating,13,130,10,0.0,10000.0,1.0,1.0,0.0,0.0,0.0
feature.Seral.CWHvm_FDC_HW_L.regenerating,14,140,10,0.0,10000.0,1.0,1.0,0.0,0.0,0.0
feature.Seral.CWHvm_FDC_HW_L.regenerating,15,150,10,0.0,10000.0,1.0,1.0,0.0,0.0,0.0
feature.Seral.CWHvm_FDC_HW_L.regenerating,16,160,10,0.0,10000.0,1.0,1.0,5.164999961853027,0.0,0.0
feature.Seral.CWHvm_FDC_HW_L.regenerating,17,170,10,0.0,10000.0,1.0,1.0,0.0,0.0,0.0
feature.Seral.CWHvm_FDC_HW_L.regenerating,18,180,10,0.0,10000.0,1.0,1.0,0.0,0.0,0.0
feature.Seral.CWHvm_FDC_HW_L.regenerating,19,190,10,0.0,10000.0,1.0,1.0,0.0,0.0,0.0
feature.Seral.CWHvm_FDC_HW_L.regenerating,20,200,10,0.0,10000.0,1.0,1.0,0.0,0.0,0.0
feature.Seral.CWHvm_FDC_HW_L.regenerating,21,210,10,0.0,10000.0,1.0,1.0,79.14600372314453,0.0,0.0
feature.Seral.CWHvm_FDC_HW_L.regenerating,22,220,10,0.0,10000.0,1.0,1.0,0.0,0.0,0.0
feature.Seral.CWHvm_FDC_HW_L.regenerating,23,230,10,0.0,10000.0,1.0,1.0,0.0,0.0,0.0
feature.Seral.CWHvm_FDC_HW_L.regenerating,24,240,10,0.0,10000.0,1.0,1.0,7.51200008392334,0.0,0.0
feature.Seral.CWHvm_FDC_HW_L.regenerating,25,250,10,0.0,10000.0,1.0,1.0,3.5950000286102295,0.0,0.0
feature.Seral.CWHvm_FDC_HW_L.regenerating,26,260,10,0.0,10000.0,1.0,1.0,12.5,0.0,0.0
feature.Seral.CWHvm_FDC_HW_L.regenerating,27,270,10,0.0,10000.0,1.0,1.0,5.0980000495910645,0.0,0.0
feature.Seral.CWHvm_FDC_HW_L.regenerating,28,280,10,0.0,10000.0,1.0,1.0,0.0,0.0,0.0
feature.Seral.CWHvm_FDC_HW_L.regenerating,29,290,10,0.0,10000.0,1.0,1.0,0.0,0.0,0.0
feature.Seral.CWHvm_FDC_HW_L.regenerating,30,300,10,0.0,10000.0,1.0,1.0,0.0,0.0,0.0
feature.Seral.CWHvm_FDC_HW_L.young,0,0,10,0.0,10000.0,1.0,1.0,0.0,0.0,0.0
feature.Seral.CWHvm_FDC_HW_L.young,1,10,10,0.0,10000.0,1.0,1.0,0.0,0.0,0.0
feature.Seral.CWHvm_FDC_HW_L.young,2,20,10,0.0,10000.0,1.0,1.0,0.0,0.0,0.0
feature.Seral.CWHvm_FDC_HW_L.young,3,30,10,0.0,10000.0,1.0,1.0,12.5,0.0,0.0
feature.Seral.CWHvm_FDC_HW_L.young,4,40,10,0.0,10000.0,1.0,1.0,12.5,0.0,0.0
feature.Seral.CWHvm_FDC_HW_L.young,5,50,10,0.0,10000.0,1.0,1.0,13.116999626159668,0.0,0.0
feature.Seral.CWHvm_FDC_HW_L.young,6,60,10,0.0,10000.0,1.0,1.0,13.116999626159668,0.0,0.0
feature.Seral.CWHvm_FDC_HW_L.young,7,70,10,0.0,10000.0,1.0,1.0,5.0980000495910645,0.0,0.0
feature.Seral.CWHvm_FDC_HW_L.young,8,80,10,0.0,10000.0,1.0,1.0,7.704999923706055,0.0,0.0
feature.Seral.CWHvm_FDC_HW_L.young,9,90,10,0.0,10000.0,1.0,1.0,2.6070001125335693,0.0,0.0
feature.Seral.CWHvm_FDC_HW_L.young,10,100,10,0.0,10000.0,1.0,1.0,0.0,0.0,0.0
feature.Seral.CWHvm_FDC_HW_L.young,11,110,10,0.0,10000.0,1.0,1.0,3.502000093460083,0.0,0.0
feature.Seral.CWHvm_FDC_HW_L.young,12,120,10,0.0,10000.0,1.0,1.0,11.013999938964844,0.0,0.0
feature.Seral.CWHvm_FDC_HW_L.young,13,130,10,0.0,10000.0,1.0,1.0,8.635000228881836,0.0,0.0
feature.Seral.CWHvm_FDC_HW_L.young,14,140,10,0.0,10000.0,1.0,1.0,1.1230000257492065,0.0,0.0
feature.Seral.CWHvm_FDC_HW_L.young,15,150,10,0.0,10000.0,1.0,1.0,21.19300079345703,0.0,0.0
feature.Seral.CWHvm_FDC_HW_L.young,16,160,10,0.0,10000.0,1.0,1.0,21.19300079345703,0.0,0.0
feature.Seral.CWHvm_FDC_HW_L.young,17,170,10,0.0,10000.0,1.0,1.0,5.164999961853027,0.0,0.0
feature.Seral.CWHvm_FDC_HW_L.young,18,180,10,0.0,10000.0,1.0,1.0,5.164999961853027,0.0,0.0
feature.Seral.CWHvm_FDC_HW_L.young,19,190,10,0.0,10000.0,1.0,1.0,0.0,0.0,0.0
feature.Seral.CWHvm_FDC_HW_L.young,20,200,10,0.0,10000.0,1.0,1.0,0.0,0.0,0.0
feature.Seral.CWHvm_FDC_HW_L.young,21,210,10,0.0,10000.0,1.0,1.0,0.0,0.0,0.0
feature.Seral.CWHvm_FDC_HW_L.young,22,220,10,0.0,10000.0,1.0,1.0,80.26899719238281,0.0,0.0
feature.Seral.CWHvm_FDC_HW_L.young,23,230,10,0.0,10000.0,1.0,1.0,83.77100372314453,0.0,0.0
feature.Seral.CWHvm_FDC_HW_L.young,24,240,10,0.0,10000.0,1.0,1.0,3.502000093460083,0.0,0.0
feature.Seral.CWHvm_FDC_HW_L.young,25,250,10,0.0,10000.0,1.0,1.0,12.677000045776367,0.0,0.0
feature.Seral.CWHvm_FDC_HW_L.young,26,260,10,0.0,10000.0,1.0,1.0,16.27199935913086,0.0,0.0
feature.Seral.CWHvm_FDC_HW_L.young,27,270,10,0.0,10000.0,1.0,1.0,16.729000091552734,0.0,0.0
feature.Seral.CWHvm_FDC_HW_L.young,28,280,10,0.0,10000.0,1.0,1.0,18.23200035095215,0.0,0.0
feature.Seral.CWHvm_FDC_HW_L.young,29,290,10,0.0,10000.0,1.0,1.0,7.704999923706055,0.0,0.0
feature.Seral.CWHvm_FDC_HW_L.young,30,300,10,0.0,10000.0,1.0,1.0,2.6070001125335693,0.0,0.0
feature.Seral.CWHvm_FDC_HW_M.immature,0,0,10,0.0,10000.0,1.0,1.0,178.66900634765625,0.0,0.0
feature.Seral.CWHvm_FDC_HW_M.immature,1,10,10,0.0,10000.0,1.0,1.0,127.19599914550781,0.0,0.0
feature.Seral.CWHvm_FDC_HW_M.immature,2,20,10,0.0,10000.0,1.0,1.0,124.93199920654297,0.0,0.0
feature.Seral.CWHvm_FDC_HW_M.immature,3,30,10,0.0,10000.0,1.0,1.0,82.48999786376953,0.0,0.0
feature.Seral.CWHvm_FDC_HW_M.immature,4,40,10,0.0,10000.0,1.0,1.0,41.749000549316406,0.0,0.0
feature.Seral.CWHvm_FDC_HW_M.immature,5,50,10,0.0,10000.0,1.0,1.0,41.749000549316406,0.0,0.0
feature.Seral.CWHvm_FDC_HW_M.immature,6,60,10,0.0,10000.0,1.0,1.0,95.64099884033203,0.0,0.0
feature.Seral.CWHvm_FDC_HW_M.immature,7,70,10,0.0,10000.0,1.0,1.0,124.677001953125,0.0,0.0
feature.Seral.CWHvm_FDC_HW_M.immature,8,80,10,0.0,10000.0,1.0,1.0,96.66899871826172,0.0,0.0
feature.Seral.CWHvm_FDC_HW_M.immature,9,90,10,0.0,10000.0,1.0,1.0,47.70100021362305,0.0,0.0
feature.Seral.CWHvm_FDC_HW_M.immature,10,100,10,0.0,10000.0,1.0,1.0,45.4370002746582,0.0,0.0
feature.Seral.CWHvm_FDC_HW_M.immature,11,110,10,0.0,10000.0,1.0,1.0,64.97000122070312,0.0,0.0
feature.Seral.CWHvm_FDC_HW_M.immature,12,120,10,0.0,10000.0,1.0,1.0,121.74700164794922,0.0,0.0
feature.Seral.CWHvm_FDC_HW_M.immature,13,130,10,0.0,10000.0,1.0,1.0,123.71099853515625,0.0,0.0
feature.Seral.CWHvm_FDC_HW_M.immature,14,140,10,0.0,10000.0,1.0,1.0,143.49000549316406,0.0,0.0
feature.Seral.CWHvm_FDC_HW_M.immature,15,150,10,0.0,10000.0,1.0,1.0,136.04600524902344,0.0,0.0
feature.Seral.CWHvm_FDC_HW_M.immature,16,160,10,0.0,10000.0,1.0,1.0,96.66899871826172,0.0,0.0
feature.Seral.CWHvm_FDC_HW_M.immature,17,170,10,0.0,10000.0,1.0,1.0,37.99300003051758,0.0,0.0
feature.Seral.CWHvm_FDC_HW_M.immature,18,180,10,0.0,10000.0,1.0,1.0,68.88600158691406,0.0,0.0
feature.Seral.CWHvm_FDC_HW_M.immature,19,190,10,0.0,10000.0,1.0,1.0,69.36799621582031,0.0,0.0
feature.Seral.CWHvm_FDC_HW_M.immature,20,200,10,0.0,10000.0,1.0,1.0,125.52400207519531,0.0,0.0
feature.Seral.CWHvm_FDC_HW_M.immature,21,210,10,0.0,10000.0,1.0,1.0,116.26699829101562,0.0,0.0
feature.Seral.CWHvm_FDC_HW_M.immature,22,220,10,0.0,10000.0,1.0,1.0,136.04600524902344,0.0,0.0
feature.Seral.CWHvm_FDC_HW_M.immature,23,230,10,0.0,10000.0,1.0,1.0,42.84199905395508,0.0,0.0
feature.Seral.CWHvm_FDC_HW_M.immature,24,240,10,0.0,10000.0,1.0,1.0,22.042999267578125,0.0,0.0
feature.Seral.CWHvm_FDC_HW_M.immature,25,250,10,0.0,10000.0,1.0,1.0,50.801998138427734,0.0,0.0
feature.Seral.CWHvm_FDC_HW_M.immature,26,260,10,0.0,10000.0,1.0,1.0,147.06399536132812,0.0,0.0
feature.Seral.CWHvm_FDC_HW_M.immature,27,270,10,0.0,10000.0,1.0,1.0,136.24200439453125,0.0,0.0
feature.Seral.CWHvm_FDC_HW_M.immature,28,280,10,0.0,10000.0,1.0,1.0,138.50599670410156,0.0,0.0
feature.Seral.CWHvm_FDC_HW_M.immature,29,290,10,0.0,10000.0,1.0,1.0,127.02899932861328,0.0,0.0
feature.Seral.CWHvm_FDC_HW_M.immature,30,300,10,0.0,10000.0,1.0,1.0,96.56099700927734,0.0,0.0
feature.Seral.CWHvm_FDC_HW_M.mature,0,0,10,0.0,10000.0,1.0,1.0,10.95300006866455,0.0,0.0
feature.Seral.CWHvm_FDC_HW_M.mature,1,10,10,0.0,10000.0,1.0,1.0,22.94099998474121,0.0,0.0
feature.Seral.CWHvm_FDC_HW_M.mature,2,20,10,0.0,10000.0,1.0,1.0,22.94099998474121,0.0,0.0
feature.Seral.CWHvm_FDC_HW_M.mature,3,30,10,0.0,10000.0,1.0,1.0,48.45600128173828,0.0,0.0
feature.Seral.CWHvm_FDC_HW_M.mature,4,40,10,0.0,10000.0,1.0,1.0,74.2020034790039,0.0,0.0
feature.Seral.CWHvm_FDC_HW_M.mature,5,50,10,0.0,10000.0,1.0,1.0,64.94499969482422,0.0,0.0
feature.Seral.CWHvm_FDC_HW_M.mature,6,60,10,0.0,10000.0,1.0,1.0,64.94499969482422,0.0,0.0
feature.Seral.CWHvm_FDC_HW_M.mature,7,70,10,0.0,10000.0,1.0,1.0,57.500999450683594,0.0,0.0
feature.Seral.CWHvm_FDC_HW_M.mature,8,80,10,0.0,10000.0,1.0,1.0,48.71699905395508,0.0,0.0
feature.Seral.CWHvm_FDC_HW_M.mature,9,90,10,0.0,10000.0,1.0,1.0,36.875,0.0,0.0
feature.Seral.CWHvm_FDC_HW_M.mature,10,100,10,0.0,10000.0,1.0,1.0,34.70600128173828,0.0,0.0
feature.Seral.CWHvm_FDC_HW_M.mature,11,110,10,0.0,10000.0,1.0,1.0,34.70600128173828,0.0,0.0
feature.Seral.CWHvm_FDC_HW_M.mature,12,120,10,0.0,10000.0,1.0,1.0,34.70600128173828,0.0,0.0
feature.Seral.CWHvm_FDC_HW_M.mature,13,130,10,0.0,10000.0,1.0,1.0,31.975000381469727,0.0,0.0
feature.Seral.CWHvm_FDC_HW_M.mature,14,140,10,0.0,10000.0,1.0,1.0,31.975000381469727,0.0,0.0
feature.Seral.CWHvm_FDC_HW_M.mature,15,150,10,0.0,10000.0,1.0,1.0,33.189998626708984,0.0,0.0
feature.Seral.CWHvm_FDC_HW_M.mature,16,160,10,0.0,10000.0,1.0,1.0,7.443999767303467,0.0,0.0
feature.Seral.CWHvm_FDC_HW_M.mature,17,170,10,0.0,10000.0,1.0,1.0,7.443999767303467,0.0,0.0
feature.Seral.CWHvm_FDC_HW_M.mature,18,180,10,0.0,10000.0,1.0,1.0,7.443999767303467,0.0,0.0
feature.Seral.CWHvm_FDC_HW_M.mature,19,190,10,0.0,10000.0,1.0,1.0,7.443999767303467,0.0,0.0
feature.Seral.CWHvm_FDC_HW_M.mature,20,200,10,0.0,10000.0,1.0,1.0,7.443999767303467,0.0,0.0
feature.Seral.CWHvm_FDC_HW_M.mature,21,210,10,0.0,10000.0,1.0,1.0,16.701000213623047,0.0,0.0
feature.Seral.CWHvm_FDC_HW_M.mature,22,220,10,0.0,10000.0,1.0,1.0,16.701000213623047,0.0,0.0
feature.Seral.CWHvm_FDC_HW_M.mature,23,230,10,0.0,10000.0,1.0,1.0,16.701000213623047,0.0,0.0
feature.Seral.CWHvm_FDC_HW_M.mature,24,240,10,0.0,10000.0,1.0,1.0,16.701000213623047,0.0,0.0
feature.Seral.CWHvm_FDC_HW_M.mature,25,250,10,0.0,10000.0,1.0,1.0,16.701000213623047,0.0,0.0
feature.Seral.CWHvm_FDC_HW_M.mature,26,260,10,0.0,10000.0,1.0,1.0,16.701000213623047,0.0,0.0
feature.Seral.CWHvm_FDC_HW_M.mature,27,270,10,0.0,10000.0,1.0,1.0,9.256999969482422,0.0,0.0
feature.Seral.CWHvm_FDC_HW_M.mature,28,280,10,0.0,10000.0,1.0,1.0,9.256999969482422,0.0,0.0
feature.Seral.CWHvm_FDC_HW_M.mature,29,290,10,0.0,10000.0,1.0,1.0,9.256999969482422,0.0,0.0
feature.Seral.CWHvm_FDC_HW_M.mature,30,300,10,0.0,10000.0,1.0,1.0,31.496000289916992,0.0,0.0
feature.Seral.CWHvm_FDC_HW_M.overmature,0,0,10,0.0,10000.0,1.0,1.0,0.0,0.0,0.0
feature.Seral.CWHvm_FDC_HW_M.overmature,1,10,10,0.0,10000.0,1.0,1.0,0.0,0.0,0.0
feature.Seral.CWHvm_FDC_HW_M.overmature,2,20,10,0.0,10000.0,1.0,1.0,0.0,0.0,0.0
feature.Seral.CWHvm_FDC_HW_M.overmature,3,30,10,0.0,10000.0,1.0,1.0,0.0,0.0,0.0
feature.Seral.CWHvm_FDC_HW_M.overmature,4,40,10,0.0,10000.0,1.0,1.0,0.0,0.0,0.0
feature.Seral.CWHvm_FDC_HW_M.overmature,5,50,10,0.0,10000.0,1.0,1.0,0.0,0.0,0.0
feature.Seral.CWHvm_FDC_HW_M.overmature,6,60,10,0.0,10000.0,1.0,1.0,0.0,0.0,0.0
feature.Seral.CWHvm_FDC_HW_M.overmature,7,70,10,0.0,10000.0,1.0,1.0,0.0,0.0,0.0
feature.Seral.CWHvm_FDC_HW_M.overmature,8,80,10,0.0,10000.0,1.0,1.0,0.0,0.0,0.0
feature.Seral.CWHvm_FDC_HW_M.overmature,9,90,10,0.0,10000.0,1.0,1.0,0.0,0.0,0.0
feature.Seral.CWHvm_FDC_HW_M.overmature,10,100,10,0.0,10000.0,1.0,1.0,2.1689999103546143,0.0,0.0
feature.Seral.CWHvm_FDC_HW_M.overmature,11,110,10,0.0,10000.0,1.0,1.0,2.1689999103546143,0.0,0.0
feature.Seral.CWHvm_FDC_HW_M.overmature,12,120,10,0.0,10000.0,1.0,1.0,2.1689999103546143,0.0,0.0
feature.Seral.CWHvm_FDC_HW_M.overmature,13,130,10,0.0,10000.0,1.0,1.0,4.900000095367432,0.0,0.0
feature.Seral.CWHvm_FDC_HW_M.overmature,14,140,10,0.0,10000.0,1.0,1.0,4.900000095367432,0.0,0.0
feature.Seral.CWHvm_FDC_HW_M.overmature,15,150,10,0.0,10000.0,1.0,1.0,11.128999710083008,0.0,0.0
feature.Seral.CWHvm_FDC_HW_M.overmature,16,160,10,0.0,10000.0,1.0,1.0,36.875,0.0,0.0
feature.Seral.CWHvm_FDC_HW_M.overmature,17,170,10,0.0,10000.0,1.0,1.0,36.875,0.0,0.0
feature.Seral.CWHvm_FDC_HW_M.overmature,18,180,10,0.0,10000.0,1.0,1.0,36.875,0.0,0.0
feature.Seral.CWHvm_FDC_HW_M.overmature,19,190,10,0.0,10000.0,1.0,1.0,36.875,0.0,0.0
feature.Seral.CWHvm_FDC_HW_M.overmature,20,200,10,0.0,10000.0,1.0,1.0,36.875,0.0,0.0
feature.Seral.CWHvm_FDC_HW_M.overmature,21,210,10,0.0,10000.0,1.0,1.0,36.875,0.0,0.0
feature.Seral.CWHvm_FDC_HW_M.overmature,22,220,10,0.0,10000.0,1.0,1.0,14.63599967956543,0.0,0.0
feature.Seral.CWHvm_FDC_HW_M.overmature,23,230,10,0.0,10000.0,1.0,1.0,14.63599967956543,0.0,0.0
feature.Seral.CWHvm_FDC_HW_M.overmature,24,240,10,0.0,10000.0,1.0,1.0,14.63599967956543,0.0,0.0
feature.Seral.CWHvm_FDC_HW_M.overmature,25,250,10,0.0,10000.0,1.0,1.0,14.63599967956543,0.0,0.0
feature.Seral.CWHvm_FDC_HW_M.overmature,26,260,10,0.0,10000.0,1.0,1.0,14.63599967956543,0.0,0.0
feature.Seral.CWHvm_FDC_HW_M.overmature,27,270,10,0.0,10000.0,1.0,1.0,22.079999923706055,0.0,0.0
feature.Seral.CWHvm_FDC_HW_M.overmature,28,280,10,0.0,10000.0,1.0,1.0,22.079999923706055,0.0,0.0
feature.Seral.CWHvm_FDC_HW_M.overmature,29,290,10,0.0,10000.0,1.0,1.0,22.079999923706055,0.0,0.0
feature.Seral.CWHvm_FDC_HW_M.overmature,30,300,10,0.0,10000.0,1.0,1.0,22.079999923706055,0.0,0.0
feature.Seral.CWHvm_FDC_HW_M.regenerating,0,0,10,0.0,10000.0,1.0,1.0,0.0,0.0,0.0
feature.Seral.CWHvm_FDC_HW_M.regenerating,1,10,10,0.0,10000.0,1.0,1.0,11.47700023651123,0.0,0.0
feature.Seral.CWHvm_FDC_HW_M.regenerating,2,20,10,0.0,10000.0,1.0,1.0,0.0,0.0,0.0
feature.Seral.CWHvm_FDC_HW_M.regenerating,3,30,10,0.0,10000.0,1.0,1.0,44.935001373291016,0.0,0.0
feature.Seral.CWHvm_FDC_HW_M.regenerating,4,40,10,0.0,10000.0,1.0,1.0,19.77899932861328,0.0,0.0
feature.Seral.CWHvm_FDC_HW_M.regenerating,5,50,10,0.0,10000.0,1.0,1.0,0.0,0.0,0.0
feature.Seral.CWHvm_FDC_HW_M.regenerating,6,60,10,0.0,10000.0,1.0,1.0,0.0,0.0,0.0
feature.Seral.CWHvm_FDC_HW_M.regenerating,7,70,10,0.0,10000.0,1.0,1.0,0.0,0.0,0.0
feature.Seral.CWHvm_FDC_HW_M.regenerating,8,80,10,0.0,10000.0,1.0,1.0,36.79199981689453,0.0,0.0
feature.Seral.CWHvm_FDC_HW_M.regenerating,9,90,10,0.0,10000.0,1.0,1.0,56.777000427246094,0.0,0.0
feature.Seral.CWHvm_FDC_HW_M.regenerating,10,100,10,0.0,10000.0,1.0,1.0,2.2639999389648438,0.0,0.0
feature.Seral.CWHvm_FDC_HW_M.regenerating,11,110,10,0.0,10000.0,1.0,1.0,19.77899932861328,0.0,0.0
feature.Seral.CWHvm_FDC_HW_M.regenerating,12,120,10,0.0,10000.0,1.0,1.0,0.0,0.0,0.0
feature.Seral.CWHvm_FDC_HW_M.regenerating,13,130,10,0.0,10000.0,1.0,1.0,9.256999969482422,0.0,0.0
feature.Seral.CWHvm_FDC_HW_M.regenerating,14,140,10,0.0,10000.0,1.0,1.0,0.0,0.0,0.0
feature.Seral.CWHvm_FDC_HW_M.regenerating,15,150,10,0.0,10000.0,1.0,1.0,0.0,0.0,0.0
feature.Seral.CWHvm_FDC_HW_M.regenerating,16,160,10,0.0,10000.0,1.0,1.0,8.784000396728516,0.0,0.0
feature.Seral.CWHvm_FDC_HW_M.regenerating,17,170,10,0.0,10000.0,1.0,1.0,47.19900131225586,0.0,0.0
feature.Seral.CWHvm_FDC_HW_M.regenerating,18,180,10,0.0,10000.0,1.0,1.0,0.0,0.0,0.0
feature.Seral.CWHvm_FDC_HW_M.regenerating,19,190,10,0.0,10000.0,1.0,1.0,19.77899932861328,0.0,0.0
feature.Seral.CWHvm_FDC_HW_M.regenerating,20,200,10,0.0,10000.0,1.0,1.0,0.0,0.0,0.0
feature.Seral.CWHvm_FDC_HW_M.regenerating,21,210,10,0.0,10000.0,1.0,1.0,0.0,0.0,0.0
feature.Seral.CWHvm_FDC_HW_M.regenerating,22,220,10,0.0,10000.0,1.0,1.0,22.23900032043457,0.0,0.0
feature.Seral.CWHvm_FDC_HW_M.regenerating,23,230,10,0.0,10000.0,1.0,1.0,84.41999816894531,0.0,0.0
feature.Seral.CWHvm_FDC_HW_M.regenerating,24,240,10,0.0,10000.0,1.0,1.0,8.956999778747559,0.0,0.0
feature.Seral.CWHvm_FDC_HW_M.regenerating,25,250,10,0.0,10000.0,1.0,1.0,2.2639999389648438,0.0,0.0
feature.Seral.CWHvm_FDC_HW_M.regenerating,26,260,10,0.0,10000.0,1.0,1.0,0.0,0.0,0.0
feature.Seral.CWHvm_FDC_HW_M.regenerating,27,270,10,0.0,10000.0,1.0,1.0,19.77899932861328,0.0,0.0
feature.Seral.CWHvm_FDC_HW_M.regenerating,28,280,10,0.0,10000.0,1.0,1.0,0.0,0.0,0.0
feature.Seral.CWHvm_FDC_HW_M.regenerating,29,290,10,0.0,10000.0,1.0,1.0,11.47700023651123,0.0,0.0
feature.Seral.CWHvm_FDC_HW_M.regenerating,30,300,10,0.0,10000.0,1.0,1.0,28.007999420166016,0.0,0.0
feature.Seral.CWHvm_FDC_HW_M.young,0,0,10,0.0,10000.0,1.0,1.0,0.0,0.0,0.0
feature.Seral.CWHvm_FDC_HW_M.young,1,10,10,0.0,10000.0,1.0,1.0,28.007999420166016,0.0,0.0
feature.Seral.CWHvm_FDC_HW_M.young,2,20,10,0.0,10000.0,1.0,1.0,41.749000549316406,0.0,0.0
feature.Seral.CWHvm_FDC_HW_M.young,3,30,10,0.0,10000.0,1.0,1.0,13.741000175476074,0.0,0.0
feature.Seral.CWHvm_FDC_HW_M.young,4,40,10,0.0,10000.0,1.0,1.0,53.891998291015625,0.0,0.0
feature.Seral.CWHvm_FDC_HW_M.young,5,50,10,0.0,10000.0,1.0,1.0,82.9280014038086,0.0,0.0
feature.Seral.CWHvm_FDC_HW_M.young,6,60,10,0.0,10000.0,1.0,1.0,29.035999298095703,0.0,0.0
feature.Seral.CWHvm_FDC_HW_M.young,7,70,10,0.0,10000.0,1.0,1.0,7.443999767303467,0.0,0.0
feature.Seral.CWHvm_FDC_HW_M.young,8,80,10,0.0,10000.0,1.0,1.0,7.443999767303467,0.0,0.0
feature.Seral.CWHvm_FDC_HW_M.young,9,90,10,0.0,10000.0,1.0,1.0,48.26900100708008,0.0,0.0
feature.Seral.CWHvm_FDC_HW_M.young,10,100,10,0.0,10000.0,1.0,1.0,105.0459976196289,0.0,0.0
feature.Seral.CWHvm_FDC_HW_M.young,11,110,10,0.0,10000.0,1.0,1.0,67.99800109863281,0.0,0.0
feature.Seral.CWHvm_FDC_HW_M.young,12,120,10,0.0,10000.0,1.0,1.0,31.0,0.0,0.0
feature.Seral.CWHvm_FDC_HW_M.young,13,130,10,0.0,10000.0,1.0,1.0,19.77899932861328,0.0,0.0
feature.Seral.CWHvm_FDC_HW_M.young,14,140,10,0.0,10000.0,1.0,1.0,9.256999969482422,0.0,0.0
feature.Seral.CWHvm_FDC_HW_M.young,15,150,10,0.0,10000.0,1.0,1.0,9.256999969482422,0.0,0.0
feature.Seral.CWHvm_FDC_HW_M.young,16,160,10,0.0,10000.0,1.0,1.0,39.849998474121094,0.0,0.0
feature.Seral.CWHvm_FDC_HW_M.young,17,170,10,0.0,10000.0,1.0,1.0,60.111000061035156,0.0,0.0
feature.Seral.CWHvm_FDC_HW_M.young,18,180,10,0.0,10000.0,1.0,1.0,76.41699981689453,0.0,0.0
feature.Seral.CWHvm_FDC_HW_M.young,19,190,10,0.0,10000.0,1.0,1.0,56.15599822998047,0.0,0.0
feature.Seral.CWHvm_FDC_HW_M.young,20,200,10,0.0,10000.0,1.0,1.0,19.77899932861328,0.0,0.0
feature.Seral.CWHvm_FDC_HW_M.young,21,210,10,0.0,10000.0,1.0,1.0,19.77899932861328,0.0,0.0
feature.Seral.CWHvm_FDC_HW_M.young,22,220,10,0.0,10000.0,1.0,1.0,0.0,0.0,0.0
feature.Seral.CWHvm_FDC_HW_M.young,23,230,10,0.0,10000.0,1.0,1.0,31.023000717163086,0.0,0.0
feature.Seral.CWHvm_FDC_HW_M.young,24,240,10,0.0,10000.0,1.0,1.0,127.28500366210938,0.0,0.0
feature.Seral.CWHvm_FDC_HW_M.young,25,250,10,0.0,10000.0,1.0,1.0,105.21900177001953,0.0,0.0
feature.Seral.CWHvm_FDC_HW_M.young,26,260,10,0.0,10000.0,1.0,1.0,11.220999717712402,0.0,0.0
feature.Seral.CWHvm_FDC_HW_M.young,27,270,10,0.0,10000.0,1.0,1.0,2.2639999389648438,0.0,0.0
feature.Seral.CWHvm_FDC_HW_M.young,28,280,10,0.0,10000.0,1.0,1.0,19.77899932861328,0.0,0.0
feature.Seral.CWHvm_FDC_HW_M.young,29,290,10,0.0,10000.0,1.0,1.0,19.77899932861328,0.0,0.0
feature.Seral.CWHvm_FDC_HW_M.young,30,300,10,0.0,10000.0,1.0,1.0,11.47700023651123,0.0,0.0
feature.Seral.CWHvm_HW_BA_M.immature,0,0,10,0.0,10000.0,1.0,1.0,0.0,0.0,0.0
feature.Seral.CWHvm_HW_BA_M.immature,1,10,10,0.0,10000.0,1.0,1.0,0.0,0.0,0.0
feature.Seral.CWHvm_HW_BA_M.immature,2,20,10,0.0,10000.0,1.0,1.0,0.0,0.0,0.0
feature.Seral.CWHvm_HW_BA_M.immature,3,30,10,0.0,10000.0,1.0,1.0,0.0,0.0,0.0
feature.Seral.CWHvm_HW_BA_M.immature,4,40,10,0.0,10000.0,1.0,1.0,0.0,0.0,0.0
feature.Seral.CWHvm_HW_BA_M.immature,5,50,10,0.0,10000.0,1.0,1.0,0.0,0.0,0.0
feature.Seral.CWHvm_HW_BA_M.immature,6,60,10,0.0,10000.0,1.0,1.0,0.0,0.0,0.0
feature.Seral.CWHvm_HW_BA_M.immature,7,70,10,0.0,10000.0,1.0,1.0,7.182000160217285,0.0,0.0
feature.Seral.CWHvm_HW_BA_M.immature,8,80,10,0.0,10000.0,1.0,1.0,7.182000160217285,0.0,0.0
feature.Seral.CWHvm_HW_BA_M.immature,9,90,10,0.0,10000.0,1.0,1.0,9.447999954223633,0.0,0.0
feature.Seral.CWHvm_HW_BA_M.immature,10,100,10,0.0,10000.0,1.0,1.0,27.20199966430664,0.0,0.0
feature.Seral.CWHvm_HW_BA_M.immature,11,110,10,0.0,10000.0,1.0,1.0,27.20199966430664,0.0,0.0
feature.Seral.CWHvm_HW_BA_M.immature,12,120,10,0.0,10000.0,1.0,1.0,27.20199966430664,0.0,0.0
feature.Seral.CWHvm_HW_BA_M.immature,13,130,10,0.0,10000.0,1.0,1.0,27.20199966430664,0.0,0.0
feature.Seral.CWHvm_HW_BA_M.immature,14,140,10,0.0,10000.0,1.0,1.0,27.20199966430664,0.0,0.0
feature.Seral.CWHvm_HW_BA_M.immature,15,150,10,0.0,10000.0,1.0,1.0,20.020000457763672,0.0,0.0
feature.Seral.CWHvm_HW_BA_M.immature,16,160,10,0.0,10000.0,1.0,1.0,20.020000457763672,0.0,0.0
feature.Seral.CWHvm_HW_BA_M.immature,17,170,10,0.0,10000.0,1.0,1.0,17.753999710083008,0.0,0.0
feature.Seral.CWHvm_HW_BA_M.immature,18,180,10,0.0,10000.0,1.0,1.0,0.0,0.0,0.0
feature.Seral.CWHvm_HW_BA_M.immature,19,190,10,0.0,10000.0,1.0,1.0,0.0,0.0,0.0
feature.Seral.CWHvm_HW_BA_M.immature,20,200,10,0.0,10000.0,1.0,1.0,2.2660000324249268,0.0,0.0
feature.Seral.CWHvm_HW_BA_M.immature,21,210,10,0.0,10000.0,1.0,1.0,2.2660000324249268,0.0,0.0
feature.Seral.CWHvm_HW_BA_M.immature,22,220,10,0.0,10000.0,1.0,1.0,6.420000076293945,0.0,0.0
feature.Seral.CWHvm_HW_BA_M.immature,23,230,10,0.0,10000.0,1.0,1.0,9.447999954223633,0.0,0.0
feature.Seral.CWHvm_HW_BA_M.immature,24,240,10,0.0,10000.0,1.0,1.0,9.447999954223633,0.0,0.0
feature.Seral.CWHvm_HW_BA_M.immature,25,250,10,0.0,10000.0,1.0,1.0,9.447999954223633,0.0,0.0
feature.Seral.CWHvm_HW_BA_M.immature,26,260,10,0.0,10000.0,1.0,1.0,7.182000160217285,0.0,0.0
feature.Seral.CWHvm_HW_BA_M.immature,27,270,10,0.0,10000.0,1.0,1.0,7.182000160217285,0.0,0.0
feature.Seral.CWHvm_HW_BA_M.immature,28,280,10,0.0,10000.0,1.0,1.0,9.447999954223633,0.0,0.0
feature.Seral.CWHvm_HW_BA_M.immature,29,290,10,0.0,10000.0,1.0,1.0,5.294000148773193,0.0,0.0
feature.Seral.CWHvm_HW_BA_M.immature,30,300,10,0.0,10000.0,1.0,1.0,2.2660000324249268,0.0,0.0
feature.Seral.CWHvm_HW_BA_M.mature,0,0,10,0.0,10000.0,1.0,1.0,22.624000549316406,0.0,0.0
feature.Seral.CWHvm_HW_BA_M.mature,1,10,10,0.0,10000.0,1.0,1.0,22.624000549316406,0.0,0.0
feature.Seral.CWHvm_HW_BA_M.mature,2,20,10,0.0,10000.0,1.0,1.0,22.624000549316406,0.0,0.0
feature.Seral.CWHvm_HW_BA_M.mature,3,30,10,0.0,10000.0,1.0,1.0,22.624000549316406,0.0,0.0
feature.Seral.CWHvm_HW_BA_M.mature,4,40,10,0.0,10000.0,1.0,1.0,22.624000549316406,0.0,0.0
feature.Seral.CWHvm_HW_BA_M.mature,5,50,10,0.0,10000.0,1.0,1.0,18.469999313354492,0.0,0.0
feature.Seral.CWHvm_HW_BA_M.mature,6,60,10,0.0,10000.0,1.0,1.0,18.469999313354492,0.0,0.0
feature.Seral.CWHvm_HW_BA_M.mature,7,70,10,0.0,10000.0,1.0,1.0,18.469999313354492,0.0,0.0
feature.Seral.CWHvm_HW_BA_M.mature,8,80,10,0.0,10000.0,1.0,1.0,0.41999998688697815,0.0,0.0
feature.Seral.CWHvm_HW_BA_M.mature,9,90,10,0.0,10000.0,1.0,1.0,0.41999998688697815,0.0,0.0
feature.Seral.CWHvm_HW_BA_M.mature,10,100,10,0.0,10000.0,1.0,1.0,0.0,0.0,0.0
feature.Seral.CWHvm_HW_BA_M.mature,11,110,10,0.0,10000.0,1.0,1.0,0.0,0.0,0.0
feature.Seral.CWHvm_HW_BA_M.mature,12,120,10,0.0,10000.0,1.0,1.0,0.0,0.0,0.0
feature.Seral.CWHvm_HW_BA_M.mature,13,130,10,0.0,10000.0,1.0,1.0,0.0,0.0,0.0
feature.Seral.CWHvm_HW_BA_M.mature,14,140,10,0.0,10000.0,1.0,1.0,0.0,0.0,0.0
feature.Seral.CWHvm_HW_BA_M.mature,15,150,10,0.0,10000.0,1.0,1.0,7.182000160217285,0.0,0.0
feature.Seral.CWHvm_HW_BA_M.mature,16,160,10,0.0,10000.0,1.0,1.0,7.182000160217285,0.0,0.0
feature.Seral.CWHvm_HW_BA_M.mature,17,170,10,0.0,10000.0,1.0,1.0,7.182000160217285,0.0,0.0
feature.Seral.CWHvm_HW_BA_M.mature,18,180,10,0.0,10000.0,1.0,1.0,24.93600082397461,0.0,0.0
feature.Seral.CWHvm_HW_BA_M.mature,19,190,10,0.0,10000.0,1.0,1.0,24.93600082397461,0.0,0.0
feature.Seral.CWHvm_HW_BA_M.mature,20,200,10,0.0,10000.0,1.0,1.0,17.753999710083008,0.0,0.0
feature.Seral.CWHvm_HW_BA_M.mature,21,210,10,0.0,10000.0,1.0,1.0,17.753999710083008,0.0,0.0
feature.Seral.CWHvm_HW_BA_M.mature,22,220,10,0.0,10000.0,1.0,1.0,17.753999710083008,0.0,0.0
feature.Seral.CWHvm_HW_BA_M.mature,23,230,10,0.0,10000.0,1.0,1.0,17.753999710083008,0.0,0.0
feature.Seral.CWHvm_HW_BA_M.mature,24,240,10,0.0,10000.0,1.0,1.0,17.753999710083008,0.0,0.0
feature.Seral.CWHvm_HW_BA_M.mature,25,250,10,0.0,10000.0,1.0,1.0,17.753999710083008,0.0,0.0
feature.Seral.CWHvm_HW_BA_M.mature,26,260,10,0.0,10000.0,1.0,1.0,17.753999710083008,0.0,0.0
feature.Seral.CWHvm_HW_BA_M.mature,27,270,10,0.0,10000.0,1.0,1.0,17.753999710083008,0.0,0.0
feature.Seral.CWHvm_HW_BA_M.mature,28,280,10,0.0,10000.0,1.0,1.0,0.0,0.0,0.0
feature.Seral.CWHvm_HW_BA_M.mature,29,290,10,0.0,10000.0,1.0,1.0,0.0,0.0,0.0
feature.Seral.CWHvm_HW_BA_M.mature,30,300,10,0.0,10000.0,1.0,1.0,3.0280001163482666,0.0,0.0
feature.Seral.CWHvm_HW_BA_M.overmature,0,0,10,0.0,10000.0,1.0,1.0,5.691999912261963,0.0,0.0
feature.Seral.CWHvm_HW_BA_M.overmature,1,10,10,0.0,10000.0,1.0,1.0,5.691999912261963,0.0,0.0
feature.Seral.CWHvm_HW_BA_M.overmature,2,20,10,0.0,10000.0,1.0,1.0,5.691999912261963,0.0,0.0
feature.Seral.CWHvm_HW_BA_M.overmature,3,30,10,0.0,10000.0,1.0,1.0,5.691999912261963,0.0,0.0
feature.Seral.CWHvm_HW_BA_M.overmature,4,40,10,0.0,10000.0,1.0,1.0,5.691999912261963,0.0,0.0
feature.Seral.CWHvm_HW_BA_M.overmature,5,50,10,0.0,10000.0,1.0,1.0,2.6640000343322754,0.0,0.0
feature.Seral.CWHvm_HW_BA_M.overmature,6,60,10,0.0,10000.0,1.0,1.0,2.6640000343322754,0.0,0.0
feature.Seral.CWHvm_HW_BA_M.overmature,7,70,10,0.0,10000.0,1.0,1.0,0.39800000190734863,0.0,0.0
feature.Seral.CWHvm_HW_BA_M.overmature,8,80,10,0.0,10000.0,1.0,1.0,0.6940000057220459,0.0,0.0
feature.Seral.CWHvm_HW_BA_M.overmature,9,90,10,0.0,10000.0,1.0,1.0,0.6940000057220459,0.0,0.0
feature.Seral.CWHvm_HW_BA_M.overmature,10,100,10,0.0,10000.0,1.0,1.0,1.1139999628067017,0.0,0.0
feature.Seral.CWHvm_HW_BA_M.overmature,11,110,10,0.0,10000.0,1.0,1.0,1.1139999628067017,0.0,0.0
feature.Seral.CWHvm_HW_BA_M.overmature,12,120,10,0.0,10000.0,1.0,1.0,1.1139999628067017,0.0,0.0
feature.Seral.CWHvm_HW_BA_M.overmature,13,130,10,0.0,10000.0,1.0,1.0,1.1139999628067017,0.0,0.0
feature.Seral.CWHvm_HW_BA_M.overmature,14,140,10,0.0,10000.0,1.0,1.0,1.1139999628067017,0.0,0.0
feature.Seral.CWHvm_HW_BA_M.overmature,15,150,10,0.0,10000.0,1.0,1.0,1.1139999628067017,0.0,0.0
feature.Seral.CWHvm_HW_BA_M.overmature,16,160,10,0.0,10000.0,1.0,1.0,1.1139999628067017,0.0,0.0
feature.Seral.CWHvm_HW_BA_M.overmature,17,170,10,0.0,10000.0,1.0,1.0,1.1139999628067017,0.0,0.0
feature.Seral.CWHvm_HW_BA_M.overmature,18,180,10,0.0,10000.0,1.0,1.0,1.1139999628067017,0.0,0.0
feature.Seral.CWHvm_HW_BA_M.overmature,19,190,10,0.0,10000.0,1.0,1.0,1.1139999628067017,0.0,0.0
feature.Seral.CWHvm_HW_BA_M.overmature,20,200,10,0.0,10000.0,1.0,1.0,1.1139999628067017,0.0,0.0
feature.Seral.CWHvm_HW_BA_M.overmature,21,210,10,0.0,10000.0,1.0,1.0,1.1139999628067017,0.0,0.0
feature.Seral.CWHvm_HW_BA_M.overmature,22,220,10,0.0,10000.0,1.0,1.0,1.1139999628067017,0.0,0.0
feature.Seral.CWHvm_HW_BA_M.overmature,23,230,10,0.0,10000.0,1.0,1.0,1.1139999628067017,0.0,0.0
feature.Seral.CWHvm_HW_BA_M.overmature,24,240,10,0.0,10000.0,1.0,1.0,1.1139999628067017,0.0,0.0
feature.Seral.CWHvm_HW_BA_M.overmature,25,250,10,0.0,10000.0,1.0,1.0,1.1139999628067017,0.0,0.0
feature.Seral.CWHvm_HW_BA_M.overmature,26,260,10,0.0,10000.0,1.0,1.0,1.1139999628067017,0.0,0.0
feature.Seral.CWHvm_HW_BA_M.overmature,27,270,10,0.0,10000.0,1.0,1.0,1.1139999628067017,0.0,0.0
feature.Seral.CWHvm_HW_BA_M.overmature,28,280,10,0.0,10000.0,1.0,1.0,18.868000030517578,0.0,0.0
feature.Seral.CWHvm_HW_BA_M.overmature,29,290,10,0.0,10000.0,1.0,1.0,18.868000030517578,0.0,0.0
feature.Seral.CWHvm_HW_BA_M.overmature,30,300,10,0.0,10000.0,1.0,1.0,18.868000030517578,0.0,0.0
feature.Seral.CWHvm_HW_BA_M.regenerating,0,0,10,0.0,10000.0,1.0,1.0,0.0,0.0,0.0
feature.Seral.CWHvm_HW_BA_M.regenerating,1,10,10,0.0,10000.0,1.0,1.0,0.0,0.0,0.0
feature.Seral.CWHvm_HW_BA_M.regenerating,2,20,10,0.0,10000.0,1.0,1.0,0.0,0.0,0.0
feature.Seral.CWHvm_HW_BA_M.regenerating,3,30,10,0.0,10000.0,1.0,1.0,0.0,0.0,0.0
feature.Seral.CWHvm_HW_BA_M.regenerating,4,40,10,0.0,10000.0,1.0,1.0,0.0,0.0,0.0
feature.Seral.CWHvm_HW_BA_M.regenerating,5,50,10,0.0,10000.0,1.0,1.0,0.0,0.0,0.0
feature.Seral.CWHvm_HW_BA_M.regenerating,6,60,10,0.0,10000.0,1.0,1.0,0.0,0.0,0.0
feature.Seral.CWHvm_HW_BA_M.regenerating,7,70,10,0.0,10000.0,1.0,1.0,0.0,0.0,0.0
feature.Seral.CWHvm_HW_BA_M.regenerating,8,80,10,0.0,10000.0,1.0,1.0,0.0,0.0,0.0
feature.Seral.CWHvm_HW_BA_M.regenerating,9,90,10,0.0,10000.0,1.0,1.0,0.0,0.0,0.0
feature.Seral.CWHvm_HW_BA_M.regenerating,10,100,10,0.0,10000.0,1.0,1.0,0.0,0.0,0.0
feature.Seral.CWHvm_HW_BA_M.regenerating,11,110,10,0.0,10000.0,1.0,1.0,0.0,0.0,0.0
feature.Seral.CWHvm_HW_BA_M.regenerating,12,120,10,0.0,10000.0,1.0,1.0,0.0,0.0,0.0
feature.Seral.CWHvm_HW_BA_M.regenerating,13,130,10,0.0,10000.0,1.0,1.0,0.0,0.0,0.0
feature.Seral.CWHvm_HW_BA_M.regenerating,14,140,10,0.0,10000.0,1.0,1.0,0.0,0.0,0.0
feature.Seral.CWHvm_HW_BA_M.regenerating,15,150,10,0.0,10000.0,1.0,1.0,0.0,0.0,0.0
feature.Seral.CWHvm_HW_BA_M.regenerating,16,160,10,0.0,10000.0,1.0,1.0,0.0,0.0,0.0
feature.Seral.CWHvm_HW_BA_M.regenerating,17,170,10,0.0,10000.0,1.0,1.0,2.2660000324249268,0.0,0.0
feature.Seral.CWHvm_HW_BA_M.regenerating,18,180,10,0.0,10000.0,1.0,1.0,0.0,0.0,0.0
feature.Seral.CWHvm_HW_BA_M.regenerating,19,190,10,0.0,10000.0,1.0,1.0,0.0,0.0,0.0
feature.Seral.CWHvm_HW_BA_M.regenerating,20,200,10,0.0,10000.0,1.0,1.0,3.0280001163482666,0.0,0.0
feature.Seral.CWHvm_HW_BA_M.regenerating,21,210,10,0.0,10000.0,1.0,1.0,0.0,0.0,0.0
feature.Seral.CWHvm_HW_BA_M.regenerating,22,220,10,0.0,10000.0,1.0,1.0,0.0,0.0,0.0
feature.Seral.CWHvm_HW_BA_M.regenerating,23,230,10,0.0,10000.0,1.0,1.0,0.0,0.0,0.0
feature.Seral.CWHvm_HW_BA_M.regenerating,24,240,10,0.0,10000.0,1.0,1.0,0.0,0.0,0.0
feature.Seral.CWHvm_HW_BA_M.regenerating,25,250,10,0.0,10000.0,1.0,1.0,0.0,0.0,0.0
feature.Seral.CWHvm_HW_BA_M.regenerating,26,260,10,0.0,10000.0,1.0,1.0,0.0,0.0,0.0
feature.Seral.CWHvm_HW_BA_M.regenerating,27,270,10,0.0,10000.0,1.0,1.0,0.0,0.0,0.0
feature.Seral.CWHvm_HW_BA_M.regenerating,28,280,10,0.0,10000.0,1.0,1.0,0.0,0.0,0.0
feature.Seral.CWHvm_HW_BA_M.regenerating,29,290,10,0.0,10000.0,1.0,1.0,0.0,0.0,0.0
feature.Seral.CWHvm_HW_BA_M.regenerating,30,300,10,0.0,10000.0,1.0,1.0,0.0,0.0,0.0
feature.Seral.CWHvm_HW_BA_M.young,0,0,10,0.0,10000.0,1.0,1.0,0.0,0.0,0.0
feature.Seral.CWHvm_HW_BA_M.young,1,10,10,0.0,10000.0,1.0,1.0,0.0,0.0,0.0
feature.Seral.CWHvm_HW_BA_M.young,2,20,10,0.0,10000.0,1.0,1.0,0.0,0.0,0.0
feature.Seral.CWHvm_HW_BA_M.young,3,30,10,0.0,10000.0,1.0,1.0,0.0,0.0,0.0
feature.Seral.CWHvm_HW_BA_M.young,4,40,10,0.0,10000.0,1.0,1.0,0.0,0.0,0.0
feature.Seral.CWHvm_HW_BA_M.young,5,50,10,0.0,10000.0,1.0,1.0,7.182000160217285,0.0,0.0
feature.Seral.CWHvm_HW_BA_M.young,6,60,10,0.0,10000.0,1.0,1.0,7.182000160217285,0.0,0.0
feature.Seral.CWHvm_HW_BA_M.young,7,70,10,0.0,10000.0,1.0,1.0,2.2660000324249268,0.0,0.0
feature.Seral.CWHvm_HW_BA_M.young,8,80,10,0.0,10000.0,1.0,1.0,20.020000457763672,0.0,0.0
feature.Seral.CWHvm_HW_BA_M.young,9,90,10,0.0,10000.0,1.0,1.0,17.753999710083008,0.0,0.0
feature.Seral.CWHvm_HW_BA_M.young,10,100,10,0.0,10000.0,1.0,1.0,0.0,0.0,0.0
feature.Seral.CWHvm_HW_BA_M.young,11,110,10,0.0,10000.0,1.0,1.0,0.0,0.0,0.0
feature.Seral.CWHvm_HW_BA_M.young,12,120,10,0.0,10000.0,1.0,1.0,0.0,0.0,0.0
feature.Seral.CWHvm_HW_BA_M.young,13,130,10,0.0,10000.0,1.0,1.0,0.0,0.0,0.0
feature.Seral.CWHvm_HW_BA_M.young,14,140,10,0.0,10000.0,1.0,1.0,0.0,0.0,0.0
feature.Seral.CWHvm_HW_BA_M.young,15,150,10,0.0,10000.0,1.0,1.0,0.0,0.0,0.0
feature.Seral.CWHvm_HW_BA_M.young,16,160,10,0.0,10000.0,1.0,1.0,0.0,0.0,0.0
feature.Seral.CWHvm_HW_BA_M.young,17,170,10,0.0,10000.0,1.0,1.0,0.0,0.0,0.0
feature.Seral.CWHvm_HW_BA_M.young,18,180,10,0.0,10000.0,1.0,1.0,2.2660000324249268,0.0,0.0
feature.Seral.CWHvm_HW_BA_M.young,19,190,10,0.0,10000.0,1.0,1.0,2.2660000324249268,0.0,0.0
feature.Seral.CWHvm_HW_BA_M.young,20,200,10,0.0,10000.0,1.0,1.0,4.1539998054504395,0.0,0.0
feature.Seral.CWHvm_HW_BA_M.young,21,210,10,0.0,10000.0,1.0,1.0,7.182000160217285,0.0,0.0
feature.Seral.CWHvm_HW_BA_M.young,22,220,10,0.0,10000.0,1.0,1.0,3.0280001163482666,0.0,0.0
feature.Seral.CWHvm_HW_BA_M.young,23,230,10,0.0,10000.0,1.0,1.0,0.0,0.0,0.0
feature.Seral.CWHvm_HW_BA_M.young,24,240,10,0.0,10000.0,1.0,1.0,0.0,0.0,0.0
feature.Seral.CWHvm_HW_BA_M.young,25,250,10,0.0,10000.0,1.0,1.0,0.0,0.0,0.0
feature.Seral.CWHvm_HW_BA_M.young,26,260,10,0.0,10000.0,1.0,1.0,2.2660000324249268,0.0,0.0
feature.Seral.CWHvm_HW_BA_M.young,27,270,10,0.0,10000.0,1.0,1.0,2.2660000324249268,0.0,0.0
feature.Seral.CWHvm_HW_BA_M.young,28,280,10,0.0,10000.0,1.0,1.0,0.0,0.0,0.0
feature.Seral.CWHvm_HW_BA_M.young,29,290,10,0.0,10000.0,1.0,1.0,4.1539998054504395,0.0,0.0
feature.Seral.CWHvm_HW_BA_M.young,30,300,10,0.0,10000.0,1.0,1.0,4.1539998054504395,0.0,0.0
feature.Seral.CWHvm_HW_CW_H.immature,0,0,10,0.0,10000.0,1.0,1.0,35.50899887084961,0.0,0.0
feature.Seral.CWHvm_HW_CW_H.immature,1,10,10,0.0,10000.0,1.0,1.0,35.50899887084961,0.0,0.0
feature.Seral.CWHvm_HW_CW_H.immature,2,20,10,0.0,10000.0,1.0,1.0,35.50899887084961,0.0,0.0
feature.Seral.CWHvm_HW_CW_H.immature,3,30,10,0.0,10000.0,1.0,1.0,50.362998962402344,0.0,0.0
feature.Seral.CWHvm_HW_CW_H.immature,4,40,10,0.0,10000.0,1.0,1.0,50.362998962402344,0.0,0.0
feature.Seral.CWHvm_HW_CW_H.immature,5,50,10,0.0,10000.0,1.0,1.0,26.849000930786133,0.0,0.0
feature.Seral.CWHvm_HW_CW_H.immature,6,60,10,0.0,10000.0,1.0,1.0,30.198999404907227,0.0,0.0
feature.Seral.CWHvm_HW_CW_H.immature,7,70,10,0.0,10000.0,1.0,1.0,33.94200134277344,0.0,0.0
feature.Seral.CWHvm_HW_CW_H.immature,8,80,10,0.0,10000.0,1.0,1.0,33.94200134277344,0.0,0.0
feature.Seral.CWHvm_HW_CW_H.immature,9,90,10,0.0,10000.0,1.0,1.0,24.461000442504883,0.0,0.0
feature.Seral.CWHvm_HW_CW_H.immature,10,100,10,0.0,10000.0,1.0,1.0,38.10300064086914,0.0,0.0
feature.Seral.CWHvm_HW_CW_H.immature,11,110,10,0.0,10000.0,1.0,1.0,38.10300064086914,0.0,0.0
feature.Seral.CWHvm_HW_CW_H.immature,12,120,10,0.0,10000.0,1.0,1.0,40.96200180053711,0.0,0.0
feature.Seral.CWHvm_HW_CW_H.immature,13,130,10,0.0,10000.0,1.0,1.0,36.178001403808594,0.0,0.0
feature.Seral.CWHvm_HW_CW_H.immature,14,140,10,0.0,10000.0,1.0,1.0,36.178001403808594,0.0,0.0
feature.Seral.CWHvm_HW_CW_H.immature,15,150,10,0.0,10000.0,1.0,1.0,51.91600036621094,0.0,0.0
feature.Seral.CWHvm_HW_CW_H.immature,16,160,10,0.0,10000.0,1.0,1.0,49.16400146484375,0.0,0.0
feature.Seral.CWHvm_HW_CW_H.immature,17,170,10,0.0,10000.0,1.0,1.0,35.71500015258789,0.0,0.0
feature.Seral.CWHvm_HW_CW_H.immature,18,180,10,0.0,10000.0,1.0,1.0,35.71500015258789,0.0,0.0
feature.Seral.CWHvm_HW_CW_H.immature,19,190,10,0.0,10000.0,1.0,1.0,20.861000061035156,0.0,0.0
feature.Seral.CWHvm_HW_CW_H.immature,20,200,10,0.0,10000.0,1.0,1.0,20.861000061035156,0.0,0.0
feature.Seral.CWHvm_HW_CW_H.immature,21,210,10,0.0,10000.0,1.0,1.0,18.552000045776367,0.0,0.0
feature.Seral.CWHvm_HW_CW_H.immature,22,220,10,0.0,10000.0,1.0,1.0,17.667999267578125,0.0,0.0
feature.Seral.CWHvm_HW_CW_H.immature,23,230,10,0.0,10000.0,1.0,1.0,17.667999267578125,0.0,0.0
feature.Seral.CWHvm_HW_CW_H.immature,24,240,10,0.0,10000.0,1.0,1.0,31.972000122070312,0.0,0.0
feature.Seral.CWHvm_HW_CW_H.immature,25,250,10,0.0,10000.0,1.0,1.0,32.9010009765625,0.0,0.0
feature.Seral.CWHvm_HW_CW_H.immature,26,260,10,0.0,10000.0,1.0,1.0,32.9010009765625,0.0,0.0
feature.Seral.CWHvm_HW_CW_H.immature,27,270,10,0.0,10000.0,1.0,1.0,20.798999786376953,0.0,0.0
feature.Seral.CWHvm_HW_CW_H.immature,28,280,10,0.0,10000.0,1.0,1.0,34.441001892089844,0.0,0.0
feature.Seral.CWHvm_HW_CW_H.immature,29,290,10,0.0,10000.0,1.0,1.0,38.10300064086914,0.0,0.0
feature.Seral.CWHvm_HW_CW_H.immature,30,300,10,0.0,10000.0,1.0,1.0,40.96200180053711,0.0,0.0
feature.Seral.CWHvm_HW_CW_H.mature,0,0,10,0.0,10000.0,1.0,1.0,72.34400177001953,0.0,0.0
feature.Seral.CWHvm_HW_CW_H.mature,1,10,10,0.0,10000.0,1.0,1.0,57.4900016784668,0.0,0.0
feature.Seral.CWHvm_HW_CW_H.mature,2,20,10,0.0,10000.0,1.0,1.0,45.494998931884766,0.0,0.0
feature.Seral.CWHvm_HW_CW_H.mature,3,30,10,0.0,10000.0,1.0,1.0,37.87300109863281,0.0,0.0
feature.Seral.CWHvm_HW_CW_H.mature,4,40,10,0.0,10000.0,1.0,1.0,37.87300109863281,0.0,0.0
feature.Seral.CWHvm_HW_CW_H.mature,5,50,10,0.0,10000.0,1.0,1.0,69.63899993896484,0.0,0.0
feature.Seral.CWHvm_HW_CW_H.mature,6,60,10,0.0,10000.0,1.0,1.0,66.88700103759766,0.0,0.0
feature.Seral.CWHvm_HW_CW_H.mature,7,70,10,0.0,10000.0,1.0,1.0,50.624000549316406,0.0,0.0
feature.Seral.CWHvm_HW_CW_H.mature,8,80,10,0.0,10000.0,1.0,1.0,39.1349983215332,0.0,0.0
feature.Seral.CWHvm_HW_CW_H.mature,9,90,10,0.0,10000.0,1.0,1.0,39.1349983215332,0.0,0.0
feature.Seral.CWHvm_HW_CW_H.mature,10,100,10,0.0,10000.0,1.0,1.0,31.766000747680664,0.0,0.0
feature.Seral.CWHvm_HW_CW_H.mature,11,110,10,0.0,10000.0,1.0,1.0,31.766000747680664,0.0,0.0
feature.Seral.CWHvm_HW_CW_H.mature,12,120,10,0.0,10000.0,1.0,1.0,31.766000747680664,0.0,0.0
feature.Seral.CWHvm_HW_CW_H.mature,13,130,10,0.0,10000.0,1.0,1.0,35.11600112915039,0.0,0.0
feature.Seral.CWHvm_HW_CW_H.mature,14,140,10,0.0,10000.0,1.0,1.0,35.11600112915039,0.0,0.0
feature.Seral.CWHvm_HW_CW_H.mature,15,150,10,0.0,10000.0,1.0,1.0,3.3499999046325684,0.0,0.0
feature.Seral.CWHvm_HW_CW_H.mature,16,160,10,0.0,10000.0,1.0,1.0,6.1020002365112305,0.0,0.0
feature.Seral.CWHvm_HW_CW_H.mature,17,170,10,0.0,10000.0,1.0,1.0,22.364999771118164,0.0,0.0
feature.Seral.CWHvm_HW_CW_H.mature,18,180,10,0.0,10000.0,1.0,1.0,22.364999771118164,0.0,0.0
feature.Seral.CWHvm_HW_CW_H.mature,19,190,10,0.0,10000.0,1.0,1.0,22.364999771118164,0.0,0.0
feature.Seral.CWHvm_HW_CW_H.mature,20,200,10,0.0,10000.0,1.0,1.0,22.364999771118164,0.0,0.0
feature.Seral.CWHvm_HW_CW_H.mature,21,210,10,0.0,10000.0,1.0,1.0,22.364999771118164,0.0,0.0
feature.Seral.CWHvm_HW_CW_H.mature,22,220,10,0.0,10000.0,1.0,1.0,22.364999771118164,0.0,0.0
feature.Seral.CWHvm_HW_CW_H.mature,23,230,10,0.0,10000.0,1.0,1.0,19.014999389648438,0.0,0.0
feature.Seral.CWHvm_HW_CW_H.mature,24,240,10,0.0,10000.0,1.0,1.0,16.26300048828125,0.0,0.0
feature.Seral.CWHvm_HW_CW_H.mature,25,250,10,0.0,10000.0,1.0,1.0,5.434999942779541,0.0,0.0
feature.Seral.CWHvm_HW_CW_H.mature,26,260,10,0.0,10000.0,1.0,1.0,5.434999942779541,0.0,0.0
feature.Seral.CWHvm_HW_CW_H.mature,27,270,10,0.0,10000.0,1.0,1.0,2.813999891281128,0.0,0.0
feature.Seral.CWHvm_HW_CW_H.mature,28,280,10,0.0,10000.0,1.0,1.0,2.813999891281128,0.0,0.0
feature.Seral.CWHvm_HW_CW_H.mature,29,290,10,0.0,10000.0,1.0,1.0,2.813999891281128,0.0,0.0
feature.Seral.CWHvm_HW_CW_H.mature,30,300,10,0.0,10000.0,1.0,1.0,2.813999891281128,0.0,0.0
feature.Seral.CWHvm_HW_CW_H.overmature,0,0,10,0.0,10000.0,1.0,1.0,0.0,0.0,0.0
feature.Seral.CWHvm_HW_CW_H.overmature,1,10,10,0.0,10000.0,1.0,1.0,0.0,0.0,0.0
feature.Seral.CWHvm_HW_CW_H.overmature,2,20,10,0.0,10000.0,1.0,1.0,0.0,0.0,0.0
feature.Seral.CWHvm_HW_CW_H.overmature,3,30,10,0.0,10000.0,1.0,1.0,4.271999835968018,0.0,0.0
feature.Seral.CWHvm_HW_CW_H.overmature,4,40,10,0.0,10000.0,1.0,1.0,4.271999835968018,0.0,0.0
feature.Seral.CWHvm_HW_CW_H.overmature,5,50,10,0.0,10000.0,1.0,1.0,4.271999835968018,0.0,0.0
feature.Seral.CWHvm_HW_CW_H.overmature,6,60,10,0.0,10000.0,1.0,1.0,4.271999835968018,0.0,0.0
feature.Seral.CWHvm_HW_CW_H.overmature,7,70,10,0.0,10000.0,1.0,1.0,4.271999835968018,0.0,0.0
feature.Seral.CWHvm_HW_CW_H.overmature,8,80,10,0.0,10000.0,1.0,1.0,15.76099967956543,0.0,0.0
feature.Seral.CWHvm_HW_CW_H.overmature,9,90,10,0.0,10000.0,1.0,1.0,15.76099967956543,0.0,0.0
feature.Seral.CWHvm_HW_CW_H.overmature,10,100,10,0.0,10000.0,1.0,1.0,23.1299991607666,0.0,0.0
feature.Seral.CWHvm_HW_CW_H.overmature,11,110,10,0.0,10000.0,1.0,1.0,20.820999145507812,0.0,0.0
feature.Seral.CWHvm_HW_CW_H.overmature,12,120,10,0.0,10000.0,1.0,1.0,20.820999145507812,0.0,0.0
feature.Seral.CWHvm_HW_CW_H.overmature,13,130,10,0.0,10000.0,1.0,1.0,20.820999145507812,0.0,0.0
feature.Seral.CWHvm_HW_CW_H.overmature,14,140,10,0.0,10000.0,1.0,1.0,20.820999145507812,0.0,0.0
feature.Seral.CWHvm_HW_CW_H.overmature,15,150,10,0.0,10000.0,1.0,1.0,49.77299880981445,0.0,0.0
feature.Seral.CWHvm_HW_CW_H.overmature,16,160,10,0.0,10000.0,1.0,1.0,49.77299880981445,0.0,0.0
feature.Seral.CWHvm_HW_CW_H.overmature,17,170,10,0.0,10000.0,1.0,1.0,49.77299880981445,0.0,0.0
feature.Seral.CWHvm_HW_CW_H.overmature,18,180,10,0.0,10000.0,1.0,1.0,49.77299880981445,0.0,0.0
feature.Seral.CWHvm_HW_CW_H.overmature,19,190,10,0.0,10000.0,1.0,1.0,49.77299880981445,0.0,0.0
feature.Seral.CWHvm_HW_CW_H.overmature,20,200,10,0.0,10000.0,1.0,1.0,49.77299880981445,0.0,0.0
feature.Seral.CWHvm_HW_CW_H.overmature,21,210,10,0.0,10000.0,1.0,1.0,49.77299880981445,0.0,0.0
feature.Seral.CWHvm_HW_CW_H.overmature,22,220,10,0.0,10000.0,1.0,1.0,49.77299880981445,0.0,0.0
feature.Seral.CWHvm_HW_CW_H.overmature,23,230,10,0.0,10000.0,1.0,1.0,53.12300109863281,0.0,0.0
feature.Seral.CWHvm_HW_CW_H.overmature,24,240,10,0.0,10000.0,1.0,1.0,53.12300109863281,0.0,0.0
feature.Seral.CWHvm_HW_CW_H.overmature,25,250,10,0.0,10000.0,1.0,1.0,53.12300109863281,0.0,0.0
feature.Seral.CWHvm_HW_CW_H.overmature,26,260,10,0.0,10000.0,1.0,1.0,49.77299880981445,0.0,0.0
feature.Seral.CWHvm_HW_CW_H.overmature,27,270,10,0.0,10000.0,1.0,1.0,49.77299880981445,0.0,0.0
feature.Seral.CWHvm_HW_CW_H.overmature,28,280,10,0.0,10000.0,1.0,1.0,49.77299880981445,0.0,0.0
feature.Seral.CWHvm_HW_CW_H.overmature,29,290,10,0.0,10000.0,1.0,1.0,49.77299880981445,0.0,0.0
feature.Seral.CWHvm_HW_CW_H.overmature,30,300,10,0.0,10000.0,1.0,1.0,49.77299880981445,0.0,0.0
feature.Seral.CWHvm_HW_CW_H.regenerating,0,0,10,0.0,10000.0,1.0,1.0,0.0,0.0,0.0
feature.Seral.CWHvm_HW_CW_H.regenerating,1,10,10,0.0,10000.0,1.0,1.0,0.0,0.0,0.0
feature.Seral.CWHvm_HW_CW_H.regenerating,2,20,10,0.0,10000.0,1.0,1.0,11.994999885559082,0.0,0.0
feature.Seral.CWHvm_HW_CW_H.regenerating,3,30,10,0.0,10000.0,1.0,1.0,3.3499999046325684,0.0,0.0
feature.Seral.CWHvm_HW_CW_H.regenerating,4,40,10,0.0,10000.0,1.0,1.0,0.0,0.0,0.0
feature.Seral.CWHvm_HW_CW_H.regenerating,5,50,10,0.0,10000.0,1.0,1.0,0.0,0.0,0.0
feature.Seral.CWHvm_HW_CW_H.regenerating,6,60,10,0.0,10000.0,1.0,1.0,2.752000093460083,0.0,0.0
feature.Seral.CWHvm_HW_CW_H.regenerating,7,70,10,0.0,10000.0,1.0,1.0,13.642000198364258,0.0,0.0
feature.Seral.CWHvm_HW_CW_H.regenerating,8,80,10,0.0,10000.0,1.0,1.0,0.0,0.0,0.0
feature.Seral.CWHvm_HW_CW_H.regenerating,9,90,10,0.0,10000.0,1.0,1.0,14.854000091552734,0.0,0.0
feature.Seral.CWHvm_HW_CW_H.regenerating,10,100,10,0.0,10000.0,1.0,1.0,0.0,0.0,0.0
feature.Seral.CWHvm_HW_CW_H.regenerating,11,110,10,0.0,10000.0,1.0,1.0,0.0,0.0,0.0
feature.Seral.CWHvm_HW_CW_H.regenerating,12,120,10,0.0,10000.0,1.0,1.0,11.994999885559082,0.0,0.0
feature.Seral.CWHvm_HW_CW_H.regenerating,13,130,10,0.0,10000.0,1.0,1.0,0.0,0.0,0.0
feature.Seral.CWHvm_HW_CW_H.regenerating,14,140,10,0.0,10000.0,1.0,1.0,0.0,0.0,0.0
feature.Seral.CWHvm_HW_CW_H.regenerating,15,150,10,0.0,10000.0,1.0,1.0,0.0,0.0,0.0
feature.Seral.CWHvm_HW_CW_H.regenerating,16,160,10,0.0,10000.0,1.0,1.0,0.0,0.0,0.0
feature.Seral.CWHvm_HW_CW_H.regenerating,17,170,10,0.0,10000.0,1.0,1.0,0.0,0.0,0.0
feature.Seral.CWHvm_HW_CW_H.regenerating,18,180,10,0.0,10000.0,1.0,1.0,0.0,0.0,0.0
feature.Seral.CWHvm_HW_CW_H.regenerating,19,190,10,0.0,10000.0,1.0,1.0,14.854000091552734,0.0,0.0
feature.Seral.CWHvm_HW_CW_H.regenerating,20,200,10,0.0,10000.0,1.0,1.0,0.0,0.0,0.0
feature.Seral.CWHvm_HW_CW_H.regenerating,21,210,10,0.0,10000.0,1.0,1.0,2.309000015258789,0.0,0.0
feature.Seral.CWHvm_HW_CW_H.regenerating,22,220,10,0.0,10000.0,1.0,1.0,3.743000030517578,0.0,0.0
feature.Seral.CWHvm_HW_CW_H.regenerating,23,230,10,0.0,10000.0,1.0,1.0,0.0,0.0,0.0
feature.Seral.CWHvm_HW_CW_H.regenerating,24,240,10,0.0,10000.0,1.0,1.0,2.752000093460083,0.0,0.0
feature.Seral.CWHvm_HW_CW_H.regenerating,25,250,10,0.0,10000.0,1.0,1.0,13.642000198364258,0.0,0.0
feature.Seral.CWHvm_HW_CW_H.regenerating,26,260,10,0.0,10000.0,1.0,1.0,3.3499999046325684,0.0,0.0
feature.Seral.CWHvm_HW_CW_H.regenerating,27,270,10,0.0,10000.0,1.0,1.0,14.854000091552734,0.0,0.0
feature.Seral.CWHvm_HW_CW_H.regenerating,28,280,10,0.0,10000.0,1.0,1.0,0.0,0.0,0.0
feature.Seral.CWHvm_HW_CW_H.regenerating,29,290,10,0.0,10000.0,1.0,1.0,2.309000015258789,0.0,0.0
feature.Seral.CWHvm_HW_CW_H.regenerating,30,300,10,0.0,10000.0,1.0,1.0,11.994999885559082,0.0,0.0
feature.Seral.CWHvm_HW_CW_H.young,0,0,10,0.0,10000.0,1.0,1.0,0.0,0.0,0.0
feature.Seral.CWHvm_HW_CW_H.young,1,10,10,0.0,10000.0,1.0,1.0,14.854000091552734,0.0,0.0
feature.Seral.CWHvm_HW_CW_H.young,2,20,10,0.0,10000.0,1.0,1.0,14.854000091552734,0.0,0.0
feature.Seral.CWHvm_HW_CW_H.young,3,30,10,0.0,10000.0,1.0,1.0,11.994999885559082,0.0,0.0
feature.Seral.CWHvm_HW_CW_H.young,4,40,10,0.0,10000.0,1.0,1.0,15.345000267028809,0.0,0.0
feature.Seral.CWHvm_HW_CW_H.young,5,50,10,0.0,10000.0,1.0,1.0,7.0929999351501465,0.0,0.0
feature.Seral.CWHvm_HW_CW_H.young,6,60,10,0.0,10000.0,1.0,1.0,3.743000030517578,0.0,0.0
feature.Seral.CWHvm_HW_CW_H.young,7,70,10,0.0,10000.0,1.0,1.0,5.373000144958496,0.0,0.0
feature.Seral.CWHvm_HW_CW_H.young,8,80,10,0.0,10000.0,1.0,1.0,19.014999389648438,0.0,0.0
feature.Seral.CWHvm_HW_CW_H.young,9,90,10,0.0,10000.0,1.0,1.0,13.642000198364258,0.0,0.0
feature.Seral.CWHvm_HW_CW_H.young,10,100,10,0.0,10000.0,1.0,1.0,14.854000091552734,0.0,0.0
feature.Seral.CWHvm_HW_CW_H.young,11,110,10,0.0,10000.0,1.0,1.0,17.163000106811523,0.0,0.0
feature.Seral.CWHvm_HW_CW_H.young,12,120,10,0.0,10000.0,1.0,1.0,2.309000015258789,0.0,0.0
feature.Seral.CWHvm_HW_CW_H.young,13,130,10,0.0,10000.0,1.0,1.0,15.73799991607666,0.0,0.0
feature.Seral.CWHvm_HW_CW_H.young,14,140,10,0.0,10000.0,1.0,1.0,15.73799991607666,0.0,0.0
feature.Seral.CWHvm_HW_CW_H.young,15,150,10,0.0,10000.0,1.0,1.0,2.813999891281128,0.0,0.0
feature.Seral.CWHvm_HW_CW_H.young,16,160,10,0.0,10000.0,1.0,1.0,2.813999891281128,0.0,0.0
feature.Seral.CWHvm_HW_CW_H.young,17,170,10,0.0,10000.0,1.0,1.0,0.0,0.0,0.0
feature.Seral.CWHvm_HW_CW_H.young,18,180,10,0.0,10000.0,1.0,1.0,0.0,0.0,0.0
feature.Seral.CWHvm_HW_CW_H.young,19,190,10,0.0,10000.0,1.0,1.0,0.0,0.0,0.0
feature.Seral.CWHvm_HW_CW_H.young,20,200,10,0.0,10000.0,1.0,1.0,14.854000091552734,0.0,0.0
feature.Seral.CWHvm_HW_CW_H.young,21,210,10,0.0,10000.0,1.0,1.0,14.854000091552734,0.0,0.0
feature.Seral.CWHvm_HW_CW_H.young,22,220,10,0.0,10000.0,1.0,1.0,14.303999900817871,0.0,0.0
feature.Seral.CWHvm_HW_CW_H.young,23,230,10,0.0,10000.0,1.0,1.0,18.047000885009766,0.0,0.0
feature.Seral.CWHvm_HW_CW_H.young,24,240,10,0.0,10000.0,1.0,1.0,3.743000030517578,0.0,0.0
feature.Seral.CWHvm_HW_CW_H.young,25,250,10,0.0,10000.0,1.0,1.0,2.752000093460083,0.0,0.0
feature.Seral.CWHvm_HW_CW_H.young,26,260,10,0.0,10000.0,1.0,1.0,16.393999099731445,0.0,0.0
feature.Seral.CWHvm_HW_CW_H.young,27,270,10,0.0,10000.0,1.0,1.0,19.613000869750977,0.0,0.0
feature.Seral.CWHvm_HW_CW_H.young,28,280,10,0.0,10000.0,1.0,1.0,20.825000762939453,0.0,0.0
feature.Seral.CWHvm_HW_CW_H.young,29,290,10,0.0,10000.0,1.0,1.0,14.854000091552734,0.0,0.0
feature.Seral.CWHvm_HW_CW_H.young,30,300,10,0.0,10000.0,1.0,1.0,2.309000015258789,0.0,0.0
feature.Seral.CWHvm_HW_CW_L.immature,0,0,10,0.0,10000.0,1.0,1.0,5.120999813079834,0.0,0.0
feature.Seral.CWHvm_HW_CW_L.immature,1,10,10,0.0,10000.0,1.0,1.0,5.120999813079834,0.0,0.0
feature.Seral.CWHvm_HW_CW_L.immature,2,20,10,0.0,10000.0,1.0,1.0,3.056999921798706,0.0,0.0
feature.Seral.CWHvm_HW_CW_L.immature,3,30,10,0.0,10000.0,1.0,1.0,0.0,0.0,0.0
feature.Seral.CWHvm_HW_CW_L.immature,4,40,10,0.0,10000.0,1.0,1.0,2.063999891281128,0.0,0.0
feature.Seral.CWHvm_HW_CW_L.immature,5,50,10,0.0,10000.0,1.0,1.0,2.063999891281128,0.0,0.0
feature.Seral.CWHvm_HW_CW_L.immature,6,60,10,0.0,10000.0,1.0,1.0,5.120999813079834,0.0,0.0
feature.Seral.CWHvm_HW_CW_L.immature,7,70,10,0.0,10000.0,1.0,1.0,5.120999813079834,0.0,0.0
feature.Seral.CWHvm_HW_CW_L.immature,8,80,10,0.0,10000.0,1.0,1.0,5.120999813079834,0.0,0.0
feature.Seral.CWHvm_HW_CW_L.immature,9,90,10,0.0,10000.0,1.0,1.0,9.003999710083008,0.0,0.0
feature.Seral.CWHvm_HW_CW_L.immature,10,100,10,0.0,10000.0,1.0,1.0,9.003999710083008,0.0,0.0
feature.Seral.CWHvm_HW_CW_L.immature,11,110,10,0.0,10000.0,1.0,1.0,9.003999710083008,0.0,0.0
feature.Seral.CWHvm_HW_CW_L.immature,12,120,10,0.0,10000.0,1.0,1.0,9.003999710083008,0.0,0.0
feature.Seral.CWHvm_HW_CW_L.immature,13,130,10,0.0,10000.0,1.0,1.0,9.003999710083008,0.0,0.0
feature.Seral.CWHvm_HW_CW_L.immature,14,140,10,0.0,10000.0,1.0,1.0,9.003999710083008,0.0,0.0
feature.Seral.CWHvm_HW_CW_L.immature,15,150,10,0.0,10000.0,1.0,1.0,6.940000057220459,0.0,0.0
feature.Seral.CWHvm_HW_CW_L.immature,16,160,10,0.0,10000.0,1.0,1.0,3.882999897003174,0.0,0.0
feature.Seral.CWHvm_HW_CW_L.immature,17,170,10,0.0,10000.0,1.0,1.0,0.0,0.0,0.0
feature.Seral.CWHvm_HW_CW_L.immature,18,180,10,0.0,10000.0,1.0,1.0,3.056999921798706,0.0,0.0
feature.Seral.CWHvm_HW_CW_L.immature,19,190,10,0.0,10000.0,1.0,1.0,3.056999921798706,0.0,0.0
feature.Seral.CWHvm_HW_CW_L.immature,20,200,10,0.0,10000.0,1.0,1.0,6.940000057220459,0.0,0.0
feature.Seral.CWHvm_HW_CW_L.immature,21,210,10,0.0,10000.0,1.0,1.0,10.920000076293945,0.0,0.0
feature.Seral.CWHvm_HW_CW_L.immature,22,220,10,0.0,10000.0,1.0,1.0,10.920000076293945,0.0,0.0
feature.Seral.CWHvm_HW_CW_L.immature,23,230,10,0.0,10000.0,1.0,1.0,10.920000076293945,0.0,0.0
feature.Seral.CWHvm_HW_CW_L.immature,24,240,10,0.0,10000.0,1.0,1.0,10.920000076293945,0.0,0.0
feature.Seral.CWHvm_HW_CW_L.immature,25,250,10,0.0,10000.0,1.0,1.0,10.920000076293945,0.0,0.0
feature.Seral.CWHvm_HW_CW_L.immature,26,260,10,0.0,10000.0,1.0,1.0,10.920000076293945,0.0,0.0
feature.Seral.CWHvm_HW_CW_L.immature,27,270,10,0.0,10000.0,1.0,1.0,9.927000045776367,0.0,0.0
feature.Seral.CWHvm_HW_CW_L.immature,28,280,10,0.0,10000.0,1.0,1.0,9.927000045776367,0.0,0.0
feature.Seral.CWHvm_HW_CW_L.immature,29,290,10,0.0,10000.0,1.0,1.0,9.927000045776367,0.0,0.0
feature.Seral.CWHvm_HW_CW_L.immature,30,300,10,0.0,10000.0,1.0,1.0,9.10099983215332,0.0,0.0
feature.Seral.CWHvm_HW_CW_L.mature,0,0,10,0.0,10000.0,1.0,1.0,0.0,0.0,0.0
feature.Seral.CWHvm_HW_CW_L.mature,1,10,10,0.0,10000.0,1.0,1.0,0.0,0.0,0.0
feature.Seral.CWHvm_HW_CW_L.mature,2,20,10,0.0,10000.0,1.0,1.0,0.0,0.0,0.0
feature.Seral.CWHvm_HW_CW_L.mature,3,30,10,0.0,10000.0,1.0,1.0,0.0,0.0,0.0
feature.Seral.CWHvm_HW_CW_L.mature,4,40,10,0.0,10000.0,1.0,1.0,0.0,0.0,0.0
feature.Seral.CWHvm_HW_CW_L.mature,5,50,10,0.0,10000.0,1.0,1.0,0.0,0.0,0.0
feature.Seral.CWHvm_HW_CW_L.mature,6,60,10,0.0,10000.0,1.0,1.0,0.0,0.0,0.0
feature.Seral.CWHvm_HW_CW_L.mature,7,70,10,0.0,10000.0,1.0,1.0,0.0,0.0,0.0
feature.Seral.CWHvm_HW_CW_L.mature,8,80,10,0.0,10000.0,1.0,1.0,0.0,0.0,0.0
feature.Seral.CWHvm_HW_CW_L.mature,9,90,10,0.0,10000.0,1.0,1.0,0.0,0.0,0.0
feature.Seral.CWHvm_HW_CW_L.mature,10,100,10,0.0,10000.0,1.0,1.0,0.0,0.0,0.0
feature.Seral.CWHvm_HW_CW_L.mature,11,110,10,0.0,10000.0,1.0,1.0,0.0,0.0,0.0
feature.Seral.CWHvm_HW_CW_L.mature,12,120,10,0.0,10000.0,1.0,1.0,0.0,0.0,0.0
feature.Seral.CWHvm_HW_CW_L.mature,13,130,10,0.0,10000.0,1.0,1.0,0.0,0.0,0.0
feature.Seral.CWHvm_HW_CW_L.mature,14,140,10,0.0,10000.0,1.0,1.0,0.0,0.0,0.0
feature.Seral.CWHvm_HW_CW_L.mature,15,150,10,0.0,10000.0,1.0,1.0,2.063999891281128,0.0,0.0
feature.Seral.CWHvm_HW_CW_L.mature,16,160,10,0.0,10000.0,1.0,1.0,2.063999891281128,0.0,0.0
feature.Seral.CWHvm_HW_CW_L.mature,17,170,10,0.0,10000.0,1.0,1.0,2.063999891281128,0.0,0.0
feature.Seral.CWHvm_HW_CW_L.mature,18,180,10,0.0,10000.0,1.0,1.0,2.063999891281128,0.0,0.0
feature.Seral.CWHvm_HW_CW_L.mature,19,190,10,0.0,10000.0,1.0,1.0,2.063999891281128,0.0,0.0
feature.Seral.CWHvm_HW_CW_L.mature,20,200,10,0.0,10000.0,1.0,1.0,2.063999891281128,0.0,0.0
feature.Seral.CWHvm_HW_CW_L.mature,21,210,10,0.0,10000.0,1.0,1.0,2.063999891281128,0.0,0.0
feature.Seral.CWHvm_HW_CW_L.mature,22,220,10,0.0,10000.0,1.0,1.0,0.0,0.0,0.0
feature.Seral.CWHvm_HW_CW_L.mature,23,230,10,0.0,10000.0,1.0,1.0,0.0,0.0,0.0
feature.Seral.CWHvm_HW_CW_L.mature,24,240,10,0.0,10000.0,1.0,1.0,0.0,0.0,0.0
feature.Seral.CWHvm_HW_CW_L.mature,25,250,10,0.0,10000.0,1.0,1.0,0.0,0.0,0.0
feature.Seral.CWHvm_HW_CW_L.mature,26,260,10,0.0,10000.0,1.0,1.0,0.0,0.0,0.0
feature.Seral.CWHvm_HW_CW_L.mature,27,270,10,0.0,10000.0,1.0,1.0,0.0,0.0,0.0
feature.Seral.CWHvm_HW_CW_L.mature,28,280,10,0.0,10000.0,1.0,1.0,0.0,0.0,0.0
feature.Seral.CWHvm_HW_CW_L.mature,29,290,10,0.0,10000.0,1.0,1.0,0.0,0.0,0.0
feature.Seral.CWHvm_HW_CW_L.mature,30,300,10,0.0,10000.0,1.0,1.0,3.882999897003174,0.0,0.0
feature.Seral.CWHvm_HW_CW_L.overmature,0,0,10,0.0,10000.0,1.0,1.0,42.92399978637695,0.0,0.0
feature.Seral.CWHvm_HW_CW_L.overmature,1,10,10,0.0,10000.0,1.0,1.0,42.92399978637695,0.0,0.0
feature.Seral.CWHvm_HW_CW_L.overmature,2,20,10,0.0,10000.0,1.0,1.0,42.92399978637695,0.0,0.0
feature.Seral.CWHvm_HW_CW_L.overmature,3,30,10,0.0,10000.0,1.0,1.0,42.92399978637695,0.0,0.0
feature.Seral.CWHvm_HW_CW_L.overmature,4,40,10,0.0,10000.0,1.0,1.0,42.92399978637695,0.0,0.0
feature.Seral.CWHvm_HW_CW_L.overmature,5,50,10,0.0,10000.0,1.0,1.0,42.92399978637695,0.0,0.0
feature.Seral.CWHvm_HW_CW_L.overmature,6,60,10,0.0,10000.0,1.0,1.0,39.04100036621094,0.0,0.0
feature.Seral.CWHvm_HW_CW_L.overmature,7,70,10,0.0,10000.0,1.0,1.0,39.04100036621094,0.0,0.0
feature.Seral.CWHvm_HW_CW_L.overmature,8,80,10,0.0,10000.0,1.0,1.0,39.04100036621094,0.0,0.0
feature.Seral.CWHvm_HW_CW_L.overmature,9,90,10,0.0,10000.0,1.0,1.0,39.04100036621094,0.0,0.0
feature.Seral.CWHvm_HW_CW_L.overmature,10,100,10,0.0,10000.0,1.0,1.0,39.04100036621094,0.0,0.0
feature.Seral.CWHvm_HW_CW_L.overmature,11,110,10,0.0,10000.0,1.0,1.0,39.04100036621094,0.0,0.0
feature.Seral.CWHvm_HW_CW_L.overmature,12,120,10,0.0,10000.0,1.0,1.0,39.04100036621094,0.0,0.0
feature.Seral.CWHvm_HW_CW_L.overmature,13,130,10,0.0,10000.0,1.0,1.0,39.04100036621094,0.0,0.0
feature.Seral.CWHvm_HW_CW_L.overmature,14,140,10,0.0,10000.0,1.0,1.0,39.04100036621094,0.0,0.0
feature.Seral.CWHvm_HW_CW_L.overmature,15,150,10,0.0,10000.0,1.0,1.0,39.04100036621094,0.0,0.0
feature.Seral.CWHvm_HW_CW_L.overmature,16,160,10,0.0,10000.0,1.0,1.0,39.04100036621094,0.0,0.0
feature.Seral.CWHvm_HW_CW_L.overmature,17,170,10,0.0,10000.0,1.0,1.0,39.04100036621094,0.0,0.0
feature.Seral.CWHvm_HW_CW_L.overmature,18,180,10,0.0,10000.0,1.0,1.0,35.06100082397461,0.0,0.0
feature.Seral.CWHvm_HW_CW_L.overmature,19,190,10,0.0,10000.0,1.0,1.0,35.06100082397461,0.0,0.0
feature.Seral.CWHvm_HW_CW_L.overmature,20,200,10,0.0,10000.0,1.0,1.0,35.06100082397461,0.0,0.0
feature.Seral.CWHvm_HW_CW_L.overmature,21,210,10,0.0,10000.0,1.0,1.0,35.06100082397461,0.0,0.0
feature.Seral.CWHvm_HW_CW_L.overmature,22,220,10,0.0,10000.0,1.0,1.0,37.125,0.0,0.0
feature.Seral.CWHvm_HW_CW_L.overmature,23,230,10,0.0,10000.0,1.0,1.0,37.125,0.0,0.0
feature.Seral.CWHvm_HW_CW_L.overmature,24,240,10,0.0,10000.0,1.0,1.0,37.125,0.0,0.0
feature.Seral.CWHvm_HW_CW_L.overmature,25,250,10,0.0,10000.0,1.0,1.0,35.06100082397461,0.0,0.0
feature.Seral.CWHvm_HW_CW_L.overmature,26,260,10,0.0,10000.0,1.0,1.0,35.06100082397461,0.0,0.0
feature.Seral.CWHvm_HW_CW_L.overmature,27,270,10,0.0,10000.0,1.0,1.0,35.06100082397461,0.0,0.0
feature.Seral.CWHvm_HW_CW_L.overmature,28,280,10,0.0,10000.0,1.0,1.0,35.06100082397461,0.0,0.0
feature.Seral.CWHvm_HW_CW_L.overmature,29,290,10,0.0,10000.0,1.0,1.0,35.06100082397461,0.0,0.0
feature.Seral.CWHvm_HW_CW_L.overmature,30,300,10,0.0,10000.0,1.0,1.0,35.06100082397461,0.0,0.0
feature.Seral.CWHvm_HW_CW_L.regenerating,0,0,10,0.0,10000.0,1.0,1.0,0.0,0.0,0.0
feature.Seral.CWHvm_HW_CW_L.regenerating,1,10,10,0.0,10000.0,1.0,1.0,0.0,0.0,0.0
feature.Seral.CWHvm_HW_CW_L.regenerating,2,20,10,0.0,10000.0,1.0,1.0,0.0,0.0,0.0
feature.Seral.CWHvm_HW_CW_L.regenerating,3,30,10,0.0,10000.0,1.0,1.0,3.056999921798706,0.0,0.0
feature.Seral.CWHvm_HW_CW_L.regenerating,4,40,10,0.0,10000.0,1.0,1.0,0.0,0.0,0.0
feature.Seral.CWHvm_HW_CW_L.regenerating,5,50,10,0.0,10000.0,1.0,1.0,0.0,0.0,0.0
feature.Seral.CWHvm_HW_CW_L.regenerating,6,60,10,0.0,10000.0,1.0,1.0,3.882999897003174,0.0,0.0
feature.Seral.CWHvm_HW_CW_L.regenerating,7,70,10,0.0,10000.0,1.0,1.0,0.0,0.0,0.0
feature.Seral.CWHvm_HW_CW_L.regenerating,8,80,10,0.0,10000.0,1.0,1.0,0.0,0.0,0.0
feature.Seral.CWHvm_HW_CW_L.regenerating,9,90,10,0.0,10000.0,1.0,1.0,0.0,0.0,0.0
feature.Seral.CWHvm_HW_CW_L.regenerating,10,100,10,0.0,10000.0,1.0,1.0,0.0,0.0,0.0
feature.Seral.CWHvm_HW_CW_L.regenerating,11,110,10,0.0,10000.0,1.0,1.0,0.0,0.0,0.0
feature.Seral.CWHvm_HW_CW_L.regenerating,12,120,10,0.0,10000.0,1.0,1.0,0.0,0.0,0.0
feature.Seral.CWHvm_HW_CW_L.regenerating,13,130,10,0.0,10000.0,1.0,1.0,0.0,0.0,0.0
feature.Seral.CWHvm_HW_CW_L.regenerating,14,140,10,0.0,10000.0,1.0,1.0,0.0,0.0,0.0
feature.Seral.CWHvm_HW_CW_L.regenerating,15,150,10,0.0,10000.0,1.0,1.0,0.0,0.0,0.0
feature.Seral.CWHvm_HW_CW_L.regenerating,16,160,10,0.0,10000.0,1.0,1.0,0.0,0.0,0.0
feature.Seral.CWHvm_HW_CW_L.regenerating,17,170,10,0.0,10000.0,1.0,1.0,3.882999897003174,0.0,0.0
feature.Seral.CWHvm_HW_CW_L.regenerating,18,180,10,0.0,10000.0,1.0,1.0,3.9800000190734863,0.0,0.0
feature.Seral.CWHvm_HW_CW_L.regenerating,19,190,10,0.0,10000.0,1.0,1.0,0.0,0.0,0.0
feature.Seral.CWHvm_HW_CW_L.regenerating,20,200,10,0.0,10000.0,1.0,1.0,0.0,0.0,0.0
feature.Seral.CWHvm_HW_CW_L.regenerating,21,210,10,0.0,10000.0,1.0,1.0,0.0,0.0,0.0
feature.Seral.CWHvm_HW_CW_L.regenerating,22,220,10,0.0,10000.0,1.0,1.0,0.0,0.0,0.0
feature.Seral.CWHvm_HW_CW_L.regenerating,23,230,10,0.0,10000.0,1.0,1.0,0.0,0.0,0.0
feature.Seral.CWHvm_HW_CW_L.regenerating,24,240,10,0.0,10000.0,1.0,1.0,0.0,0.0,0.0
feature.Seral.CWHvm_HW_CW_L.regenerating,25,250,10,0.0,10000.0,1.0,1.0,0.0,0.0,0.0
feature.Seral.CWHvm_HW_CW_L.regenerating,26,260,10,0.0,10000.0,1.0,1.0,0.0,0.0,0.0
feature.Seral.CWHvm_HW_CW_L.regenerating,27,270,10,0.0,10000.0,1.0,1.0,3.056999921798706,0.0,0.0
feature.Seral.CWHvm_HW_CW_L.regenerating,28,280,10,0.0,10000.0,1.0,1.0,0.0,0.0,0.0
feature.Seral.CWHvm_HW_CW_L.regenerating,29,290,10,0.0,10000.0,1.0,1.0,0.0,0.0,0.0
feature.Seral.CWHvm_HW_CW_L.regenerating,30,300,10,0.0,10000.0,1.0,1.0,0.0,0.0,0.0
feature.Seral.CWHvm_HW_CW_L.young,0,0,10,0.0,10000.0,1.0,1.0,0.0,0.0,0.0
feature.Seral.CWHvm_HW_CW_L.young,1,10,10,0.0,10000.0,1.0,1.0,0.0,0.0,0.0
feature.Seral.CWHvm_HW_CW_L.young,2,20,10,0.0,10000.0,1.0,1.0,2.063999891281128,0.0,0.0
feature.Seral.CWHvm_HW_CW_L.young,3,30,10,0.0,10000.0,1.0,1.0,2.063999891281128,0.0,0.0
feature.Seral.CWHvm_HW_CW_L.young,4,40,10,0.0,10000.0,1.0,1.0,3.056999921798706,0.0,0.0
feature.Seral.CWHvm_HW_CW_L.young,5,50,10,0.0,10000.0,1.0,1.0,3.056999921798706,0.0,0.0
feature.Seral.CWHvm_HW_CW_L.young,6,60,10,0.0,10000.0,1.0,1.0,0.0,0.0,0.0
feature.Seral.CWHvm_HW_CW_L.young,7,70,10,0.0,10000.0,1.0,1.0,3.882999897003174,0.0,0.0
feature.Seral.CWHvm_HW_CW_L.young,8,80,10,0.0,10000.0,1.0,1.0,3.882999897003174,0.0,0.0
feature.Seral.CWHvm_HW_CW_L.young,9,90,10,0.0,10000.0,1.0,1.0,0.0,0.0,0.0
feature.Seral.CWHvm_HW_CW_L.young,10,100,10,0.0,10000.0,1.0,1.0,0.0,0.0,0.0
feature.Seral.CWHvm_HW_CW_L.young,11,110,10,0.0,10000.0,1.0,1.0,0.0,0.0,0.0
feature.Seral.CWHvm_HW_CW_L.young,12,120,10,0.0,10000.0,1.0,1.0,0.0,0.0,0.0
feature.Seral.CWHvm_HW_CW_L.young,13,130,10,0.0,10000.0,1.0,1.0,0.0,0.0,0.0
feature.Seral.CWHvm_HW_CW_L.young,14,140,10,0.0,10000.0,1.0,1.0,0.0,0.0,0.0
feature.Seral.CWHvm_HW_CW_L.young,15,150,10,0.0,10000.0,1.0,1.0,0.0,0.0,0.0
feature.Seral.CWHvm_HW_CW_L.young,16,160,10,0.0,10000.0,1.0,1.0,3.056999921798706,0.0,0.0
feature.Seral.CWHvm_HW_CW_L.young,17,170,10,0.0,10000.0,1.0,1.0,3.056999921798706,0.0,0.0
feature.Seral.CWHvm_HW_CW_L.young,18,180,10,0.0,10000.0,1.0,1.0,3.882999897003174,0.0,0.0
feature.Seral.CWHvm_HW_CW_L.young,19,190,10,0.0,10000.0,1.0,1.0,7.86299991607666,0.0,0.0
feature.Seral.CWHvm_HW_CW_L.young,20,200,10,0.0,10000.0,1.0,1.0,3.9800000190734863,0.0,0.0
feature.Seral.CWHvm_HW_CW_L.young,21,210,10,0.0,10000.0,1.0,1.0,0.0,0.0,0.0
feature.Seral.CWHvm_HW_CW_L.young,22,220,10,0.0,10000.0,1.0,1.0,0.0,0.0,0.0
feature.Seral.CWHvm_HW_CW_L.young,23,230,10,0.0,10000.0,1.0,1.0,0.0,0.0,0.0
feature.Seral.CWHvm_HW_CW_L.young,24,240,10,0.0,10000.0,1.0,1.0,0.0,0.0,0.0
feature.Seral.CWHvm_HW_CW_L.young,25,250,10,0.0,10000.0,1.0,1.0,2.063999891281128,0.0,0.0
feature.Seral.CWHvm_HW_CW_L.young,26,260,10,0.0,10000.0,1.0,1.0,2.063999891281128,0.0,0.0
feature.Seral.CWHvm_HW_CW_L.young,27,270,10,0.0,10000.0,1.0,1.0,0.0,0.0,0.0
feature.Seral.CWHvm_HW_CW_L.young,28,280,10,0.0,10000.0,1.0,1.0,3.056999921798706,0.0,0.0
feature.Seral.CWHvm_HW_CW_L.young,29,290,10,0.0,10000.0,1.0,1.0,3.056999921798706,0.0,0.0
feature.Seral.CWHvm_HW_CW_L.young,30,300,10,0.0,10000.0,1.0,1.0,0.0,0.0,0.0
feature.Seral.CWHvm_HW_CW_M.immature,0,0,10,0.0,10000.0,1.0,1.0,18.32699966430664,0.0,0.0
feature.Seral.CWHvm_HW_CW_M.immature,1,10,10,0.0,10000.0,1.0,1.0,13.053999900817871,0.0,0.0
feature.Seral.CWHvm_HW_CW_M.immature,2,20,10,0.0,10000.0,1.0,1.0,5.9029998779296875,0.0,0.0
feature.Seral.CWHvm_HW_CW_M.immature,3,30,10,0.0,10000.0,1.0,1.0,5.9029998779296875,0.0,0.0
feature.Seral.CWHvm_HW_CW_M.immature,4,40,10,0.0,10000.0,1.0,1.0,12.850000381469727,0.0,0.0
feature.Seral.CWHvm_HW_CW_M.immature,5,50,10,0.0,10000.0,1.0,1.0,12.593999862670898,0.0,0.0
feature.Seral.CWHvm_HW_CW_M.immature,6,60,10,0.0,10000.0,1.0,1.0,12.593999862670898,0.0,0.0
feature.Seral.CWHvm_HW_CW_M.immature,7,70,10,0.0,10000.0,1.0,1.0,16.013999938964844,0.0,0.0
feature.Seral.CWHvm_HW_CW_M.immature,8,80,10,0.0,10000.0,1.0,1.0,16.013999938964844,0.0,0.0
feature.Seral.CWHvm_HW_CW_M.immature,9,90,10,0.0,10000.0,1.0,1.0,14.621000289916992,0.0,0.0
feature.Seral.CWHvm_HW_CW_M.immature,10,100,10,0.0,10000.0,1.0,1.0,19.031999588012695,0.0,0.0
feature.Seral.CWHvm_HW_CW_M.immature,11,110,10,0.0,10000.0,1.0,1.0,19.031999588012695,0.0,0.0
feature.Seral.CWHvm_HW_CW_M.immature,12,120,10,0.0,10000.0,1.0,1.0,13.758999824523926,0.0,0.0
feature.Seral.CWHvm_HW_CW_M.immature,13,130,10,0.0,10000.0,1.0,1.0,13.758999824523926,0.0,0.0
feature.Seral.CWHvm_HW_CW_M.immature,14,140,10,0.0,10000.0,1.0,1.0,17.357999801635742,0.0,0.0
feature.Seral.CWHvm_HW_CW_M.immature,15,150,10,0.0,10000.0,1.0,1.0,11.3149995803833,0.0,0.0
feature.Seral.CWHvm_HW_CW_M.immature,16,160,10,0.0,10000.0,1.0,1.0,12.152999877929688,0.0,0.0
feature.Seral.CWHvm_HW_CW_M.immature,17,170,10,0.0,10000.0,1.0,1.0,27.964000701904297,0.0,0.0
feature.Seral.CWHvm_HW_CW_M.immature,18,180,10,0.0,10000.0,1.0,1.0,29.332000732421875,0.0,0.0
feature.Seral.CWHvm_HW_CW_M.immature,19,190,10,0.0,10000.0,1.0,1.0,24.92099952697754,0.0,0.0
feature.Seral.CWHvm_HW_CW_M.immature,20,200,10,0.0,10000.0,1.0,1.0,24.92099952697754,0.0,0.0
feature.Seral.CWHvm_HW_CW_M.immature,21,210,10,0.0,10000.0,1.0,1.0,25.486000061035156,0.0,0.0
feature.Seral.CWHvm_HW_CW_M.immature,22,220,10,0.0,10000.0,1.0,1.0,25.486000061035156,0.0,0.0
feature.Seral.CWHvm_HW_CW_M.immature,23,230,10,0.0,10000.0,1.0,1.0,25.486000061035156,0.0,0.0
feature.Seral.CWHvm_HW_CW_M.immature,24,240,10,0.0,10000.0,1.0,1.0,20.21299934387207,0.0,0.0
feature.Seral.CWHvm_HW_CW_M.immature,25,250,10,0.0,10000.0,1.0,1.0,20.21299934387207,0.0,0.0
feature.Seral.CWHvm_HW_CW_M.immature,26,260,10,0.0,10000.0,1.0,1.0,10.21500015258789,0.0,0.0
feature.Seral.CWHvm_HW_CW_M.immature,27,270,10,0.0,10000.0,1.0,1.0,13.855999946594238,0.0,0.0
feature.Seral.CWHvm_HW_CW_M.immature,28,280,10,0.0,10000.0,1.0,1.0,12.76099967956543,0.0,0.0
feature.Seral.CWHvm_HW_CW_M.immature,29,290,10,0.0,10000.0,1.0,1.0,13.82699966430664,0.0,0.0
feature.Seral.CWHvm_HW_CW_M.immature,30,300,10,0.0,10000.0,1.0,1.0,24.09600067138672,0.0,0.0
feature.Seral.CWHvm_HW_CW_M.mature,0,0,10,0.0,10000.0,1.0,1.0,26.018999099731445,0.0,0.0
feature.Seral.CWHvm_HW_CW_M.mature,1,10,10,0.0,10000.0,1.0,1.0,26.018999099731445,0.0,0.0
feature.Seral.CWHvm_HW_CW_M.mature,2,20,10,0.0,10000.0,1.0,1.0,31.496000289916992,0.0,0.0
feature.Seral.CWHvm_HW_CW_M.mature,3,30,10,0.0,10000.0,1.0,1.0,19.56599998474121,0.0,0.0
feature.Seral.CWHvm_HW_CW_M.mature,4,40,10,0.0,10000.0,1.0,1.0,19.56599998474121,0.0,0.0
feature.Seral.CWHvm_HW_CW_M.mature,5,50,10,0.0,10000.0,1.0,1.0,20.433000564575195,0.0,0.0
feature.Seral.CWHvm_HW_CW_M.mature,6,60,10,0.0,10000.0,1.0,1.0,20.433000564575195,0.0,0.0
feature.Seral.CWHvm_HW_CW_M.mature,7,70,10,0.0,10000.0,1.0,1.0,17.4689998626709,0.0,0.0
feature.Seral.CWHvm_HW_CW_M.mature,8,80,10,0.0,10000.0,1.0,1.0,3.380000114440918,0.0,0.0
feature.Seral.CWHvm_HW_CW_M.mature,9,90,10,0.0,10000.0,1.0,1.0,5.3379998207092285,0.0,0.0
feature.Seral.CWHvm_HW_CW_M.mature,10,100,10,0.0,10000.0,1.0,1.0,5.3379998207092285,0.0,0.0
feature.Seral.CWHvm_HW_CW_M.mature,11,110,10,0.0,10000.0,1.0,1.0,5.3379998207092285,0.0,0.0
feature.Seral.CWHvm_HW_CW_M.mature,12,120,10,0.0,10000.0,1.0,1.0,5.3379998207092285,0.0,0.0
feature.Seral.CWHvm_HW_CW_M.mature,13,130,10,0.0,10000.0,1.0,1.0,3.4049999713897705,0.0,0.0
feature.Seral.CWHvm_HW_CW_M.mature,14,140,10,0.0,10000.0,1.0,1.0,5.078999996185303,0.0,0.0
feature.Seral.CWHvm_HW_CW_M.mature,15,150,10,0.0,10000.0,1.0,1.0,3.631999969482422,0.0,0.0
feature.Seral.CWHvm_HW_CW_M.mature,16,160,10,0.0,10000.0,1.0,1.0,3.631999969482422,0.0,0.0
feature.Seral.CWHvm_HW_CW_M.mature,17,170,10,0.0,10000.0,1.0,1.0,2.740000009536743,0.0,0.0
feature.Seral.CWHvm_HW_CW_M.mature,18,180,10,0.0,10000.0,1.0,1.0,2.740000009536743,0.0,0.0
feature.Seral.CWHvm_HW_CW_M.mature,19,190,10,0.0,10000.0,1.0,1.0,7.151000022888184,0.0,0.0
feature.Seral.CWHvm_HW_CW_M.mature,20,200,10,0.0,10000.0,1.0,1.0,7.151000022888184,0.0,0.0
feature.Seral.CWHvm_HW_CW_M.mature,21,210,10,0.0,10000.0,1.0,1.0,7.151000022888184,0.0,0.0
feature.Seral.CWHvm_HW_CW_M.mature,22,220,10,0.0,10000.0,1.0,1.0,5.4770002365112305,0.0,0.0
feature.Seral.CWHvm_HW_CW_M.mature,23,230,10,0.0,10000.0,1.0,1.0,5.4770002365112305,0.0,0.0
feature.Seral.CWHvm_HW_CW_M.mature,24,240,10,0.0,10000.0,1.0,1.0,10.75,0.0,0.0
feature.Seral.CWHvm_HW_CW_M.mature,25,250,10,0.0,10000.0,1.0,1.0,0.0,0.0,0.0
feature.Seral.CWHvm_HW_CW_M.mature,26,260,10,0.0,10000.0,1.0,1.0,10.833999633789062,0.0,0.0
feature.Seral.CWHvm_HW_CW_M.mature,27,270,10,0.0,10000.0,1.0,1.0,16.87700080871582,0.0,0.0
feature.Seral.CWHvm_HW_CW_M.mature,28,280,10,0.0,10000.0,1.0,1.0,3.609999895095825,0.0,0.0
feature.Seral.CWHvm_HW_CW_M.mature,29,290,10,0.0,10000.0,1.0,1.0,1.6770000457763672,0.0,0.0
feature.Seral.CWHvm_HW_CW_M.mature,30,300,10,0.0,10000.0,1.0,1.0,1.6770000457763672,0.0,0.0
feature.Seral.CWHvm_HW_CW_M.overmature,0,0,10,0.0,10000.0,1.0,1.0,6.043000221252441,0.0,0.0
feature.Seral.CWHvm_HW_CW_M.overmature,1,10,10,0.0,10000.0,1.0,1.0,6.043000221252441,0.0,0.0
feature.Seral.CWHvm_HW_CW_M.overmature,2,20,10,0.0,10000.0,1.0,1.0,6.043000221252441,0.0,0.0
feature.Seral.CWHvm_HW_CW_M.overmature,3,30,10,0.0,10000.0,1.0,1.0,16.29599952697754,0.0,0.0
feature.Seral.CWHvm_HW_CW_M.overmature,4,40,10,0.0,10000.0,1.0,1.0,11.930000305175781,0.0,0.0
feature.Seral.CWHvm_HW_CW_M.overmature,5,50,10,0.0,10000.0,1.0,1.0,11.930000305175781,0.0,0.0
feature.Seral.CWHvm_HW_CW_M.overmature,6,60,10,0.0,10000.0,1.0,1.0,11.930000305175781,0.0,0.0
feature.Seral.CWHvm_HW_CW_M.overmature,7,70,10,0.0,10000.0,1.0,1.0,11.930000305175781,0.0,0.0
feature.Seral.CWHvm_HW_CW_M.overmature,8,80,10,0.0,10000.0,1.0,1.0,26.018999099731445,0.0,0.0
feature.Seral.CWHvm_HW_CW_M.overmature,9,90,10,0.0,10000.0,1.0,1.0,26.018999099731445,0.0,0.0
feature.Seral.CWHvm_HW_CW_M.overmature,10,100,10,0.0,10000.0,1.0,1.0,26.018999099731445,0.0,0.0
feature.Seral.CWHvm_HW_CW_M.overmature,11,110,10,0.0,10000.0,1.0,1.0,26.018999099731445,0.0,0.0
feature.Seral.CWHvm_HW_CW_M.overmature,12,120,10,0.0,10000.0,1.0,1.0,26.018999099731445,0.0,0.0
feature.Seral.CWHvm_HW_CW_M.overmature,13,130,10,0.0,10000.0,1.0,1.0,27.95199966430664,0.0,0.0
feature.Seral.CWHvm_HW_CW_M.overmature,14,140,10,0.0,10000.0,1.0,1.0,16.280000686645508,0.0,0.0
feature.Seral.CWHvm_HW_CW_M.overmature,15,150,10,0.0,10000.0,1.0,1.0,17.726999282836914,0.0,0.0
feature.Seral.CWHvm_HW_CW_M.overmature,16,160,10,0.0,10000.0,1.0,1.0,15.793999671936035,0.0,0.0
feature.Seral.CWHvm_HW_CW_M.overmature,17,170,10,0.0,10000.0,1.0,1.0,17.75200080871582,0.0,0.0
feature.Seral.CWHvm_HW_CW_M.overmature,18,180,10,0.0,10000.0,1.0,1.0,17.75200080871582,0.0,0.0
feature.Seral.CWHvm_HW_CW_M.overmature,19,190,10,0.0,10000.0,1.0,1.0,17.75200080871582,0.0,0.0
feature.Seral.CWHvm_HW_CW_M.overmature,20,200,10,0.0,10000.0,1.0,1.0,17.75200080871582,0.0,0.0
feature.Seral.CWHvm_HW_CW_M.overmature,21,210,10,0.0,10000.0,1.0,1.0,17.75200080871582,0.0,0.0
feature.Seral.CWHvm_HW_CW_M.overmature,22,220,10,0.0,10000.0,1.0,1.0,19.426000595092773,0.0,0.0
feature.Seral.CWHvm_HW_CW_M.overmature,23,230,10,0.0,10000.0,1.0,1.0,19.426000595092773,0.0,0.0
feature.Seral.CWHvm_HW_CW_M.overmature,24,240,10,0.0,10000.0,1.0,1.0,17.75200080871582,0.0,0.0
feature.Seral.CWHvm_HW_CW_M.overmature,25,250,10,0.0,10000.0,1.0,1.0,18.81800079345703,0.0,0.0
feature.Seral.CWHvm_HW_CW_M.overmature,26,260,10,0.0,10000.0,1.0,1.0,17.75200080871582,0.0,0.0
feature.Seral.CWHvm_HW_CW_M.overmature,27,270,10,0.0,10000.0,1.0,1.0,17.75200080871582,0.0,0.0
feature.Seral.CWHvm_HW_CW_M.overmature,28,280,10,0.0,10000.0,1.0,1.0,17.75200080871582,0.0,0.0
feature.Seral.CWHvm_HW_CW_M.overmature,29,290,10,0.0,10000.0,1.0,1.0,12.527000427246094,0.0,0.0
feature.Seral.CWHvm_HW_CW_M.overmature,30,300,10,0.0,10000.0,1.0,1.0,12.527000427246094,0.0,0.0
feature.Seral.CWHvm_HW_CW_M.regenerating,0,0,10,0.0,10000.0,1.0,1.0,0.0,0.0,0.0
feature.Seral.CWHvm_HW_CW_M.regenerating,1,10,10,0.0,10000.0,1.0,1.0,5.2729997634887695,0.0,0.0
feature.Seral.CWHvm_HW_CW_M.regenerating,2,20,10,0.0,10000.0,1.0,1.0,0.0,0.0,0.0
feature.Seral.CWHvm_HW_CW_M.regenerating,3,30,10,0.0,10000.0,1.0,1.0,0.0,0.0,0.0
feature.Seral.CWHvm_HW_CW_M.regenerating,4,40,10,0.0,10000.0,1.0,1.0,4.366000175476074,0.0,0.0
feature.Seral.CWHvm_HW_CW_M.regenerating,5,50,10,0.0,10000.0,1.0,1.0,0.0,0.0,0.0
feature.Seral.CWHvm_HW_CW_M.regenerating,6,60,10,0.0,10000.0,1.0,1.0,0.0,0.0,0.0
feature.Seral.CWHvm_HW_CW_M.regenerating,7,70,10,0.0,10000.0,1.0,1.0,4.410999774932861,0.0,0.0
feature.Seral.CWHvm_HW_CW_M.regenerating,8,80,10,0.0,10000.0,1.0,1.0,0.0,0.0,0.0
feature.Seral.CWHvm_HW_CW_M.regenerating,9,90,10,0.0,10000.0,1.0,1.0,0.0,0.0,0.0
feature.Seral.CWHvm_HW_CW_M.regenerating,10,100,10,0.0,10000.0,1.0,1.0,0.0,0.0,0.0
feature.Seral.CWHvm_HW_CW_M.regenerating,11,110,10,0.0,10000.0,1.0,1.0,0.0,0.0,0.0
feature.Seral.CWHvm_HW_CW_M.regenerating,12,120,10,0.0,10000.0,1.0,1.0,0.0,0.0,0.0
feature.Seral.CWHvm_HW_CW_M.regenerating,13,130,10,0.0,10000.0,1.0,1.0,0.0,0.0,0.0
feature.Seral.CWHvm_HW_CW_M.regenerating,14,140,10,0.0,10000.0,1.0,1.0,10.833999633789062,0.0,0.0
feature.Seral.CWHvm_HW_CW_M.regenerating,15,150,10,0.0,10000.0,1.0,1.0,0.0,0.0,0.0
feature.Seral.CWHvm_HW_CW_M.regenerating,16,160,10,0.0,10000.0,1.0,1.0,0.0,0.0,0.0
feature.Seral.CWHvm_HW_CW_M.regenerating,17,170,10,0.0,10000.0,1.0,1.0,0.0,0.0,0.0
feature.Seral.CWHvm_HW_CW_M.regenerating,18,180,10,0.0,10000.0,1.0,1.0,0.5649999976158142,0.0,0.0
feature.Seral.CWHvm_HW_CW_M.regenerating,19,190,10,0.0,10000.0,1.0,1.0,0.0,0.0,0.0
feature.Seral.CWHvm_HW_CW_M.regenerating,20,200,10,0.0,10000.0,1.0,1.0,0.0,0.0,0.0
feature.Seral.CWHvm_HW_CW_M.regenerating,21,210,10,0.0,10000.0,1.0,1.0,0.0,0.0,0.0
feature.Seral.CWHvm_HW_CW_M.regenerating,22,220,10,0.0,10000.0,1.0,1.0,0.0,0.0,0.0
feature.Seral.CWHvm_HW_CW_M.regenerating,23,230,10,0.0,10000.0,1.0,1.0,0.0,0.0,0.0
feature.Seral.CWHvm_HW_CW_M.regenerating,24,240,10,0.0,10000.0,1.0,1.0,0.0,0.0,0.0
feature.Seral.CWHvm_HW_CW_M.regenerating,25,250,10,0.0,10000.0,1.0,1.0,0.0,0.0,0.0
feature.Seral.CWHvm_HW_CW_M.regenerating,26,260,10,0.0,10000.0,1.0,1.0,1.065999984741211,0.0,0.0
feature.Seral.CWHvm_HW_CW_M.regenerating,27,270,10,0.0,10000.0,1.0,1.0,0.0,0.0,0.0
feature.Seral.CWHvm_HW_CW_M.regenerating,28,280,10,0.0,10000.0,1.0,1.0,4.366000175476074,0.0,0.0
feature.Seral.CWHvm_HW_CW_M.regenerating,29,290,10,0.0,10000.0,1.0,1.0,5.224999904632568,0.0,0.0
feature.Seral.CWHvm_HW_CW_M.regenerating,30,300,10,0.0,10000.0,1.0,1.0,0.0,0.0,0.0
feature.Seral.CWHvm_HW_CW_M.young,0,0,10,0.0,10000.0,1.0,1.0,0.0,0.0,0.0
feature.Seral.CWHvm_HW_CW_M.young,1,10,10,0.0,10000.0,1.0,1.0,0.0,0.0,0.0
feature.Seral.CWHvm_HW_CW_M.young,2,20,10,0.0,10000.0,1.0,1.0,6.947000026702881,0.0,0.0
feature.Seral.CWHvm_HW_CW_M.young,3,30,10,0.0,10000.0,1.0,1.0,8.62399959564209,0.0,0.0
feature.Seral.CWHvm_HW_CW_M.young,4,40,10,0.0,10000.0,1.0,1.0,1.6770000457763672,0.0,0.0
feature.Seral.CWHvm_HW_CW_M.young,5,50,10,0.0,10000.0,1.0,1.0,5.432000160217285,0.0,0.0
feature.Seral.CWHvm_HW_CW_M.young,6,60,10,0.0,10000.0,1.0,1.0,5.432000160217285,0.0,0.0
feature.Seral.CWHvm_HW_CW_M.young,7,70,10,0.0,10000.0,1.0,1.0,0.5649999976158142,0.0,0.0
feature.Seral.CWHvm_HW_CW_M.young,8,80,10,0.0,10000.0,1.0,1.0,4.97599983215332,0.0,0.0
feature.Seral.CWHvm_HW_CW_M.young,9,90,10,0.0,10000.0,1.0,1.0,4.410999774932861,0.0,0.0
feature.Seral.CWHvm_HW_CW_M.young,10,100,10,0.0,10000.0,1.0,1.0,0.0,0.0,0.0
feature.Seral.CWHvm_HW_CW_M.young,11,110,10,0.0,10000.0,1.0,1.0,0.0,0.0,0.0
feature.Seral.CWHvm_HW_CW_M.young,12,120,10,0.0,10000.0,1.0,1.0,5.2729997634887695,0.0,0.0
feature.Seral.CWHvm_HW_CW_M.young,13,130,10,0.0,10000.0,1.0,1.0,5.2729997634887695,0.0,0.0
feature.Seral.CWHvm_HW_CW_M.young,14,140,10,0.0,10000.0,1.0,1.0,0.8379999995231628,0.0,0.0
feature.Seral.CWHvm_HW_CW_M.young,15,150,10,0.0,10000.0,1.0,1.0,17.71500015258789,0.0,0.0
feature.Seral.CWHvm_HW_CW_M.young,16,160,10,0.0,10000.0,1.0,1.0,18.809999465942383,0.0,0.0
feature.Seral.CWHvm_HW_CW_M.young,17,170,10,0.0,10000.0,1.0,1.0,1.9329999685287476,0.0,0.0
feature.Seral.CWHvm_HW_CW_M.young,18,180,10,0.0,10000.0,1.0,1.0,0.0,0.0,0.0
feature.Seral.CWHvm_HW_CW_M.young,19,190,10,0.0,10000.0,1.0,1.0,0.5649999976158142,0.0,0.0
feature.Seral.CWHvm_HW_CW_M.young,20,200,10,0.0,10000.0,1.0,1.0,0.5649999976158142,0.0,0.0
feature.Seral.CWHvm_HW_CW_M.young,21,210,10,0.0,10000.0,1.0,1.0,0.0,0.0,0.0
feature.Seral.CWHvm_HW_CW_M.young,22,220,10,0.0,10000.0,1.0,1.0,0.0,0.0,0.0
feature.Seral.CWHvm_HW_CW_M.young,23,230,10,0.0,10000.0,1.0,1.0,0.0,0.0,0.0
feature.Seral.CWHvm_HW_CW_M.young,24,240,10,0.0,10000.0,1.0,1.0,1.6740000247955322,0.0,0.0
feature.Seral.CWHvm_HW_CW_M.young,25,250,10,0.0,10000.0,1.0,1.0,11.357999801635742,0.0,0.0
feature.Seral.CWHvm_HW_CW_M.young,26,260,10,0.0,10000.0,1.0,1.0,10.522000312805176,0.0,0.0
feature.Seral.CWHvm_HW_CW_M.young,27,270,10,0.0,10000.0,1.0,1.0,1.9040000438690186,0.0,0.0
feature.Seral.CWHvm_HW_CW_M.young,28,280,10,0.0,10000.0,1.0,1.0,11.899999618530273,0.0,0.0
feature.Seral.CWHvm_HW_CW_M.young,29,290,10,0.0,10000.0,1.0,1.0,17.132999420166016,0.0,0.0
feature.Seral.CWHvm_HW_CW_M.young,30,300,10,0.0,10000.0,1.0,1.0,12.08899974822998,0.0,0.0
feature.Seral.CWHvm_HW_FDC_H.immature,0,0,10,0.0,10000.0,1.0,1.0,329.4540100097656,0.0,0.0
feature.Seral.CWHvm_HW_FDC_H.immature,1,10,10,0.0,10000.0,1.0,1.0,329.4540100097656,0.0,0.0
feature.Seral.CWHvm_HW_FDC_H.immature,2,20,10,0.0,10000.0,1.0,1.0,288.4429931640625,0.0,0.0
feature.Seral.CWHvm_HW_FDC_H.immature,3,30,10,0.0,10000.0,1.0,1.0,249.03799438476562,0.0,0.0
feature.Seral.CWHvm_HW_FDC_H.immature,4,40,10,0.0,10000.0,1.0,1.0,137.04600524902344,0.0,0.0
feature.Seral.CWHvm_HW_FDC_H.immature,5,50,10,0.0,10000.0,1.0,1.0,76.78900146484375,0.0,0.0
feature.Seral.CWHvm_HW_FDC_H.immature,6,60,10,0.0,10000.0,1.0,1.0,105.39399719238281,0.0,0.0
feature.Seral.CWHvm_HW_FDC_H.immature,7,70,10,0.0,10000.0,1.0,1.0,135.5330047607422,0.0,0.0
feature.Seral.CWHvm_HW_FDC_H.immature,8,80,10,0.0,10000.0,1.0,1.0,145.3939971923828,0.0,0.0
feature.Seral.CWHvm_HW_FDC_H.immature,9,90,10,0.0,10000.0,1.0,1.0,164.60499572753906,0.0,0.0
feature.Seral.CWHvm_HW_FDC_H.immature,10,100,10,0.0,10000.0,1.0,1.0,138.73399353027344,0.0,0.0
feature.Seral.CWHvm_HW_FDC_H.immature,11,110,10,0.0,10000.0,1.0,1.0,95.80799865722656,0.0,0.0
feature.Seral.CWHvm_HW_FDC_H.immature,12,120,10,0.0,10000.0,1.0,1.0,126.6520004272461,0.0,0.0
feature.Seral.CWHvm_HW_FDC_H.immature,13,130,10,0.0,10000.0,1.0,1.0,173.4770050048828,0.0,0.0
feature.Seral.CWHvm_HW_FDC_H.immature,14,140,10,0.0,10000.0,1.0,1.0,158.1529998779297,0.0,0.0
feature.Seral.CWHvm_HW_FDC_H.immature,15,150,10,0.0,10000.0,1.0,1.0,203.281005859375,0.0,0.0
feature.Seral.CWHvm_HW_FDC_H.immature,16,160,10,0.0,10000.0,1.0,1.0,193.58799743652344,0.0,0.0
feature.Seral.CWHvm_HW_FDC_H.immature,17,170,10,0.0,10000.0,1.0,1.0,181.98599243164062,0.0,0.0
feature.Seral.CWHvm_HW_FDC_H.immature,18,180,10,0.0,10000.0,1.0,1.0,173.33799743652344,0.0,0.0
feature.Seral.CWHvm_HW_FDC_H.immature,19,190,10,0.0,10000.0,1.0,1.0,156.6929931640625,0.0,0.0
feature.Seral.CWHvm_HW_FDC_H.immature,20,200,10,0.0,10000.0,1.0,1.0,156.08799743652344,0.0,0.0
feature.Seral.CWHvm_HW_FDC_H.immature,21,210,10,0.0,10000.0,1.0,1.0,189.5050048828125,0.0,0.0
feature.Seral.CWHvm_HW_FDC_H.immature,22,220,10,0.0,10000.0,1.0,1.0,190.927001953125,0.0,0.0
feature.Seral.CWHvm_HW_FDC_H.immature,23,230,10,0.0,10000.0,1.0,1.0,188.45700073242188,0.0,0.0
feature.Seral.CWHvm_HW_FDC_H.immature,24,240,10,0.0,10000.0,1.0,1.0,147.03799438476562,0.0,0.0
feature.Seral.CWHvm_HW_FDC_H.immature,25,250,10,0.0,10000.0,1.0,1.0,119.81300354003906,0.0,0.0
feature.Seral.CWHvm_HW_FDC_H.immature,26,260,10,0.0,10000.0,1.0,1.0,109.70099639892578,0.0,0.0
feature.Seral.CWHvm_HW_FDC_H.immature,27,270,10,0.0,10000.0,1.0,1.0,110.81099700927734,0.0,0.0
feature.Seral.CWHvm_HW_FDC_H.immature,28,280,10,0.0,10000.0,1.0,1.0,119.9020004272461,0.0,0.0
feature.Seral.CWHvm_HW_FDC_H.immature,29,290,10,0.0,10000.0,1.0,1.0,90.16899871826172,0.0,0.0
feature.Seral.CWHvm_HW_FDC_H.immature,30,300,10,0.0,10000.0,1.0,1.0,168.61300659179688,0.0,0.0
feature.Seral.CWHvm_HW_FDC_H.mature,0,0,10,0.0,10000.0,1.0,1.0,79.08300018310547,0.0,0.0
feature.Seral.CWHvm_HW_FDC_H.mature,1,10,10,0.0,10000.0,1.0,1.0,79.08300018310547,0.0,0.0
feature.Seral.CWHvm_HW_FDC_H.mature,2,20,10,0.0,10000.0,1.0,1.0,63.63399887084961,0.0,0.0
feature.Seral.CWHvm_HW_FDC_H.mature,3,30,10,0.0,10000.0,1.0,1.0,81.56500244140625,0.0,0.0
feature.Seral.CWHvm_HW_FDC_H.mature,4,40,10,0.0,10000.0,1.0,1.0,187.77200317382812,0.0,0.0
feature.Seral.CWHvm_HW_FDC_H.mature,5,50,10,0.0,10000.0,1.0,1.0,263.14300537109375,0.0,0.0
feature.Seral.CWHvm_HW_FDC_H.mature,6,60,10,0.0,10000.0,1.0,1.0,263.14300537109375,0.0,0.0
feature.Seral.CWHvm_HW_FDC_H.mature,7,70,10,0.0,10000.0,1.0,1.0,241.63699340820312,0.0,0.0
feature.Seral.CWHvm_HW_FDC_H.mature,8,80,10,0.0,10000.0,1.0,1.0,206.48599243164062,0.0,0.0
feature.Seral.CWHvm_HW_FDC_H.mature,9,90,10,0.0,10000.0,1.0,1.0,200.593994140625,0.0,0.0
feature.Seral.CWHvm_HW_FDC_H.mature,10,100,10,0.0,10000.0,1.0,1.0,160.0970001220703,0.0,0.0
feature.Seral.CWHvm_HW_FDC_H.mature,11,110,10,0.0,10000.0,1.0,1.0,164.31500244140625,0.0,0.0
feature.Seral.CWHvm_HW_FDC_H.mature,12,120,10,0.0,10000.0,1.0,1.0,160.7779998779297,0.0,0.0
feature.Seral.CWHvm_HW_FDC_H.mature,13,130,10,0.0,10000.0,1.0,1.0,130.24099731445312,0.0,0.0
feature.Seral.CWHvm_HW_FDC_H.mature,14,140,10,0.0,10000.0,1.0,1.0,131.60499572753906,0.0,0.0
feature.Seral.CWHvm_HW_FDC_H.mature,15,150,10,0.0,10000.0,1.0,1.0,73.88400268554688,0.0,0.0
feature.Seral.CWHvm_HW_FDC_H.mature,16,160,10,0.0,10000.0,1.0,1.0,42.70899963378906,0.0,0.0
feature.Seral.CWHvm_HW_FDC_H.mature,17,170,10,0.0,10000.0,1.0,1.0,56.27199935913086,0.0,0.0
feature.Seral.CWHvm_HW_FDC_H.mature,18,180,10,0.0,10000.0,1.0,1.0,52.35300064086914,0.0,0.0
feature.Seral.CWHvm_HW_FDC_H.mature,19,190,10,0.0,10000.0,1.0,1.0,59.994998931884766,0.0,0.0
feature.Seral.CWHvm_HW_FDC_H.mature,20,200,10,0.0,10000.0,1.0,1.0,52.35300064086914,0.0,0.0
feature.Seral.CWHvm_HW_FDC_H.mature,21,210,10,0.0,10000.0,1.0,1.0,52.35300064086914,0.0,0.0
feature.Seral.CWHvm_HW_FDC_H.mature,22,220,10,0.0,10000.0,1.0,1.0,85.66400146484375,0.0,0.0
feature.Seral.CWHvm_HW_FDC_H.mature,23,230,10,0.0,10000.0,1.0,1.0,101.5770034790039,0.0,0.0
feature.Seral.CWHvm_HW_FDC_H.mature,24,240,10,0.0,10000.0,1.0,1.0,126.7040023803711,0.0,0.0
feature.Seral.CWHvm_HW_FDC_H.mature,25,250,10,0.0,10000.0,1.0,1.0,118.6989974975586,0.0,0.0
feature.Seral.CWHvm_HW_FDC_H.mature,26,260,10,0.0,10000.0,1.0,1.0,125.6729965209961,0.0,0.0
feature.Seral.CWHvm_HW_FDC_H.mature,27,270,10,0.0,10000.0,1.0,1.0,102.4739990234375,0.0,0.0
feature.Seral.CWHvm_HW_FDC_H.mature,28,280,10,0.0,10000.0,1.0,1.0,91.39600372314453,0.0,0.0
feature.Seral.CWHvm_HW_FDC_H.mature,29,290,10,0.0,10000.0,1.0,1.0,88.91100311279297,0.0,0.0
feature.Seral.CWHvm_HW_FDC_H.mature,30,300,10,0.0,10000.0,1.0,1.0,86.38400268554688,0.0,0.0
feature.Seral.CWHvm_HW_FDC_H.overmature,0,0,10,0.0,10000.0,1.0,1.0,0.0,0.0,0.0
feature.Seral.CWHvm_HW_FDC_H.overmature,1,10,10,0.0,10000.0,1.0,1.0,0.0,0.0,0.0
feature.Seral.CWHvm_HW_FDC_H.overmature,2,20,10,0.0,10000.0,1.0,1.0,0.0,0.0,0.0
feature.Seral.CWHvm_HW_FDC_H.overmature,3,30,10,0.0,10000.0,1.0,1.0,0.0,0.0,0.0
feature.Seral.CWHvm_HW_FDC_H.overmature,4,40,10,0.0,10000.0,1.0,1.0,0.0,0.0,0.0
feature.Seral.CWHvm_HW_FDC_H.overmature,5,50,10,0.0,10000.0,1.0,1.0,0.0,0.0,0.0
feature.Seral.CWHvm_HW_FDC_H.overmature,6,60,10,0.0,10000.0,1.0,1.0,0.0,0.0,0.0
feature.Seral.CWHvm_HW_FDC_H.overmature,7,70,10,0.0,10000.0,1.0,1.0,0.0,0.0,0.0
feature.Seral.CWHvm_HW_FDC_H.overmature,8,80,10,0.0,10000.0,1.0,1.0,15.192999839782715,0.0,0.0
feature.Seral.CWHvm_HW_FDC_H.overmature,9,90,10,0.0,10000.0,1.0,1.0,15.192999839782715,0.0,0.0
feature.Seral.CWHvm_HW_FDC_H.overmature,10,100,10,0.0,10000.0,1.0,1.0,43.279998779296875,0.0,0.0
feature.Seral.CWHvm_HW_FDC_H.overmature,11,110,10,0.0,10000.0,1.0,1.0,43.279998779296875,0.0,0.0
feature.Seral.CWHvm_HW_FDC_H.overmature,12,120,10,0.0,10000.0,1.0,1.0,43.279998779296875,0.0,0.0
feature.Seral.CWHvm_HW_FDC_H.overmature,13,130,10,0.0,10000.0,1.0,1.0,43.279998779296875,0.0,0.0
feature.Seral.CWHvm_HW_FDC_H.overmature,14,140,10,0.0,10000.0,1.0,1.0,45.582000732421875,0.0,0.0
feature.Seral.CWHvm_HW_FDC_H.overmature,15,150,10,0.0,10000.0,1.0,1.0,69.83000183105469,0.0,0.0
feature.Seral.CWHvm_HW_FDC_H.overmature,16,160,10,0.0,10000.0,1.0,1.0,108.64199829101562,0.0,0.0
feature.Seral.CWHvm_HW_FDC_H.overmature,17,170,10,0.0,10000.0,1.0,1.0,108.64199829101562,0.0,0.0
feature.Seral.CWHvm_HW_FDC_H.overmature,18,180,10,0.0,10000.0,1.0,1.0,108.64199829101562,0.0,0.0
feature.Seral.CWHvm_HW_FDC_H.overmature,19,190,10,0.0,10000.0,1.0,1.0,108.64199829101562,0.0,0.0
feature.Seral.CWHvm_HW_FDC_H.overmature,20,200,10,0.0,10000.0,1.0,1.0,108.64199829101562,0.0,0.0
feature.Seral.CWHvm_HW_FDC_H.overmature,21,210,10,0.0,10000.0,1.0,1.0,108.64199829101562,0.0,0.0
feature.Seral.CWHvm_HW_FDC_H.overmature,22,220,10,0.0,10000.0,1.0,1.0,108.64199829101562,0.0,0.0
feature.Seral.CWHvm_HW_FDC_H.overmature,23,230,10,0.0,10000.0,1.0,1.0,108.64199829101562,0.0,0.0
feature.Seral.CWHvm_HW_FDC_H.overmature,24,240,10,0.0,10000.0,1.0,1.0,108.64199829101562,0.0,0.0
feature.Seral.CWHvm_HW_FDC_H.overmature,25,250,10,0.0,10000.0,1.0,1.0,128.2209930419922,0.0,0.0
feature.Seral.CWHvm_HW_FDC_H.overmature,26,260,10,0.0,10000.0,1.0,1.0,100.04100036621094,0.0,0.0
feature.Seral.CWHvm_HW_FDC_H.overmature,27,270,10,0.0,10000.0,1.0,1.0,115.66999816894531,0.0,0.0
feature.Seral.CWHvm_HW_FDC_H.overmature,28,280,10,0.0,10000.0,1.0,1.0,109.65399932861328,0.0,0.0
feature.Seral.CWHvm_HW_FDC_H.overmature,29,290,10,0.0,10000.0,1.0,1.0,109.65399932861328,0.0,0.0
feature.Seral.CWHvm_HW_FDC_H.overmature,30,300,10,0.0,10000.0,1.0,1.0,109.65399932861328,0.0,0.0
feature.Seral.CWHvm_HW_FDC_H.regenerating,0,0,10,0.0,10000.0,1.0,1.0,0.0,0.0,0.0
feature.Seral.CWHvm_HW_FDC_H.regenerating,1,10,10,0.0,10000.0,1.0,1.0,0.0,0.0,0.0
feature.Seral.CWHvm_HW_FDC_H.regenerating,2,20,10,0.0,10000.0,1.0,1.0,24.225000381469727,0.0,0.0
feature.Seral.CWHvm_HW_FDC_H.regenerating,3,30,10,0.0,10000.0,1.0,1.0,1.1449999809265137,0.0,0.0
feature.Seral.CWHvm_HW_FDC_H.regenerating,4,40,10,0.0,10000.0,1.0,1.0,10.5600004196167,0.0,0.0
feature.Seral.CWHvm_HW_FDC_H.regenerating,5,50,10,0.0,10000.0,1.0,1.0,9.861000061035156,0.0,0.0
feature.Seral.CWHvm_HW_FDC_H.regenerating,6,60,10,0.0,10000.0,1.0,1.0,0.0,0.0,0.0
feature.Seral.CWHvm_HW_FDC_H.regenerating,7,70,10,0.0,10000.0,1.0,1.0,2.2950000762939453,0.0,0.0
feature.Seral.CWHvm_HW_FDC_H.regenerating,8,80,10,0.0,10000.0,1.0,1.0,6.394999980926514,0.0,0.0
feature.Seral.CWHvm_HW_FDC_H.regenerating,9,90,10,0.0,10000.0,1.0,1.0,4.433000087738037,0.0,0.0
feature.Seral.CWHvm_HW_FDC_H.regenerating,10,100,10,0.0,10000.0,1.0,1.0,15.258999824523926,0.0,0.0
feature.Seral.CWHvm_HW_FDC_H.regenerating,11,110,10,0.0,10000.0,1.0,1.0,4.019999980926514,0.0,0.0
feature.Seral.CWHvm_HW_FDC_H.regenerating,12,120,10,0.0,10000.0,1.0,1.0,5.909999847412109,0.0,0.0
feature.Seral.CWHvm_HW_FDC_H.regenerating,13,130,10,0.0,10000.0,1.0,1.0,0.0,0.0,0.0
feature.Seral.CWHvm_HW_FDC_H.regenerating,14,140,10,0.0,10000.0,1.0,1.0,9.861000061035156,0.0,0.0
feature.Seral.CWHvm_HW_FDC_H.regenerating,15,150,10,0.0,10000.0,1.0,1.0,10.640999794006348,0.0,0.0
feature.Seral.CWHvm_HW_FDC_H.regenerating,16,160,10,0.0,10000.0,1.0,1.0,4.2179999351501465,0.0,0.0
feature.Seral.CWHvm_HW_FDC_H.regenerating,17,170,10,0.0,10000.0,1.0,1.0,33.027000427246094,0.0,0.0
feature.Seral.CWHvm_HW_FDC_H.regenerating,18,180,10,0.0,10000.0,1.0,1.0,26.719999313354492,0.0,0.0
feature.Seral.CWHvm_HW_FDC_H.regenerating,19,190,10,0.0,10000.0,1.0,1.0,6.52400016784668,0.0,0.0
feature.Seral.CWHvm_HW_FDC_H.regenerating,20,200,10,0.0,10000.0,1.0,1.0,17.457000732421875,0.0,0.0
feature.Seral.CWHvm_HW_FDC_H.regenerating,21,210,10,0.0,10000.0,1.0,1.0,0.0,0.0,0.0
feature.Seral.CWHvm_HW_FDC_H.regenerating,22,220,10,0.0,10000.0,1.0,1.0,5.8470001220703125,0.0,0.0
feature.Seral.CWHvm_HW_FDC_H.regenerating,23,230,10,0.0,10000.0,1.0,1.0,0.0,0.0,0.0
feature.Seral.CWHvm_HW_FDC_H.regenerating,24,240,10,0.0,10000.0,1.0,1.0,12.074000358581543,0.0,0.0
feature.Seral.CWHvm_HW_FDC_H.regenerating,25,250,10,0.0,10000.0,1.0,1.0,2.8410000801086426,0.0,0.0
feature.Seral.CWHvm_HW_FDC_H.regenerating,26,260,10,0.0,10000.0,1.0,1.0,0.0,0.0,0.0
feature.Seral.CWHvm_HW_FDC_H.regenerating,27,270,10,0.0,10000.0,1.0,1.0,38.23699951171875,0.0,0.0
feature.Seral.CWHvm_HW_FDC_H.regenerating,28,280,10,0.0,10000.0,1.0,1.0,6.172999858856201,0.0,0.0
feature.Seral.CWHvm_HW_FDC_H.regenerating,29,290,10,0.0,10000.0,1.0,1.0,0.0,0.0,0.0
feature.Seral.CWHvm_HW_FDC_H.regenerating,30,300,10,0.0,10000.0,1.0,1.0,0.0,0.0,0.0
feature.Seral.CWHvm_HW_FDC_H.young,0,0,10,0.0,10000.0,1.0,1.0,0.0,0.0,0.0
feature.Seral.CWHvm_HW_FDC_H.young,1,10,10,0.0,10000.0,1.0,1.0,0.0,0.0,0.0
feature.Seral.CWHvm_HW_FDC_H.young,2,20,10,0.0,10000.0,1.0,1.0,32.23500061035156,0.0,0.0
feature.Seral.CWHvm_HW_FDC_H.young,3,30,10,0.0,10000.0,1.0,1.0,76.78900146484375,0.0,0.0
feature.Seral.CWHvm_HW_FDC_H.young,4,40,10,0.0,10000.0,1.0,1.0,73.15899658203125,0.0,0.0
feature.Seral.CWHvm_HW_FDC_H.young,5,50,10,0.0,10000.0,1.0,1.0,58.74399948120117,0.0,0.0
feature.Seral.CWHvm_HW_FDC_H.young,6,60,10,0.0,10000.0,1.0,1.0,40.0,0.0,0.0
feature.Seral.CWHvm_HW_FDC_H.young,7,70,10,0.0,10000.0,1.0,1.0,29.07200050354004,0.0,0.0
feature.Seral.CWHvm_HW_FDC_H.young,8,80,10,0.0,10000.0,1.0,1.0,35.069000244140625,0.0,0.0
feature.Seral.CWHvm_HW_FDC_H.young,9,90,10,0.0,10000.0,1.0,1.0,23.711999893188477,0.0,0.0
feature.Seral.CWHvm_HW_FDC_H.young,10,100,10,0.0,10000.0,1.0,1.0,51.16699981689453,0.0,0.0
feature.Seral.CWHvm_HW_FDC_H.young,11,110,10,0.0,10000.0,1.0,1.0,101.11399841308594,0.0,0.0
feature.Seral.CWHvm_HW_FDC_H.young,12,120,10,0.0,10000.0,1.0,1.0,71.91699981689453,0.0,0.0
feature.Seral.CWHvm_HW_FDC_H.young,13,130,10,0.0,10000.0,1.0,1.0,61.53900146484375,0.0,0.0
feature.Seral.CWHvm_HW_FDC_H.young,14,140,10,0.0,10000.0,1.0,1.0,63.33599853515625,0.0,0.0
feature.Seral.CWHvm_HW_FDC_H.young,15,150,10,0.0,10000.0,1.0,1.0,50.9010009765625,0.0,0.0
feature.Seral.CWHvm_HW_FDC_H.young,16,160,10,0.0,10000.0,1.0,1.0,59.380001068115234,0.0,0.0
feature.Seral.CWHvm_HW_FDC_H.young,17,170,10,0.0,10000.0,1.0,1.0,28.610000610351562,0.0,0.0
feature.Seral.CWHvm_HW_FDC_H.young,18,180,10,0.0,10000.0,1.0,1.0,47.48400115966797,0.0,0.0
feature.Seral.CWHvm_HW_FDC_H.young,19,190,10,0.0,10000.0,1.0,1.0,76.68299865722656,0.0,0.0
feature.Seral.CWHvm_HW_FDC_H.young,20,200,10,0.0,10000.0,1.0,1.0,73.99700164794922,0.0,0.0
feature.Seral.CWHvm_HW_FDC_H.young,21,210,10,0.0,10000.0,1.0,1.0,58.0369987487793,0.0,0.0
feature.Seral.CWHvm_HW_FDC_H.young,22,220,10,0.0,10000.0,1.0,1.0,17.457000732421875,0.0,0.0
feature.Seral.CWHvm_HW_FDC_H.young,23,230,10,0.0,10000.0,1.0,1.0,9.861000061035156,0.0,0.0
feature.Seral.CWHvm_HW_FDC_H.young,24,240,10,0.0,10000.0,1.0,1.0,14.079000473022461,0.0,0.0
feature.Seral.CWHvm_HW_FDC_H.young,25,250,10,0.0,10000.0,1.0,1.0,38.9630012512207,0.0,0.0
feature.Seral.CWHvm_HW_FDC_H.young,26,260,10,0.0,10000.0,1.0,1.0,73.12200164794922,0.0,0.0
feature.Seral.CWHvm_HW_FDC_H.young,27,270,10,0.0,10000.0,1.0,1.0,41.345001220703125,0.0,0.0
feature.Seral.CWHvm_HW_FDC_H.young,28,280,10,0.0,10000.0,1.0,1.0,81.41200256347656,0.0,0.0
feature.Seral.CWHvm_HW_FDC_H.young,29,290,10,0.0,10000.0,1.0,1.0,119.8030014038086,0.0,0.0
feature.Seral.CWHvm_HW_FDC_H.young,30,300,10,0.0,10000.0,1.0,1.0,43.88600158691406,0.0,0.0
feature.Seral.CWHvm_HW_FDC_L.immature,0,0,10,0.0,10000.0,1.0,1.0,96.09500122070312,0.0,0.0
feature.Seral.CWHvm_HW_FDC_L.immature,1,10,10,0.0,10000.0,1.0,1.0,96.09500122070312,0.0,0.0
feature.Seral.CWHvm_HW_FDC_L.immature,2,20,10,0.0,10000.0,1.0,1.0,96.09500122070312,0.0,0.0
feature.Seral.CWHvm_HW_FDC_L.immature,3,30,10,0.0,10000.0,1.0,1.0,96.19499969482422,0.0,0.0
feature.Seral.CWHvm_HW_FDC_L.immature,4,40,10,0.0,10000.0,1.0,1.0,86.4280014038086,0.0,0.0
feature.Seral.CWHvm_HW_FDC_L.immature,5,50,10,0.0,10000.0,1.0,1.0,28.493999481201172,0.0,0.0
feature.Seral.CWHvm_HW_FDC_L.immature,6,60,10,0.0,10000.0,1.0,1.0,30.350000381469727,0.0,0.0
feature.Seral.CWHvm_HW_FDC_L.immature,7,70,10,0.0,10000.0,1.0,1.0,35.16299819946289,0.0,0.0
feature.Seral.CWHvm_HW_FDC_L.immature,8,80,10,0.0,10000.0,1.0,1.0,72.6520004272461,0.0,0.0
feature.Seral.CWHvm_HW_FDC_L.immature,9,90,10,0.0,10000.0,1.0,1.0,72.6520004272461,0.0,0.0
feature.Seral.CWHvm_HW_FDC_L.immature,10,100,10,0.0,10000.0,1.0,1.0,74.7509994506836,0.0,0.0
feature.Seral.CWHvm_HW_FDC_L.immature,11,110,10,0.0,10000.0,1.0,1.0,58.529998779296875,0.0,0.0
feature.Seral.CWHvm_HW_FDC_L.immature,12,120,10,0.0,10000.0,1.0,1.0,54.67399978637695,0.0,0.0
feature.Seral.CWHvm_HW_FDC_L.immature,13,130,10,0.0,10000.0,1.0,1.0,48.79800033569336,0.0,0.0
feature.Seral.CWHvm_HW_FDC_L.immature,14,140,10,0.0,10000.0,1.0,1.0,42.882999420166016,0.0,0.0
feature.Seral.CWHvm_HW_FDC_L.immature,15,150,10,0.0,10000.0,1.0,1.0,50.93199920654297,0.0,0.0
feature.Seral.CWHvm_HW_FDC_L.immature,16,160,10,0.0,10000.0,1.0,1.0,51.23699951171875,0.0,0.0
feature.Seral.CWHvm_HW_FDC_L.immature,17,170,10,0.0,10000.0,1.0,1.0,68.76899719238281,0.0,0.0
feature.Seral.CWHvm_HW_FDC_L.immature,18,180,10,0.0,10000.0,1.0,1.0,70.86799621582031,0.0,0.0
feature.Seral.CWHvm_HW_FDC_L.immature,19,190,10,0.0,10000.0,1.0,1.0,67.8219985961914,0.0,0.0
feature.Seral.CWHvm_HW_FDC_L.immature,20,200,10,0.0,10000.0,1.0,1.0,51.60100173950195,0.0,0.0
feature.Seral.CWHvm_HW_FDC_L.immature,21,210,10,0.0,10000.0,1.0,1.0,43.75400161743164,0.0,0.0
feature.Seral.CWHvm_HW_FDC_L.immature,22,220,10,0.0,10000.0,1.0,1.0,42.805999755859375,0.0,0.0
feature.Seral.CWHvm_HW_FDC_L.immature,23,230,10,0.0,10000.0,1.0,1.0,52.95199966430664,0.0,0.0
feature.Seral.CWHvm_HW_FDC_L.immature,24,240,10,0.0,10000.0,1.0,1.0,26.170000076293945,0.0,0.0
feature.Seral.CWHvm_HW_FDC_L.immature,25,250,10,0.0,10000.0,1.0,1.0,27.79199981689453,0.0,0.0
feature.Seral.CWHvm_HW_FDC_L.immature,26,260,10,0.0,10000.0,1.0,1.0,41.2140007019043,0.0,0.0
feature.Seral.CWHvm_HW_FDC_L.immature,27,270,10,0.0,10000.0,1.0,1.0,62.66299819946289,0.0,0.0
feature.Seral.CWHvm_HW_FDC_L.immature,28,280,10,0.0,10000.0,1.0,1.0,68.6520004272461,0.0,0.0
feature.Seral.CWHvm_HW_FDC_L.immature,29,290,10,0.0,10000.0,1.0,1.0,73.0530014038086,0.0,0.0
feature.Seral.CWHvm_HW_FDC_L.immature,30,300,10,0.0,10000.0,1.0,1.0,51.555999755859375,0.0,0.0
feature.Seral.CWHvm_HW_FDC_L.mature,0,0,10,0.0,10000.0,1.0,1.0,53.327999114990234,0.0,0.0
feature.Seral.CWHvm_HW_FDC_L.mature,1,10,10,0.0,10000.0,1.0,1.0,37.106998443603516,0.0,0.0
feature.Seral.CWHvm_HW_FDC_L.mature,2,20,10,0.0,10000.0,1.0,1.0,34.53300094604492,0.0,0.0
feature.Seral.CWHvm_HW_FDC_L.mature,3,30,10,0.0,10000.0,1.0,1.0,43.426998138427734,0.0,0.0
feature.Seral.CWHvm_HW_FDC_L.mature,4,40,10,0.0,10000.0,1.0,1.0,46.62699890136719,0.0,0.0
feature.Seral.CWHvm_HW_FDC_L.mature,5,50,10,0.0,10000.0,1.0,1.0,78.66699981689453,0.0,0.0
feature.Seral.CWHvm_HW_FDC_L.mature,6,60,10,0.0,10000.0,1.0,1.0,70.36799621582031,0.0,0.0
feature.Seral.CWHvm_HW_FDC_L.mature,7,70,10,0.0,10000.0,1.0,1.0,68.26899719238281,0.0,0.0
feature.Seral.CWHvm_HW_FDC_L.mature,8,80,10,0.0,10000.0,1.0,1.0,51.470001220703125,0.0,0.0
feature.Seral.CWHvm_HW_FDC_L.mature,9,90,10,0.0,10000.0,1.0,1.0,48.42399978637695,0.0,0.0
feature.Seral.CWHvm_HW_FDC_L.mature,10,100,10,0.0,10000.0,1.0,1.0,42.020999908447266,0.0,0.0
feature.Seral.CWHvm_HW_FDC_L.mature,11,110,10,0.0,10000.0,1.0,1.0,54.722999572753906,0.0,0.0
feature.Seral.CWHvm_HW_FDC_L.mature,12,120,10,0.0,10000.0,1.0,1.0,37.35499954223633,0.0,0.0
feature.Seral.CWHvm_HW_FDC_L.mature,13,130,10,0.0,10000.0,1.0,1.0,27.59000015258789,0.0,0.0
feature.Seral.CWHvm_HW_FDC_L.mature,14,140,10,0.0,10000.0,1.0,1.0,27.476999282836914,0.0,0.0
feature.Seral.CWHvm_HW_FDC_L.mature,15,150,10,0.0,10000.0,1.0,1.0,5.0329999923706055,0.0,0.0
feature.Seral.CWHvm_HW_FDC_L.mature,16,160,10,0.0,10000.0,1.0,1.0,20.57200050354004,0.0,0.0
feature.Seral.CWHvm_HW_FDC_L.mature,17,170,10,0.0,10000.0,1.0,1.0,20.57200050354004,0.0,0.0
feature.Seral.CWHvm_HW_FDC_L.mature,18,180,10,0.0,10000.0,1.0,1.0,20.57200050354004,0.0,0.0
feature.Seral.CWHvm_HW_FDC_L.mature,19,190,10,0.0,10000.0,1.0,1.0,23.618000030517578,0.0,0.0
feature.Seral.CWHvm_HW_FDC_L.mature,20,200,10,0.0,10000.0,1.0,1.0,23.618000030517578,0.0,0.0
feature.Seral.CWHvm_HW_FDC_L.mature,21,210,10,0.0,10000.0,1.0,1.0,24.562999725341797,0.0,0.0
feature.Seral.CWHvm_HW_FDC_L.mature,22,220,10,0.0,10000.0,1.0,1.0,24.562999725341797,0.0,0.0
feature.Seral.CWHvm_HW_FDC_L.mature,23,230,10,0.0,10000.0,1.0,1.0,29.490999221801758,0.0,0.0
feature.Seral.CWHvm_HW_FDC_L.mature,24,240,10,0.0,10000.0,1.0,1.0,31.976999282836914,0.0,0.0
feature.Seral.CWHvm_HW_FDC_L.mature,25,250,10,0.0,10000.0,1.0,1.0,31.976999282836914,0.0,0.0
feature.Seral.CWHvm_HW_FDC_L.mature,26,260,10,0.0,10000.0,1.0,1.0,12.968000411987305,0.0,0.0
feature.Seral.CWHvm_HW_FDC_L.mature,27,270,10,0.0,10000.0,1.0,1.0,12.968000411987305,0.0,0.0
feature.Seral.CWHvm_HW_FDC_L.mature,28,280,10,0.0,10000.0,1.0,1.0,12.968000411987305,0.0,0.0
feature.Seral.CWHvm_HW_FDC_L.mature,29,290,10,0.0,10000.0,1.0,1.0,9.92199993133545,0.0,0.0
feature.Seral.CWHvm_HW_FDC_L.mature,30,300,10,0.0,10000.0,1.0,1.0,6.4029998779296875,0.0,0.0
feature.Seral.CWHvm_HW_FDC_L.overmature,0,0,10,0.0,10000.0,1.0,1.0,3.890000104904175,0.0,0.0
feature.Seral.CWHvm_HW_FDC_L.overmature,1,10,10,0.0,10000.0,1.0,1.0,3.890000104904175,0.0,0.0
feature.Seral.CWHvm_HW_FDC_L.overmature,2,20,10,0.0,10000.0,1.0,1.0,3.890000104904175,0.0,0.0
feature.Seral.CWHvm_HW_FDC_L.overmature,3,30,10,0.0,10000.0,1.0,1.0,3.890000104904175,0.0,0.0
feature.Seral.CWHvm_HW_FDC_L.overmature,4,40,10,0.0,10000.0,1.0,1.0,3.890000104904175,0.0,0.0
feature.Seral.CWHvm_HW_FDC_L.overmature,5,50,10,0.0,10000.0,1.0,1.0,10.293000221252441,0.0,0.0
feature.Seral.CWHvm_HW_FDC_L.overmature,6,60,10,0.0,10000.0,1.0,1.0,10.293000221252441,0.0,0.0
feature.Seral.CWHvm_HW_FDC_L.overmature,7,70,10,0.0,10000.0,1.0,1.0,10.293000221252441,0.0,0.0
feature.Seral.CWHvm_HW_FDC_L.overmature,8,80,10,0.0,10000.0,1.0,1.0,27.091999053955078,0.0,0.0
feature.Seral.CWHvm_HW_FDC_L.overmature,9,90,10,0.0,10000.0,1.0,1.0,27.091999053955078,0.0,0.0
feature.Seral.CWHvm_HW_FDC_L.overmature,10,100,10,0.0,10000.0,1.0,1.0,33.494998931884766,0.0,0.0
feature.Seral.CWHvm_HW_FDC_L.overmature,11,110,10,0.0,10000.0,1.0,1.0,33.494998931884766,0.0,0.0
feature.Seral.CWHvm_HW_FDC_L.overmature,12,120,10,0.0,10000.0,1.0,1.0,33.494998931884766,0.0,0.0
feature.Seral.CWHvm_HW_FDC_L.overmature,13,130,10,0.0,10000.0,1.0,1.0,43.2599983215332,0.0,0.0
feature.Seral.CWHvm_HW_FDC_L.overmature,14,140,10,0.0,10000.0,1.0,1.0,36.970001220703125,0.0,0.0
feature.Seral.CWHvm_HW_FDC_L.overmature,15,150,10,0.0,10000.0,1.0,1.0,59.41400146484375,0.0,0.0
feature.Seral.CWHvm_HW_FDC_L.overmature,16,160,10,0.0,10000.0,1.0,1.0,61.87300109863281,0.0,0.0
feature.Seral.CWHvm_HW_FDC_L.overmature,17,170,10,0.0,10000.0,1.0,1.0,61.87300109863281,0.0,0.0
feature.Seral.CWHvm_HW_FDC_L.overmature,18,180,10,0.0,10000.0,1.0,1.0,61.87300109863281,0.0,0.0
feature.Seral.CWHvm_HW_FDC_L.overmature,19,190,10,0.0,10000.0,1.0,1.0,61.87300109863281,0.0,0.0
feature.Seral.CWHvm_HW_FDC_L.overmature,20,200,10,0.0,10000.0,1.0,1.0,61.87300109863281,0.0,0.0
feature.Seral.CWHvm_HW_FDC_L.overmature,21,210,10,0.0,10000.0,1.0,1.0,61.87300109863281,0.0,0.0
feature.Seral.CWHvm_HW_FDC_L.overmature,22,220,10,0.0,10000.0,1.0,1.0,61.87300109863281,0.0,0.0
feature.Seral.CWHvm_HW_FDC_L.overmature,23,230,10,0.0,10000.0,1.0,1.0,56.57400131225586,0.0,0.0
feature.Seral.CWHvm_HW_FDC_L.overmature,24,240,10,0.0,10000.0,1.0,1.0,56.57400131225586,0.0,0.0
feature.Seral.CWHvm_HW_FDC_L.overmature,25,250,10,0.0,10000.0,1.0,1.0,52.683998107910156,0.0,0.0
feature.Seral.CWHvm_HW_FDC_L.overmature,26,260,10,0.0,10000.0,1.0,1.0,67.29199981689453,0.0,0.0
feature.Seral.CWHvm_HW_FDC_L.overmature,27,270,10,0.0,10000.0,1.0,1.0,67.29199981689453,0.0,0.0
feature.Seral.CWHvm_HW_FDC_L.overmature,28,280,10,0.0,10000.0,1.0,1.0,64.20500183105469,0.0,0.0
feature.Seral.CWHvm_HW_FDC_L.overmature,29,290,10,0.0,10000.0,1.0,1.0,67.2509994506836,0.0,0.0
feature.Seral.CWHvm_HW_FDC_L.overmature,30,300,10,0.0,10000.0,1.0,1.0,60.847999572753906,0.0,0.0
feature.Seral.CWHvm_HW_FDC_L.regenerating,0,0,10,0.0,10000.0,1.0,1.0,0.0,0.0,0.0
feature.Seral.CWHvm_HW_FDC_L.regenerating,1,10,10,0.0,10000.0,1.0,1.0,0.0,0.0,0.0
feature.Seral.CWHvm_HW_FDC_L.regenerating,2,20,10,0.0,10000.0,1.0,1.0,0.0,0.0,0.0
feature.Seral.CWHvm_HW_FDC_L.regenerating,3,30,10,0.0,10000.0,1.0,1.0,7.2270002365112305,0.0,0.0
feature.Seral.CWHvm_HW_FDC_L.regenerating,4,40,10,0.0,10000.0,1.0,1.0,4.813000202178955,0.0,0.0
feature.Seral.CWHvm_HW_FDC_L.regenerating,5,50,10,0.0,10000.0,1.0,1.0,19.490999221801758,0.0,0.0
feature.Seral.CWHvm_HW_FDC_L.regenerating,6,60,10,0.0,10000.0,1.0,1.0,0.0,0.0,0.0
feature.Seral.CWHvm_HW_FDC_L.regenerating,7,70,10,0.0,10000.0,1.0,1.0,2.0989999771118164,0.0,0.0
feature.Seral.CWHvm_HW_FDC_L.regenerating,8,80,10,0.0,10000.0,1.0,1.0,0.0,0.0,0.0
feature.Seral.CWHvm_HW_FDC_L.regenerating,9,90,10,0.0,10000.0,1.0,1.0,3.0460000038146973,0.0,0.0
feature.Seral.CWHvm_HW_FDC_L.regenerating,10,100,10,0.0,10000.0,1.0,1.0,0.0,0.0,0.0
feature.Seral.CWHvm_HW_FDC_L.regenerating,11,110,10,0.0,10000.0,1.0,1.0,3.5190000534057617,0.0,0.0
feature.Seral.CWHvm_HW_FDC_L.regenerating,12,120,10,0.0,10000.0,1.0,1.0,8.048999786376953,0.0,0.0
feature.Seral.CWHvm_HW_FDC_L.regenerating,13,130,10,0.0,10000.0,1.0,1.0,5.875999927520752,0.0,0.0
feature.Seral.CWHvm_HW_FDC_L.regenerating,14,140,10,0.0,10000.0,1.0,1.0,17.531999588012695,0.0,0.0
feature.Seral.CWHvm_HW_FDC_L.regenerating,15,150,10,0.0,10000.0,1.0,1.0,0.0,0.0,0.0
feature.Seral.CWHvm_HW_FDC_L.regenerating,16,160,10,0.0,10000.0,1.0,1.0,0.0,0.0,0.0
feature.Seral.CWHvm_HW_FDC_L.regenerating,17,170,10,0.0,10000.0,1.0,1.0,0.0,0.0,0.0
feature.Seral.CWHvm_HW_FDC_L.regenerating,18,180,10,0.0,10000.0,1.0,1.0,0.0,0.0,0.0
feature.Seral.CWHvm_HW_FDC_L.regenerating,19,190,10,0.0,10000.0,1.0,1.0,0.0,0.0,0.0
feature.Seral.CWHvm_HW_FDC_L.regenerating,20,200,10,0.0,10000.0,1.0,1.0,16.22100067138672,0.0,0.0
feature.Seral.CWHvm_HW_FDC_L.regenerating,21,210,10,0.0,10000.0,1.0,1.0,4.328000068664551,0.0,0.0
feature.Seral.CWHvm_HW_FDC_L.regenerating,22,220,10,0.0,10000.0,1.0,1.0,0.0,0.0,0.0
feature.Seral.CWHvm_HW_FDC_L.regenerating,23,230,10,0.0,10000.0,1.0,1.0,5.298999786376953,0.0,0.0
feature.Seral.CWHvm_HW_FDC_L.regenerating,24,240,10,0.0,10000.0,1.0,1.0,21.448999404907227,0.0,0.0
feature.Seral.CWHvm_HW_FDC_L.regenerating,25,250,10,0.0,10000.0,1.0,1.0,5.988999843597412,0.0,0.0
feature.Seral.CWHvm_HW_FDC_L.regenerating,26,260,10,0.0,10000.0,1.0,1.0,4.401000022888184,0.0,0.0
feature.Seral.CWHvm_HW_FDC_L.regenerating,27,270,10,0.0,10000.0,1.0,1.0,0.0,0.0,0.0
feature.Seral.CWHvm_HW_FDC_L.regenerating,28,280,10,0.0,10000.0,1.0,1.0,3.0869998931884766,0.0,0.0
feature.Seral.CWHvm_HW_FDC_L.regenerating,29,290,10,0.0,10000.0,1.0,1.0,0.0,0.0,0.0
feature.Seral.CWHvm_HW_FDC_L.regenerating,30,300,10,0.0,10000.0,1.0,1.0,20.548999786376953,0.0,0.0
feature.Seral.CWHvm_HW_FDC_L.young,0,0,10,0.0,10000.0,1.0,1.0,0.0,0.0,0.0
feature.Seral.CWHvm_HW_FDC_L.young,1,10,10,0.0,10000.0,1.0,1.0,16.22100067138672,0.0,0.0
feature.Seral.CWHvm_HW_FDC_L.young,2,20,10,0.0,10000.0,1.0,1.0,18.795000076293945,0.0,0.0
feature.Seral.CWHvm_HW_FDC_L.young,3,30,10,0.0,10000.0,1.0,1.0,2.5739998817443848,0.0,0.0
feature.Seral.CWHvm_HW_FDC_L.young,4,40,10,0.0,10000.0,1.0,1.0,11.555000305175781,0.0,0.0
feature.Seral.CWHvm_HW_FDC_L.young,5,50,10,0.0,10000.0,1.0,1.0,16.368000030517578,0.0,0.0
feature.Seral.CWHvm_HW_FDC_L.young,6,60,10,0.0,10000.0,1.0,1.0,42.301998138427734,0.0,0.0
feature.Seral.CWHvm_HW_FDC_L.young,7,70,10,0.0,10000.0,1.0,1.0,37.48899841308594,0.0,0.0
feature.Seral.CWHvm_HW_FDC_L.young,8,80,10,0.0,10000.0,1.0,1.0,2.0989999771118164,0.0,0.0
feature.Seral.CWHvm_HW_FDC_L.young,9,90,10,0.0,10000.0,1.0,1.0,2.0989999771118164,0.0,0.0
feature.Seral.CWHvm_HW_FDC_L.young,10,100,10,0.0,10000.0,1.0,1.0,3.0460000038146973,0.0,0.0
feature.Seral.CWHvm_HW_FDC_L.young,11,110,10,0.0,10000.0,1.0,1.0,3.0460000038146973,0.0,0.0
feature.Seral.CWHvm_HW_FDC_L.young,12,120,10,0.0,10000.0,1.0,1.0,19.739999771118164,0.0,0.0
feature.Seral.CWHvm_HW_FDC_L.young,13,130,10,0.0,10000.0,1.0,1.0,27.788999557495117,0.0,0.0
feature.Seral.CWHvm_HW_FDC_L.young,14,140,10,0.0,10000.0,1.0,1.0,28.451000213623047,0.0,0.0
feature.Seral.CWHvm_HW_FDC_L.young,15,150,10,0.0,10000.0,1.0,1.0,37.933998107910156,0.0,0.0
feature.Seral.CWHvm_HW_FDC_L.young,16,160,10,0.0,10000.0,1.0,1.0,19.631000518798828,0.0,0.0
feature.Seral.CWHvm_HW_FDC_L.young,17,170,10,0.0,10000.0,1.0,1.0,2.0989999771118164,0.0,0.0
feature.Seral.CWHvm_HW_FDC_L.young,18,180,10,0.0,10000.0,1.0,1.0,0.0,0.0,0.0
feature.Seral.CWHvm_HW_FDC_L.young,19,190,10,0.0,10000.0,1.0,1.0,0.0,0.0,0.0
feature.Seral.CWHvm_HW_FDC_L.young,20,200,10,0.0,10000.0,1.0,1.0,0.0,0.0,0.0
feature.Seral.CWHvm_HW_FDC_L.young,21,210,10,0.0,10000.0,1.0,1.0,18.795000076293945,0.0,0.0
feature.Seral.CWHvm_HW_FDC_L.young,22,220,10,0.0,10000.0,1.0,1.0,24.070999145507812,0.0,0.0
feature.Seral.CWHvm_HW_FDC_L.young,23,230,10,0.0,10000.0,1.0,1.0,8.996999740600586,0.0,0.0
feature.Seral.CWHvm_HW_FDC_L.young,24,240,10,0.0,10000.0,1.0,1.0,17.14299964904785,0.0,0.0
feature.Seral.CWHvm_HW_FDC_L.young,25,250,10,0.0,10000.0,1.0,1.0,34.87099838256836,0.0,0.0
feature.Seral.CWHvm_HW_FDC_L.young,26,260,10,0.0,10000.0,1.0,1.0,27.437999725341797,0.0,0.0
feature.Seral.CWHvm_HW_FDC_L.young,27,270,10,0.0,10000.0,1.0,1.0,10.390000343322754,0.0,0.0
feature.Seral.CWHvm_HW_FDC_L.young,28,280,10,0.0,10000.0,1.0,1.0,4.401000022888184,0.0,0.0
feature.Seral.CWHvm_HW_FDC_L.young,29,290,10,0.0,10000.0,1.0,1.0,3.0869998931884766,0.0,0.0
feature.Seral.CWHvm_HW_FDC_L.young,30,300,10,0.0,10000.0,1.0,1.0,13.956999778747559,0.0,0.0
feature.Seral.CWHvm_HW_SS_M.immature,0,0,10,0.0,10000.0,1.0,1.0,29.687999725341797,0.0,0.0
feature.Seral.CWHvm_HW_SS_M.immature,1,10,10,0.0,10000.0,1.0,1.0,10.182000160217285,0.0,0.0
feature.Seral.CWHvm_HW_SS_M.immature,2,20,10,0.0,10000.0,1.0,1.0,10.182000160217285,0.0,0.0
feature.Seral.CWHvm_HW_SS_M.immature,3,30,10,0.0,10000.0,1.0,1.0,4.177999973297119,0.0,0.0
feature.Seral.CWHvm_HW_SS_M.immature,4,40,10,0.0,10000.0,1.0,1.0,20.106000900268555,0.0,0.0
feature.Seral.CWHvm_HW_SS_M.immature,5,50,10,0.0,10000.0,1.0,1.0,19.506000518798828,0.0,0.0
feature.Seral.CWHvm_HW_SS_M.immature,6,60,10,0.0,10000.0,1.0,1.0,24.091999053955078,0.0,0.0
feature.Seral.CWHvm_HW_SS_M.immature,7,70,10,0.0,10000.0,1.0,1.0,24.091999053955078,0.0,0.0
feature.Seral.CWHvm_HW_SS_M.immature,8,80,10,0.0,10000.0,1.0,1.0,24.091999053955078,0.0,0.0
feature.Seral.CWHvm_HW_SS_M.immature,9,90,10,0.0,10000.0,1.0,1.0,24.091999053955078,0.0,0.0
feature.Seral.CWHvm_HW_SS_M.immature,10,100,10,0.0,10000.0,1.0,1.0,4.585999965667725,0.0,0.0
feature.Seral.CWHvm_HW_SS_M.immature,11,110,10,0.0,10000.0,1.0,1.0,4.585999965667725,0.0,0.0
feature.Seral.CWHvm_HW_SS_M.immature,12,120,10,0.0,10000.0,1.0,1.0,20.513999938964844,0.0,0.0
feature.Seral.CWHvm_HW_SS_M.immature,13,130,10,0.0,10000.0,1.0,1.0,19.506000518798828,0.0,0.0
feature.Seral.CWHvm_HW_SS_M.immature,14,140,10,0.0,10000.0,1.0,1.0,23.083999633789062,0.0,0.0
feature.Seral.CWHvm_HW_SS_M.immature,15,150,10,0.0,10000.0,1.0,1.0,23.083999633789062,0.0,0.0
feature.Seral.CWHvm_HW_SS_M.immature,16,160,10,0.0,10000.0,1.0,1.0,24.091999053955078,0.0,0.0
feature.Seral.CWHvm_HW_SS_M.immature,17,170,10,0.0,10000.0,1.0,1.0,24.091999053955078,0.0,0.0
feature.Seral.CWHvm_HW_SS_M.immature,18,180,10,0.0,10000.0,1.0,1.0,4.585999965667725,0.0,0.0
feature.Seral.CWHvm_HW_SS_M.immature,19,190,10,0.0,10000.0,1.0,1.0,4.585999965667725,0.0,0.0
feature.Seral.CWHvm_HW_SS_M.immature,20,200,10,0.0,10000.0,1.0,1.0,20.513999938964844,0.0,0.0
feature.Seral.CWHvm_HW_SS_M.immature,21,210,10,0.0,10000.0,1.0,1.0,19.506000518798828,0.0,0.0
feature.Seral.CWHvm_HW_SS_M.immature,22,220,10,0.0,10000.0,1.0,1.0,19.506000518798828,0.0,0.0
feature.Seral.CWHvm_HW_SS_M.immature,23,230,10,0.0,10000.0,1.0,1.0,24.091999053955078,0.0,0.0
feature.Seral.CWHvm_HW_SS_M.immature,24,240,10,0.0,10000.0,1.0,1.0,24.091999053955078,0.0,0.0
feature.Seral.CWHvm_HW_SS_M.immature,25,250,10,0.0,10000.0,1.0,1.0,4.585999965667725,0.0,0.0
feature.Seral.CWHvm_HW_SS_M.immature,26,260,10,0.0,10000.0,1.0,1.0,4.585999965667725,0.0,0.0
feature.Seral.CWHvm_HW_SS_M.immature,27,270,10,0.0,10000.0,1.0,1.0,4.585999965667725,0.0,0.0
feature.Seral.CWHvm_HW_SS_M.immature,28,280,10,0.0,10000.0,1.0,1.0,24.091999053955078,0.0,0.0
feature.Seral.CWHvm_HW_SS_M.immature,29,290,10,0.0,10000.0,1.0,1.0,19.506000518798828,0.0,0.0
feature.Seral.CWHvm_HW_SS_M.immature,30,300,10,0.0,10000.0,1.0,1.0,19.506000518798828,0.0,0.0
feature.Seral.CWHvm_HW_SS_M.mature,0,0,10,0.0,10000.0,1.0,1.0,0.0,0.0,0.0
feature.Seral.CWHvm_HW_SS_M.mature,1,10,10,0.0,10000.0,1.0,1.0,0.0,0.0,0.0
feature.Seral.CWHvm_HW_SS_M.mature,2,20,10,0.0,10000.0,1.0,1.0,0.0,0.0,0.0
feature.Seral.CWHvm_HW_SS_M.mature,3,30,10,0.0,10000.0,1.0,1.0,4.995999813079834,0.0,0.0
feature.Seral.CWHvm_HW_SS_M.mature,4,40,10,0.0,10000.0,1.0,1.0,4.995999813079834,0.0,0.0
feature.Seral.CWHvm_HW_SS_M.mature,5,50,10,0.0,10000.0,1.0,1.0,5.5960001945495605,0.0,0.0
feature.Seral.CWHvm_HW_SS_M.mature,6,60,10,0.0,10000.0,1.0,1.0,5.5960001945495605,0.0,0.0
feature.Seral.CWHvm_HW_SS_M.mature,7,70,10,0.0,10000.0,1.0,1.0,5.5960001945495605,0.0,0.0
feature.Seral.CWHvm_HW_SS_M.mature,8,80,10,0.0,10000.0,1.0,1.0,5.5960001945495605,0.0,0.0
feature.Seral.CWHvm_HW_SS_M.mature,9,90,10,0.0,10000.0,1.0,1.0,5.5960001945495605,0.0,0.0
feature.Seral.CWHvm_HW_SS_M.mature,10,100,10,0.0,10000.0,1.0,1.0,5.5960001945495605,0.0,0.0
feature.Seral.CWHvm_HW_SS_M.mature,11,110,10,0.0,10000.0,1.0,1.0,5.5960001945495605,0.0,0.0
feature.Seral.CWHvm_HW_SS_M.mature,12,120,10,0.0,10000.0,1.0,1.0,5.5960001945495605,0.0,0.0
feature.Seral.CWHvm_HW_SS_M.mature,13,130,10,0.0,10000.0,1.0,1.0,5.5960001945495605,0.0,0.0
feature.Seral.CWHvm_HW_SS_M.mature,14,140,10,0.0,10000.0,1.0,1.0,0.6000000238418579,0.0,0.0
feature.Seral.CWHvm_HW_SS_M.mature,15,150,10,0.0,10000.0,1.0,1.0,0.6000000238418579,0.0,0.0
feature.Seral.CWHvm_HW_SS_M.mature,16,160,10,0.0,10000.0,1.0,1.0,0.0,0.0,0.0
feature.Seral.CWHvm_HW_SS_M.mature,17,170,10,0.0,10000.0,1.0,1.0,0.0,0.0,0.0
feature.Seral.CWHvm_HW_SS_M.mature,18,180,10,0.0,10000.0,1.0,1.0,0.0,0.0,0.0
feature.Seral.CWHvm_HW_SS_M.mature,19,190,10,0.0,10000.0,1.0,1.0,0.0,0.0,0.0
feature.Seral.CWHvm_HW_SS_M.mature,20,200,10,0.0,10000.0,1.0,1.0,0.0,0.0,0.0
feature.Seral.CWHvm_HW_SS_M.mature,21,210,10,0.0,10000.0,1.0,1.0,0.0,0.0,0.0
feature.Seral.CWHvm_HW_SS_M.mature,22,220,10,0.0,10000.0,1.0,1.0,0.0,0.0,0.0
feature.Seral.CWHvm_HW_SS_M.mature,23,230,10,0.0,10000.0,1.0,1.0,0.0,0.0,0.0
feature.Seral.CWHvm_HW_SS_M.mature,24,240,10,0.0,10000.0,1.0,1.0,0.0,0.0,0.0
feature.Seral.CWHvm_HW_SS_M.mature,25,250,10,0.0,10000.0,1.0,1.0,0.0,0.0,0.0
feature.Seral.CWHvm_HW_SS_M.mature,26,260,10,0.0,10000.0,1.0,1.0,0.0,0.0,0.0
feature.Seral.CWHvm_HW_SS_M.mature,27,270,10,0.0,10000.0,1.0,1.0,0.0,0.0,0.0
feature.Seral.CWHvm_HW_SS_M.mature,28,280,10,0.0,10000.0,1.0,1.0,0.0,0.0,0.0
feature.Seral.CWHvm_HW_SS_M.mature,29,290,10,0.0,10000.0,1.0,1.0,0.0,0.0,0.0
feature.Seral.CWHvm_HW_SS_M.mature,30,300,10,0.0,10000.0,1.0,1.0,0.0,0.0,0.0
feature.Seral.CWHvm_HW_SS_M.overmature,0,0,10,0.0,10000.0,1.0,1.0,0.0,0.0,0.0
feature.Seral.CWHvm_HW_SS_M.overmature,1,10,10,0.0,10000.0,1.0,1.0,0.0,0.0,0.0
feature.Seral.CWHvm_HW_SS_M.overmature,2,20,10,0.0,10000.0,1.0,1.0,0.0,0.0,0.0
feature.Seral.CWHvm_HW_SS_M.overmature,3,30,10,0.0,10000.0,1.0,1.0,0.0,0.0,0.0
feature.Seral.CWHvm_HW_SS_M.overmature,4,40,10,0.0,10000.0,1.0,1.0,0.0,0.0,0.0
feature.Seral.CWHvm_HW_SS_M.overmature,5,50,10,0.0,10000.0,1.0,1.0,0.0,0.0,0.0
feature.Seral.CWHvm_HW_SS_M.overmature,6,60,10,0.0,10000.0,1.0,1.0,0.0,0.0,0.0
feature.Seral.CWHvm_HW_SS_M.overmature,7,70,10,0.0,10000.0,1.0,1.0,0.0,0.0,0.0
feature.Seral.CWHvm_HW_SS_M.overmature,8,80,10,0.0,10000.0,1.0,1.0,0.0,0.0,0.0
feature.Seral.CWHvm_HW_SS_M.overmature,9,90,10,0.0,10000.0,1.0,1.0,0.0,0.0,0.0
feature.Seral.CWHvm_HW_SS_M.overmature,10,100,10,0.0,10000.0,1.0,1.0,0.0,0.0,0.0
feature.Seral.CWHvm_HW_SS_M.overmature,11,110,10,0.0,10000.0,1.0,1.0,0.0,0.0,0.0
feature.Seral.CWHvm_HW_SS_M.overmature,12,120,10,0.0,10000.0,1.0,1.0,0.0,0.0,0.0
feature.Seral.CWHvm_HW_SS_M.overmature,13,130,10,0.0,10000.0,1.0,1.0,0.0,0.0,0.0
feature.Seral.CWHvm_HW_SS_M.overmature,14,140,10,0.0,10000.0,1.0,1.0,4.995999813079834,0.0,0.0
feature.Seral.CWHvm_HW_SS_M.overmature,15,150,10,0.0,10000.0,1.0,1.0,4.995999813079834,0.0,0.0
feature.Seral.CWHvm_HW_SS_M.overmature,16,160,10,0.0,10000.0,1.0,1.0,5.5960001945495605,0.0,0.0
feature.Seral.CWHvm_HW_SS_M.overmature,17,170,10,0.0,10000.0,1.0,1.0,5.5960001945495605,0.0,0.0
feature.Seral.CWHvm_HW_SS_M.overmature,18,180,10,0.0,10000.0,1.0,1.0,5.5960001945495605,0.0,0.0
feature.Seral.CWHvm_HW_SS_M.overmature,19,190,10,0.0,10000.0,1.0,1.0,5.5960001945495605,0.0,0.0
feature.Seral.CWHvm_HW_SS_M.overmature,20,200,10,0.0,10000.0,1.0,1.0,5.5960001945495605,0.0,0.0
feature.Seral.CWHvm_HW_SS_M.overmature,21,210,10,0.0,10000.0,1.0,1.0,5.5960001945495605,0.0,0.0
feature.Seral.CWHvm_HW_SS_M.overmature,22,220,10,0.0,10000.0,1.0,1.0,5.5960001945495605,0.0,0.0
feature.Seral.CWHvm_HW_SS_M.overmature,23,230,10,0.0,10000.0,1.0,1.0,5.5960001945495605,0.0,0.0
feature.Seral.CWHvm_HW_SS_M.overmature,24,240,10,0.0,10000.0,1.0,1.0,5.5960001945495605,0.0,0.0
feature.Seral.CWHvm_HW_SS_M.overmature,25,250,10,0.0,10000.0,1.0,1.0,5.5960001945495605,0.0,0.0
feature.Seral.CWHvm_HW_SS_M.overmature,26,260,10,0.0,10000.0,1.0,1.0,5.5960001945495605,0.0,0.0
feature.Seral.CWHvm_HW_SS_M.overmature,27,270,10,0.0,10000.0,1.0,1.0,5.5960001945495605,0.0,0.0
feature.Seral.CWHvm_HW_SS_M.overmature,28,280,10,0.0,10000.0,1.0,1.0,5.5960001945495605,0.0,0.0
feature.Seral.CWHvm_HW_SS_M.overmature,29,290,10,0.0,10000.0,1.0,1.0,5.5960001945495605,0.0,0.0
feature.Seral.CWHvm_HW_SS_M.overmature,30,300,10,0.0,10000.0,1.0,1.0,5.5960001945495605,0.0,0.0
feature.Seral.CWHvm_HW_SS_M.regenerating,0,0,10,0.0,10000.0,1.0,1.0,0.0,0.0,0.0
feature.Seral.CWHvm_HW_SS_M.regenerating,1,10,10,0.0,10000.0,1.0,1.0,19.506000518798828,0.0,0.0
feature.Seral.CWHvm_HW_SS_M.regenerating,2,20,10,0.0,10000.0,1.0,1.0,0.0,0.0,0.0
feature.Seral.CWHvm_HW_SS_M.regenerating,3,30,10,0.0,10000.0,1.0,1.0,1.0080000162124634,0.0,0.0
feature.Seral.CWHvm_HW_SS_M.regenerating,4,40,10,0.0,10000.0,1.0,1.0,0.0,0.0,0.0
feature.Seral.CWHvm_HW_SS_M.regenerating,5,50,10,0.0,10000.0,1.0,1.0,0.0,0.0,0.0
feature.Seral.CWHvm_HW_SS_M.regenerating,6,60,10,0.0,10000.0,1.0,1.0,0.0,0.0,0.0
feature.Seral.CWHvm_HW_SS_M.regenerating,7,70,10,0.0,10000.0,1.0,1.0,0.0,0.0,0.0
feature.Seral.CWHvm_HW_SS_M.regenerating,8,80,10,0.0,10000.0,1.0,1.0,0.0,0.0,0.0
feature.Seral.CWHvm_HW_SS_M.regenerating,9,90,10,0.0,10000.0,1.0,1.0,0.0,0.0,0.0
feature.Seral.CWHvm_HW_SS_M.regenerating,10,100,10,0.0,10000.0,1.0,1.0,0.0,0.0,0.0
feature.Seral.CWHvm_HW_SS_M.regenerating,11,110,10,0.0,10000.0,1.0,1.0,0.0,0.0,0.0
feature.Seral.CWHvm_HW_SS_M.regenerating,12,120,10,0.0,10000.0,1.0,1.0,0.0,0.0,0.0
feature.Seral.CWHvm_HW_SS_M.regenerating,13,130,10,0.0,10000.0,1.0,1.0,1.0080000162124634,0.0,0.0
feature.Seral.CWHvm_HW_SS_M.regenerating,14,140,10,0.0,10000.0,1.0,1.0,0.0,0.0,0.0
feature.Seral.CWHvm_HW_SS_M.regenerating,15,150,10,0.0,10000.0,1.0,1.0,0.0,0.0,0.0
feature.Seral.CWHvm_HW_SS_M.regenerating,16,160,10,0.0,10000.0,1.0,1.0,0.0,0.0,0.0
feature.Seral.CWHvm_HW_SS_M.regenerating,17,170,10,0.0,10000.0,1.0,1.0,0.0,0.0,0.0
feature.Seral.CWHvm_HW_SS_M.regenerating,18,180,10,0.0,10000.0,1.0,1.0,0.0,0.0,0.0
feature.Seral.CWHvm_HW_SS_M.regenerating,19,190,10,0.0,10000.0,1.0,1.0,0.0,0.0,0.0
feature.Seral.CWHvm_HW_SS_M.regenerating,20,200,10,0.0,10000.0,1.0,1.0,3.578000068664551,0.0,0.0
feature.Seral.CWHvm_HW_SS_M.regenerating,21,210,10,0.0,10000.0,1.0,1.0,0.0,0.0,0.0
feature.Seral.CWHvm_HW_SS_M.regenerating,22,220,10,0.0,10000.0,1.0,1.0,0.0,0.0,0.0
feature.Seral.CWHvm_HW_SS_M.regenerating,23,230,10,0.0,10000.0,1.0,1.0,0.0,0.0,0.0
feature.Seral.CWHvm_HW_SS_M.regenerating,24,240,10,0.0,10000.0,1.0,1.0,0.0,0.0,0.0
feature.Seral.CWHvm_HW_SS_M.regenerating,25,250,10,0.0,10000.0,1.0,1.0,19.506000518798828,0.0,0.0
feature.Seral.CWHvm_HW_SS_M.regenerating,26,260,10,0.0,10000.0,1.0,1.0,0.0,0.0,0.0
feature.Seral.CWHvm_HW_SS_M.regenerating,27,270,10,0.0,10000.0,1.0,1.0,0.0,0.0,0.0
feature.Seral.CWHvm_HW_SS_M.regenerating,28,280,10,0.0,10000.0,1.0,1.0,0.0,0.0,0.0
feature.Seral.CWHvm_HW_SS_M.regenerating,29,290,10,0.0,10000.0,1.0,1.0,0.0,0.0,0.0
feature.Seral.CWHvm_HW_SS_M.regenerating,30,300,10,0.0,10000.0,1.0,1.0,0.0,0.0,0.0
feature.Seral.CWHvm_HW_SS_M.young,0,0,10,0.0,10000.0,1.0,1.0,0.0,0.0,0.0
feature.Seral.CWHvm_HW_SS_M.young,1,10,10,0.0,10000.0,1.0,1.0,0.0,0.0,0.0
feature.Seral.CWHvm_HW_SS_M.young,2,20,10,0.0,10000.0,1.0,1.0,19.506000518798828,0.0,0.0
feature.Seral.CWHvm_HW_SS_M.young,3,30,10,0.0,10000.0,1.0,1.0,19.506000518798828,0.0,0.0
feature.Seral.CWHvm_HW_SS_M.young,4,40,10,0.0,10000.0,1.0,1.0,4.585999965667725,0.0,0.0
feature.Seral.CWHvm_HW_SS_M.young,5,50,10,0.0,10000.0,1.0,1.0,4.585999965667725,0.0,0.0
feature.Seral.CWHvm_HW_SS_M.young,6,60,10,0.0,10000.0,1.0,1.0,0.0,0.0,0.0
feature.Seral.CWHvm_HW_SS_M.young,7,70,10,0.0,10000.0,1.0,1.0,0.0,0.0,0.0
feature.Seral.CWHvm_HW_SS_M.young,8,80,10,0.0,10000.0,1.0,1.0,0.0,0.0,0.0
feature.Seral.CWHvm_HW_SS_M.young,9,90,10,0.0,10000.0,1.0,1.0,0.0,0.0,0.0
feature.Seral.CWHvm_HW_SS_M.young,10,100,10,0.0,10000.0,1.0,1.0,19.506000518798828,0.0,0.0
feature.Seral.CWHvm_HW_SS_M.young,11,110,10,0.0,10000.0,1.0,1.0,19.506000518798828,0.0,0.0
feature.Seral.CWHvm_HW_SS_M.young,12,120,10,0.0,10000.0,1.0,1.0,3.578000068664551,0.0,0.0
feature.Seral.CWHvm_HW_SS_M.young,13,130,10,0.0,10000.0,1.0,1.0,3.578000068664551,0.0,0.0
feature.Seral.CWHvm_HW_SS_M.young,14,140,10,0.0,10000.0,1.0,1.0,1.0080000162124634,0.0,0.0
feature.Seral.CWHvm_HW_SS_M.young,15,150,10,0.0,10000.0,1.0,1.0,1.0080000162124634,0.0,0.0
feature.Seral.CWHvm_HW_SS_M.young,16,160,10,0.0,10000.0,1.0,1.0,0.0,0.0,0.0
feature.Seral.CWHvm_HW_SS_M.young,17,170,10,0.0,10000.0,1.0,1.0,0.0,0.0,0.0
feature.Seral.CWHvm_HW_SS_M.young,18,180,10,0.0,10000.0,1.0,1.0,19.506000518798828,0.0,0.0
feature.Seral.CWHvm_HW_SS_M.young,19,190,10,0.0,10000.0,1.0,1.0,19.506000518798828,0.0,0.0
feature.Seral.CWHvm_HW_SS_M.young,20,200,10,0.0,10000.0,1.0,1.0,0.0,0.0,0.0
feature.Seral.CWHvm_HW_SS_M.young,21,210,10,0.0,10000.0,1.0,1.0,4.585999965667725,0.0,0.0
feature.Seral.CWHvm_HW_SS_M.young,22,220,10,0.0,10000.0,1.0,1.0,4.585999965667725,0.0,0.0
feature.Seral.CWHvm_HW_SS_M.young,23,230,10,0.0,10000.0,1.0,1.0,0.0,0.0,0.0
feature.Seral.CWHvm_HW_SS_M.young,24,240,10,0.0,10000.0,1.0,1.0,0.0,0.0,0.0
feature.Seral.CWHvm_HW_SS_M.young,25,250,10,0.0,10000.0,1.0,1.0,0.0,0.0,0.0
feature.Seral.CWHvm_HW_SS_M.young,26,260,10,0.0,10000.0,1.0,1.0,19.506000518798828,0.0,0.0
feature.Seral.CWHvm_HW_SS_M.young,27,270,10,0.0,10000.0,1.0,1.0,19.506000518798828,0.0,0.0
feature.Seral.CWHvm_HW_SS_M.young,28,280,10,0.0,10000.0,1.0,1.0,0.0,0.0,0.0
feature.Seral.CWHvm_HW_SS_M.young,29,290,10,0.0,10000.0,1.0,1.0,4.585999965667725,0.0,0.0
feature.Seral.CWHvm_HW_SS_M.young,30,300,10,0.0,10000.0,1.0,1.0,4.585999965667725,0.0,0.0
feature.Seral.immature,0,0,10,0.0,10000.0,1.0,1.0,1163.0579833984375,0.0,0.0
feature.Seral.immature,1,10,10,0.0,10000.0,1.0,1.0,1057.822021484375,0.0,0.0
feature.Seral.immature,2,20,10,0.0,10000.0,1.0,1.0,937.0670166015625,0.0,0.0
feature.Seral.immature,3,30,10,0.0,10000.0,1.0,1.0,776.4990234375,0.0,0.0
feature.Seral.immature,4,40,10,0.0,10000.0,1.0,1.0,629.7000122070312,0.0,0.0
feature.Seral.immature,5,50,10,0.0,10000.0,1.0,1.0,380.31201171875,0.0,0.0
feature.Seral.immature,6,60,10,0.0,10000.0,1.0,1.0,439.9540100097656,0.0,0.0
feature.Seral.immature,7,70,10,0.0,10000.0,1.0,1.0,491.9440002441406,0.0,0.0
feature.Seral.immature,8,80,10,0.0,10000.0,1.0,1.0,540.1480102539062,0.0,0.0
feature.Seral.immature,9,90,10,0.0,10000.0,1.0,1.0,529.5009765625,0.0,0.0
feature.Seral.immature,10,100,10,0.0,10000.0,1.0,1.0,493.0690002441406,0.0,0.0
feature.Seral.immature,11,110,10,0.0,10000.0,1.0,1.0,456.625,0.0,0.0
feature.Seral.immature,12,120,10,0.0,10000.0,1.0,1.0,521.7219848632812,0.0,0.0
feature.Seral.immature,13,130,10,0.0,10000.0,1.0,1.0,524.7119750976562,0.0,0.0
feature.Seral.immature,14,140,10,0.0,10000.0,1.0,1.0,540.6920166015625,0.0,0.0
feature.Seral.immature,15,150,10,0.0,10000.0,1.0,1.0,601.7449951171875,0.0,0.0
feature.Seral.immature,16,160,10,0.0,10000.0,1.0,1.0,548.1300048828125,0.0,0.0
feature.Seral.immature,17,170,10,0.0,10000.0,1.0,1.0,518.3250122070312,0.0,0.0
feature.Seral.immature,18,180,10,0.0,10000.0,1.0,1.0,485.4779968261719,0.0,0.0
feature.Seral.immature,19,190,10,0.0,10000.0,1.0,1.0,436.2659912109375,0.0,0.0
feature.Seral.immature,20,200,10,0.0,10000.0,1.0,1.0,477.9289855957031,0.0,0.0
feature.Seral.immature,21,210,10,0.0,10000.0,1.0,1.0,512.8759765625,0.0,0.0
feature.Seral.immature,22,220,10,0.0,10000.0,1.0,1.0,588.6079711914062,0.0,0.0
feature.Seral.immature,23,230,10,0.0,10000.0,1.0,1.0,513.1179809570312,0.0,0.0
feature.Seral.immature,24,240,10,0.0,10000.0,1.0,1.0,492.01300048828125,0.0,0.0
feature.Seral.immature,25,250,10,0.0,10000.0,1.0,1.0,466.8999938964844,0.0,0.0
feature.Seral.immature,26,260,10,0.0,10000.0,1.0,1.0,576.083984375,0.0,0.0
feature.Seral.immature,27,270,10,0.0,10000.0,1.0,1.0,565.64697265625,0.0,0.0
feature.Seral.immature,28,280,10,0.0,10000.0,1.0,1.0,609.0700073242188,0.0,0.0
feature.Seral.immature,29,290,10,0.0,10000.0,1.0,1.0,575.4849853515625,0.0,0.0
feature.Seral.immature,30,300,10,0.0,10000.0,1.0,1.0,586.0599975585938,0.0,0.0
feature.Seral.mature,0,0,10,0.0,10000.0,1.0,1.0,300.552001953125,0.0,0.0
feature.Seral.mature,1,10,10,0.0,10000.0,1.0,1.0,280.5780029296875,0.0,0.0
feature.Seral.mature,2,20,10,0.0,10000.0,1.0,1.0,313.239990234375,0.0,0.0
feature.Seral.mature,3,30,10,0.0,10000.0,1.0,1.0,428.7460021972656,0.0,0.0
feature.Seral.mature,4,40,10,0.0,10000.0,1.0,1.0,580.3389892578125,0.0,0.0
feature.Seral.mature,5,50,10,0.0,10000.0,1.0,1.0,826.1680297851562,0.0,0.0
feature.Seral.mature,6,60,10,0.0,10000.0,1.0,1.0,800.9619750976562,0.0,0.0
feature.Seral.mature,7,70,10,0.0,10000.0,1.0,1.0,759.781005859375,0.0,0.0
feature.Seral.mature,8,80,10,0.0,10000.0,1.0,1.0,649.85498046875,0.0,0.0
feature.Seral.mature,9,90,10,0.0,10000.0,1.0,1.0,651.6069946289062,0.0,0.0
feature.Seral.mature,10,100,10,0.0,10000.0,1.0,1.0,620.3829956054688,0.0,0.0
feature.Seral.mature,11,110,10,0.0,10000.0,1.0,1.0,630.4849853515625,0.0,0.0
feature.Seral.mature,12,120,10,0.0,10000.0,1.0,1.0,601.6099853515625,0.0,0.0
feature.Seral.mature,13,130,10,0.0,10000.0,1.0,1.0,603.4500122070312,0.0,0.0
feature.Seral.mature,14,140,10,0.0,10000.0,1.0,1.0,558.7109985351562,0.0,0.0
feature.Seral.mature,15,150,10,0.0,10000.0,1.0,1.0,255.13400268554688,0.0,0.0
feature.Seral.mature,16,160,10,0.0,10000.0,1.0,1.0,157.1750030517578,0.0,0.0
feature.Seral.mature,17,170,10,0.0,10000.0,1.0,1.0,163.08200073242188,0.0,0.0
feature.Seral.mature,18,180,10,0.0,10000.0,1.0,1.0,178.24600219726562,0.0,0.0
feature.Seral.mature,19,190,10,0.0,10000.0,1.0,1.0,174.9219970703125,0.0,0.0
feature.Seral.mature,20,200,10,0.0,10000.0,1.0,1.0,160.09800720214844,0.0,0.0
feature.Seral.mature,21,210,10,0.0,10000.0,1.0,1.0,173.802001953125,0.0,0.0
feature.Seral.mature,22,220,10,0.0,10000.0,1.0,1.0,210.88699340820312,0.0,0.0
feature.Seral.mature,23,230,10,0.0,10000.0,1.0,1.0,224.87600708007812,0.0,0.0
feature.Seral.mature,24,240,10,0.0,10000.0,1.0,1.0,246.13999938964844,0.0,0.0
feature.Seral.mature,25,250,10,0.0,10000.0,1.0,1.0,212.55799865722656,0.0,0.0
feature.Seral.mature,26,260,10,0.0,10000.0,1.0,1.0,198.85699462890625,0.0,0.0
feature.Seral.mature,27,270,10,0.0,10000.0,1.0,1.0,181.02499389648438,0.0,0.0
feature.Seral.mature,28,280,10,0.0,10000.0,1.0,1.0,153.50799560546875,0.0,0.0
feature.Seral.mature,29,290,10,0.0,10000.0,1.0,1.0,141.18899536132812,0.0,0.0
feature.Seral.mature,30,300,10,0.0,10000.0,1.0,1.0,178.32400512695312,0.0,0.0
feature.Seral.overmature,0,0,10,0.0,10000.0,1.0,1.0,317.7090148925781,0.0,0.0
feature.Seral.overmature,1,10,10,0.0,10000.0,1.0,1.0,327.2409973144531,0.0,0.0
feature.Seral.overmature,2,20,10,0.0,10000.0,1.0,1.0,327.2409973144531,0.0,0.0
feature.Seral.overmature,3,30,10,0.0,10000.0,1.0,1.0,345.1260070800781,0.0,0.0
feature.Seral.overmature,4,40,10,0.0,10000.0,1.0,1.0,340.760009765625,0.0,0.0
feature.Seral.overmature,5,50,10,0.0,10000.0,1.0,1.0,334.6130065917969,0.0,0.0
feature.Seral.overmature,6,60,10,0.0,10000.0,1.0,1.0,330.7300109863281,0.0,0.0
feature.Seral.overmature,7,70,10,0.0,10000.0,1.0,1.0,328.4639892578125,0.0,0.0
feature.Seral.overmature,8,80,10,0.0,10000.0,1.0,1.0,399.885986328125,0.0,0.0
feature.Seral.overmature,9,90,10,0.0,10000.0,1.0,1.0,399.885986328125,0.0,0.0
feature.Seral.overmature,10,100,10,0.0,10000.0,1.0,1.0,440.8320007324219,0.0,0.0
feature.Seral.overmature,11,110,10,0.0,10000.0,1.0,1.0,438.52301025390625,0.0,0.0
feature.Seral.overmature,12,120,10,0.0,10000.0,1.0,1.0,440.3389892578125,0.0,0.0
feature.Seral.overmature,13,130,10,0.0,10000.0,1.0,1.0,453.6449890136719,0.0,0.0
feature.Seral.overmature,14,140,10,0.0,10000.0,1.0,1.0,479.5719909667969,0.0,0.0
feature.Seral.overmature,15,150,10,0.0,10000.0,1.0,1.0,758.3300170898438,0.0,0.0
feature.Seral.overmature,16,160,10,0.0,10000.0,1.0,1.0,875.791015625,0.0,0.0
feature.Seral.overmature,17,170,10,0.0,10000.0,1.0,1.0,903.3829956054688,0.0,0.0
feature.Seral.overmature,18,180,10,0.0,10000.0,1.0,1.0,899.4030151367188,0.0,0.0
feature.Seral.overmature,19,190,10,0.0,10000.0,1.0,1.0,895.60498046875,0.0,0.0
feature.Seral.overmature,20,200,10,0.0,10000.0,1.0,1.0,895.60498046875,0.0,0.0
feature.Seral.overmature,21,210,10,0.0,10000.0,1.0,1.0,816.458984375,0.0,0.0
feature.Seral.overmature,22,220,10,0.0,10000.0,1.0,1.0,777.1090087890625,0.0,0.0
feature.Seral.overmature,23,230,10,0.0,10000.0,1.0,1.0,775.1599731445312,0.0,0.0
feature.Seral.overmature,24,240,10,0.0,10000.0,1.0,1.0,774.843994140625,0.0,0.0
feature.Seral.overmature,25,250,10,0.0,10000.0,1.0,1.0,812.9190063476562,0.0,0.0
feature.Seral.overmature,26,260,10,0.0,10000.0,1.0,1.0,794.9310302734375,0.0,0.0
feature.Seral.overmature,27,270,10,0.0,10000.0,1.0,1.0,819.9769897460938,0.0,0.0
feature.Seral.overmature,28,280,10,0.0,10000.0,1.0,1.0,826.1729736328125,0.0,0.0
feature.Seral.overmature,29,290,10,0.0,10000.0,1.0,1.0,813.3939819335938,0.0,0.0
feature.Seral.overmature,30,300,10,0.0,10000.0,1.0,1.0,806.9910278320312,0.0,0.0
feature.Seral.regenerating,0,0,10,0.0,10000.0,1.0,1.0,0.0,0.0,0.0
feature.Seral.regenerating,1,10,10,0.0,10000.0,1.0,1.0,37.250999450683594,0.0,0.0
feature.Seral.regenerating,2,20,10,0.0,10000.0,1.0,1.0,36.220001220703125,0.0,0.0
feature.Seral.regenerating,3,30,10,0.0,10000.0,1.0,1.0,66.8759994506836,0.0,0.0
feature.Seral.regenerating,4,40,10,0.0,10000.0,1.0,1.0,39.518001556396484,0.0,0.0
feature.Seral.regenerating,5,50,10,0.0,10000.0,1.0,1.0,29.351999282836914,0.0,0.0
feature.Seral.regenerating,6,60,10,0.0,10000.0,1.0,1.0,30.64900016784668,0.0,0.0
feature.Seral.regenerating,7,70,10,0.0,10000.0,1.0,1.0,25.054000854492188,0.0,0.0
feature.Seral.regenerating,8,80,10,0.0,10000.0,1.0,1.0,43.1870002746582,0.0,0.0
feature.Seral.regenerating,9,90,10,0.0,10000.0,1.0,1.0,80.43900299072266,0.0,0.0
feature.Seral.regenerating,10,100,10,0.0,10000.0,1.0,1.0,21.024999618530273,0.0,0.0
feature.Seral.regenerating,11,110,10,0.0,10000.0,1.0,1.0,31.540000915527344,0.0,0.0
feature.Seral.regenerating,12,120,10,0.0,10000.0,1.0,1.0,56.922000885009766,0.0,0.0
feature.Seral.regenerating,13,130,10,0.0,10000.0,1.0,1.0,16.141000747680664,0.0,0.0
feature.Seral.regenerating,14,140,10,0.0,10000.0,1.0,1.0,44.125,0.0,0.0
feature.Seral.regenerating,15,150,10,0.0,10000.0,1.0,1.0,10.640999794006348,0.0,0.0
feature.Seral.regenerating,16,160,10,0.0,10000.0,1.0,1.0,25.55900001525879,0.0,0.0
feature.Seral.regenerating,17,170,10,0.0,10000.0,1.0,1.0,86.375,0.0,0.0
feature.Seral.regenerating,18,180,10,0.0,10000.0,1.0,1.0,50.180999755859375,0.0,0.0
feature.Seral.regenerating,19,190,10,0.0,10000.0,1.0,1.0,78.78299713134766,0.0,0.0
feature.Seral.regenerating,20,200,10,0.0,10000.0,1.0,1.0,42.70800018310547,0.0,0.0
feature.Seral.regenerating,21,210,10,0.0,10000.0,1.0,1.0,91.68099975585938,0.0,0.0
feature.Seral.regenerating,22,220,10,0.0,10000.0,1.0,1.0,52.678001403808594,0.0,0.0
feature.Seral.regenerating,23,230,10,0.0,10000.0,1.0,1.0,89.71900177001953,0.0,0.0
feature.Seral.regenerating,24,240,10,0.0,10000.0,1.0,1.0,52.74399948120117,0.0,0.0
feature.Seral.regenerating,25,250,10,0.0,10000.0,1.0,1.0,53.73500061035156,0.0,0.0
feature.Seral.regenerating,26,260,10,0.0,10000.0,1.0,1.0,21.316999435424805,0.0,0.0
feature.Seral.regenerating,27,270,10,0.0,10000.0,1.0,1.0,89.3280029296875,0.0,0.0
feature.Seral.regenerating,28,280,10,0.0,10000.0,1.0,1.0,16.08099937438965,0.0,0.0
feature.Seral.regenerating,29,290,10,0.0,10000.0,1.0,1.0,25.224000930786133,0.0,0.0
feature.Seral.regenerating,30,300,10,0.0,10000.0,1.0,1.0,67.37000274658203,0.0,0.0
feature.Seral.young,0,0,10,0.0,10000.0,1.0,1.0,0.0,0.0,0.0
feature.Seral.young,1,10,10,0.0,10000.0,1.0,1.0,78.427001953125,0.0,0.0
feature.Seral.young,2,20,10,0.0,10000.0,1.0,1.0,167.55099487304688,0.0,0.0
feature.Seral.young,3,30,10,0.0,10000.0,1.0,1.0,164.07200622558594,0.0,0.0
feature.Seral.young,4,40,10,0.0,10000.0,1.0,1.0,191.0019989013672,0.0,0.0
feature.Seral.young,5,50,10,0.0,10000.0,1.0,1.0,210.87399291992188,0.0,0.0
feature.Seral.young,6,60,10,0.0,10000.0,1.0,1.0,179.0240020751953,0.0,0.0
feature.Seral.young,7,70,10,0.0,10000.0,1.0,1.0,176.0760040283203,0.0,0.0
feature.Seral.young,8,80,10,0.0,10000.0,1.0,1.0,148.2429962158203,0.0,0.0
feature.Seral.young,9,90,10,0.0,10000.0,1.0,1.0,119.88600158691406,0.0,0.0
feature.Seral.young,10,100,10,0.0,10000.0,1.0,1.0,206.00999450683594,0.0,0.0
feature.Seral.young,11,110,10,0.0,10000.0,1.0,1.0,224.14599609375,0.0,0.0
feature.Seral.young,12,120,10,0.0,10000.0,1.0,1.0,160.7259979248047,0.0,0.0
feature.Seral.young,13,130,10,0.0,10000.0,1.0,1.0,183.37100219726562,0.0,0.0
feature.Seral.young,14,140,10,0.0,10000.0,1.0,1.0,158.218994140625,0.0,0.0
feature.Seral.young,15,150,10,0.0,10000.0,1.0,1.0,155.468994140625,0.0,0.0
feature.Seral.young,16,160,10,0.0,10000.0,1.0,1.0,174.66400146484375,0.0,0.0
feature.Seral.young,17,170,10,0.0,10000.0,1.0,1.0,110.15399932861328,0.0,0.0
feature.Seral.young,18,180,10,0.0,10000.0,1.0,1.0,168.01100158691406,0.0,0.0
feature.Seral.young,19,190,10,0.0,10000.0,1.0,1.0,195.7429962158203,0.0,0.0
feature.Seral.young,20,200,10,0.0,10000.0,1.0,1.0,204.97900390625,0.0,0.0
feature.Seral.young,21,210,10,0.0,10000.0,1.0,1.0,186.50100708007812,0.0,0.0
feature.Seral.young,22,220,10,0.0,10000.0,1.0,1.0,152.03700256347656,0.0,0.0
feature.Seral.young,23,230,10,0.0,10000.0,1.0,1.0,178.4459991455078,0.0,0.0
feature.Seral.young,24,240,10,0.0,10000.0,1.0,1.0,215.5780029296875,0.0,0.0
feature.Seral.young,25,250,10,0.0,10000.0,1.0,1.0,235.20700073242188,0.0,0.0
feature.Seral.young,26,260,10,0.0,10000.0,1.0,1.0,190.1300048828125,0.0,0.0
feature.Seral.young,27,270,10,0.0,10000.0,1.0,1.0,125.34200286865234,0.0,0.0
feature.Seral.young,28,280,10,0.0,10000.0,1.0,1.0,176.48699951171875,0.0,0.0
feature.Seral.young,29,290,10,0.0,10000.0,1.0,1.0,226.02699279785156,0.0,0.0
feature.Seral.young,30,300,10,0.0,10000.0,1.0,1.0,142.57400512695312,0.0,0.0
feature.SpeciesProp.managed.CW,0,0,10,0.0,10000.0,1.0,1.0,166.03799438476562,0.0,0.0
feature.SpeciesProp.managed.CW,1,10,10,0.0,10000.0,1.0,1.0,177.49400329589844,0.0,0.0
feature.SpeciesProp.managed.CW,2,20,10,0.0,10000.0,1.0,1.0,185.38299560546875,0.0,0.0
feature.SpeciesProp.managed.CW,3,30,10,0.0,10000.0,1.0,1.0,189.65699768066406,0.0,0.0
feature.SpeciesProp.managed.CW,4,40,10,0.0,10000.0,1.0,1.0,190.52999877929688,0.0,0.0
feature.SpeciesProp.managed.CW,5,50,10,0.0,10000.0,1.0,1.0,196.3679962158203,0.0,0.0
feature.SpeciesProp.managed.CW,6,60,10,0.0,10000.0,1.0,1.0,198.31199645996094,0.0,0.0
feature.SpeciesProp.managed.CW,7,70,10,0.0,10000.0,1.0,1.0,207.62600708007812,0.0,0.0
feature.SpeciesProp.managed.CW,8,80,10,0.0,10000.0,1.0,1.0,214.67999267578125,0.0,0.0
feature.SpeciesProp.managed.CW,9,90,10,0.0,10000.0,1.0,1.0,215.28900146484375,0.0,0.0
feature.SpeciesProp.managed.CW,10,100,10,0.0,10000.0,1.0,1.0,215.81399536132812,0.0,0.0
feature.SpeciesProp.managed.CW,11,110,10,0.0,10000.0,1.0,1.0,216.2760009765625,0.0,0.0
feature.SpeciesProp.managed.CW,12,120,10,0.0,10000.0,1.0,1.0,216.2760009765625,0.0,0.0
feature.SpeciesProp.managed.CW,13,130,10,0.0,10000.0,1.0,1.0,216.44400024414062,0.0,0.0
feature.SpeciesProp.managed.CW,14,140,10,0.0,10000.0,1.0,1.0,220.05999755859375,0.0,0.0
feature.SpeciesProp.managed.CW,15,150,10,0.0,10000.0,1.0,1.0,224.4459991455078,0.0,0.0
feature.SpeciesProp.managed.CW,16,160,10,0.0,10000.0,1.0,1.0,224.83299255371094,0.0,0.0
feature.SpeciesProp.managed.CW,17,170,10,0.0,10000.0,1.0,1.0,224.83299255371094,0.0,0.0
feature.SpeciesProp.managed.CW,18,180,10,0.0,10000.0,1.0,1.0,225.62899780273438,0.0,0.0
feature.SpeciesProp.managed.CW,19,190,10,0.0,10000.0,1.0,1.0,226.1699981689453,0.0,0.0
feature.SpeciesProp.managed.CW,20,200,10,0.0,10000.0,1.0,1.0,226.1699981689453,0.0,0.0
feature.SpeciesProp.managed.CW,21,210,10,0.0,10000.0,1.0,1.0,226.1699981689453,0.0,0.0
feature.SpeciesProp.managed.CW,22,220,10,0.0,10000.0,1.0,1.0,226.1699981689453,0.0,0.0
feature.SpeciesProp.managed.CW,23,230,10,0.0,10000.0,1.0,1.0,227.22999572753906,0.0,0.0
feature.SpeciesProp.managed.CW,24,240,10,0.0,10000.0,1.0,1.0,227.22999572753906,0.0,0.0
feature.SpeciesProp.managed.CW,25,250,10,0.0,10000.0,1.0,1.0,228.00799560546875,0.0,0.0
feature.SpeciesProp.managed.CW,26,260,10,0.0,10000.0,1.0,1.0,228.68600463867188,0.0,0.0
feature.SpeciesProp.managed.CW,27,270,10,0.0,10000.0,1.0,1.0,228.68600463867188,0.0,0.0
feature.SpeciesProp.managed.CW,28,280,10,0.0,10000.0,1.0,1.0,229.177001953125,0.0,0.0
feature.SpeciesProp.managed.CW,29,290,10,0.0,10000.0,1.0,1.0,230.2220001220703,0.0,0.0
feature.SpeciesProp.managed.CW,30,300,10,0.0,10000.0,1.0,1.0,231.5030059814453,0.0,0.0
feature.SpeciesProp.managed.FDC,0,0,10,0.0,10000.0,1.0,1.0,340.07501220703125,0.0,0.0
feature.SpeciesProp.managed.FDC,1,10,10,0.0,10000.0,1.0,1.0,345.802001953125,0.0,0.0
feature.SpeciesProp.managed.FDC,2,20,10,0.0,10000.0,1.0,1.0,349.7439880371094,0.0,0.0
feature.SpeciesProp.managed.FDC,3,30,10,0.0,10000.0,1.0,1.0,358.44500732421875,0.0,0.0
feature.SpeciesProp.managed.FDC,4,40,10,0.0,10000.0,1.0,1.0,358.8819885253906,0.0,0.0
feature.SpeciesProp.managed.FDC,5,50,10,0.0,10000.0,1.0,1.0,371.6600036621094,0.0,0.0
feature.SpeciesProp.managed.FDC,6,60,10,0.0,10000.0,1.0,1.0,372.6319885253906,0.0,0.0
feature.SpeciesProp.managed.FDC,7,70,10,0.0,10000.0,1.0,1.0,380.385986328125,0.0,0.0
feature.SpeciesProp.managed.FDC,8,80,10,0.0,10000.0,1.0,1.0,388.5249938964844,0.0,0.0
feature.SpeciesProp.managed.FDC,9,90,10,0.0,10000.0,1.0,1.0,388.8299865722656,0.0,0.0
feature.SpeciesProp.managed.FDC,10,100,10,0.0,10000.0,1.0,1.0,390.9309997558594,0.0,0.0
feature.SpeciesProp.managed.FDC,11,110,10,0.0,10000.0,1.0,1.0,391.1619873046875,0.0,0.0
feature.SpeciesProp.managed.FDC,12,120,10,0.0,10000.0,1.0,1.0,391.1619873046875,0.0,0.0
feature.SpeciesProp.managed.FDC,13,130,10,0.0,10000.0,1.0,1.0,391.83599853515625,0.0,0.0
feature.SpeciesProp.managed.FDC,14,140,10,0.0,10000.0,1.0,1.0,393.64300537109375,0.0,0.0
feature.SpeciesProp.managed.FDC,15,150,10,0.0,10000.0,1.0,1.0,395.83599853515625,0.0,0.0
feature.SpeciesProp.managed.FDC,16,160,10,0.0,10000.0,1.0,1.0,396.02899169921875,0.0,0.0
feature.SpeciesProp.managed.FDC,17,170,10,0.0,10000.0,1.0,1.0,396.02899169921875,0.0,0.0
feature.SpeciesProp.managed.FDC,18,180,10,0.0,10000.0,1.0,1.0,396.427001953125,0.0,0.0
feature.SpeciesProp.managed.FDC,19,190,10,0.0,10000.0,1.0,1.0,396.6969909667969,0.0,0.0
feature.SpeciesProp.managed.FDC,20,200,10,0.0,10000.0,1.0,1.0,396.6969909667969,0.0,0.0
feature.SpeciesProp.managed.FDC,21,210,10,0.0,10000.0,1.0,1.0,396.6969909667969,0.0,0.0
feature.SpeciesProp.managed.FDC,22,220,10,0.0,10000.0,1.0,1.0,396.6969909667969,0.0,0.0
feature.SpeciesProp.managed.FDC,23,230,10,0.0,10000.0,1.0,1.0,397.22698974609375,0.0,0.0
feature.SpeciesProp.managed.FDC,24,240,10,0.0,10000.0,1.0,1.0,397.22698974609375,0.0,0.0
feature.SpeciesProp.managed.FDC,25,250,10,0.0,10000.0,1.0,1.0,397.6159973144531,0.0,0.0
feature.SpeciesProp.managed.FDC,26,260,10,0.0,10000.0,1.0,1.0,397.9549865722656,0.0,0.0
feature.SpeciesProp.managed.FDC,27,270,10,0.0,10000.0,1.0,1.0,397.9549865722656,0.0,0.0
feature.SpeciesProp.managed.FDC,28,280,10,0.0,10000.0,1.0,1.0,398.20001220703125,0.0,0.0
feature.SpeciesProp.managed.FDC,29,290,10,0.0,10000.0,1.0,1.0,398.72198486328125,0.0,0.0
feature.SpeciesProp.managed.FDC,30,300,10,0.0,10000.0,1.0,1.0,399.36199951171875,0.0,0.0
feature.SpeciesProp.managed.HW,0,0,10,0.0,10000.0,1.0,1.0,455.8680114746094,0.0,0.0
feature.SpeciesProp.managed.HW,1,10,10,0.0,10000.0,1.0,1.0,495.9620056152344,0.0,0.0
feature.SpeciesProp.managed.HW,2,20,10,0.0,10000.0,1.0,1.0,523.5689697265625,0.0,0.0
feature.SpeciesProp.managed.HW,3,30,10,0.0,10000.0,1.0,1.0,535.094970703125,0.0,0.0
feature.SpeciesProp.managed.HW,4,40,10,0.0,10000.0,1.0,1.0,538.1510009765625,0.0,0.0
feature.SpeciesProp.managed.HW,5,50,10,0.0,10000.0,1.0,1.0,553.4199829101562,0.0,0.0
feature.SpeciesProp.managed.HW,6,60,10,0.0,10000.0,1.0,1.0,560.2249755859375,0.0,0.0
feature.SpeciesProp.managed.HW,7,70,10,0.0,10000.0,1.0,1.0,591.2030029296875,0.0,0.0
feature.SpeciesProp.managed.HW,8,80,10,0.0,10000.0,1.0,1.0,613.4749755859375,0.0,0.0
feature.SpeciesProp.managed.HW,9,90,10,0.0,10000.0,1.0,1.0,615.6069946289062,0.0,0.0
feature.SpeciesProp.managed.HW,10,100,10,0.0,10000.0,1.0,1.0,616.4829711914062,0.0,0.0
feature.SpeciesProp.managed.HW,11,110,10,0.0,10000.0,1.0,1.0,618.0999755859375,0.0,0.0
feature.SpeciesProp.managed.HW,12,120,10,0.0,10000.0,1.0,1.0,618.0999755859375,0.0,0.0
feature.SpeciesProp.managed.HW,13,130,10,0.0,10000.0,1.0,1.0,618.3809814453125,0.0,0.0
feature.SpeciesProp.managed.HW,14,140,10,0.0,10000.0,1.0,1.0,631.0339965820312,0.0,0.0
feature.SpeciesProp.managed.HW,15,150,10,0.0,10000.0,1.0,1.0,646.385009765625,0.0,0.0
feature.SpeciesProp.managed.HW,16,160,10,0.0,10000.0,1.0,1.0,647.7379760742188,0.0,0.0
feature.SpeciesProp.managed.HW,17,170,10,0.0,10000.0,1.0,1.0,647.7379760742188,0.0,0.0
feature.SpeciesProp.managed.HW,18,180,10,0.0,10000.0,1.0,1.0,650.5239868164062,0.0,0.0
feature.SpeciesProp.managed.HW,19,190,10,0.0,10000.0,1.0,1.0,652.4169921875,0.0,0.0
feature.SpeciesProp.managed.HW,20,200,10,0.0,10000.0,1.0,1.0,652.4169921875,0.0,0.0
feature.SpeciesProp.managed.HW,21,210,10,0.0,10000.0,1.0,1.0,652.4169921875,0.0,0.0
feature.SpeciesProp.managed.HW,22,220,10,0.0,10000.0,1.0,1.0,652.4169921875,0.0,0.0
feature.SpeciesProp.managed.HW,23,230,10,0.0,10000.0,1.0,1.0,656.1259765625,0.0,0.0
feature.SpeciesProp.managed.HW,24,240,10,0.0,10000.0,1.0,1.0,656.1259765625,0.0,0.0
feature.SpeciesProp.managed.HW,25,250,10,0.0,10000.0,1.0,1.0,658.8489990234375,0.0,0.0
feature.SpeciesProp.managed.HW,26,260,10,0.0,10000.0,1.0,1.0,661.2219848632812,0.0,0.0
feature.SpeciesProp.managed.HW,27,270,10,0.0,10000.0,1.0,1.0,661.2219848632812,0.0,0.0
feature.SpeciesProp.managed.HW,28,280,10,0.0,10000.0,1.0,1.0,662.9400024414062,0.0,0.0
feature.SpeciesProp.managed.HW,29,290,10,0.0,10000.0,1.0,1.0,666.5969848632812,0.0,0.0
feature.SpeciesProp.managed.HW,30,300,10,0.0,10000.0,1.0,1.0,671.0789794921875,0.0,0.0
feature.SpeciesProp.unmanaged.CW,0,0,10,0.0,10000.0,1.0,1.0,11.826000213623047,0.0,0.0
feature.SpeciesProp.unmanaged.CW,1,10,10,0.0,10000.0,1.0,1.0,11.826000213623047,0.0,0.0
feature.SpeciesProp.unmanaged.CW,2,20,10,0.0,10000.0,1.0,1.0,11.826000213623047,0.0,0.0
feature.SpeciesProp.unmanaged.CW,3,30,10,0.0,10000.0,1.0,1.0,11.826000213623047,0.0,0.0
feature.SpeciesProp.unmanaged.CW,4,40,10,0.0,10000.0,1.0,1.0,11.826000213623047,0.0,0.0
feature.SpeciesProp.unmanaged.CW,5,50,10,0.0,10000.0,1.0,1.0,11.826000213623047,0.0,0.0
feature.SpeciesProp.unmanaged.CW,6,60,10,0.0,10000.0,1.0,1.0,11.826000213623047,0.0,0.0
feature.SpeciesProp.unmanaged.CW,7,70,10,0.0,10000.0,1.0,1.0,11.826000213623047,0.0,0.0
feature.SpeciesProp.unmanaged.CW,8,80,10,0.0,10000.0,1.0,1.0,11.826000213623047,0.0,0.0
feature.SpeciesProp.unmanaged.CW,9,90,10,0.0,10000.0,1.0,1.0,11.826000213623047,0.0,0.0
feature.SpeciesProp.unmanaged.CW,10,100,10,0.0,10000.0,1.0,1.0,11.826000213623047,0.0,0.0
feature.SpeciesProp.unmanaged.CW,11,110,10,0.0,10000.0,1.0,1.0,11.826000213623047,0.0,0.0
feature.SpeciesProp.unmanaged.CW,12,120,10,0.0,10000.0,1.0,1.0,11.826000213623047,0.0,0.0
feature.SpeciesProp.unmanaged.CW,13,130,10,0.0,10000.0,1.0,1.0,11.826000213623047,0.0,0.0
feature.SpeciesProp.unmanaged.CW,14,140,10,0.0,10000.0,1.0,1.0,11.826000213623047,0.0,0.0
feature.SpeciesProp.unmanaged.CW,15,150,10,0.0,10000.0,1.0,1.0,11.826000213623047,0.0,0.0
feature.SpeciesProp.unmanaged.CW,16,160,10,0.0,10000.0,1.0,1.0,11.826000213623047,0.0,0.0
feature.SpeciesProp.unmanaged.CW,17,170,10,0.0,10000.0,1.0,1.0,11.826000213623047,0.0,0.0
feature.SpeciesProp.unmanaged.CW,18,180,10,0.0,10000.0,1.0,1.0,11.826000213623047,0.0,0.0
feature.SpeciesProp.unmanaged.CW,19,190,10,0.0,10000.0,1.0,1.0,11.826000213623047,0.0,0.0
feature.SpeciesProp.unmanaged.CW,20,200,10,0.0,10000.0,1.0,1.0,11.826000213623047,0.0,0.0
feature.SpeciesProp.unmanaged.CW,21,210,10,0.0,10000.0,1.0,1.0,11.826000213623047,0.0,0.0
feature.SpeciesProp.unmanaged.CW,22,220,10,0.0,10000.0,1.0,1.0,11.826000213623047,0.0,0.0
feature.SpeciesProp.unmanaged.CW,23,230,10,0.0,10000.0,1.0,1.0,11.826000213623047,0.0,0.0
feature.SpeciesProp.unmanaged.CW,24,240,10,0.0,10000.0,1.0,1.0,11.826000213623047,0.0,0.0
feature.SpeciesProp.unmanaged.CW,25,250,10,0.0,10000.0,1.0,1.0,11.826000213623047,0.0,0.0
feature.SpeciesProp.unmanaged.CW,26,260,10,0.0,10000.0,1.0,1.0,11.826000213623047,0.0,0.0
feature.SpeciesProp.unmanaged.CW,27,270,10,0.0,10000.0,1.0,1.0,11.826000213623047,0.0,0.0
feature.SpeciesProp.unmanaged.CW,28,280,10,0.0,10000.0,1.0,1.0,11.826000213623047,0.0,0.0
feature.SpeciesProp.unmanaged.CW,29,290,10,0.0,10000.0,1.0,1.0,11.826000213623047,0.0,0.0
feature.SpeciesProp.unmanaged.CW,30,300,10,0.0,10000.0,1.0,1.0,11.826000213623047,0.0,0.0
feature.SpeciesProp.unmanaged.FDC,0,0,10,0.0,10000.0,1.0,1.0,34.65599822998047,0.0,0.0
feature.SpeciesProp.unmanaged.FDC,1,10,10,0.0,10000.0,1.0,1.0,34.65599822998047,0.0,0.0
feature.SpeciesProp.unmanaged.FDC,2,20,10,0.0,10000.0,1.0,1.0,34.65599822998047,0.0,0.0
feature.SpeciesProp.unmanaged.FDC,3,30,10,0.0,10000.0,1.0,1.0,34.65599822998047,0.0,0.0
feature.SpeciesProp.unmanaged.FDC,4,40,10,0.0,10000.0,1.0,1.0,34.65599822998047,0.0,0.0
feature.SpeciesProp.unmanaged.FDC,5,50,10,0.0,10000.0,1.0,1.0,34.65599822998047,0.0,0.0
feature.SpeciesProp.unmanaged.FDC,6,60,10,0.0,10000.0,1.0,1.0,34.65599822998047,0.0,0.0
feature.SpeciesProp.unmanaged.FDC,7,70,10,0.0,10000.0,1.0,1.0,34.65599822998047,0.0,0.0
feature.SpeciesProp.unmanaged.FDC,8,80,10,0.0,10000.0,1.0,1.0,34.65599822998047,0.0,0.0
feature.SpeciesProp.unmanaged.FDC,9,90,10,0.0,10000.0,1.0,1.0,34.65599822998047,0.0,0.0
feature.SpeciesProp.unmanaged.FDC,10,100,10,0.0,10000.0,1.0,1.0,34.65599822998047,0.0,0.0
feature.SpeciesProp.unmanaged.FDC,11,110,10,0.0,10000.0,1.0,1.0,34.65599822998047,0.0,0.0
feature.SpeciesProp.unmanaged.FDC,12,120,10,0.0,10000.0,1.0,1.0,34.65599822998047,0.0,0.0
feature.SpeciesProp.unmanaged.FDC,13,130,10,0.0,10000.0,1.0,1.0,34.65599822998047,0.0,0.0
feature.SpeciesProp.unmanaged.FDC,14,140,10,0.0,10000.0,1.0,1.0,34.65599822998047,0.0,0.0
feature.SpeciesProp.unmanaged.FDC,15,150,10,0.0,10000.0,1.0,1.0,34.65599822998047,0.0,0.0
feature.SpeciesProp.unmanaged.FDC,16,160,10,0.0,10000.0,1.0,1.0,34.65599822998047,0.0,0.0
feature.SpeciesProp.unmanaged.FDC,17,170,10,0.0,10000.0,1.0,1.0,34.65599822998047,0.0,0.0
feature.SpeciesProp.unmanaged.FDC,18,180,10,0.0,10000.0,1.0,1.0,34.65599822998047,0.0,0.0
feature.SpeciesProp.unmanaged.FDC,19,190,10,0.0,10000.0,1.0,1.0,34.65599822998047,0.0,0.0
feature.SpeciesProp.unmanaged.FDC,20,200,10,0.0,10000.0,1.0,1.0,34.65599822998047,0.0,0.0
feature.SpeciesProp.unmanaged.FDC,21,210,10,0.0,10000.0,1.0,1.0,34.65599822998047,0.0,0.0
feature.SpeciesProp.unmanaged.FDC,22,220,10,0.0,10000.0,1.0,1.0,34.65599822998047,0.0,0.0
feature.SpeciesProp.unmanaged.FDC,23,230,10,0.0,10000.0,1.0,1.0,34.65599822998047,0.0,0.0
feature.SpeciesProp.unmanaged.FDC,24,240,10,0.0,10000.0,1.0,1.0,34.65599822998047,0.0,0.0
feature.SpeciesProp.unmanaged.FDC,25,250,10,0.0,10000.0,1.0,1.0,34.65599822998047,0.0,0.0
feature.SpeciesProp.unmanaged.FDC,26,260,10,0.0,10000.0,1.0,1.0,34.65599822998047,0.0,0.0
feature.SpeciesProp.unmanaged.FDC,27,270,10,0.0,10000.0,1.0,1.0,34.65599822998047,0.0,0.0
feature.SpeciesProp.unmanaged.FDC,28,280,10,0.0,10000.0,1.0,1.0,34.65599822998047,0.0,0.0
feature.SpeciesProp.unmanaged.FDC,29,290,10,0.0,10000.0,1.0,1.0,34.65599822998047,0.0,0.0
feature.SpeciesProp.unmanaged.FDC,30,300,10,0.0,10000.0,1.0,1.0,34.65599822998047,0.0,0.0
feature.SpeciesProp.unmanaged.HW,0,0,10,0.0,10000.0,1.0,1.0,29.52199935913086,0.0,0.0
feature.SpeciesProp.unmanaged.HW,1,10,10,0.0,10000.0,1.0,1.0,29.52199935913086,0.0,0.0
feature.SpeciesProp.unmanaged.HW,2,20,10,0.0,10000.0,1.0,1.0,29.52199935913086,0.0,0.0
feature.SpeciesProp.unmanaged.HW,3,30,10,0.0,10000.0,1.0,1.0,29.52199935913086,0.0,0.0
feature.SpeciesProp.unmanaged.HW,4,40,10,0.0,10000.0,1.0,1.0,29.52199935913086,0.0,0.0
feature.SpeciesProp.unmanaged.HW,5,50,10,0.0,10000.0,1.0,1.0,29.52199935913086,0.0,0.0
feature.SpeciesProp.unmanaged.HW,6,60,10,0.0,10000.0,1.0,1.0,29.52199935913086,0.0,0.0
feature.SpeciesProp.unmanaged.HW,7,70,10,0.0,10000.0,1.0,1.0,29.52199935913086,0.0,0.0
feature.SpeciesProp.unmanaged.HW,8,80,10,0.0,10000.0,1.0,1.0,29.52199935913086,0.0,0.0
feature.SpeciesProp.unmanaged.HW,9,90,10,0.0,10000.0,1.0,1.0,29.52199935913086,0.0,0.0
feature.SpeciesProp.unmanaged.HW,10,100,10,0.0,10000.0,1.0,1.0,29.52199935913086,0.0,0.0
feature.SpeciesProp.unmanaged.HW,11,110,10,0.0,10000.0,1.0,1.0,29.52199935913086,0.0,0.0
feature.SpeciesProp.unmanaged.HW,12,120,10,0.0,10000.0,1.0,1.0,29.52199935913086,0.0,0.0
feature.SpeciesProp.unmanaged.HW,13,130,10,0.0,10000.0,1.0,1.0,29.52199935913086,0.0,0.0
feature.SpeciesProp.unmanaged.HW,14,140,10,0.0,10000.0,1.0,1.0,29.52199935913086,0.0,0.0
feature.SpeciesProp.unmanaged.HW,15,150,10,0.0,10000.0,1.0,1.0,29.52199935913086,0.0,0.0
feature.SpeciesProp.unmanaged.HW,16,160,10,0.0,10000.0,1.0,1.0,29.52199935913086,0.0,0.0
feature.SpeciesProp.unmanaged.HW,17,170,10,0.0,10000.0,1.0,1.0,29.52199935913086,0.0,0.0
feature.SpeciesProp.unmanaged.HW,18,180,10,0.0,10000.0,1.0,1.0,29.52199935913086,0.0,0.0
feature.SpeciesProp.unmanaged.HW,19,190,10,0.0,10000.0,1.0,1.0,29.52199935913086,0.0,0.0
feature.SpeciesProp.unmanaged.HW,20,200,10,0.0,10000.0,1.0,1.0,29.52199935913086,0.0,0.0
feature.SpeciesProp.unmanaged.HW,21,210,10,0.0,10000.0,1.0,1.0,29.52199935913086,0.0,0.0
feature.SpeciesProp.unmanaged.HW,22,220,10,0.0,10000.0,1.0,1.0,29.52199935913086,0.0,0.0
feature.SpeciesProp.unmanaged.HW,23,230,10,0.0,10000.0,1.0,1.0,29.52199935913086,0.0,0.0
feature.SpeciesProp.unmanaged.HW,24,240,10,0.0,10000.0,1.0,1.0,29.52199935913086,0.0,0.0
feature.SpeciesProp.unmanaged.HW,25,250,10,0.0,10000.0,1.0,1.0,29.52199935913086,0.0,0.0
feature.SpeciesProp.unmanaged.HW,26,260,10,0.0,10000.0,1.0,1.0,29.52199935913086,0.0,0.0
feature.SpeciesProp.unmanaged.HW,27,270,10,0.0,10000.0,1.0,1.0,29.52199935913086,0.0,0.0
feature.SpeciesProp.unmanaged.HW,28,280,10,0.0,10000.0,1.0,1.0,29.52199935913086,0.0,0.0
feature.SpeciesProp.unmanaged.HW,29,290,10,0.0,10000.0,1.0,1.0,29.52199935913086,0.0,0.0
feature.SpeciesProp.unmanaged.HW,30,300,10,0.0,10000.0,1.0,1.0,29.52199935913086,0.0,0.0
feature.StemsPerHa.managed.CWHvm_CW_HW_M,0,0,10,0.0,10000.0,1.0,1.0,899.9910278320312,0.0,0.0
feature.StemsPerHa.managed.CWHvm_CW_HW_M,1,10,10,0.0,10000.0,1.0,1.0,899.9910278320312,0.0,0.0
feature.StemsPerHa.managed.CWHvm_CW_HW_M,2,20,10,0.0,10000.0,1.0,1.0,899.9910278320312,0.0,0.0
feature.StemsPerHa.managed.CWHvm_CW_HW_M,3,30,10,0.0,10000.0,1.0,1.0,899.9910278320312,0.0,0.0
feature.StemsPerHa.managed.CWHvm_CW_HW_M,4,40,10,0.0,10000.0,1.0,1.0,899.9910278320312,0.0,0.0
feature.StemsPerHa.managed.CWHvm_CW_HW_M,5,50,10,0.0,10000.0,1.0,1.0,899.9910278320312,0.0,0.0
feature.StemsPerHa.managed.CWHvm_CW_HW_M,6,60,10,0.0,10000.0,1.0,1.0,899.9910278320312,0.0,0.0
feature.StemsPerHa.managed.CWHvm_CW_HW_M,7,70,10,0.0,10000.0,1.0,1.0,899.9910278320312,0.0,0.0
feature.StemsPerHa.managed.CWHvm_CW_HW_M,8,80,10,0.0,10000.0,1.0,1.0,899.9910278320312,0.0,0.0
feature.StemsPerHa.managed.CWHvm_CW_HW_M,9,90,10,0.0,10000.0,1.0,1.0,899.9910278320312,0.0,0.0
feature.StemsPerHa.managed.CWHvm_CW_HW_M,10,100,10,0.0,10000.0,1.0,1.0,899.9910278320312,0.0,0.0
feature.StemsPerHa.managed.CWHvm_CW_HW_M,11,110,10,0.0,10000.0,1.0,1.0,899.9910278320312,0.0,0.0
feature.StemsPerHa.managed.CWHvm_CW_HW_M,12,120,10,0.0,10000.0,1.0,1.0,899.9910278320312,0.0,0.0
feature.StemsPerHa.managed.CWHvm_CW_HW_M,13,130,10,0.0,10000.0,1.0,1.0,899.9910278320312,0.0,0.0
feature.StemsPerHa.managed.CWHvm_CW_HW_M,14,140,10,0.0,10000.0,1.0,1.0,899.9910278320312,0.0,0.0
feature.StemsPerHa.managed.CWHvm_CW_HW_M,15,150,10,0.0,10000.0,1.0,1.0,899.9910278320312,0.0,0.0
feature.StemsPerHa.managed.CWHvm_CW_HW_M,16,160,10,0.0,10000.0,1.0,1.0,899.9910278320312,0.0,0.0
feature.StemsPerHa.managed.CWHvm_CW_HW_M,17,170,10,0.0,10000.0,1.0,1.0,899.9910278320312,0.0,0.0
feature.StemsPerHa.managed.CWHvm_CW_HW_M,18,180,10,0.0,10000.0,1.0,1.0,899.9910278320312,0.0,0.0
feature.StemsPerHa.managed.CWHvm_CW_HW_M,19,190,10,0.0,10000.0,1.0,1.0,899.9910278320312,0.0,0.0
feature.StemsPerHa.managed.CWHvm_CW_HW_M,20,200,10,0.0,10000.0,1.0,1.0,899.9910278320312,0.0,0.0
feature.StemsPerHa.managed.CWHvm_CW_HW_M,21,210,10,0.0,10000.0,1.0,1.0,899.9910278320312,0.0,0.0
feature.StemsPerHa.managed.CWHvm_CW_HW_M,22,220,10,0.0,10000.0,1.0,1.0,899.9910278320312,0.0,0.0
feature.StemsPerHa.managed.CWHvm_CW_HW_M,23,230,10,0.0,10000.0,1.0,1.0,899.9910278320312,0.0,0.0
feature.StemsPerHa.managed.CWHvm_CW_HW_M,24,240,10,0.0,10000.0,1.0,1.0,899.9910278320312,0.0,0.0
feature.StemsPerHa.managed.CWHvm_CW_HW_M,25,250,10,0.0,10000.0,1.0,1.0,899.9910278320312,0.0,0.0
feature.StemsPerHa.managed.CWHvm_CW_HW_M,26,260,10,0.0,10000.0,1.0,1.0,899.9910278320312,0.0,0.0
feature.StemsPerHa.managed.CWHvm_CW_HW_M,27,270,10,0.0,10000.0,1.0,1.0,899.9910278320312,0.0,0.0
feature.StemsPerHa.managed.CWHvm_CW_HW_M,28,280,10,0.0,10000.0,1.0,1.0,899.9910278320312,0.0,0.0
feature.StemsPerHa.managed.CWHvm_CW_HW_M,29,290,10,0.0,10000.0,1.0,1.0,899.9910278320312,0.0,0.0
feature.StemsPerHa.managed.CWHvm_CW_HW_M,30,300,10,0.0,10000.0,1.0,1.0,899.9910278320312,0.0,0.0
feature.StemsPerHa.managed.CWHvm_DR_HW_M,0,0,10,0.0,10000.0,1.0,1.0,899.9920043945312,0.0,0.0
feature.StemsPerHa.managed.CWHvm_DR_HW_M,1,10,10,0.0,10000.0,1.0,1.0,899.9920043945312,0.0,0.0
feature.StemsPerHa.managed.CWHvm_DR_HW_M,2,20,10,0.0,10000.0,1.0,1.0,899.9920043945312,0.0,0.0
feature.StemsPerHa.managed.CWHvm_DR_HW_M,3,30,10,0.0,10000.0,1.0,1.0,899.9920043945312,0.0,0.0
feature.StemsPerHa.managed.CWHvm_DR_HW_M,4,40,10,0.0,10000.0,1.0,1.0,899.9920043945312,0.0,0.0
feature.StemsPerHa.managed.CWHvm_DR_HW_M,5,50,10,0.0,10000.0,1.0,1.0,899.9920043945312,0.0,0.0
feature.StemsPerHa.managed.CWHvm_DR_HW_M,6,60,10,0.0,10000.0,1.0,1.0,899.9920043945312,0.0,0.0
feature.StemsPerHa.managed.CWHvm_DR_HW_M,7,70,10,0.0,10000.0,1.0,1.0,899.9920043945312,0.0,0.0
feature.StemsPerHa.managed.CWHvm_DR_HW_M,8,80,10,0.0,10000.0,1.0,1.0,899.9920043945312,0.0,0.0
feature.StemsPerHa.managed.CWHvm_DR_HW_M,9,90,10,0.0,10000.0,1.0,1.0,899.9920043945312,0.0,0.0
feature.StemsPerHa.managed.CWHvm_DR_HW_M,10,100,10,0.0,10000.0,1.0,1.0,899.9920043945312,0.0,0.0
feature.StemsPerHa.managed.CWHvm_DR_HW_M,11,110,10,0.0,10000.0,1.0,1.0,899.9920043945312,0.0,0.0
feature.StemsPerHa.managed.CWHvm_DR_HW_M,12,120,10,0.0,10000.0,1.0,1.0,899.9920043945312,0.0,0.0
feature.StemsPerHa.managed.CWHvm_DR_HW_M,13,130,10,0.0,10000.0,1.0,1.0,899.9920043945312,0.0,0.0
feature.StemsPerHa.managed.CWHvm_DR_HW_M,14,140,10,0.0,10000.0,1.0,1.0,899.9920043945312,0.0,0.0
feature.StemsPerHa.managed.CWHvm_DR_HW_M,15,150,10,0.0,10000.0,1.0,1.0,899.9920043945312,0.0,0.0
feature.StemsPerHa.managed.CWHvm_DR_HW_M,16,160,10,0.0,10000.0,1.0,1.0,899.9920043945312,0.0,0.0
feature.StemsPerHa.managed.CWHvm_DR_HW_M,17,170,10,0.0,10000.0,1.0,1.0,899.9920043945312,0.0,0.0
feature.StemsPerHa.managed.CWHvm_DR_HW_M,18,180,10,0.0,10000.0,1.0,1.0,899.9920043945312,0.0,0.0
feature.StemsPerHa.managed.CWHvm_DR_HW_M,19,190,10,0.0,10000.0,1.0,1.0,899.9920043945312,0.0,0.0
feature.StemsPerHa.managed.CWHvm_DR_HW_M,20,200,10,0.0,10000.0,1.0,1.0,899.9920043945312,0.0,0.0
feature.StemsPerHa.managed.CWHvm_DR_HW_M,21,210,10,0.0,10000.0,1.0,1.0,899.9920043945312,0.0,0.0
feature.StemsPerHa.managed.CWHvm_DR_HW_M,22,220,10,0.0,10000.0,1.0,1.0,899.9920043945312,0.0,0.0
feature.StemsPerHa.managed.CWHvm_DR_HW_M,23,230,10,0.0,10000.0,1.0,1.0,899.9920043945312,0.0,0.0
feature.StemsPerHa.managed.CWHvm_DR_HW_M,24,240,10,0.0,10000.0,1.0,1.0,899.9920043945312,0.0,0.0
feature.StemsPerHa.managed.CWHvm_DR_HW_M,25,250,10,0.0,10000.0,1.0,1.0,899.9920043945312,0.0,0.0
feature.StemsPerHa.managed.CWHvm_DR_HW_M,26,260,10,0.0,10000.0,1.0,1.0,899.9920043945312,0.0,0.0
feature.StemsPerHa.managed.CWHvm_DR_HW_M,27,270,10,0.0,10000.0,1.0,1.0,899.9920043945312,0.0,0.0
feature.StemsPerHa.managed.CWHvm_DR_HW_M,28,280,10,0.0,10000.0,1.0,1.0,899.9920043945312,0.0,0.0
feature.StemsPerHa.managed.CWHvm_DR_HW_M,29,290,10,0.0,10000.0,1.0,1.0,899.9920043945312,0.0,0.0
feature.StemsPerHa.managed.CWHvm_DR_HW_M,30,300,10,0.0,10000.0,1.0,1.0,899.9920043945312,0.0,0.0
feature.StemsPerHa.managed.CWHvm_FDC_HW_H,0,0,10,0.0,10000.0,1.0,1.0,899.9929809570312,0.0,0.0
feature.StemsPerHa.managed.CWHvm_FDC_HW_H,1,10,10,0.0,10000.0,1.0,1.0,899.9929809570312,0.0,0.0
feature.StemsPerHa.managed.CWHvm_FDC_HW_H,2,20,10,0.0,10000.0,1.0,1.0,899.9929809570312,0.0,0.0
feature.StemsPerHa.managed.CWHvm_FDC_HW_H,3,30,10,0.0,10000.0,1.0,1.0,899.9929809570312,0.0,0.0
feature.StemsPerHa.managed.CWHvm_FDC_HW_H,4,40,10,0.0,10000.0,1.0,1.0,899.9929809570312,0.0,0.0
feature.StemsPerHa.managed.CWHvm_FDC_HW_H,5,50,10,0.0,10000.0,1.0,1.0,899.9929809570312,0.0,0.0
feature.StemsPerHa.managed.CWHvm_FDC_HW_H,6,60,10,0.0,10000.0,1.0,1.0,899.9929809570312,0.0,0.0
feature.StemsPerHa.managed.CWHvm_FDC_HW_H,7,70,10,0.0,10000.0,1.0,1.0,899.9929809570312,0.0,0.0
feature.StemsPerHa.managed.CWHvm_FDC_HW_H,8,80,10,0.0,10000.0,1.0,1.0,899.9929809570312,0.0,0.0
feature.StemsPerHa.managed.CWHvm_FDC_HW_H,9,90,10,0.0,10000.0,1.0,1.0,899.9929809570312,0.0,0.0
feature.StemsPerHa.managed.CWHvm_FDC_HW_H,10,100,10,0.0,10000.0,1.0,1.0,899.9929809570312,0.0,0.0
feature.StemsPerHa.managed.CWHvm_FDC_HW_H,11,110,10,0.0,10000.0,1.0,1.0,899.9929809570312,0.0,0.0
feature.StemsPerHa.managed.CWHvm_FDC_HW_H,12,120,10,0.0,10000.0,1.0,1.0,899.9929809570312,0.0,0.0
feature.StemsPerHa.managed.CWHvm_FDC_HW_H,13,130,10,0.0,10000.0,1.0,1.0,899.9929809570312,0.0,0.0
feature.StemsPerHa.managed.CWHvm_FDC_HW_H,14,140,10,0.0,10000.0,1.0,1.0,899.9929809570312,0.0,0.0
feature.StemsPerHa.managed.CWHvm_FDC_HW_H,15,150,10,0.0,10000.0,1.0,1.0,899.9929809570312,0.0,0.0
feature.StemsPerHa.managed.CWHvm_FDC_HW_H,16,160,10,0.0,10000.0,1.0,1.0,899.9929809570312,0.0,0.0
feature.StemsPerHa.managed.CWHvm_FDC_HW_H,17,170,10,0.0,10000.0,1.0,1.0,899.9929809570312,0.0,0.0
feature.StemsPerHa.managed.CWHvm_FDC_HW_H,18,180,10,0.0,10000.0,1.0,1.0,899.9929809570312,0.0,0.0
feature.StemsPerHa.managed.CWHvm_FDC_HW_H,19,190,10,0.0,10000.0,1.0,1.0,899.9929809570312,0.0,0.0
feature.StemsPerHa.managed.CWHvm_FDC_HW_H,20,200,10,0.0,10000.0,1.0,1.0,899.9929809570312,0.0,0.0
feature.StemsPerHa.managed.CWHvm_FDC_HW_H,21,210,10,0.0,10000.0,1.0,1.0,899.9929809570312,0.0,0.0
feature.StemsPerHa.managed.CWHvm_FDC_HW_H,22,220,10,0.0,10000.0,1.0,1.0,899.9929809570312,0.0,0.0
feature.StemsPerHa.managed.CWHvm_FDC_HW_H,23,230,10,0.0,10000.0,1.0,1.0,899.9929809570312,0.0,0.0
feature.StemsPerHa.managed.CWHvm_FDC_HW_H,24,240,10,0.0,10000.0,1.0,1.0,899.9929809570312,0.0,0.0
feature.StemsPerHa.managed.CWHvm_FDC_HW_H,25,250,10,0.0,10000.0,1.0,1.0,899.9929809570312,0.0,0.0
feature.StemsPerHa.managed.CWHvm_FDC_HW_H,26,260,10,0.0,10000.0,1.0,1.0,899.9929809570312,0.0,0.0
feature.StemsPerHa.managed.CWHvm_FDC_HW_H,27,270,10,0.0,10000.0,1.0,1.0,899.9929809570312,0.0,0.0
feature.StemsPerHa.managed.CWHvm_FDC_HW_H,28,280,10,0.0,10000.0,1.0,1.0,899.9929809570312,0.0,0.0
feature.StemsPerHa.managed.CWHvm_FDC_HW_H,29,290,10,0.0,10000.0,1.0,1.0,899.9929809570312,0.0,0.0
feature.StemsPerHa.managed.CWHvm_FDC_HW_H,30,300,10,0.0,10000.0,1.0,1.0,899.9929809570312,0.0,0.0
feature.StemsPerHa.managed.CWHvm_FDC_HW_L,0,0,10,0.0,10000.0,1.0,1.0,899.9910278320312,0.0,0.0
feature.StemsPerHa.managed.CWHvm_FDC_HW_L,1,10,10,0.0,10000.0,1.0,1.0,899.9910278320312,0.0,0.0
feature.StemsPerHa.managed.CWHvm_FDC_HW_L,2,20,10,0.0,10000.0,1.0,1.0,899.9910278320312,0.0,0.0
feature.StemsPerHa.managed.CWHvm_FDC_HW_L,3,30,10,0.0,10000.0,1.0,1.0,899.9910278320312,0.0,0.0
feature.StemsPerHa.managed.CWHvm_FDC_HW_L,4,40,10,0.0,10000.0,1.0,1.0,899.9910278320312,0.0,0.0
feature.StemsPerHa.managed.CWHvm_FDC_HW_L,5,50,10,0.0,10000.0,1.0,1.0,899.9910278320312,0.0,0.0
feature.StemsPerHa.managed.CWHvm_FDC_HW_L,6,60,10,0.0,10000.0,1.0,1.0,899.9910278320312,0.0,0.0
feature.StemsPerHa.managed.CWHvm_FDC_HW_L,7,70,10,0.0,10000.0,1.0,1.0,899.9910278320312,0.0,0.0
feature.StemsPerHa.managed.CWHvm_FDC_HW_L,8,80,10,0.0,10000.0,1.0,1.0,899.9910278320312,0.0,0.0
feature.StemsPerHa.managed.CWHvm_FDC_HW_L,9,90,10,0.0,10000.0,1.0,1.0,899.9910278320312,0.0,0.0
feature.StemsPerHa.managed.CWHvm_FDC_HW_L,10,100,10,0.0,10000.0,1.0,1.0,899.9910278320312,0.0,0.0
feature.StemsPerHa.managed.CWHvm_FDC_HW_L,11,110,10,0.0,10000.0,1.0,1.0,899.9910278320312,0.0,0.0
feature.StemsPerHa.managed.CWHvm_FDC_HW_L,12,120,10,0.0,10000.0,1.0,1.0,899.9910278320312,0.0,0.0
feature.StemsPerHa.managed.CWHvm_FDC_HW_L,13,130,10,0.0,10000.0,1.0,1.0,899.9910278320312,0.0,0.0
feature.StemsPerHa.managed.CWHvm_FDC_HW_L,14,140,10,0.0,10000.0,1.0,1.0,899.9910278320312,0.0,0.0
feature.StemsPerHa.managed.CWHvm_FDC_HW_L,15,150,10,0.0,10000.0,1.0,1.0,899.9910278320312,0.0,0.0
feature.StemsPerHa.managed.CWHvm_FDC_HW_L,16,160,10,0.0,10000.0,1.0,1.0,899.9910278320312,0.0,0.0
feature.StemsPerHa.managed.CWHvm_FDC_HW_L,17,170,10,0.0,10000.0,1.0,1.0,899.9910278320312,0.0,0.0
feature.StemsPerHa.managed.CWHvm_FDC_HW_L,18,180,10,0.0,10000.0,1.0,1.0,899.9910278320312,0.0,0.0
feature.StemsPerHa.managed.CWHvm_FDC_HW_L,19,190,10,0.0,10000.0,1.0,1.0,899.9910278320312,0.0,0.0
feature.StemsPerHa.managed.CWHvm_FDC_HW_L,20,200,10,0.0,10000.0,1.0,1.0,899.9910278320312,0.0,0.0
feature.StemsPerHa.managed.CWHvm_FDC_HW_L,21,210,10,0.0,10000.0,1.0,1.0,899.9910278320312,0.0,0.0
feature.StemsPerHa.managed.CWHvm_FDC_HW_L,22,220,10,0.0,10000.0,1.0,1.0,899.9910278320312,0.0,0.0
feature.StemsPerHa.managed.CWHvm_FDC_HW_L,23,230,10,0.0,10000.0,1.0,1.0,899.9910278320312,0.0,0.0
feature.StemsPerHa.managed.CWHvm_FDC_HW_L,24,240,10,0.0,10000.0,1.0,1.0,899.9910278320312,0.0,0.0
feature.StemsPerHa.managed.CWHvm_FDC_HW_L,25,250,10,0.0,10000.0,1.0,1.0,899.9910278320312,0.0,0.0
feature.StemsPerHa.managed.CWHvm_FDC_HW_L,26,260,10,0.0,10000.0,1.0,1.0,899.9910278320312,0.0,0.0
feature.StemsPerHa.managed.CWHvm_FDC_HW_L,27,270,10,0.0,10000.0,1.0,1.0,899.9910278320312,0.0,0.0
feature.StemsPerHa.managed.CWHvm_FDC_HW_L,28,280,10,0.0,10000.0,1.0,1.0,899.9910278320312,0.0,0.0
feature.StemsPerHa.managed.CWHvm_FDC_HW_L,29,290,10,0.0,10000.0,1.0,1.0,899.9910278320312,0.0,0.0
feature.StemsPerHa.managed.CWHvm_FDC_HW_L,30,300,10,0.0,10000.0,1.0,1.0,899.9910278320312,0.0,0.0
feature.StemsPerHa.managed.CWHvm_FDC_HW_M,0,0,10,0.0,10000.0,1.0,1.0,899.9949951171875,0.0,0.0
feature.StemsPerHa.managed.CWHvm_FDC_HW_M,1,10,10,0.0,10000.0,1.0,1.0,899.9949951171875,0.0,0.0
feature.StemsPerHa.managed.CWHvm_FDC_HW_M,2,20,10,0.0,10000.0,1.0,1.0,899.9949951171875,0.0,0.0
feature.StemsPerHa.managed.CWHvm_FDC_HW_M,3,30,10,0.0,10000.0,1.0,1.0,899.9949951171875,0.0,0.0
feature.StemsPerHa.managed.CWHvm_FDC_HW_M,4,40,10,0.0,10000.0,1.0,1.0,899.9949951171875,0.0,0.0
feature.StemsPerHa.managed.CWHvm_FDC_HW_M,5,50,10,0.0,10000.0,1.0,1.0,899.9949951171875,0.0,0.0
feature.StemsPerHa.managed.CWHvm_FDC_HW_M,6,60,10,0.0,10000.0,1.0,1.0,899.9949951171875,0.0,0.0
feature.StemsPerHa.managed.CWHvm_FDC_HW_M,7,70,10,0.0,10000.0,1.0,1.0,899.9949951171875,0.0,0.0
feature.StemsPerHa.managed.CWHvm_FDC_HW_M,8,80,10,0.0,10000.0,1.0,1.0,899.9949951171875,0.0,0.0
feature.StemsPerHa.managed.CWHvm_FDC_HW_M,9,90,10,0.0,10000.0,1.0,1.0,899.9949951171875,0.0,0.0
feature.StemsPerHa.managed.CWHvm_FDC_HW_M,10,100,10,0.0,10000.0,1.0,1.0,899.9949951171875,0.0,0.0
feature.StemsPerHa.managed.CWHvm_FDC_HW_M,11,110,10,0.0,10000.0,1.0,1.0,899.9949951171875,0.0,0.0
feature.StemsPerHa.managed.CWHvm_FDC_HW_M,12,120,10,0.0,10000.0,1.0,1.0,899.9949951171875,0.0,0.0
feature.StemsPerHa.managed.CWHvm_FDC_HW_M,13,130,10,0.0,10000.0,1.0,1.0,899.9949951171875,0.0,0.0
feature.StemsPerHa.managed.CWHvm_FDC_HW_M,14,140,10,0.0,10000.0,1.0,1.0,899.9949951171875,0.0,0.0
feature.StemsPerHa.managed.CWHvm_FDC_HW_M,15,150,10,0.0,10000.0,1.0,1.0,899.9949951171875,0.0,0.0
feature.StemsPerHa.managed.CWHvm_FDC_HW_M,16,160,10,0.0,10000.0,1.0,1.0,899.9949951171875,0.0,0.0
feature.StemsPerHa.managed.CWHvm_FDC_HW_M,17,170,10,0.0,10000.0,1.0,1.0,899.9949951171875,0.0,0.0
feature.StemsPerHa.managed.CWHvm_FDC_HW_M,18,180,10,0.0,10000.0,1.0,1.0,899.9949951171875,0.0,0.0
feature.StemsPerHa.managed.CWHvm_FDC_HW_M,19,190,10,0.0,10000.0,1.0,1.0,899.9949951171875,0.0,0.0
feature.StemsPerHa.managed.CWHvm_FDC_HW_M,20,200,10,0.0,10000.0,1.0,1.0,899.9949951171875,0.0,0.0
feature.StemsPerHa.managed.CWHvm_FDC_HW_M,21,210,10,0.0,10000.0,1.0,1.0,899.9949951171875,0.0,0.0
feature.StemsPerHa.managed.CWHvm_FDC_HW_M,22,220,10,0.0,10000.0,1.0,1.0,899.9949951171875,0.0,0.0
feature.StemsPerHa.managed.CWHvm_FDC_HW_M,23,230,10,0.0,10000.0,1.0,1.0,899.9949951171875,0.0,0.0
feature.StemsPerHa.managed.CWHvm_FDC_HW_M,24,240,10,0.0,10000.0,1.0,1.0,899.9949951171875,0.0,0.0
feature.StemsPerHa.managed.CWHvm_FDC_HW_M,25,250,10,0.0,10000.0,1.0,1.0,899.9949951171875,0.0,0.0
feature.StemsPerHa.managed.CWHvm_FDC_HW_M,26,260,10,0.0,10000.0,1.0,1.0,899.9949951171875,0.0,0.0
feature.StemsPerHa.managed.CWHvm_FDC_HW_M,27,270,10,0.0,10000.0,1.0,1.0,899.9949951171875,0.0,0.0
feature.StemsPerHa.managed.CWHvm_FDC_HW_M,28,280,10,0.0,10000.0,1.0,1.0,899.9949951171875,0.0,0.0
feature.StemsPerHa.managed.CWHvm_FDC_HW_M,29,290,10,0.0,10000.0,1.0,1.0,899.9949951171875,0.0,0.0
feature.StemsPerHa.managed.CWHvm_FDC_HW_M,30,300,10,0.0,10000.0,1.0,1.0,899.9949951171875,0.0,0.0
feature.StemsPerHa.managed.CWHvm_HW_BA_M,0,0,10,0.0,10000.0,1.0,1.0,899.9970092773438,0.0,0.0
feature.StemsPerHa.managed.CWHvm_HW_BA_M,1,10,10,0.0,10000.0,1.0,1.0,899.9970092773438,0.0,0.0
feature.StemsPerHa.managed.CWHvm_HW_BA_M,2,20,10,0.0,10000.0,1.0,1.0,899.9970092773438,0.0,0.0
feature.StemsPerHa.managed.CWHvm_HW_BA_M,3,30,10,0.0,10000.0,1.0,1.0,899.9970092773438,0.0,0.0
feature.StemsPerHa.managed.CWHvm_HW_BA_M,4,40,10,0.0,10000.0,1.0,1.0,899.9970092773438,0.0,0.0
feature.StemsPerHa.managed.CWHvm_HW_BA_M,5,50,10,0.0,10000.0,1.0,1.0,899.9970092773438,0.0,0.0
feature.StemsPerHa.managed.CWHvm_HW_BA_M,6,60,10,0.0,10000.0,1.0,1.0,899.9970092773438,0.0,0.0
feature.StemsPerHa.managed.CWHvm_HW_BA_M,7,70,10,0.0,10000.0,1.0,1.0,899.9970092773438,0.0,0.0
feature.StemsPerHa.managed.CWHvm_HW_BA_M,8,80,10,0.0,10000.0,1.0,1.0,899.9970092773438,0.0,0.0
feature.StemsPerHa.managed.CWHvm_HW_BA_M,9,90,10,0.0,10000.0,1.0,1.0,899.9970092773438,0.0,0.0
feature.StemsPerHa.managed.CWHvm_HW_BA_M,10,100,10,0.0,10000.0,1.0,1.0,899.9970092773438,0.0,0.0
feature.StemsPerHa.managed.CWHvm_HW_BA_M,11,110,10,0.0,10000.0,1.0,1.0,899.9970092773438,0.0,0.0
feature.StemsPerHa.managed.CWHvm_HW_BA_M,12,120,10,0.0,10000.0,1.0,1.0,899.9970092773438,0.0,0.0
feature.StemsPerHa.managed.CWHvm_HW_BA_M,13,130,10,0.0,10000.0,1.0,1.0,899.9970092773438,0.0,0.0
feature.StemsPerHa.managed.CWHvm_HW_BA_M,14,140,10,0.0,10000.0,1.0,1.0,899.9970092773438,0.0,0.0
feature.StemsPerHa.managed.CWHvm_HW_BA_M,15,150,10,0.0,10000.0,1.0,1.0,899.9970092773438,0.0,0.0
feature.StemsPerHa.managed.CWHvm_HW_BA_M,16,160,10,0.0,10000.0,1.0,1.0,899.9970092773438,0.0,0.0
feature.StemsPerHa.managed.CWHvm_HW_BA_M,17,170,10,0.0,10000.0,1.0,1.0,899.9970092773438,0.0,0.0
feature.StemsPerHa.managed.CWHvm_HW_BA_M,18,180,10,0.0,10000.0,1.0,1.0,899.9970092773438,0.0,0.0
feature.StemsPerHa.managed.CWHvm_HW_BA_M,19,190,10,0.0,10000.0,1.0,1.0,899.9970092773438,0.0,0.0
feature.StemsPerHa.managed.CWHvm_HW_BA_M,20,200,10,0.0,10000.0,1.0,1.0,899.9970092773438,0.0,0.0
feature.StemsPerHa.managed.CWHvm_HW_BA_M,21,210,10,0.0,10000.0,1.0,1.0,899.9970092773438,0.0,0.0
feature.StemsPerHa.managed.CWHvm_HW_BA_M,22,220,10,0.0,10000.0,1.0,1.0,899.9970092773438,0.0,0.0
feature.StemsPerHa.managed.CWHvm_HW_BA_M,23,230,10,0.0,10000.0,1.0,1.0,899.9970092773438,0.0,0.0
feature.StemsPerHa.managed.CWHvm_HW_BA_M,24,240,10,0.0,10000.0,1.0,1.0,899.9970092773438,0.0,0.0
feature.StemsPerHa.managed.CWHvm_HW_BA_M,25,250,10,0.0,10000.0,1.0,1.0,899.9970092773438,0.0,0.0
feature.StemsPerHa.managed.CWHvm_HW_BA_M,26,260,10,0.0,10000.0,1.0,1.0,899.9970092773438,0.0,0.0
feature.StemsPerHa.managed.CWHvm_HW_BA_M,27,270,10,0.0,10000.0,1.0,1.0,899.9970092773438,0.0,0.0
feature.StemsPerHa.managed.CWHvm_HW_BA_M,28,280,10,0.0,10000.0,1.0,1.0,899.9970092773438,0.0,0.0
feature.StemsPerHa.managed.CWHvm_HW_BA_M,29,290,10,0.0,10000.0,1.0,1.0,899.9970092773438,0.0,0.0
feature.StemsPerHa.managed.CWHvm_HW_BA_M,30,300,10,0.0,10000.0,1.0,1.0,899.9970092773438,0.0,0.0
feature.StemsPerHa.managed.CWHvm_HW_CW_H,0,0,10,0.0,10000.0,1.0,1.0,899.9920043945312,0.0,0.0
feature.StemsPerHa.managed.CWHvm_HW_CW_H,1,10,10,0.0,10000.0,1.0,1.0,899.9920043945312,0.0,0.0
feature.StemsPerHa.managed.CWHvm_HW_CW_H,2,20,10,0.0,10000.0,1.0,1.0,899.9920043945312,0.0,0.0
feature.StemsPerHa.managed.CWHvm_HW_CW_H,3,30,10,0.0,10000.0,1.0,1.0,899.9920043945312,0.0,0.0
feature.StemsPerHa.managed.CWHvm_HW_CW_H,4,40,10,0.0,10000.0,1.0,1.0,899.9920043945312,0.0,0.0
feature.StemsPerHa.managed.CWHvm_HW_CW_H,5,50,10,0.0,10000.0,1.0,1.0,899.9920043945312,0.0,0.0
feature.StemsPerHa.managed.CWHvm_HW_CW_H,6,60,10,0.0,10000.0,1.0,1.0,899.9920043945312,0.0,0.0
feature.StemsPerHa.managed.CWHvm_HW_CW_H,7,70,10,0.0,10000.0,1.0,1.0,899.9920043945312,0.0,0.0
feature.StemsPerHa.managed.CWHvm_HW_CW_H,8,80,10,0.0,10000.0,1.0,1.0,899.9920043945312,0.0,0.0
feature.StemsPerHa.managed.CWHvm_HW_CW_H,9,90,10,0.0,10000.0,1.0,1.0,899.9920043945312,0.0,0.0
feature.StemsPerHa.managed.CWHvm_HW_CW_H,10,100,10,0.0,10000.0,1.0,1.0,899.9920043945312,0.0,0.0
feature.StemsPerHa.managed.CWHvm_HW_CW_H,11,110,10,0.0,10000.0,1.0,1.0,899.9920043945312,0.0,0.0
feature.StemsPerHa.managed.CWHvm_HW_CW_H,12,120,10,0.0,10000.0,1.0,1.0,899.9920043945312,0.0,0.0
feature.StemsPerHa.managed.CWHvm_HW_CW_H,13,130,10,0.0,10000.0,1.0,1.0,899.9920043945312,0.0,0.0
feature.StemsPerHa.managed.CWHvm_HW_CW_H,14,140,10,0.0,10000.0,1.0,1.0,899.9920043945312,0.0,0.0
feature.StemsPerHa.managed.CWHvm_HW_CW_H,15,150,10,0.0,10000.0,1.0,1.0,899.9920043945312,0.0,0.0
feature.StemsPerHa.managed.CWHvm_HW_CW_H,16,160,10,0.0,10000.0,1.0,1.0,899.9920043945312,0.0,0.0
feature.StemsPerHa.managed.CWHvm_HW_CW_H,17,170,10,0.0,10000.0,1.0,1.0,899.9920043945312,0.0,0.0
feature.StemsPerHa.managed.CWHvm_HW_CW_H,18,180,10,0.0,10000.0,1.0,1.0,899.9920043945312,0.0,0.0
feature.StemsPerHa.managed.CWHvm_HW_CW_H,19,190,10,0.0,10000.0,1.0,1.0,899.9920043945312,0.0,0.0
feature.StemsPerHa.managed.CWHvm_HW_CW_H,20,200,10,0.0,10000.0,1.0,1.0,899.9920043945312,0.0,0.0
feature.StemsPerHa.managed.CWHvm_HW_CW_H,21,210,10,0.0,10000.0,1.0,1.0,899.9920043945312,0.0,0.0
feature.StemsPerHa.managed.CWHvm_HW_CW_H,22,220,10,0.0,10000.0,1.0,1.0,899.9920043945312,0.0,0.0
feature.StemsPerHa.managed.CWHvm_HW_CW_H,23,230,10,0.0,10000.0,1.0,1.0,899.9920043945312,0.0,0.0
feature.StemsPerHa.managed.CWHvm_HW_CW_H,24,240,10,0.0,10000.0,1.0,1.0,899.9920043945312,0.0,0.0
feature.StemsPerHa.managed.CWHvm_HW_CW_H,25,250,10,0.0,10000.0,1.0,1.0,899.9920043945312,0.0,0.0
feature.StemsPerHa.managed.CWHvm_HW_CW_H,26,260,10,0.0,10000.0,1.0,1.0,899.9920043945312,0.0,0.0
feature.StemsPerHa.managed.CWHvm_HW_CW_H,27,270,10,0.0,10000.0,1.0,1.0,899.9920043945312,0.0,0.0
feature.StemsPerHa.managed.CWHvm_HW_CW_H,28,280,10,0.0,10000.0,1.0,1.0,899.9920043945312,0.0,0.0
feature.StemsPerHa.managed.CWHvm_HW_CW_H,29,290,10,0.0,10000.0,1.0,1.0,899.9920043945312,0.0,0.0
feature.StemsPerHa.managed.CWHvm_HW_CW_H,30,300,10,0.0,10000.0,1.0,1.0,899.9920043945312,0.0,0.0
feature.StemsPerHa.managed.CWHvm_HW_CW_L,0,0,10,0.0,10000.0,1.0,1.0,899.9970092773438,0.0,0.0
feature.StemsPerHa.managed.CWHvm_HW_CW_L,1,10,10,0.0,10000.0,1.0,1.0,899.9970092773438,0.0,0.0
feature.StemsPerHa.managed.CWHvm_HW_CW_L,2,20,10,0.0,10000.0,1.0,1.0,899.9970092773438,0.0,0.0
feature.StemsPerHa.managed.CWHvm_HW_CW_L,3,30,10,0.0,10000.0,1.0,1.0,899.9970092773438,0.0,0.0
feature.StemsPerHa.managed.CWHvm_HW_CW_L,4,40,10,0.0,10000.0,1.0,1.0,899.9970092773438,0.0,0.0
feature.StemsPerHa.managed.CWHvm_HW_CW_L,5,50,10,0.0,10000.0,1.0,1.0,899.9970092773438,0.0,0.0
feature.StemsPerHa.managed.CWHvm_HW_CW_L,6,60,10,0.0,10000.0,1.0,1.0,899.9970092773438,0.0,0.0
feature.StemsPerHa.managed.CWHvm_HW_CW_L,7,70,10,0.0,10000.0,1.0,1.0,899.9970092773438,0.0,0.0
feature.StemsPerHa.managed.CWHvm_HW_CW_L,8,80,10,0.0,10000.0,1.0,1.0,899.9970092773438,0.0,0.0
feature.StemsPerHa.managed.CWHvm_HW_CW_L,9,90,10,0.0,10000.0,1.0,1.0,899.9970092773438,0.0,0.0
feature.StemsPerHa.managed.CWHvm_HW_CW_L,10,100,10,0.0,10000.0,1.0,1.0,899.9970092773438,0.0,0.0
feature.StemsPerHa.managed.CWHvm_HW_CW_L,11,110,10,0.0,10000.0,1.0,1.0,899.9970092773438,0.0,0.0
feature.StemsPerHa.managed.CWHvm_HW_CW_L,12,120,10,0.0,10000.0,1.0,1.0,899.9970092773438,0.0,0.0
feature.StemsPerHa.managed.CWHvm_HW_CW_L,13,130,10,0.0,10000.0,1.0,1.0,899.9970092773438,0.0,0.0
feature.StemsPerHa.managed.CWHvm_HW_CW_L,14,140,10,0.0,10000.0,1.0,1.0,899.9970092773438,0.0,0.0
feature.StemsPerHa.managed.CWHvm_HW_CW_L,15,150,10,0.0,10000.0,1.0,1.0,899.9970092773438,0.0,0.0
feature.StemsPerHa.managed.CWHvm_HW_CW_L,16,160,10,0.0,10000.0,1.0,1.0,899.9970092773438,0.0,0.0
feature.StemsPerHa.managed.CWHvm_HW_CW_L,17,170,10,0.0,10000.0,1.0,1.0,899.9970092773438,0.0,0.0
feature.StemsPerHa.managed.CWHvm_HW_CW_L,18,180,10,0.0,10000.0,1.0,1.0,899.9970092773438,0.0,0.0
feature.StemsPerHa.managed.CWHvm_HW_CW_L,19,190,10,0.0,10000.0,1.0,1.0,899.9970092773438,0.0,0.0
feature.StemsPerHa.managed.CWHvm_HW_CW_L,20,200,10,0.0,10000.0,1.0,1.0,899.9970092773438,0.0,0.0
feature.StemsPerHa.managed.CWHvm_HW_CW_L,21,210,10,0.0,10000.0,1.0,1.0,899.9970092773438,0.0,0.0
feature.StemsPerHa.managed.CWHvm_HW_CW_L,22,220,10,0.0,10000.0,1.0,1.0,899.9970092773438,0.0,0.0
feature.StemsPerHa.managed.CWHvm_HW_CW_L,23,230,10,0.0,10000.0,1.0,1.0,899.9970092773438,0.0,0.0
feature.StemsPerHa.managed.CWHvm_HW_CW_L,24,240,10,0.0,10000.0,1.0,1.0,899.9970092773438,0.0,0.0
feature.StemsPerHa.managed.CWHvm_HW_CW_L,25,250,10,0.0,10000.0,1.0,1.0,899.9970092773438,0.0,0.0
feature.StemsPerHa.managed.CWHvm_HW_CW_L,26,260,10,0.0,10000.0,1.0,1.0,899.9970092773438,0.0,0.0
feature.StemsPerHa.managed.CWHvm_HW_CW_L,27,270,10,0.0,10000.0,1.0,1.0,899.9970092773438,0.0,0.0
feature.StemsPerHa.managed.CWHvm_HW_CW_L,28,280,10,0.0,10000.0,1.0,1.0,899.9970092773438,0.0,0.0
feature.StemsPerHa.managed.CWHvm_HW_CW_L,29,290,10,0.0,10000.0,1.0,1.0,899.9970092773438,0.0,0.0
feature.StemsPerHa.managed.CWHvm_HW_CW_L,30,300,10,0.0,10000.0,1.0,1.0,899.9970092773438,0.0,0.0
feature.StemsPerHa.managed.CWHvm_HW_CW_M,0,0,10,0.0,10000.0,1.0,1.0,899.9949951171875,0.0,0.0
feature.StemsPerHa.managed.CWHvm_HW_CW_M,1,10,10,0.0,10000.0,1.0,1.0,899.9949951171875,0.0,0.0
feature.StemsPerHa.managed.CWHvm_HW_CW_M,2,20,10,0.0,10000.0,1.0,1.0,899.9949951171875,0.0,0.0
feature.StemsPerHa.managed.CWHvm_HW_CW_M,3,30,10,0.0,10000.0,1.0,1.0,899.9949951171875,0.0,0.0
feature.StemsPerHa.managed.CWHvm_HW_CW_M,4,40,10,0.0,10000.0,1.0,1.0,899.9949951171875,0.0,0.0
feature.StemsPerHa.managed.CWHvm_HW_CW_M,5,50,10,0.0,10000.0,1.0,1.0,899.9949951171875,0.0,0.0
feature.StemsPerHa.managed.CWHvm_HW_CW_M,6,60,10,0.0,10000.0,1.0,1.0,899.9949951171875,0.0,0.0
feature.StemsPerHa.managed.CWHvm_HW_CW_M,7,70,10,0.0,10000.0,1.0,1.0,899.9949951171875,0.0,0.0
feature.StemsPerHa.managed.CWHvm_HW_CW_M,8,80,10,0.0,10000.0,1.0,1.0,899.9949951171875,0.0,0.0
feature.StemsPerHa.managed.CWHvm_HW_CW_M,9,90,10,0.0,10000.0,1.0,1.0,899.9949951171875,0.0,0.0
feature.StemsPerHa.managed.CWHvm_HW_CW_M,10,100,10,0.0,10000.0,1.0,1.0,899.9949951171875,0.0,0.0
feature.StemsPerHa.managed.CWHvm_HW_CW_M,11,110,10,0.0,10000.0,1.0,1.0,899.9949951171875,0.0,0.0
feature.StemsPerHa.managed.CWHvm_HW_CW_M,12,120,10,0.0,10000.0,1.0,1.0,899.9949951171875,0.0,0.0
feature.StemsPerHa.managed.CWHvm_HW_CW_M,13,130,10,0.0,10000.0,1.0,1.0,899.9949951171875,0.0,0.0
feature.StemsPerHa.managed.CWHvm_HW_CW_M,14,140,10,0.0,10000.0,1.0,1.0,899.9949951171875,0.0,0.0
feature.StemsPerHa.managed.CWHvm_HW_CW_M,15,150,10,0.0,10000.0,1.0,1.0,899.9949951171875,0.0,0.0
feature.StemsPerHa.managed.CWHvm_HW_CW_M,16,160,10,0.0,10000.0,1.0,1.0,899.9949951171875,0.0,0.0
feature.StemsPerHa.managed.CWHvm_HW_CW_M,17,170,10,0.0,10000.0,1.0,1.0,899.9949951171875,0.0,0.0
feature.StemsPerHa.managed.CWHvm_HW_CW_M,18,180,10,0.0,10000.0,1.0,1.0,899.9949951171875,0.0,0.0
feature.StemsPerHa.managed.CWHvm_HW_CW_M,19,190,10,0.0,10000.0,1.0,1.0,899.9949951171875,0.0,0.0
feature.StemsPerHa.managed.CWHvm_HW_CW_M,20,200,10,0.0,10000.0,1.0,1.0,899.9949951171875,0.0,0.0
feature.StemsPerHa.managed.CWHvm_HW_CW_M,21,210,10,0.0,10000.0,1.0,1.0,899.9949951171875,0.0,0.0
feature.StemsPerHa.managed.CWHvm_HW_CW_M,22,220,10,0.0,10000.0,1.0,1.0,899.9949951171875,0.0,0.0
feature.StemsPerHa.managed.CWHvm_HW_CW_M,23,230,10,0.0,10000.0,1.0,1.0,899.9949951171875,0.0,0.0
feature.StemsPerHa.managed.CWHvm_HW_CW_M,24,240,10,0.0,10000.0,1.0,1.0,899.9949951171875,0.0,0.0
feature.StemsPerHa.managed.CWHvm_HW_CW_M,25,250,10,0.0,10000.0,1.0,1.0,899.9949951171875,0.0,0.0
feature.StemsPerHa.managed.CWHvm_HW_CW_M,26,260,10,0.0,10000.0,1.0,1.0,899.9949951171875,0.0,0.0
feature.StemsPerHa.managed.CWHvm_HW_CW_M,27,270,10,0.0,10000.0,1.0,1.0,899.9949951171875,0.0,0.0
feature.StemsPerHa.managed.CWHvm_HW_CW_M,28,280,10,0.0,10000.0,1.0,1.0,899.9949951171875,0.0,0.0
feature.StemsPerHa.managed.CWHvm_HW_CW_M,29,290,10,0.0,10000.0,1.0,1.0,899.9949951171875,0.0,0.0
feature.StemsPerHa.managed.CWHvm_HW_CW_M,30,300,10,0.0,10000.0,1.0,1.0,899.9949951171875,0.0,0.0
feature.StemsPerHa.managed.CWHvm_HW_FDC_H,0,0,10,0.0,10000.0,1.0,1.0,899.9769897460938,0.0,0.0
feature.StemsPerHa.managed.CWHvm_HW_FDC_H,1,10,10,0.0,10000.0,1.0,1.0,899.9769897460938,0.0,0.0
feature.StemsPerHa.managed.CWHvm_HW_FDC_H,2,20,10,0.0,10000.0,1.0,1.0,899.9769897460938,0.0,0.0
feature.StemsPerHa.managed.CWHvm_HW_FDC_H,3,30,10,0.0,10000.0,1.0,1.0,899.9769897460938,0.0,0.0
feature.StemsPerHa.managed.CWHvm_HW_FDC_H,4,40,10,0.0,10000.0,1.0,1.0,899.9769897460938,0.0,0.0
feature.StemsPerHa.managed.CWHvm_HW_FDC_H,5,50,10,0.0,10000.0,1.0,1.0,899.9769897460938,0.0,0.0
feature.StemsPerHa.managed.CWHvm_HW_FDC_H,6,60,10,0.0,10000.0,1.0,1.0,899.9769897460938,0.0,0.0
feature.StemsPerHa.managed.CWHvm_HW_FDC_H,7,70,10,0.0,10000.0,1.0,1.0,899.9769897460938,0.0,0.0
feature.StemsPerHa.managed.CWHvm_HW_FDC_H,8,80,10,0.0,10000.0,1.0,1.0,899.9769897460938,0.0,0.0
feature.StemsPerHa.managed.CWHvm_HW_FDC_H,9,90,10,0.0,10000.0,1.0,1.0,899.9769897460938,0.0,0.0
feature.StemsPerHa.managed.CWHvm_HW_FDC_H,10,100,10,0.0,10000.0,1.0,1.0,899.9769897460938,0.0,0.0
feature.StemsPerHa.managed.CWHvm_HW_FDC_H,11,110,10,0.0,10000.0,1.0,1.0,899.9769897460938,0.0,0.0
feature.StemsPerHa.managed.CWHvm_HW_FDC_H,12,120,10,0.0,10000.0,1.0,1.0,899.9769897460938,0.0,0.0
feature.StemsPerHa.managed.CWHvm_HW_FDC_H,13,130,10,0.0,10000.0,1.0,1.0,899.9769897460938,0.0,0.0
feature.StemsPerHa.managed.CWHvm_HW_FDC_H,14,140,10,0.0,10000.0,1.0,1.0,899.9769897460938,0.0,0.0
feature.StemsPerHa.managed.CWHvm_HW_FDC_H,15,150,10,0.0,10000.0,1.0,1.0,899.9769897460938,0.0,0.0
feature.StemsPerHa.managed.CWHvm_HW_FDC_H,16,160,10,0.0,10000.0,1.0,1.0,899.9769897460938,0.0,0.0
feature.StemsPerHa.managed.CWHvm_HW_FDC_H,17,170,10,0.0,10000.0,1.0,1.0,899.9769897460938,0.0,0.0
feature.StemsPerHa.managed.CWHvm_HW_FDC_H,18,180,10,0.0,10000.0,1.0,1.0,899.9769897460938,0.0,0.0
feature.StemsPerHa.managed.CWHvm_HW_FDC_H,19,190,10,0.0,10000.0,1.0,1.0,899.9769897460938,0.0,0.0
feature.StemsPerHa.managed.CWHvm_HW_FDC_H,20,200,10,0.0,10000.0,1.0,1.0,899.9769897460938,0.0,0.0
feature.StemsPerHa.managed.CWHvm_HW_FDC_H,21,210,10,0.0,10000.0,1.0,1.0,899.9769897460938,0.0,0.0
feature.StemsPerHa.managed.CWHvm_HW_FDC_H,22,220,10,0.0,10000.0,1.0,1.0,899.9769897460938,0.0,0.0
feature.StemsPerHa.managed.CWHvm_HW_FDC_H,23,230,10,0.0,10000.0,1.0,1.0,899.9769897460938,0.0,0.0
feature.StemsPerHa.managed.CWHvm_HW_FDC_H,24,240,10,0.0,10000.0,1.0,1.0,899.9769897460938,0.0,0.0
feature.StemsPerHa.managed.CWHvm_HW_FDC_H,25,250,10,0.0,10000.0,1.0,1.0,899.9769897460938,0.0,0.0
feature.StemsPerHa.managed.CWHvm_HW_FDC_H,26,260,10,0.0,10000.0,1.0,1.0,899.9769897460938,0.0,0.0
feature.StemsPerHa.managed.CWHvm_HW_FDC_H,27,270,10,0.0,10000.0,1.0,1.0,899.9769897460938,0.0,0.0
feature.StemsPerHa.managed.CWHvm_HW_FDC_H,28,280,10,0.0,10000.0,1.0,1.0,899.9769897460938,0.0,0.0
feature.StemsPerHa.managed.CWHvm_HW_FDC_H,29,290,10,0.0,10000.0,1.0,1.0,899.9769897460938,0.0,0.0
feature.StemsPerHa.managed.CWHvm_HW_FDC_H,30,300,10,0.0,10000.0,1.0,1.0,899.9769897460938,0.0,0.0
feature.StemsPerHa.managed.CWHvm_HW_FDC_L,0,0,10,0.0,10000.0,1.0,1.0,899.989990234375,0.0,0.0
feature.StemsPerHa.managed.CWHvm_HW_FDC_L,1,10,10,0.0,10000.0,1.0,1.0,899.989990234375,0.0,0.0
feature.StemsPerHa.managed.CWHvm_HW_FDC_L,2,20,10,0.0,10000.0,1.0,1.0,899.989990234375,0.0,0.0
feature.StemsPerHa.managed.CWHvm_HW_FDC_L,3,30,10,0.0,10000.0,1.0,1.0,899.989990234375,0.0,0.0
feature.StemsPerHa.managed.CWHvm_HW_FDC_L,4,40,10,0.0,10000.0,1.0,1.0,899.989990234375,0.0,0.0
feature.StemsPerHa.managed.CWHvm_HW_FDC_L,5,50,10,0.0,10000.0,1.0,1.0,899.989990234375,0.0,0.0
feature.StemsPerHa.managed.CWHvm_HW_FDC_L,6,60,10,0.0,10000.0,1.0,1.0,899.989990234375,0.0,0.0
feature.StemsPerHa.managed.CWHvm_HW_FDC_L,7,70,10,0.0,10000.0,1.0,1.0,899.989990234375,0.0,0.0
feature.StemsPerHa.managed.CWHvm_HW_FDC_L,8,80,10,0.0,10000.0,1.0,1.0,899.989990234375,0.0,0.0
feature.StemsPerHa.managed.CWHvm_HW_FDC_L,9,90,10,0.0,10000.0,1.0,1.0,899.989990234375,0.0,0.0
feature.StemsPerHa.managed.CWHvm_HW_FDC_L,10,100,10,0.0,10000.0,1.0,1.0,899.989990234375,0.0,0.0
feature.StemsPerHa.managed.CWHvm_HW_FDC_L,11,110,10,0.0,10000.0,1.0,1.0,899.989990234375,0.0,0.0
feature.StemsPerHa.managed.CWHvm_HW_FDC_L,12,120,10,0.0,10000.0,1.0,1.0,899.989990234375,0.0,0.0
feature.StemsPerHa.managed.CWHvm_HW_FDC_L,13,130,10,0.0,10000.0,1.0,1.0,899.989990234375,0.0,0.0
feature.StemsPerHa.managed.CWHvm_HW_FDC_L,14,140,10,0.0,10000.0,1.0,1.0,899.989990234375,0.0,0.0
feature.StemsPerHa.managed.CWHvm_HW_FDC_L,15,150,10,0.0,10000.0,1.0,1.0,899.989990234375,0.0,0.0
feature.StemsPerHa.managed.CWHvm_HW_FDC_L,16,160,10,0.0,10000.0,1.0,1.0,899.989990234375,0.0,0.0
feature.StemsPerHa.managed.CWHvm_HW_FDC_L,17,170,10,0.0,10000.0,1.0,1.0,899.989990234375,0.0,0.0
feature.StemsPerHa.managed.CWHvm_HW_FDC_L,18,180,10,0.0,10000.0,1.0,1.0,899.989990234375,0.0,0.0
feature.StemsPerHa.managed.CWHvm_HW_FDC_L,19,190,10,0.0,10000.0,1.0,1.0,899.989990234375,0.0,0.0
feature.StemsPerHa.managed.CWHvm_HW_FDC_L,20,200,10,0.0,10000.0,1.0,1.0,899.989990234375,0.0,0.0
feature.StemsPerHa.managed.CWHvm_HW_FDC_L,21,210,10,0.0,10000.0,1.0,1.0,899.989990234375,0.0,0.0
feature.StemsPerHa.managed.CWHvm_HW_FDC_L,22,220,10,0.0,10000.0,1.0,1.0,899.989990234375,0.0,0.0
feature.StemsPerHa.managed.CWHvm_HW_FDC_L,23,230,10,0.0,10000.0,1.0,1.0,899.989990234375,0.0,0.0
feature.StemsPerHa.managed.CWHvm_HW_FDC_L,24,240,10,0.0,10000.0,1.0,1.0,899.989990234375,0.0,0.0
feature.StemsPerHa.managed.CWHvm_HW_FDC_L,25,250,10,0.0,10000.0,1.0,1.0,899.989990234375,0.0,0.0
feature.StemsPerHa.managed.CWHvm_HW_FDC_L,26,260,10,0.0,10000.0,1.0,1.0,899.989990234375,0.0,0.0
feature.StemsPerHa.managed.CWHvm_HW_FDC_L,27,270,10,0.0,10000.0,1.0,1.0,899.989990234375,0.0,0.0
feature.StemsPerHa.managed.CWHvm_HW_FDC_L,28,280,10,0.0,10000.0,1.0,1.0,899.989990234375,0.0,0.0
feature.StemsPerHa.managed.CWHvm_HW_FDC_L,29,290,10,0.0,10000.0,1.0,1.0,899.989990234375,0.0,0.0
feature.StemsPerHa.managed.CWHvm_HW_FDC_L,30,300,10,0.0,10000.0,1.0,1.0,899.989990234375,0.0,0.0
feature.StemsPerHa.managed.CWHvm_HW_SS_M,0,0,10,0.0,10000.0,1.0,1.0,899.9979858398438,0.0,0.0
feature.StemsPerHa.managed.CWHvm_HW_SS_M,1,10,10,0.0,10000.0,1.0,1.0,899.9979858398438,0.0,0.0
feature.StemsPerHa.managed.CWHvm_HW_SS_M,2,20,10,0.0,10000.0,1.0,1.0,899.9979858398438,0.0,0.0
feature.StemsPerHa.managed.CWHvm_HW_SS_M,3,30,10,0.0,10000.0,1.0,1.0,899.9979858398438,0.0,0.0
feature.StemsPerHa.managed.CWHvm_HW_SS_M,4,40,10,0.0,10000.0,1.0,1.0,899.9979858398438,0.0,0.0
feature.StemsPerHa.managed.CWHvm_HW_SS_M,5,50,10,0.0,10000.0,1.0,1.0,899.9979858398438,0.0,0.0
feature.StemsPerHa.managed.CWHvm_HW_SS_M,6,60,10,0.0,10000.0,1.0,1.0,899.9979858398438,0.0,0.0
feature.StemsPerHa.managed.CWHvm_HW_SS_M,7,70,10,0.0,10000.0,1.0,1.0,899.9979858398438,0.0,0.0
feature.StemsPerHa.managed.CWHvm_HW_SS_M,8,80,10,0.0,10000.0,1.0,1.0,899.9979858398438,0.0,0.0
feature.StemsPerHa.managed.CWHvm_HW_SS_M,9,90,10,0.0,10000.0,1.0,1.0,899.9979858398438,0.0,0.0
feature.StemsPerHa.managed.CWHvm_HW_SS_M,10,100,10,0.0,10000.0,1.0,1.0,899.9979858398438,0.0,0.0
feature.StemsPerHa.managed.CWHvm_HW_SS_M,11,110,10,0.0,10000.0,1.0,1.0,899.9979858398438,0.0,0.0
feature.StemsPerHa.managed.CWHvm_HW_SS_M,12,120,10,0.0,10000.0,1.0,1.0,899.9979858398438,0.0,0.0
feature.StemsPerHa.managed.CWHvm_HW_SS_M,13,130,10,0.0,10000.0,1.0,1.0,899.9979858398438,0.0,0.0
feature.StemsPerHa.managed.CWHvm_HW_SS_M,14,140,10,0.0,10000.0,1.0,1.0,899.9979858398438,0.0,0.0
feature.StemsPerHa.managed.CWHvm_HW_SS_M,15,150,10,0.0,10000.0,1.0,1.0,899.9979858398438,0.0,0.0
feature.StemsPerHa.managed.CWHvm_HW_SS_M,16,160,10,0.0,10000.0,1.0,1.0,899.9979858398438,0.0,0.0
feature.StemsPerHa.managed.CWHvm_HW_SS_M,17,170,10,0.0,10000.0,1.0,1.0,899.9979858398438,0.0,0.0
feature.StemsPerHa.managed.CWHvm_HW_SS_M,18,180,10,0.0,10000.0,1.0,1.0,899.9979858398438,0.0,0.0
feature.StemsPerHa.managed.CWHvm_HW_SS_M,19,190,10,0.0,10000.0,1.0,1.0,899.9979858398438,0.0,0.0
feature.StemsPerHa.managed.CWHvm_HW_SS_M,20,200,10,0.0,10000.0,1.0,1.0,899.9979858398438,0.0,0.0
feature.StemsPerHa.managed.CWHvm_HW_SS_M,21,210,10,0.0,10000.0,1.0,1.0,899.9979858398438,0.0,0.0
feature.StemsPerHa.managed.CWHvm_HW_SS_M,22,220,10,0.0,10000.0,1.0,1.0,899.9979858398438,0.0,0.0
feature.StemsPerHa.managed.CWHvm_HW_SS_M,23,230,10,0.0,10000.0,1.0,1.0,899.9979858398438,0.0,0.0
feature.StemsPerHa.managed.CWHvm_HW_SS_M,24,240,10,0.0,10000.0,1.0,1.0,899.9979858398438,0.0,0.0
feature.StemsPerHa.managed.CWHvm_HW_SS_M,25,250,10,0.0,10000.0,1.0,1.0,899.9979858398438,0.0,0.0
feature.StemsPerHa.managed.CWHvm_HW_SS_M,26,260,10,0.0,10000.0,1.0,1.0,899.9979858398438,0.0,0.0
feature.StemsPerHa.managed.CWHvm_HW_SS_M,27,270,10,0.0,10000.0,1.0,1.0,899.9979858398438,0.0,0.0
feature.StemsPerHa.managed.CWHvm_HW_SS_M,28,280,10,0.0,10000.0,1.0,1.0,899.9979858398438,0.0,0.0
feature.StemsPerHa.managed.CWHvm_HW_SS_M,29,290,10,0.0,10000.0,1.0,1.0,899.9979858398438,0.0,0.0
feature.StemsPerHa.managed.CWHvm_HW_SS_M,30,300,10,0.0,10000.0,1.0,1.0,899.9979858398438,0.0,0.0
feature.StemsPerHa.unmanaged.CWHvm_CW_HW_M,0,0,10,0.0,10000.0,1.0,1.0,199.98300170898438,0.0,0.0
feature.StemsPerHa.unmanaged.CWHvm_CW_HW_M,1,10,10,0.0,10000.0,1.0,1.0,199.98300170898438,0.0,0.0
feature.StemsPerHa.unmanaged.CWHvm_CW_HW_M,2,20,10,0.0,10000.0,1.0,1.0,199.98300170898438,0.0,0.0
feature.StemsPerHa.unmanaged.CWHvm_CW_HW_M,3,30,10,0.0,10000.0,1.0,1.0,199.98300170898438,0.0,0.0
feature.StemsPerHa.unmanaged.CWHvm_CW_HW_M,4,40,10,0.0,10000.0,1.0,1.0,199.98300170898438,0.0,0.0
feature.StemsPerHa.unmanaged.CWHvm_CW_HW_M,5,50,10,0.0,10000.0,1.0,1.0,199.98300170898438,0.0,0.0
feature.StemsPerHa.unmanaged.CWHvm_CW_HW_M,6,60,10,0.0,10000.0,1.0,1.0,199.98300170898438,0.0,0.0
feature.StemsPerHa.unmanaged.CWHvm_CW_HW_M,7,70,10,0.0,10000.0,1.0,1.0,199.98300170898438,0.0,0.0
feature.StemsPerHa.unmanaged.CWHvm_CW_HW_M,8,80,10,0.0,10000.0,1.0,1.0,199.98300170898438,0.0,0.0
feature.StemsPerHa.unmanaged.CWHvm_CW_HW_M,9,90,10,0.0,10000.0,1.0,1.0,199.98300170898438,0.0,0.0
feature.StemsPerHa.unmanaged.CWHvm_CW_HW_M,10,100,10,0.0,10000.0,1.0,1.0,199.98300170898438,0.0,0.0
feature.StemsPerHa.unmanaged.CWHvm_CW_HW_M,11,110,10,0.0,10000.0,1.0,1.0,199.98300170898438,0.0,0.0
feature.StemsPerHa.unmanaged.CWHvm_CW_HW_M,12,120,10,0.0,10000.0,1.0,1.0,199.98300170898438,0.0,0.0
feature.StemsPerHa.unmanaged.CWHvm_CW_HW_M,13,130,10,0.0,10000.0,1.0,1.0,199.98300170898438,0.0,0.0
feature.StemsPerHa.unmanaged.CWHvm_CW_HW_M,14,140,10,0.0,10000.0,1.0,1.0,199.98300170898438,0.0,0.0
feature.StemsPerHa.unmanaged.CWHvm_CW_HW_M,15,150,10,0.0,10000.0,1.0,1.0,199.98300170898438,0.0,0.0
feature.StemsPerHa.unmanaged.CWHvm_CW_HW_M,16,160,10,0.0,10000.0,1.0,1.0,199.98300170898438,0.0,0.0
feature.StemsPerHa.unmanaged.CWHvm_CW_HW_M,17,170,10,0.0,10000.0,1.0,1.0,199.98300170898438,0.0,0.0
feature.StemsPerHa.unmanaged.CWHvm_CW_HW_M,18,180,10,0.0,10000.0,1.0,1.0,199.98300170898438,0.0,0.0
feature.StemsPerHa.unmanaged.CWHvm_CW_HW_M,19,190,10,0.0,10000.0,1.0,1.0,199.98300170898438,0.0,0.0
feature.StemsPerHa.unmanaged.CWHvm_CW_HW_M,20,200,10,0.0,10000.0,1.0,1.0,199.98300170898438,0.0,0.0
feature.StemsPerHa.unmanaged.CWHvm_CW_HW_M,21,210,10,0.0,10000.0,1.0,1.0,199.98300170898438,0.0,0.0
feature.StemsPerHa.unmanaged.CWHvm_CW_HW_M,22,220,10,0.0,10000.0,1.0,1.0,199.98300170898438,0.0,0.0
feature.StemsPerHa.unmanaged.CWHvm_CW_HW_M,23,230,10,0.0,10000.0,1.0,1.0,199.98300170898438,0.0,0.0
feature.StemsPerHa.unmanaged.CWHvm_CW_HW_M,24,240,10,0.0,10000.0,1.0,1.0,199.98300170898438,0.0,0.0
feature.StemsPerHa.unmanaged.CWHvm_CW_HW_M,25,250,10,0.0,10000.0,1.0,1.0,199.98300170898438,0.0,0.0
feature.StemsPerHa.unmanaged.CWHvm_CW_HW_M,26,260,10,0.0,10000.0,1.0,1.0,199.98300170898438,0.0,0.0
feature.StemsPerHa.unmanaged.CWHvm_CW_HW_M,27,270,10,0.0,10000.0,1.0,1.0,199.98300170898438,0.0,0.0
feature.StemsPerHa.unmanaged.CWHvm_CW_HW_M,28,280,10,0.0,10000.0,1.0,1.0,199.98300170898438,0.0,0.0
feature.StemsPerHa.unmanaged.CWHvm_CW_HW_M,29,290,10,0.0,10000.0,1.0,1.0,199.98300170898438,0.0,0.0
feature.StemsPerHa.unmanaged.CWHvm_CW_HW_M,30,300,10,0.0,10000.0,1.0,1.0,199.98300170898438,0.0,0.0
feature.StemsPerHa.unmanaged.CWHvm_CW_YC_M,0,0,10,0.0,10000.0,1.0,1.0,348.99798583984375,0.0,0.0
feature.StemsPerHa.unmanaged.CWHvm_CW_YC_M,1,10,10,0.0,10000.0,1.0,1.0,348.99798583984375,0.0,0.0
feature.StemsPerHa.unmanaged.CWHvm_CW_YC_M,2,20,10,0.0,10000.0,1.0,1.0,348.99798583984375,0.0,0.0
feature.StemsPerHa.unmanaged.CWHvm_CW_YC_M,3,30,10,0.0,10000.0,1.0,1.0,348.99798583984375,0.0,0.0
feature.StemsPerHa.unmanaged.CWHvm_CW_YC_M,4,40,10,0.0,10000.0,1.0,1.0,348.99798583984375,0.0,0.0
feature.StemsPerHa.unmanaged.CWHvm_CW_YC_M,5,50,10,0.0,10000.0,1.0,1.0,348.99798583984375,0.0,0.0
feature.StemsPerHa.unmanaged.CWHvm_CW_YC_M,6,60,10,0.0,10000.0,1.0,1.0,348.99798583984375,0.0,0.0
feature.StemsPerHa.unmanaged.CWHvm_CW_YC_M,7,70,10,0.0,10000.0,1.0,1.0,348.99798583984375,0.0,0.0
feature.StemsPerHa.unmanaged.CWHvm_CW_YC_M,8,80,10,0.0,10000.0,1.0,1.0,348.99798583984375,0.0,0.0
feature.StemsPerHa.unmanaged.CWHvm_CW_YC_M,9,90,10,0.0,10000.0,1.0,1.0,348.99798583984375,0.0,0.0
feature.StemsPerHa.unmanaged.CWHvm_CW_YC_M,10,100,10,0.0,10000.0,1.0,1.0,348.99798583984375,0.0,0.0
feature.StemsPerHa.unmanaged.CWHvm_CW_YC_M,11,110,10,0.0,10000.0,1.0,1.0,348.99798583984375,0.0,0.0
feature.StemsPerHa.unmanaged.CWHvm_CW_YC_M,12,120,10,0.0,10000.0,1.0,1.0,348.99798583984375,0.0,0.0
feature.StemsPerHa.unmanaged.CWHvm_CW_YC_M,13,130,10,0.0,10000.0,1.0,1.0,348.99798583984375,0.0,0.0
feature.StemsPerHa.unmanaged.CWHvm_CW_YC_M,14,140,10,0.0,10000.0,1.0,1.0,348.99798583984375,0.0,0.0
feature.StemsPerHa.unmanaged.CWHvm_CW_YC_M,15,150,10,0.0,10000.0,1.0,1.0,348.99798583984375,0.0,0.0
feature.StemsPerHa.unmanaged.CWHvm_CW_YC_M,16,160,10,0.0,10000.0,1.0,1.0,348.99798583984375,0.0,0.0
feature.StemsPerHa.unmanaged.CWHvm_CW_YC_M,17,170,10,0.0,10000.0,1.0,1.0,348.99798583984375,0.0,0.0
feature.StemsPerHa.unmanaged.CWHvm_CW_YC_M,18,180,10,0.0,10000.0,1.0,1.0,348.99798583984375,0.0,0.0
feature.StemsPerHa.unmanaged.CWHvm_CW_YC_M,19,190,10,0.0,10000.0,1.0,1.0,348.99798583984375,0.0,0.0
feature.StemsPerHa.unmanaged.CWHvm_CW_YC_M,20,200,10,0.0,10000.0,1.0,1.0,348.99798583984375,0.0,0.0
feature.StemsPerHa.unmanaged.CWHvm_CW_YC_M,21,210,10,0.0,10000.0,1.0,1.0,348.99798583984375,0.0,0.0
feature.StemsPerHa.unmanaged.CWHvm_CW_YC_M,22,220,10,0.0,10000.0,1.0,1.0,348.99798583984375,0.0,0.0
feature.StemsPerHa.unmanaged.CWHvm_CW_YC_M,23,230,10,0.0,10000.0,1.0,1.0,348.99798583984375,0.0,0.0
feature.StemsPerHa.unmanaged.CWHvm_CW_YC_M,24,240,10,0.0,10000.0,1.0,1.0,348.99798583984375,0.0,0.0
feature.StemsPerHa.unmanaged.CWHvm_CW_YC_M,25,250,10,0.0,10000.0,1.0,1.0,348.99798583984375,0.0,0.0
feature.StemsPerHa.unmanaged.CWHvm_CW_YC_M,26,260,10,0.0,10000.0,1.0,1.0,348.99798583984375,0.0,0.0
feature.StemsPerHa.unmanaged.CWHvm_CW_YC_M,27,270,10,0.0,10000.0,1.0,1.0,348.99798583984375,0.0,0.0
feature.StemsPerHa.unmanaged.CWHvm_CW_YC_M,28,280,10,0.0,10000.0,1.0,1.0,348.99798583984375,0.0,0.0
feature.StemsPerHa.unmanaged.CWHvm_CW_YC_M,29,290,10,0.0,10000.0,1.0,1.0,348.99798583984375,0.0,0.0
feature.StemsPerHa.unmanaged.CWHvm_CW_YC_M,30,300,10,0.0,10000.0,1.0,1.0,348.99798583984375,0.0,0.0
feature.StemsPerHa.unmanaged.CWHvm_DR_HW_M,0,0,10,0.0,10000.0,1.0,1.0,349.9960021972656,0.0,0.0
feature.StemsPerHa.unmanaged.CWHvm_DR_HW_M,1,10,10,0.0,10000.0,1.0,1.0,349.9960021972656,0.0,0.0
feature.StemsPerHa.unmanaged.CWHvm_DR_HW_M,2,20,10,0.0,10000.0,1.0,1.0,349.9960021972656,0.0,0.0
feature.StemsPerHa.unmanaged.CWHvm_DR_HW_M,3,30,10,0.0,10000.0,1.0,1.0,349.9960021972656,0.0,0.0
feature.StemsPerHa.unmanaged.CWHvm_DR_HW_M,4,40,10,0.0,10000.0,1.0,1.0,349.9960021972656,0.0,0.0
feature.StemsPerHa.unmanaged.CWHvm_DR_HW_M,5,50,10,0.0,10000.0,1.0,1.0,349.9960021972656,0.0,0.0
feature.StemsPerHa.unmanaged.CWHvm_DR_HW_M,6,60,10,0.0,10000.0,1.0,1.0,349.9960021972656,0.0,0.0
feature.StemsPerHa.unmanaged.CWHvm_DR_HW_M,7,70,10,0.0,10000.0,1.0,1.0,349.9960021972656,0.0,0.0
feature.StemsPerHa.unmanaged.CWHvm_DR_HW_M,8,80,10,0.0,10000.0,1.0,1.0,349.9960021972656,0.0,0.0
feature.StemsPerHa.unmanaged.CWHvm_DR_HW_M,9,90,10,0.0,10000.0,1.0,1.0,349.9960021972656,0.0,0.0
feature.StemsPerHa.unmanaged.CWHvm_DR_HW_M,10,100,10,0.0,10000.0,1.0,1.0,349.9960021972656,0.0,0.0
feature.StemsPerHa.unmanaged.CWHvm_DR_HW_M,11,110,10,0.0,10000.0,1.0,1.0,349.9960021972656,0.0,0.0
feature.StemsPerHa.unmanaged.CWHvm_DR_HW_M,12,120,10,0.0,10000.0,1.0,1.0,349.9960021972656,0.0,0.0
feature.StemsPerHa.unmanaged.CWHvm_DR_HW_M,13,130,10,0.0,10000.0,1.0,1.0,349.9960021972656,0.0,0.0
feature.StemsPerHa.unmanaged.CWHvm_DR_HW_M,14,140,10,0.0,10000.0,1.0,1.0,349.9960021972656,0.0,0.0
feature.StemsPerHa.unmanaged.CWHvm_DR_HW_M,15,150,10,0.0,10000.0,1.0,1.0,349.9960021972656,0.0,0.0
feature.StemsPerHa.unmanaged.CWHvm_DR_HW_M,16,160,10,0.0,10000.0,1.0,1.0,349.9960021972656,0.0,0.0
feature.StemsPerHa.unmanaged.CWHvm_DR_HW_M,17,170,10,0.0,10000.0,1.0,1.0,349.9960021972656,0.0,0.0
feature.StemsPerHa.unmanaged.CWHvm_DR_HW_M,18,180,10,0.0,10000.0,1.0,1.0,349.9960021972656,0.0,0.0
feature.StemsPerHa.unmanaged.CWHvm_DR_HW_M,19,190,10,0.0,10000.0,1.0,1.0,349.9960021972656,0.0,0.0
feature.StemsPerHa.unmanaged.CWHvm_DR_HW_M,20,200,10,0.0,10000.0,1.0,1.0,349.9960021972656,0.0,0.0
feature.StemsPerHa.unmanaged.CWHvm_DR_HW_M,21,210,10,0.0,10000.0,1.0,1.0,349.9960021972656,0.0,0.0
feature.StemsPerHa.unmanaged.CWHvm_DR_HW_M,22,220,10,0.0,10000.0,1.0,1.0,349.9960021972656,0.0,0.0
feature.StemsPerHa.unmanaged.CWHvm_DR_HW_M,23,230,10,0.0,10000.0,1.0,1.0,349.9960021972656,0.0,0.0
feature.StemsPerHa.unmanaged.CWHvm_DR_HW_M,24,240,10,0.0,10000.0,1.0,1.0,349.9960021972656,0.0,0.0
feature.StemsPerHa.unmanaged.CWHvm_DR_HW_M,25,250,10,0.0,10000.0,1.0,1.0,349.9960021972656,0.0,0.0
feature.StemsPerHa.unmanaged.CWHvm_DR_HW_M,26,260,10,0.0,10000.0,1.0,1.0,349.9960021972656,0.0,0.0
feature.StemsPerHa.unmanaged.CWHvm_DR_HW_M,27,270,10,0.0,10000.0,1.0,1.0,349.9960021972656,0.0,0.0
feature.StemsPerHa.unmanaged.CWHvm_DR_HW_M,28,280,10,0.0,10000.0,1.0,1.0,349.9960021972656,0.0,0.0
feature.StemsPerHa.unmanaged.CWHvm_DR_HW_M,29,290,10,0.0,10000.0,1.0,1.0,349.9960021972656,0.0,0.0
feature.StemsPerHa.unmanaged.CWHvm_DR_HW_M,30,300,10,0.0,10000.0,1.0,1.0,349.9960021972656,0.0,0.0
feature.StemsPerHa.unmanaged.CWHvm_FDC_HW_H,0,0,10,0.0,10000.0,1.0,1.0,524.4959716796875,0.0,0.0
feature.StemsPerHa.unmanaged.CWHvm_FDC_HW_H,1,10,10,0.0,10000.0,1.0,1.0,524.4959716796875,0.0,0.0
feature.StemsPerHa.unmanaged.CWHvm_FDC_HW_H,2,20,10,0.0,10000.0,1.0,1.0,524.4959716796875,0.0,0.0
feature.StemsPerHa.unmanaged.CWHvm_FDC_HW_H,3,30,10,0.0,10000.0,1.0,1.0,524.4959716796875,0.0,0.0
feature.StemsPerHa.unmanaged.CWHvm_FDC_HW_H,4,40,10,0.0,10000.0,1.0,1.0,524.4959716796875,0.0,0.0
feature.StemsPerHa.unmanaged.CWHvm_FDC_HW_H,5,50,10,0.0,10000.0,1.0,1.0,524.4959716796875,0.0,0.0
feature.StemsPerHa.unmanaged.CWHvm_FDC_HW_H,6,60,10,0.0,10000.0,1.0,1.0,524.4959716796875,0.0,0.0
feature.StemsPerHa.unmanaged.CWHvm_FDC_HW_H,7,70,10,0.0,10000.0,1.0,1.0,524.4959716796875,0.0,0.0
feature.StemsPerHa.unmanaged.CWHvm_FDC_HW_H,8,80,10,0.0,10000.0,1.0,1.0,524.4959716796875,0.0,0.0
feature.StemsPerHa.unmanaged.CWHvm_FDC_HW_H,9,90,10,0.0,10000.0,1.0,1.0,524.4959716796875,0.0,0.0
feature.StemsPerHa.unmanaged.CWHvm_FDC_HW_H,10,100,10,0.0,10000.0,1.0,1.0,524.4959716796875,0.0,0.0
feature.StemsPerHa.unmanaged.CWHvm_FDC_HW_H,11,110,10,0.0,10000.0,1.0,1.0,524.4959716796875,0.0,0.0
feature.StemsPerHa.unmanaged.CWHvm_FDC_HW_H,12,120,10,0.0,10000.0,1.0,1.0,524.4959716796875,0.0,0.0
feature.StemsPerHa.unmanaged.CWHvm_FDC_HW_H,13,130,10,0.0,10000.0,1.0,1.0,524.4959716796875,0.0,0.0
feature.StemsPerHa.unmanaged.CWHvm_FDC_HW_H,14,140,10,0.0,10000.0,1.0,1.0,524.4959716796875,0.0,0.0
feature.StemsPerHa.unmanaged.CWHvm_FDC_HW_H,15,150,10,0.0,10000.0,1.0,1.0,524.4959716796875,0.0,0.0
feature.StemsPerHa.unmanaged.CWHvm_FDC_HW_H,16,160,10,0.0,10000.0,1.0,1.0,524.4959716796875,0.0,0.0
feature.StemsPerHa.unmanaged.CWHvm_FDC_HW_H,17,170,10,0.0,10000.0,1.0,1.0,524.4959716796875,0.0,0.0
feature.StemsPerHa.unmanaged.CWHvm_FDC_HW_H,18,180,10,0.0,10000.0,1.0,1.0,524.4959716796875,0.0,0.0
feature.StemsPerHa.unmanaged.CWHvm_FDC_HW_H,19,190,10,0.0,10000.0,1.0,1.0,524.4959716796875,0.0,0.0
feature.StemsPerHa.unmanaged.CWHvm_FDC_HW_H,20,200,10,0.0,10000.0,1.0,1.0,524.4959716796875,0.0,0.0
feature.StemsPerHa.unmanaged.CWHvm_FDC_HW_H,21,210,10,0.0,10000.0,1.0,1.0,524.4959716796875,0.0,0.0
feature.StemsPerHa.unmanaged.CWHvm_FDC_HW_H,22,220,10,0.0,10000.0,1.0,1.0,524.4959716796875,0.0,0.0
feature.StemsPerHa.unmanaged.CWHvm_FDC_HW_H,23,230,10,0.0,10000.0,1.0,1.0,524.4959716796875,0.0,0.0
feature.StemsPerHa.unmanaged.CWHvm_FDC_HW_H,24,240,10,0.0,10000.0,1.0,1.0,524.4959716796875,0.0,0.0
feature.StemsPerHa.unmanaged.CWHvm_FDC_HW_H,25,250,10,0.0,10000.0,1.0,1.0,524.4959716796875,0.0,0.0
feature.StemsPerHa.unmanaged.CWHvm_FDC_HW_H,26,260,10,0.0,10000.0,1.0,1.0,524.4959716796875,0.0,0.0
feature.StemsPerHa.unmanaged.CWHvm_FDC_HW_H,27,270,10,0.0,10000.0,1.0,1.0,524.4959716796875,0.0,0.0
feature.StemsPerHa.unmanaged.CWHvm_FDC_HW_H,28,280,10,0.0,10000.0,1.0,1.0,524.4959716796875,0.0,0.0
feature.StemsPerHa.unmanaged.CWHvm_FDC_HW_H,29,290,10,0.0,10000.0,1.0,1.0,524.4959716796875,0.0,0.0
feature.StemsPerHa.unmanaged.CWHvm_FDC_HW_H,30,300,10,0.0,10000.0,1.0,1.0,524.4959716796875,0.0,0.0
feature.StemsPerHa.unmanaged.CWHvm_FDC_HW_L,0,0,10,0.0,10000.0,1.0,1.0,249.99600219726562,0.0,0.0
feature.StemsPerHa.unmanaged.CWHvm_FDC_HW_L,1,10,10,0.0,10000.0,1.0,1.0,249.99600219726562,0.0,0.0
feature.StemsPerHa.unmanaged.CWHvm_FDC_HW_L,2,20,10,0.0,10000.0,1.0,1.0,249.99600219726562,0.0,0.0
feature.StemsPerHa.unmanaged.CWHvm_FDC_HW_L,3,30,10,0.0,10000.0,1.0,1.0,249.99600219726562,0.0,0.0
feature.StemsPerHa.unmanaged.CWHvm_FDC_HW_L,4,40,10,0.0,10000.0,1.0,1.0,249.99600219726562,0.0,0.0
feature.StemsPerHa.unmanaged.CWHvm_FDC_HW_L,5,50,10,0.0,10000.0,1.0,1.0,249.99600219726562,0.0,0.0
feature.StemsPerHa.unmanaged.CWHvm_FDC_HW_L,6,60,10,0.0,10000.0,1.0,1.0,249.99600219726562,0.0,0.0
feature.StemsPerHa.unmanaged.CWHvm_FDC_HW_L,7,70,10,0.0,10000.0,1.0,1.0,249.99600219726562,0.0,0.0
feature.StemsPerHa.unmanaged.CWHvm_FDC_HW_L,8,80,10,0.0,10000.0,1.0,1.0,249.99600219726562,0.0,0.0
feature.StemsPerHa.unmanaged.CWHvm_FDC_HW_L,9,90,10,0.0,10000.0,1.0,1.0,249.99600219726562,0.0,0.0
feature.StemsPerHa.unmanaged.CWHvm_FDC_HW_L,10,100,10,0.0,10000.0,1.0,1.0,249.99600219726562,0.0,0.0
feature.StemsPerHa.unmanaged.CWHvm_FDC_HW_L,11,110,10,0.0,10000.0,1.0,1.0,249.99600219726562,0.0,0.0
feature.StemsPerHa.unmanaged.CWHvm_FDC_HW_L,12,120,10,0.0,10000.0,1.0,1.0,249.99600219726562,0.0,0.0
feature.StemsPerHa.unmanaged.CWHvm_FDC_HW_L,13,130,10,0.0,10000.0,1.0,1.0,249.99600219726562,0.0,0.0
feature.StemsPerHa.unmanaged.CWHvm_FDC_HW_L,14,140,10,0.0,10000.0,1.0,1.0,249.99600219726562,0.0,0.0
feature.StemsPerHa.unmanaged.CWHvm_FDC_HW_L,15,150,10,0.0,10000.0,1.0,1.0,249.99600219726562,0.0,0.0
feature.StemsPerHa.unmanaged.CWHvm_FDC_HW_L,16,160,10,0.0,10000.0,1.0,1.0,249.99600219726562,0.0,0.0
feature.StemsPerHa.unmanaged.CWHvm_FDC_HW_L,17,170,10,0.0,10000.0,1.0,1.0,249.99600219726562,0.0,0.0
feature.StemsPerHa.unmanaged.CWHvm_FDC_HW_L,18,180,10,0.0,10000.0,1.0,1.0,249.99600219726562,0.0,0.0
feature.StemsPerHa.unmanaged.CWHvm_FDC_HW_L,19,190,10,0.0,10000.0,1.0,1.0,249.99600219726562,0.0,0.0
feature.StemsPerHa.unmanaged.CWHvm_FDC_HW_L,20,200,10,0.0,10000.0,1.0,1.0,249.99600219726562,0.0,0.0
feature.StemsPerHa.unmanaged.CWHvm_FDC_HW_L,21,210,10,0.0,10000.0,1.0,1.0,249.99600219726562,0.0,0.0
feature.StemsPerHa.unmanaged.CWHvm_FDC_HW_L,22,220,10,0.0,10000.0,1.0,1.0,249.99600219726562,0.0,0.0
feature.StemsPerHa.unmanaged.CWHvm_FDC_HW_L,23,230,10,0.0,10000.0,1.0,1.0,249.99600219726562,0.0,0.0
feature.StemsPerHa.unmanaged.CWHvm_FDC_HW_L,24,240,10,0.0,10000.0,1.0,1.0,249.99600219726562,0.0,0.0
feature.StemsPerHa.unmanaged.CWHvm_FDC_HW_L,25,250,10,0.0,10000.0,1.0,1.0,249.99600219726562,0.0,0.0
feature.StemsPerHa.unmanaged.CWHvm_FDC_HW_L,26,260,10,0.0,10000.0,1.0,1.0,249.99600219726562,0.0,0.0
feature.StemsPerHa.unmanaged.CWHvm_FDC_HW_L,27,270,10,0.0,10000.0,1.0,1.0,249.99600219726562,0.0,0.0
feature.StemsPerHa.unmanaged.CWHvm_FDC_HW_L,28,280,10,0.0,10000.0,1.0,1.0,249.99600219726562,0.0,0.0
feature.StemsPerHa.unmanaged.CWHvm_FDC_HW_L,29,290,10,0.0,10000.0,1.0,1.0,249.99600219726562,0.0,0.0
feature.StemsPerHa.unmanaged.CWHvm_FDC_HW_L,30,300,10,0.0,10000.0,1.0,1.0,249.99600219726562,0.0,0.0
feature.StemsPerHa.unmanaged.CWHvm_FDC_HW_M,0,0,10,0.0,10000.0,1.0,1.0,474.4960021972656,0.0,0.0
feature.StemsPerHa.unmanaged.CWHvm_FDC_HW_M,1,10,10,0.0,10000.0,1.0,1.0,474.4960021972656,0.0,0.0
feature.StemsPerHa.unmanaged.CWHvm_FDC_HW_M,2,20,10,0.0,10000.0,1.0,1.0,474.4960021972656,0.0,0.0
feature.StemsPerHa.unmanaged.CWHvm_FDC_HW_M,3,30,10,0.0,10000.0,1.0,1.0,474.4960021972656,0.0,0.0
feature.StemsPerHa.unmanaged.CWHvm_FDC_HW_M,4,40,10,0.0,10000.0,1.0,1.0,474.4960021972656,0.0,0.0
feature.StemsPerHa.unmanaged.CWHvm_FDC_HW_M,5,50,10,0.0,10000.0,1.0,1.0,474.4960021972656,0.0,0.0
feature.StemsPerHa.unmanaged.CWHvm_FDC_HW_M,6,60,10,0.0,10000.0,1.0,1.0,474.4960021972656,0.0,0.0
feature.StemsPerHa.unmanaged.CWHvm_FDC_HW_M,7,70,10,0.0,10000.0,1.0,1.0,474.4960021972656,0.0,0.0
feature.StemsPerHa.unmanaged.CWHvm_FDC_HW_M,8,80,10,0.0,10000.0,1.0,1.0,474.4960021972656,0.0,0.0
feature.StemsPerHa.unmanaged.CWHvm_FDC_HW_M,9,90,10,0.0,10000.0,1.0,1.0,474.4960021972656,0.0,0.0
feature.StemsPerHa.unmanaged.CWHvm_FDC_HW_M,10,100,10,0.0,10000.0,1.0,1.0,474.4960021972656,0.0,0.0
feature.StemsPerHa.unmanaged.CWHvm_FDC_HW_M,11,110,10,0.0,10000.0,1.0,1.0,474.4960021972656,0.0,0.0
feature.StemsPerHa.unmanaged.CWHvm_FDC_HW_M,12,120,10,0.0,10000.0,1.0,1.0,474.4960021972656,0.0,0.0
feature.StemsPerHa.unmanaged.CWHvm_FDC_HW_M,13,130,10,0.0,10000.0,1.0,1.0,474.4960021972656,0.0,0.0
feature.StemsPerHa.unmanaged.CWHvm_FDC_HW_M,14,140,10,0.0,10000.0,1.0,1.0,474.4960021972656,0.0,0.0
feature.StemsPerHa.unmanaged.CWHvm_FDC_HW_M,15,150,10,0.0,10000.0,1.0,1.0,474.4960021972656,0.0,0.0
feature.StemsPerHa.unmanaged.CWHvm_FDC_HW_M,16,160,10,0.0,10000.0,1.0,1.0,474.4960021972656,0.0,0.0
feature.StemsPerHa.unmanaged.CWHvm_FDC_HW_M,17,170,10,0.0,10000.0,1.0,1.0,474.4960021972656,0.0,0.0
feature.StemsPerHa.unmanaged.CWHvm_FDC_HW_M,18,180,10,0.0,10000.0,1.0,1.0,474.4960021972656,0.0,0.0
feature.StemsPerHa.unmanaged.CWHvm_FDC_HW_M,19,190,10,0.0,10000.0,1.0,1.0,474.4960021972656,0.0,0.0
feature.StemsPerHa.unmanaged.CWHvm_FDC_HW_M,20,200,10,0.0,10000.0,1.0,1.0,474.4960021972656,0.0,0.0
feature.StemsPerHa.unmanaged.CWHvm_FDC_HW_M,21,210,10,0.0,10000.0,1.0,1.0,474.4960021972656,0.0,0.0
feature.StemsPerHa.unmanaged.CWHvm_FDC_HW_M,22,220,10,0.0,10000.0,1.0,1.0,474.4960021972656,0.0,0.0
feature.StemsPerHa.unmanaged.CWHvm_FDC_HW_M,23,230,10,0.0,10000.0,1.0,1.0,474.4960021972656,0.0,0.0
feature.StemsPerHa.unmanaged.CWHvm_FDC_HW_M,24,240,10,0.0,10000.0,1.0,1.0,474.4960021972656,0.0,0.0
feature.StemsPerHa.unmanaged.CWHvm_FDC_HW_M,25,250,10,0.0,10000.0,1.0,1.0,474.4960021972656,0.0,0.0
feature.StemsPerHa.unmanaged.CWHvm_FDC_HW_M,26,260,10,0.0,10000.0,1.0,1.0,474.4960021972656,0.0,0.0
feature.StemsPerHa.unmanaged.CWHvm_FDC_HW_M,27,270,10,0.0,10000.0,1.0,1.0,474.4960021972656,0.0,0.0
feature.StemsPerHa.unmanaged.CWHvm_FDC_HW_M,28,280,10,0.0,10000.0,1.0,1.0,474.4960021972656,0.0,0.0
feature.StemsPerHa.unmanaged.CWHvm_FDC_HW_M,29,290,10,0.0,10000.0,1.0,1.0,474.4960021972656,0.0,0.0
feature.StemsPerHa.unmanaged.CWHvm_FDC_HW_M,30,300,10,0.0,10000.0,1.0,1.0,474.4960021972656,0.0,0.0
feature.StemsPerHa.unmanaged.CWHvm_HW_BA_M,0,0,10,0.0,10000.0,1.0,1.0,274.99798583984375,0.0,0.0
feature.StemsPerHa.unmanaged.CWHvm_HW_BA_M,1,10,10,0.0,10000.0,1.0,1.0,274.99798583984375,0.0,0.0
feature.StemsPerHa.unmanaged.CWHvm_HW_BA_M,2,20,10,0.0,10000.0,1.0,1.0,274.99798583984375,0.0,0.0
feature.StemsPerHa.unmanaged.CWHvm_HW_BA_M,3,30,10,0.0,10000.0,1.0,1.0,274.99798583984375,0.0,0.0
feature.StemsPerHa.unmanaged.CWHvm_HW_BA_M,4,40,10,0.0,10000.0,1.0,1.0,274.99798583984375,0.0,0.0
feature.StemsPerHa.unmanaged.CWHvm_HW_BA_M,5,50,10,0.0,10000.0,1.0,1.0,274.99798583984375,0.0,0.0
feature.StemsPerHa.unmanaged.CWHvm_HW_BA_M,6,60,10,0.0,10000.0,1.0,1.0,274.99798583984375,0.0,0.0
feature.StemsPerHa.unmanaged.CWHvm_HW_BA_M,7,70,10,0.0,10000.0,1.0,1.0,274.99798583984375,0.0,0.0
feature.StemsPerHa.unmanaged.CWHvm_HW_BA_M,8,80,10,0.0,10000.0,1.0,1.0,274.99798583984375,0.0,0.0
feature.StemsPerHa.unmanaged.CWHvm_HW_BA_M,9,90,10,0.0,10000.0,1.0,1.0,274.99798583984375,0.0,0.0
feature.StemsPerHa.unmanaged.CWHvm_HW_BA_M,10,100,10,0.0,10000.0,1.0,1.0,274.99798583984375,0.0,0.0
feature.StemsPerHa.unmanaged.CWHvm_HW_BA_M,11,110,10,0.0,10000.0,1.0,1.0,274.99798583984375,0.0,0.0
feature.StemsPerHa.unmanaged.CWHvm_HW_BA_M,12,120,10,0.0,10000.0,1.0,1.0,274.99798583984375,0.0,0.0
feature.StemsPerHa.unmanaged.CWHvm_HW_BA_M,13,130,10,0.0,10000.0,1.0,1.0,274.99798583984375,0.0,0.0
feature.StemsPerHa.unmanaged.CWHvm_HW_BA_M,14,140,10,0.0,10000.0,1.0,1.0,274.99798583984375,0.0,0.0
feature.StemsPerHa.unmanaged.CWHvm_HW_BA_M,15,150,10,0.0,10000.0,1.0,1.0,274.99798583984375,0.0,0.0
feature.StemsPerHa.unmanaged.CWHvm_HW_BA_M,16,160,10,0.0,10000.0,1.0,1.0,274.99798583984375,0.0,0.0
feature.StemsPerHa.unmanaged.CWHvm_HW_BA_M,17,170,10,0.0,10000.0,1.0,1.0,274.99798583984375,0.0,0.0
feature.StemsPerHa.unmanaged.CWHvm_HW_BA_M,18,180,10,0.0,10000.0,1.0,1.0,274.99798583984375,0.0,0.0
feature.StemsPerHa.unmanaged.CWHvm_HW_BA_M,19,190,10,0.0,10000.0,1.0,1.0,274.99798583984375,0.0,0.0
feature.StemsPerHa.unmanaged.CWHvm_HW_BA_M,20,200,10,0.0,10000.0,1.0,1.0,274.99798583984375,0.0,0.0
feature.StemsPerHa.unmanaged.CWHvm_HW_BA_M,21,210,10,0.0,10000.0,1.0,1.0,274.99798583984375,0.0,0.0
feature.StemsPerHa.unmanaged.CWHvm_HW_BA_M,22,220,10,0.0,10000.0,1.0,1.0,274.99798583984375,0.0,0.0
feature.StemsPerHa.unmanaged.CWHvm_HW_BA_M,23,230,10,0.0,10000.0,1.0,1.0,274.99798583984375,0.0,0.0
feature.StemsPerHa.unmanaged.CWHvm_HW_BA_M,24,240,10,0.0,10000.0,1.0,1.0,274.99798583984375,0.0,0.0
feature.StemsPerHa.unmanaged.CWHvm_HW_BA_M,25,250,10,0.0,10000.0,1.0,1.0,274.99798583984375,0.0,0.0
feature.StemsPerHa.unmanaged.CWHvm_HW_BA_M,26,260,10,0.0,10000.0,1.0,1.0,274.99798583984375,0.0,0.0
feature.StemsPerHa.unmanaged.CWHvm_HW_BA_M,27,270,10,0.0,10000.0,1.0,1.0,274.99798583984375,0.0,0.0
feature.StemsPerHa.unmanaged.CWHvm_HW_BA_M,28,280,10,0.0,10000.0,1.0,1.0,274.99798583984375,0.0,0.0
feature.StemsPerHa.unmanaged.CWHvm_HW_BA_M,29,290,10,0.0,10000.0,1.0,1.0,274.99798583984375,0.0,0.0
feature.StemsPerHa.unmanaged.CWHvm_HW_BA_M,30,300,10,0.0,10000.0,1.0,1.0,274.99798583984375,0.0,0.0
feature.StemsPerHa.unmanaged.CWHvm_HW_CW_H,0,0,10,0.0,10000.0,1.0,1.0,274.9960021972656,0.0,0.0
feature.StemsPerHa.unmanaged.CWHvm_HW_CW_H,1,10,10,0.0,10000.0,1.0,1.0,274.9960021972656,0.0,0.0
feature.StemsPerHa.unmanaged.CWHvm_HW_CW_H,2,20,10,0.0,10000.0,1.0,1.0,274.9960021972656,0.0,0.0
feature.StemsPerHa.unmanaged.CWHvm_HW_CW_H,3,30,10,0.0,10000.0,1.0,1.0,274.9960021972656,0.0,0.0
feature.StemsPerHa.unmanaged.CWHvm_HW_CW_H,4,40,10,0.0,10000.0,1.0,1.0,274.9960021972656,0.0,0.0
feature.StemsPerHa.unmanaged.CWHvm_HW_CW_H,5,50,10,0.0,10000.0,1.0,1.0,274.9960021972656,0.0,0.0
feature.StemsPerHa.unmanaged.CWHvm_HW_CW_H,6,60,10,0.0,10000.0,1.0,1.0,274.9960021972656,0.0,0.0
feature.StemsPerHa.unmanaged.CWHvm_HW_CW_H,7,70,10,0.0,10000.0,1.0,1.0,274.9960021972656,0.0,0.0
feature.StemsPerHa.unmanaged.CWHvm_HW_CW_H,8,80,10,0.0,10000.0,1.0,1.0,274.9960021972656,0.0,0.0
feature.StemsPerHa.unmanaged.CWHvm_HW_CW_H,9,90,10,0.0,10000.0,1.0,1.0,274.9960021972656,0.0,0.0
feature.StemsPerHa.unmanaged.CWHvm_HW_CW_H,10,100,10,0.0,10000.0,1.0,1.0,274.9960021972656,0.0,0.0
feature.StemsPerHa.unmanaged.CWHvm_HW_CW_H,11,110,10,0.0,10000.0,1.0,1.0,274.9960021972656,0.0,0.0
feature.StemsPerHa.unmanaged.CWHvm_HW_CW_H,12,120,10,0.0,10000.0,1.0,1.0,274.9960021972656,0.0,0.0
feature.StemsPerHa.unmanaged.CWHvm_HW_CW_H,13,130,10,0.0,10000.0,1.0,1.0,274.9960021972656,0.0,0.0
feature.StemsPerHa.unmanaged.CWHvm_HW_CW_H,14,140,10,0.0,10000.0,1.0,1.0,274.9960021972656,0.0,0.0
feature.StemsPerHa.unmanaged.CWHvm_HW_CW_H,15,150,10,0.0,10000.0,1.0,1.0,274.9960021972656,0.0,0.0
feature.StemsPerHa.unmanaged.CWHvm_HW_CW_H,16,160,10,0.0,10000.0,1.0,1.0,274.9960021972656,0.0,0.0
feature.StemsPerHa.unmanaged.CWHvm_HW_CW_H,17,170,10,0.0,10000.0,1.0,1.0,274.9960021972656,0.0,0.0
feature.StemsPerHa.unmanaged.CWHvm_HW_CW_H,18,180,10,0.0,10000.0,1.0,1.0,274.9960021972656,0.0,0.0
feature.StemsPerHa.unmanaged.CWHvm_HW_CW_H,19,190,10,0.0,10000.0,1.0,1.0,274.9960021972656,0.0,0.0
feature.StemsPerHa.unmanaged.CWHvm_HW_CW_H,20,200,10,0.0,10000.0,1.0,1.0,274.9960021972656,0.0,0.0
feature.StemsPerHa.unmanaged.CWHvm_HW_CW_H,21,210,10,0.0,10000.0,1.0,1.0,274.9960021972656,0.0,0.0
feature.StemsPerHa.unmanaged.CWHvm_HW_CW_H,22,220,10,0.0,10000.0,1.0,1.0,274.9960021972656,0.0,0.0
feature.StemsPerHa.unmanaged.CWHvm_HW_CW_H,23,230,10,0.0,10000.0,1.0,1.0,274.9960021972656,0.0,0.0
feature.StemsPerHa.unmanaged.CWHvm_HW_CW_H,24,240,10,0.0,10000.0,1.0,1.0,274.9960021972656,0.0,0.0
feature.StemsPerHa.unmanaged.CWHvm_HW_CW_H,25,250,10,0.0,10000.0,1.0,1.0,274.9960021972656,0.0,0.0
feature.StemsPerHa.unmanaged.CWHvm_HW_CW_H,26,260,10,0.0,10000.0,1.0,1.0,274.9960021972656,0.0,0.0
feature.StemsPerHa.unmanaged.CWHvm_HW_CW_H,27,270,10,0.0,10000.0,1.0,1.0,274.9960021972656,0.0,0.0
feature.StemsPerHa.unmanaged.CWHvm_HW_CW_H,28,280,10,0.0,10000.0,1.0,1.0,274.9960021972656,0.0,0.0
feature.StemsPerHa.unmanaged.CWHvm_HW_CW_H,29,290,10,0.0,10000.0,1.0,1.0,274.9960021972656,0.0,0.0
feature.StemsPerHa.unmanaged.CWHvm_HW_CW_H,30,300,10,0.0,10000.0,1.0,1.0,274.9960021972656,0.0,0.0
feature.StemsPerHa.unmanaged.CWHvm_HW_CW_L,0,0,10,0.0,10000.0,1.0,1.0,299.9960021972656,0.0,0.0
feature.StemsPerHa.unmanaged.CWHvm_HW_CW_L,1,10,10,0.0,10000.0,1.0,1.0,299.9960021972656,0.0,0.0
feature.StemsPerHa.unmanaged.CWHvm_HW_CW_L,2,20,10,0.0,10000.0,1.0,1.0,299.9960021972656,0.0,0.0
feature.StemsPerHa.unmanaged.CWHvm_HW_CW_L,3,30,10,0.0,10000.0,1.0,1.0,299.9960021972656,0.0,0.0
feature.StemsPerHa.unmanaged.CWHvm_HW_CW_L,4,40,10,0.0,10000.0,1.0,1.0,299.9960021972656,0.0,0.0
feature.StemsPerHa.unmanaged.CWHvm_HW_CW_L,5,50,10,0.0,10000.0,1.0,1.0,299.9960021972656,0.0,0.0
feature.StemsPerHa.unmanaged.CWHvm_HW_CW_L,6,60,10,0.0,10000.0,1.0,1.0,299.9960021972656,0.0,0.0
feature.StemsPerHa.unmanaged.CWHvm_HW_CW_L,7,70,10,0.0,10000.0,1.0,1.0,299.9960021972656,0.0,0.0
feature.StemsPerHa.unmanaged.CWHvm_HW_CW_L,8,80,10,0.0,10000.0,1.0,1.0,299.9960021972656,0.0,0.0
feature.StemsPerHa.unmanaged.CWHvm_HW_CW_L,9,90,10,0.0,10000.0,1.0,1.0,299.9960021972656,0.0,0.0
feature.StemsPerHa.unmanaged.CWHvm_HW_CW_L,10,100,10,0.0,10000.0,1.0,1.0,299.9960021972656,0.0,0.0
feature.StemsPerHa.unmanaged.CWHvm_HW_CW_L,11,110,10,0.0,10000.0,1.0,1.0,299.9960021972656,0.0,0.0
feature.StemsPerHa.unmanaged.CWHvm_HW_CW_L,12,120,10,0.0,10000.0,1.0,1.0,299.9960021972656,0.0,0.0
feature.StemsPerHa.unmanaged.CWHvm_HW_CW_L,13,130,10,0.0,10000.0,1.0,1.0,299.9960021972656,0.0,0.0
feature.StemsPerHa.unmanaged.CWHvm_HW_CW_L,14,140,10,0.0,10000.0,1.0,1.0,299.9960021972656,0.0,0.0
feature.StemsPerHa.unmanaged.CWHvm_HW_CW_L,15,150,10,0.0,10000.0,1.0,1.0,299.9960021972656,0.0,0.0
feature.StemsPerHa.unmanaged.CWHvm_HW_CW_L,16,160,10,0.0,10000.0,1.0,1.0,299.9960021972656,0.0,0.0
feature.StemsPerHa.unmanaged.CWHvm_HW_CW_L,17,170,10,0.0,10000.0,1.0,1.0,299.9960021972656,0.0,0.0
feature.StemsPerHa.unmanaged.CWHvm_HW_CW_L,18,180,10,0.0,10000.0,1.0,1.0,299.9960021972656,0.0,0.0
feature.StemsPerHa.unmanaged.CWHvm_HW_CW_L,19,190,10,0.0,10000.0,1.0,1.0,299.9960021972656,0.0,0.0
feature.StemsPerHa.unmanaged.CWHvm_HW_CW_L,20,200,10,0.0,10000.0,1.0,1.0,299.9960021972656,0.0,0.0
feature.StemsPerHa.unmanaged.CWHvm_HW_CW_L,21,210,10,0.0,10000.0,1.0,1.0,299.9960021972656,0.0,0.0
feature.StemsPerHa.unmanaged.CWHvm_HW_CW_L,22,220,10,0.0,10000.0,1.0,1.0,299.9960021972656,0.0,0.0
feature.StemsPerHa.unmanaged.CWHvm_HW_CW_L,23,230,10,0.0,10000.0,1.0,1.0,299.9960021972656,0.0,0.0
feature.StemsPerHa.unmanaged.CWHvm_HW_CW_L,24,240,10,0.0,10000.0,1.0,1.0,299.9960021972656,0.0,0.0
feature.StemsPerHa.unmanaged.CWHvm_HW_CW_L,25,250,10,0.0,10000.0,1.0,1.0,299.9960021972656,0.0,0.0
feature.StemsPerHa.unmanaged.CWHvm_HW_CW_L,26,260,10,0.0,10000.0,1.0,1.0,299.9960021972656,0.0,0.0
feature.StemsPerHa.unmanaged.CWHvm_HW_CW_L,27,270,10,0.0,10000.0,1.0,1.0,299.9960021972656,0.0,0.0
feature.StemsPerHa.unmanaged.CWHvm_HW_CW_L,28,280,10,0.0,10000.0,1.0,1.0,299.9960021972656,0.0,0.0
feature.StemsPerHa.unmanaged.CWHvm_HW_CW_L,29,290,10,0.0,10000.0,1.0,1.0,299.9960021972656,0.0,0.0
feature.StemsPerHa.unmanaged.CWHvm_HW_CW_L,30,300,10,0.0,10000.0,1.0,1.0,299.9960021972656,0.0,0.0
feature.StemsPerHa.unmanaged.CWHvm_HW_CW_M,0,0,10,0.0,10000.0,1.0,1.0,349.99798583984375,0.0,0.0
feature.StemsPerHa.unmanaged.CWHvm_HW_CW_M,1,10,10,0.0,10000.0,1.0,1.0,349.99798583984375,0.0,0.0
feature.StemsPerHa.unmanaged.CWHvm_HW_CW_M,2,20,10,0.0,10000.0,1.0,1.0,349.99798583984375,0.0,0.0
feature.StemsPerHa.unmanaged.CWHvm_HW_CW_M,3,30,10,0.0,10000.0,1.0,1.0,349.99798583984375,0.0,0.0
feature.StemsPerHa.unmanaged.CWHvm_HW_CW_M,4,40,10,0.0,10000.0,1.0,1.0,349.99798583984375,0.0,0.0
feature.StemsPerHa.unmanaged.CWHvm_HW_CW_M,5,50,10,0.0,10000.0,1.0,1.0,349.99798583984375,0.0,0.0
feature.StemsPerHa.unmanaged.CWHvm_HW_CW_M,6,60,10,0.0,10000.0,1.0,1.0,349.99798583984375,0.0,0.0
feature.StemsPerHa.unmanaged.CWHvm_HW_CW_M,7,70,10,0.0,10000.0,1.0,1.0,349.99798583984375,0.0,0.0
feature.StemsPerHa.unmanaged.CWHvm_HW_CW_M,8,80,10,0.0,10000.0,1.0,1.0,349.99798583984375,0.0,0.0
feature.StemsPerHa.unmanaged.CWHvm_HW_CW_M,9,90,10,0.0,10000.0,1.0,1.0,349.99798583984375,0.0,0.0
feature.StemsPerHa.unmanaged.CWHvm_HW_CW_M,10,100,10,0.0,10000.0,1.0,1.0,349.99798583984375,0.0,0.0
feature.StemsPerHa.unmanaged.CWHvm_HW_CW_M,11,110,10,0.0,10000.0,1.0,1.0,349.99798583984375,0.0,0.0
feature.StemsPerHa.unmanaged.CWHvm_HW_CW_M,12,120,10,0.0,10000.0,1.0,1.0,349.99798583984375,0.0,0.0
feature.StemsPerHa.unmanaged.CWHvm_HW_CW_M,13,130,10,0.0,10000.0,1.0,1.0,349.99798583984375,0.0,0.0
feature.StemsPerHa.unmanaged.CWHvm_HW_CW_M,14,140,10,0.0,10000.0,1.0,1.0,349.99798583984375,0.0,0.0
feature.StemsPerHa.unmanaged.CWHvm_HW_CW_M,15,150,10,0.0,10000.0,1.0,1.0,349.99798583984375,0.0,0.0
feature.StemsPerHa.unmanaged.CWHvm_HW_CW_M,16,160,10,0.0,10000.0,1.0,1.0,349.99798583984375,0.0,0.0
feature.StemsPerHa.unmanaged.CWHvm_HW_CW_M,17,170,10,0.0,10000.0,1.0,1.0,349.99798583984375,0.0,0.0
feature.StemsPerHa.unmanaged.CWHvm_HW_CW_M,18,180,10,0.0,10000.0,1.0,1.0,349.99798583984375,0.0,0.0
feature.StemsPerHa.unmanaged.CWHvm_HW_CW_M,19,190,10,0.0,10000.0,1.0,1.0,349.99798583984375,0.0,0.0
feature.StemsPerHa.unmanaged.CWHvm_HW_CW_M,20,200,10,0.0,10000.0,1.0,1.0,349.99798583984375,0.0,0.0
feature.StemsPerHa.unmanaged.CWHvm_HW_CW_M,21,210,10,0.0,10000.0,1.0,1.0,349.99798583984375,0.0,0.0
feature.StemsPerHa.unmanaged.CWHvm_HW_CW_M,22,220,10,0.0,10000.0,1.0,1.0,349.99798583984375,0.0,0.0
feature.StemsPerHa.unmanaged.CWHvm_HW_CW_M,23,230,10,0.0,10000.0,1.0,1.0,349.99798583984375,0.0,0.0
feature.StemsPerHa.unmanaged.CWHvm_HW_CW_M,24,240,10,0.0,10000.0,1.0,1.0,349.99798583984375,0.0,0.0
feature.StemsPerHa.unmanaged.CWHvm_HW_CW_M,25,250,10,0.0,10000.0,1.0,1.0,349.99798583984375,0.0,0.0
feature.StemsPerHa.unmanaged.CWHvm_HW_CW_M,26,260,10,0.0,10000.0,1.0,1.0,349.99798583984375,0.0,0.0
feature.StemsPerHa.unmanaged.CWHvm_HW_CW_M,27,270,10,0.0,10000.0,1.0,1.0,349.99798583984375,0.0,0.0
feature.StemsPerHa.unmanaged.CWHvm_HW_CW_M,28,280,10,0.0,10000.0,1.0,1.0,349.99798583984375,0.0,0.0
feature.StemsPerHa.unmanaged.CWHvm_HW_CW_M,29,290,10,0.0,10000.0,1.0,1.0,349.99798583984375,0.0,0.0
feature.StemsPerHa.unmanaged.CWHvm_HW_CW_M,30,300,10,0.0,10000.0,1.0,1.0,349.99798583984375,0.0,0.0
feature.StemsPerHa.unmanaged.CWHvm_HW_FDC_H,0,0,10,0.0,10000.0,1.0,1.0,499.9859924316406,0.0,0.0
feature.StemsPerHa.unmanaged.CWHvm_HW_FDC_H,1,10,10,0.0,10000.0,1.0,1.0,499.9859924316406,0.0,0.0
feature.StemsPerHa.unmanaged.CWHvm_HW_FDC_H,2,20,10,0.0,10000.0,1.0,1.0,499.9859924316406,0.0,0.0
feature.StemsPerHa.unmanaged.CWHvm_HW_FDC_H,3,30,10,0.0,10000.0,1.0,1.0,499.9859924316406,0.0,0.0
feature.StemsPerHa.unmanaged.CWHvm_HW_FDC_H,4,40,10,0.0,10000.0,1.0,1.0,499.9859924316406,0.0,0.0
feature.StemsPerHa.unmanaged.CWHvm_HW_FDC_H,5,50,10,0.0,10000.0,1.0,1.0,499.9859924316406,0.0,0.0
feature.StemsPerHa.unmanaged.CWHvm_HW_FDC_H,6,60,10,0.0,10000.0,1.0,1.0,499.9859924316406,0.0,0.0
feature.StemsPerHa.unmanaged.CWHvm_HW_FDC_H,7,70,10,0.0,10000.0,1.0,1.0,499.9859924316406,0.0,0.0
feature.StemsPerHa.unmanaged.CWHvm_HW_FDC_H,8,80,10,0.0,10000.0,1.0,1.0,499.9859924316406,0.0,0.0
feature.StemsPerHa.unmanaged.CWHvm_HW_FDC_H,9,90,10,0.0,10000.0,1.0,1.0,499.9859924316406,0.0,0.0
feature.StemsPerHa.unmanaged.CWHvm_HW_FDC_H,10,100,10,0.0,10000.0,1.0,1.0,499.9859924316406,0.0,0.0
feature.StemsPerHa.unmanaged.CWHvm_HW_FDC_H,11,110,10,0.0,10000.0,1.0,1.0,499.9859924316406,0.0,0.0
feature.StemsPerHa.unmanaged.CWHvm_HW_FDC_H,12,120,10,0.0,10000.0,1.0,1.0,499.9859924316406,0.0,0.0
feature.StemsPerHa.unmanaged.CWHvm_HW_FDC_H,13,130,10,0.0,10000.0,1.0,1.0,499.9859924316406,0.0,0.0
feature.StemsPerHa.unmanaged.CWHvm_HW_FDC_H,14,140,10,0.0,10000.0,1.0,1.0,499.9859924316406,0.0,0.0
feature.StemsPerHa.unmanaged.CWHvm_HW_FDC_H,15,150,10,0.0,10000.0,1.0,1.0,499.9859924316406,0.0,0.0
feature.StemsPerHa.unmanaged.CWHvm_HW_FDC_H,16,160,10,0.0,10000.0,1.0,1.0,499.9859924316406,0.0,0.0
feature.StemsPerHa.unmanaged.CWHvm_HW_FDC_H,17,170,10,0.0,10000.0,1.0,1.0,499.9859924316406,0.0,0.0
feature.StemsPerHa.unmanaged.CWHvm_HW_FDC_H,18,180,10,0.0,10000.0,1.0,1.0,499.9859924316406,0.0,0.0
feature.StemsPerHa.unmanaged.CWHvm_HW_FDC_H,19,190,10,0.0,10000.0,1.0,1.0,499.9859924316406,0.0,0.0
feature.StemsPerHa.unmanaged.CWHvm_HW_FDC_H,20,200,10,0.0,10000.0,1.0,1.0,499.9859924316406,0.0,0.0
feature.StemsPerHa.unmanaged.CWHvm_HW_FDC_H,21,210,10,0.0,10000.0,1.0,1.0,499.9859924316406,0.0,0.0
feature.StemsPerHa.unmanaged.CWHvm_HW_FDC_H,22,220,10,0.0,10000.0,1.0,1.0,499.9859924316406,0.0,0.0
feature.StemsPerHa.unmanaged.CWHvm_HW_FDC_H,23,230,10,0.0,10000.0,1.0,1.0,499.9859924316406,0.0,0.0
feature.StemsPerHa.unmanaged.CWHvm_HW_FDC_H,24,240,10,0.0,10000.0,1.0,1.0,499.9859924316406,0.0,0.0
feature.StemsPerHa.unmanaged.CWHvm_HW_FDC_H,25,250,10,0.0,10000.0,1.0,1.0,499.9859924316406,0.0,0.0
feature.StemsPerHa.unmanaged.CWHvm_HW_FDC_H,26,260,10,0.0,10000.0,1.0,1.0,499.9859924316406,0.0,0.0
feature.StemsPerHa.unmanaged.CWHvm_HW_FDC_H,27,270,10,0.0,10000.0,1.0,1.0,499.9859924316406,0.0,0.0
feature.StemsPerHa.unmanaged.CWHvm_HW_FDC_H,28,280,10,0.0,10000.0,1.0,1.0,499.9859924316406,0.0,0.0
feature.StemsPerHa.unmanaged.CWHvm_HW_FDC_H,29,290,10,0.0,10000.0,1.0,1.0,499.9859924316406,0.0,0.0
feature.StemsPerHa.unmanaged.CWHvm_HW_FDC_H,30,300,10,0.0,10000.0,1.0,1.0,499.9859924316406,0.0,0.0
feature.StemsPerHa.unmanaged.CWHvm_HW_FDC_L,0,0,10,0.0,10000.0,1.0,1.0,449.4939880371094,0.0,0.0
feature.StemsPerHa.unmanaged.CWHvm_HW_FDC_L,1,10,10,0.0,10000.0,1.0,1.0,449.4939880371094,0.0,0.0
feature.StemsPerHa.unmanaged.CWHvm_HW_FDC_L,2,20,10,0.0,10000.0,1.0,1.0,449.4939880371094,0.0,0.0
feature.StemsPerHa.unmanaged.CWHvm_HW_FDC_L,3,30,10,0.0,10000.0,1.0,1.0,449.4939880371094,0.0,0.0
feature.StemsPerHa.unmanaged.CWHvm_HW_FDC_L,4,40,10,0.0,10000.0,1.0,1.0,449.4939880371094,0.0,0.0
feature.StemsPerHa.unmanaged.CWHvm_HW_FDC_L,5,50,10,0.0,10000.0,1.0,1.0,449.4939880371094,0.0,0.0
feature.StemsPerHa.unmanaged.CWHvm_HW_FDC_L,6,60,10,0.0,10000.0,1.0,1.0,449.4939880371094,0.0,0.0
feature.StemsPerHa.unmanaged.CWHvm_HW_FDC_L,7,70,10,0.0,10000.0,1.0,1.0,449.4939880371094,0.0,0.0
feature.StemsPerHa.unmanaged.CWHvm_HW_FDC_L,8,80,10,0.0,10000.0,1.0,1.0,449.4939880371094,0.0,0.0
feature.StemsPerHa.unmanaged.CWHvm_HW_FDC_L,9,90,10,0.0,10000.0,1.0,1.0,449.4939880371094,0.0,0.0
feature.StemsPerHa.unmanaged.CWHvm_HW_FDC_L,10,100,10,0.0,10000.0,1.0,1.0,449.4939880371094,0.0,0.0
feature.StemsPerHa.unmanaged.CWHvm_HW_FDC_L,11,110,10,0.0,10000.0,1.0,1.0,449.4939880371094,0.0,0.0
feature.StemsPerHa.unmanaged.CWHvm_HW_FDC_L,12,120,10,0.0,10000.0,1.0,1.0,449.4939880371094,0.0,0.0
feature.StemsPerHa.unmanaged.CWHvm_HW_FDC_L,13,130,10,0.0,10000.0,1.0,1.0,449.4939880371094,0.0,0.0
feature.StemsPerHa.unmanaged.CWHvm_HW_FDC_L,14,140,10,0.0,10000.0,1.0,1.0,449.4939880371094,0.0,0.0
feature.StemsPerHa.unmanaged.CWHvm_HW_FDC_L,15,150,10,0.0,10000.0,1.0,1.0,449.4939880371094,0.0,0.0
feature.StemsPerHa.unmanaged.CWHvm_HW_FDC_L,16,160,10,0.0,10000.0,1.0,1.0,449.4939880371094,0.0,0.0
feature.StemsPerHa.unmanaged.CWHvm_HW_FDC_L,17,170,10,0.0,10000.0,1.0,1.0,449.4939880371094,0.0,0.0
feature.StemsPerHa.unmanaged.CWHvm_HW_FDC_L,18,180,10,0.0,10000.0,1.0,1.0,449.4939880371094,0.0,0.0
feature.StemsPerHa.unmanaged.CWHvm_HW_FDC_L,19,190,10,0.0,10000.0,1.0,1.0,449.4939880371094,0.0,0.0
feature.StemsPerHa.unmanaged.CWHvm_HW_FDC_L,20,200,10,0.0,10000.0,1.0,1.0,449.4939880371094,0.0,0.0
feature.StemsPerHa.unmanaged.CWHvm_HW_FDC_L,21,210,10,0.0,10000.0,1.0,1.0,449.4939880371094,0.0,0.0
feature.StemsPerHa.unmanaged.CWHvm_HW_FDC_L,22,220,10,0.0,10000.0,1.0,1.0,449.4939880371094,0.0,0.0
feature.StemsPerHa.unmanaged.CWHvm_HW_FDC_L,23,230,10,0.0,10000.0,1.0,1.0,449.4939880371094,0.0,0.0
feature.StemsPerHa.unmanaged.CWHvm_HW_FDC_L,24,240,10,0.0,10000.0,1.0,1.0,449.4939880371094,0.0,0.0
feature.StemsPerHa.unmanaged.CWHvm_HW_FDC_L,25,250,10,0.0,10000.0,1.0,1.0,449.4939880371094,0.0,0.0
feature.StemsPerHa.unmanaged.CWHvm_HW_FDC_L,26,260,10,0.0,10000.0,1.0,1.0,449.4939880371094,0.0,0.0
feature.StemsPerHa.unmanaged.CWHvm_HW_FDC_L,27,270,10,0.0,10000.0,1.0,1.0,449.4939880371094,0.0,0.0
feature.StemsPerHa.unmanaged.CWHvm_HW_FDC_L,28,280,10,0.0,10000.0,1.0,1.0,449.4939880371094,0.0,0.0
feature.StemsPerHa.unmanaged.CWHvm_HW_FDC_L,29,290,10,0.0,10000.0,1.0,1.0,449.4939880371094,0.0,0.0
feature.StemsPerHa.unmanaged.CWHvm_HW_FDC_L,30,300,10,0.0,10000.0,1.0,1.0,449.4939880371094,0.0,0.0
feature.StemsPerHa.unmanaged.CWHvm_HW_SS_M,0,0,10,0.0,10000.0,1.0,1.0,649.9979858398438,0.0,0.0
feature.StemsPerHa.unmanaged.CWHvm_HW_SS_M,1,10,10,0.0,10000.0,1.0,1.0,649.9979858398438,0.0,0.0
feature.StemsPerHa.unmanaged.CWHvm_HW_SS_M,2,20,10,0.0,10000.0,1.0,1.0,649.9979858398438,0.0,0.0
feature.StemsPerHa.unmanaged.CWHvm_HW_SS_M,3,30,10,0.0,10000.0,1.0,1.0,649.9979858398438,0.0,0.0
feature.StemsPerHa.unmanaged.CWHvm_HW_SS_M,4,40,10,0.0,10000.0,1.0,1.0,649.9979858398438,0.0,0.0
feature.StemsPerHa.unmanaged.CWHvm_HW_SS_M,5,50,10,0.0,10000.0,1.0,1.0,649.9979858398438,0.0,0.0
feature.StemsPerHa.unmanaged.CWHvm_HW_SS_M,6,60,10,0.0,10000.0,1.0,1.0,649.9979858398438,0.0,0.0
feature.StemsPerHa.unmanaged.CWHvm_HW_SS_M,7,70,10,0.0,10000.0,1.0,1.0,649.9979858398438,0.0,0.0
feature.StemsPerHa.unmanaged.CWHvm_HW_SS_M,8,80,10,0.0,10000.0,1.0,1.0,649.9979858398438,0.0,0.0
feature.StemsPerHa.unmanaged.CWHvm_HW_SS_M,9,90,10,0.0,10000.0,1.0,1.0,649.9979858398438,0.0,0.0
feature.StemsPerHa.unmanaged.CWHvm_HW_SS_M,10,100,10,0.0,10000.0,1.0,1.0,649.9979858398438,0.0,0.0
feature.StemsPerHa.unmanaged.CWHvm_HW_SS_M,11,110,10,0.0,10000.0,1.0,1.0,649.9979858398438,0.0,0.0
feature.StemsPerHa.unmanaged.CWHvm_HW_SS_M,12,120,10,0.0,10000.0,1.0,1.0,649.9979858398438,0.0,0.0
feature.StemsPerHa.unmanaged.CWHvm_HW_SS_M,13,130,10,0.0,10000.0,1.0,1.0,649.9979858398438,0.0,0.0
feature.StemsPerHa.unmanaged.CWHvm_HW_SS_M,14,140,10,0.0,10000.0,1.0,1.0,649.9979858398438,0.0,0.0
feature.StemsPerHa.unmanaged.CWHvm_HW_SS_M,15,150,10,0.0,10000.0,1.0,1.0,649.9979858398438,0.0,0.0
feature.StemsPerHa.unmanaged.CWHvm_HW_SS_M,16,160,10,0.0,10000.0,1.0,1.0,649.9979858398438,0.0,0.0
feature.StemsPerHa.unmanaged.CWHvm_HW_SS_M,17,170,10,0.0,10000.0,1.0,1.0,649.9979858398438,0.0,0.0
feature.StemsPerHa.unmanaged.CWHvm_HW_SS_M,18,180,10,0.0,10000.0,1.0,1.0,649.9979858398438,0.0,0.0
feature.StemsPerHa.unmanaged.CWHvm_HW_SS_M,19,190,10,0.0,10000.0,1.0,1.0,649.9979858398438,0.0,0.0
feature.StemsPerHa.unmanaged.CWHvm_HW_SS_M,20,200,10,0.0,10000.0,1.0,1.0,649.9979858398438,0.0,0.0
feature.StemsPerHa.unmanaged.CWHvm_HW_SS_M,21,210,10,0.0,10000.0,1.0,1.0,649.9979858398438,0.0,0.0
feature.StemsPerHa.unmanaged.CWHvm_HW_SS_M,22,220,10,0.0,10000.0,1.0,1.0,649.9979858398438,0.0,0.0
feature.StemsPerHa.unmanaged.CWHvm_HW_SS_M,23,230,10,0.0,10000.0,1.0,1.0,649.9979858398438,0.0,0.0
feature.StemsPerHa.unmanaged.CWHvm_HW_SS_M,24,240,10,0.0,10000.0,1.0,1.0,649.9979858398438,0.0,0.0
feature.StemsPerHa.unmanaged.CWHvm_HW_SS_M,25,250,10,0.0,10000.0,1.0,1.0,649.9979858398438,0.0,0.0
feature.StemsPerHa.unmanaged.CWHvm_HW_SS_M,26,260,10,0.0,10000.0,1.0,1.0,649.9979858398438,0.0,0.0
feature.StemsPerHa.unmanaged.CWHvm_HW_SS_M,27,270,10,0.0,10000.0,1.0,1.0,649.9979858398438,0.0,0.0
feature.StemsPerHa.unmanaged.CWHvm_HW_SS_M,28,280,10,0.0,10000.0,1.0,1.0,649.9979858398438,0.0,0.0
feature.StemsPerHa.unmanaged.CWHvm_HW_SS_M,29,290,10,0.0,10000.0,1.0,1.0,649.9979858398438,0.0,0.0
feature.StemsPerHa.unmanaged.CWHvm_HW_SS_M,30,300,10,0.0,10000.0,1.0,1.0,649.9979858398438,0.0,0.0
feature.Yield.managed.CW,0,0,10,0.0,10000.0,1.0,1.0,87593.1640625,0.0,0.0
feature.Yield.managed.CW,1,10,10,0.0,10000.0,1.0,1.0,106169.3671875,0.0,0.0
feature.Yield.managed.CW,2,20,10,0.0,10000.0,1.0,1.0,119303.96875,0.0,0.0
feature.Yield.managed.CW,3,30,10,0.0,10000.0,1.0,1.0,126669.5234375,0.0,0.0
feature.Yield.managed.CW,4,40,10,0.0,10000.0,1.0,1.0,127995.3984375,0.0,0.0
feature.Yield.managed.CW,5,50,10,0.0,10000.0,1.0,1.0,135214.28125,0.0,0.0
feature.Yield.managed.CW,6,60,10,0.0,10000.0,1.0,1.0,139612.71875,0.0,0.0
feature.Yield.managed.CW,7,70,10,0.0,10000.0,1.0,1.0,154574.359375,0.0,0.0
feature.Yield.managed.CW,8,80,10,0.0,10000.0,1.0,1.0,168090.640625,0.0,0.0
feature.Yield.managed.CW,9,90,10,0.0,10000.0,1.0,1.0,172891.984375,0.0,0.0
feature.Yield.managed.CW,10,100,10,0.0,10000.0,1.0,1.0,172266.359375,0.0,0.0
feature.Yield.managed.CW,11,110,10,0.0,10000.0,1.0,1.0,172577.203125,0.0,0.0
feature.Yield.managed.CW,12,120,10,0.0,10000.0,1.0,1.0,172560.8125,0.0,0.0
feature.Yield.managed.CW,13,130,10,0.0,10000.0,1.0,1.0,171604.75,0.0,0.0
feature.Yield.managed.CW,14,140,10,0.0,10000.0,1.0,1.0,175543.09375,0.0,0.0
feature.Yield.managed.CW,15,150,10,0.0,10000.0,1.0,1.0,184723.328125,0.0,0.0
feature.Yield.managed.CW,16,160,10,0.0,10000.0,1.0,1.0,187745.671875,0.0,0.0
feature.Yield.managed.CW,17,170,10,0.0,10000.0,1.0,1.0,189483.265625,0.0,0.0
feature.Yield.managed.CW,18,180,10,0.0,10000.0,1.0,1.0,188974.640625,0.0,0.0
feature.Yield.managed.CW,19,190,10,0.0,10000.0,1.0,1.0,190632.375,0.0,0.0
feature.Yield.managed.CW,20,200,10,0.0,10000.0,1.0,1.0,187796.734375,0.0,0.0
feature.Yield.managed.CW,21,210,10,0.0,10000.0,1.0,1.0,189856.25,0.0,0.0
feature.Yield.managed.CW,22,220,10,0.0,10000.0,1.0,1.0,192523.6875,0.0,0.0
feature.Yield.managed.CW,23,230,10,0.0,10000.0,1.0,1.0,196752.5625,0.0,0.0
feature.Yield.managed.CW,24,240,10,0.0,10000.0,1.0,1.0,195607.03125,0.0,0.0
feature.Yield.managed.CW,25,250,10,0.0,10000.0,1.0,1.0,193895.765625,0.0,0.0
feature.Yield.managed.CW,26,260,10,0.0,10000.0,1.0,1.0,192743.84375,0.0,0.0
feature.Yield.managed.CW,27,270,10,0.0,10000.0,1.0,1.0,191978.515625,0.0,0.0
feature.Yield.managed.CW,28,280,10,0.0,10000.0,1.0,1.0,190424.15625,0.0,0.0
feature.Yield.managed.CW,29,290,10,0.0,10000.0,1.0,1.0,191031.265625,0.0,0.0
feature.Yield.managed.CW,30,300,10,0.0,10000.0,1.0,1.0,193755.484375,0.0,0.0
feature.Yield.managed.FDC,0,0,10,0.0,10000.0,1.0,1.0,184806.40625,0.0,0.0
feature.Yield.managed.FDC,1,10,10,0.0,10000.0,1.0,1.0,206659.0625,0.0,0.0
feature.Yield.managed.FDC,2,20,10,0.0,10000.0,1.0,1.0,238954.890625,0.0,0.0
feature.Yield.managed.FDC,3,30,10,0.0,10000.0,1.0,1.0,245100.6875,0.0,0.0
feature.Yield.managed.FDC,4,40,10,0.0,10000.0,1.0,1.0,252654.28125,0.0,0.0
feature.Yield.managed.FDC,5,50,10,0.0,10000.0,1.0,1.0,278913.8125,0.0,0.0
feature.Yield.managed.FDC,6,60,10,0.0,10000.0,1.0,1.0,265922.5625,0.0,0.0
feature.Yield.managed.FDC,7,70,10,0.0,10000.0,1.0,1.0,291945.0,0.0,0.0
feature.Yield.managed.FDC,8,80,10,0.0,10000.0,1.0,1.0,311609.96875,0.0,0.0
feature.Yield.managed.FDC,9,90,10,0.0,10000.0,1.0,1.0,299800.6875,0.0,0.0
feature.Yield.managed.FDC,10,100,10,0.0,10000.0,1.0,1.0,318930.4375,0.0,0.0
feature.Yield.managed.FDC,11,110,10,0.0,10000.0,1.0,1.0,321946.65625,0.0,0.0
feature.Yield.managed.FDC,12,120,10,0.0,10000.0,1.0,1.0,324838.40625,0.0,0.0
feature.Yield.managed.FDC,13,130,10,0.0,10000.0,1.0,1.0,341744.03125,0.0,0.0
feature.Yield.managed.FDC,14,140,10,0.0,10000.0,1.0,1.0,363587.125,0.0,0.0
feature.Yield.managed.FDC,15,150,10,0.0,10000.0,1.0,1.0,383536.03125,0.0,0.0
feature.Yield.managed.FDC,16,160,10,0.0,10000.0,1.0,1.0,370424.4375,0.0,0.0
feature.Yield.managed.FDC,17,170,10,0.0,10000.0,1.0,1.0,354902.96875,0.0,0.0
feature.Yield.managed.FDC,18,180,10,0.0,10000.0,1.0,1.0,353112.9375,0.0,0.0
feature.Yield.managed.FDC,19,190,10,0.0,10000.0,1.0,1.0,331229.21875,0.0,0.0
feature.Yield.managed.FDC,20,200,10,0.0,10000.0,1.0,1.0,346227.6875,0.0,0.0
feature.Yield.managed.FDC,21,210,10,0.0,10000.0,1.0,1.0,320600.0,0.0,0.0
feature.Yield.managed.FDC,22,220,10,0.0,10000.0,1.0,1.0,302389.875,0.0,0.0
feature.Yield.managed.FDC,23,230,10,0.0,10000.0,1.0,1.0,281410.5,0.0,0.0
feature.Yield.managed.FDC,24,240,10,0.0,10000.0,1.0,1.0,270147.28125,0.0,0.0
feature.Yield.managed.FDC,25,250,10,0.0,10000.0,1.0,1.0,282010.5,0.0,0.0
feature.Yield.managed.FDC,26,260,10,0.0,10000.0,1.0,1.0,301730.71875,0.0,0.0
feature.Yield.managed.FDC,27,270,10,0.0,10000.0,1.0,1.0,315517.46875,0.0,0.0
feature.Yield.managed.FDC,28,280,10,0.0,10000.0,1.0,1.0,338708.625,0.0,0.0
feature.Yield.managed.FDC,29,290,10,0.0,10000.0,1.0,1.0,345125.3125,0.0,0.0
feature.Yield.managed.FDC,30,300,10,0.0,10000.0,1.0,1.0,337953.21875,0.0,0.0
feature.Yield.managed.HW,0,0,10,0.0,10000.0,1.0,1.0,235679.90625,0.0,0.0
feature.Yield.managed.HW,1,10,10,0.0,10000.0,1.0,1.0,295208.25,0.0,0.0
feature.Yield.managed.HW,2,20,10,0.0,10000.0,1.0,1.0,328301.5625,0.0,0.0
feature.Yield.managed.HW,3,30,10,0.0,10000.0,1.0,1.0,352427.375,0.0,0.0
feature.Yield.managed.HW,4,40,10,0.0,10000.0,1.0,1.0,353451.15625,0.0,0.0
feature.Yield.managed.HW,5,50,10,0.0,10000.0,1.0,1.0,367493.625,0.0,0.0
feature.Yield.managed.HW,6,60,10,0.0,10000.0,1.0,1.0,391633.3125,0.0,0.0
feature.Yield.managed.HW,7,70,10,0.0,10000.0,1.0,1.0,435046.03125,0.0,0.0
feature.Yield.managed.HW,8,80,10,0.0,10000.0,1.0,1.0,476325.6875,0.0,0.0
feature.Yield.managed.HW,9,90,10,0.0,10000.0,1.0,1.0,501009.25,0.0,0.0
feature.Yield.managed.HW,10,100,10,0.0,10000.0,1.0,1.0,488780.40625,0.0,0.0
feature.Yield.managed.HW,11,110,10,0.0,10000.0,1.0,1.0,486813.59375,0.0,0.0
feature.Yield.managed.HW,12,120,10,0.0,10000.0,1.0,1.0,484011.28125,0.0,0.0
feature.Yield.managed.HW,13,130,10,0.0,10000.0,1.0,1.0,471842.625,0.0,0.0
feature.Yield.managed.HW,14,140,10,0.0,10000.0,1.0,1.0,475722.65625,0.0,0.0
feature.Yield.managed.HW,15,150,10,0.0,10000.0,1.0,1.0,500489.6875,0.0,0.0
feature.Yield.managed.HW,16,160,10,0.0,10000.0,1.0,1.0,518991.75,0.0,0.0
feature.Yield.managed.HW,17,170,10,0.0,10000.0,1.0,1.0,534319.8125,0.0,0.0
feature.Yield.managed.HW,18,180,10,0.0,10000.0,1.0,1.0,534013.1875,0.0,0.0
feature.Yield.managed.HW,19,190,10,0.0,10000.0,1.0,1.0,548826.25,0.0,0.0
feature.Yield.managed.HW,20,200,10,0.0,10000.0,1.0,1.0,530058.625,0.0,0.0
feature.Yield.managed.HW,21,210,10,0.0,10000.0,1.0,1.0,551462.1875,0.0,0.0
feature.Yield.managed.HW,22,220,10,0.0,10000.0,1.0,1.0,571555.875,0.0,0.0
feature.Yield.managed.HW,23,230,10,0.0,10000.0,1.0,1.0,599121.0625,0.0,0.0
feature.Yield.managed.HW,24,240,10,0.0,10000.0,1.0,1.0,601426.3125,0.0,0.0
feature.Yield.managed.HW,25,250,10,0.0,10000.0,1.0,1.0,589485.75,0.0,0.0
feature.Yield.managed.HW,26,260,10,0.0,10000.0,1.0,1.0,574828.125,0.0,0.0
feature.Yield.managed.HW,27,270,10,0.0,10000.0,1.0,1.0,564944.6875,0.0,0.0
feature.Yield.managed.HW,28,280,10,0.0,10000.0,1.0,1.0,546228.0,0.0,0.0
feature.Yield.managed.HW,29,290,10,0.0,10000.0,1.0,1.0,544680.6875,0.0,0.0
feature.Yield.managed.HW,30,300,10,0.0,10000.0,1.0,1.0,557869.875,0.0,0.0
feature.Yield.managed.Total,0,0,10,0.0,10000.0,1.0,1.0,935247.75,0.0,0.0
feature.Yield.managed.Total,1,10,10,0.0,10000.0,1.0,1.0,1011928.625,0.0,0.0
feature.Yield.managed.Total,2,20,10,0.0,10000.0,1.0,1.0,1061342.625,0.0,0.0
feature.Yield.managed.Total,3,30,10,0.0,10000.0,1.0,1.0,1093706.25,0.0,0.0
feature.Yield.managed.Total,4,40,10,0.0,10000.0,1.0,1.0,1113003.125,0.0,0.0
feature.Yield.managed.Total,5,50,10,0.0,10000.0,1.0,1.0,1127744.875,0.0,0.0
feature.Yield.managed.Total,6,60,10,0.0,10000.0,1.0,1.0,1144631.25,0.0,0.0
feature.Yield.managed.Total,7,70,10,0.0,10000.0,1.0,1.0,1163416.25,0.0,0.0
feature.Yield.managed.Total,8,80,10,0.0,10000.0,1.0,1.0,1185510.0,0.0,0.0
feature.Yield.managed.Total,9,90,10,0.0,10000.0,1.0,1.0,1203402.125,0.0,0.0
feature.Yield.managed.Total,10,100,10,0.0,10000.0,1.0,1.0,1209607.625,0.0,0.0
feature.Yield.managed.Total,11,110,10,0.0,10000.0,1.0,1.0,1210879.625,0.0,0.0
feature.Yield.managed.Total,12,120,10,0.0,10000.0,1.0,1.0,1213664.625,0.0,0.0
feature.Yield.managed.Total,13,130,10,0.0,10000.0,1.0,1.0,1218518.125,0.0,0.0
feature.Yield.managed.Total,14,140,10,0.0,10000.0,1.0,1.0,1226427.625,0.0,0.0
feature.Yield.managed.Total,15,150,10,0.0,10000.0,1.0,1.0,1237278.375,0.0,0.0
feature.Yield.managed.Total,16,160,10,0.0,10000.0,1.0,1.0,1244326.625,0.0,0.0
feature.Yield.managed.Total,17,170,10,0.0,10000.0,1.0,1.0,1246443.125,0.0,0.0
feature.Yield.managed.Total,18,180,10,0.0,10000.0,1.0,1.0,1241374.0,0.0,0.0
feature.Yield.managed.Total,19,190,10,0.0,10000.0,1.0,1.0,1234479.75,0.0,0.0
feature.Yield.managed.Total,20,200,10,0.0,10000.0,1.0,1.0,1228201.75,0.0,0.0
feature.Yield.managed.Total,21,210,10,0.0,10000.0,1.0,1.0,1226283.0,0.0,0.0
feature.Yield.managed.Total,22,220,10,0.0,10000.0,1.0,1.0,1231008.5,0.0,0.0
feature.Yield.managed.Total,23,230,10,0.0,10000.0,1.0,1.0,1233596.625,0.0,0.0
feature.Yield.managed.Total,24,240,10,0.0,10000.0,1.0,1.0,1223645.0,0.0,0.0
feature.Yield.managed.Total,25,250,10,0.0,10000.0,1.0,1.0,1215854.875,0.0,0.0
feature.Yield.managed.Total,26,260,10,0.0,10000.0,1.0,1.0,1214570.875,0.0,0.0
feature.Yield.managed.Total,27,270,10,0.0,10000.0,1.0,1.0,1217824.375,0.0,0.0
feature.Yield.managed.Total,28,280,10,0.0,10000.0,1.0,1.0,1219114.625,0.0,0.0
feature.Yield.managed.Total,29,290,10,0.0,10000.0,1.0,1.0,1218386.125,0.0,0.0
feature.Yield.managed.Total,30,300,10,0.0,10000.0,1.0,1.0,1216983.875,0.0,0.0
feature.Yield.unmanaged.CW,0,0,10,0.0,10000.0,1.0,1.0,3722.15087890625,0.0,0.0
feature.Yield.unmanaged.CW,1,10,10,0.0,10000.0,1.0,1.0,4905.8818359375,0.0,0.0
feature.Yield.unmanaged.CW,2,20,10,0.0,10000.0,1.0,1.0,6092.2109375,0.0,0.0
feature.Yield.unmanaged.CW,3,30,10,0.0,10000.0,1.0,1.0,7231.7421875,0.0,0.0
feature.Yield.unmanaged.CW,4,40,10,0.0,10000.0,1.0,1.0,8288.765625,0.0,0.0
feature.Yield.unmanaged.CW,5,50,10,0.0,10000.0,1.0,1.0,9238.5146484375,0.0,0.0
feature.Yield.unmanaged.CW,6,60,10,0.0,10000.0,1.0,1.0,10066.0478515625,0.0,0.0
feature.Yield.unmanaged.CW,7,70,10,0.0,10000.0,1.0,1.0,10764.9072265625,0.0,0.0
feature.Yield.unmanaged.CW,8,80,10,0.0,10000.0,1.0,1.0,11332.8798828125,0.0,0.0
feature.Yield.unmanaged.CW,9,90,10,0.0,10000.0,1.0,1.0,11771.0078125,0.0,0.0
feature.Yield.unmanaged.CW,10,100,10,0.0,10000.0,1.0,1.0,12084.7529296875,0.0,0.0
feature.Yield.unmanaged.CW,11,110,10,0.0,10000.0,1.0,1.0,12283.208984375,0.0,0.0
feature.Yield.unmanaged.CW,12,120,10,0.0,10000.0,1.0,1.0,12375.2197265625,0.0,0.0
feature.Yield.unmanaged.CW,13,130,10,0.0,10000.0,1.0,1.0,12371.197265625,0.0,0.0
feature.Yield.unmanaged.CW,14,140,10,0.0,10000.0,1.0,1.0,12289.30859375,0.0,0.0
feature.Yield.unmanaged.CW,15,150,10,0.0,10000.0,1.0,1.0,12181.1357421875,0.0,0.0
feature.Yield.unmanaged.CW,16,160,10,0.0,10000.0,1.0,1.0,12120.2607421875,0.0,0.0
feature.Yield.unmanaged.CW,17,170,10,0.0,10000.0,1.0,1.0,12095.59765625,0.0,0.0
feature.Yield.unmanaged.CW,18,180,10,0.0,10000.0,1.0,1.0,12046.34765625,0.0,0.0
feature.Yield.unmanaged.CW,19,190,10,0.0,10000.0,1.0,1.0,11982.751953125,0.0,0.0
feature.Yield.unmanaged.CW,20,200,10,0.0,10000.0,1.0,1.0,11919.16796875,0.0,0.0
feature.Yield.unmanaged.CW,21,210,10,0.0,10000.0,1.0,1.0,11855.5126953125,0.0,0.0
feature.Yield.unmanaged.CW,22,220,10,0.0,10000.0,1.0,1.0,11792.6416015625,0.0,0.0
feature.Yield.unmanaged.CW,23,230,10,0.0,10000.0,1.0,1.0,11728.5390625,0.0,0.0
feature.Yield.unmanaged.CW,24,240,10,0.0,10000.0,1.0,1.0,11665.2392578125,0.0,0.0
feature.Yield.unmanaged.CW,25,250,10,0.0,10000.0,1.0,1.0,11628.2490234375,0.0,0.0
feature.Yield.unmanaged.CW,26,260,10,0.0,10000.0,1.0,1.0,11621.5693359375,0.0,0.0
feature.Yield.unmanaged.CW,27,270,10,0.0,10000.0,1.0,1.0,11621.4970703125,0.0,0.0
feature.Yield.unmanaged.CW,28,280,10,0.0,10000.0,1.0,1.0,11621.4970703125,0.0,0.0
feature.Yield.unmanaged.CW,29,290,10,0.0,10000.0,1.0,1.0,11621.4970703125,0.0,0.0
feature.Yield.unmanaged.CW,30,300,10,0.0,10000.0,1.0,1.0,11621.4970703125,0.0,0.0
feature.Yield.unmanaged.FDC,0,0,10,0.0,10000.0,1.0,1.0,10051.4228515625,0.0,0.0
feature.Yield.unmanaged.FDC,1,10,10,0.0,10000.0,1.0,1.0,13154.765625,0.0,0.0
feature.Yield.unmanaged.FDC,2,20,10,0.0,10000.0,1.0,1.0,16229.251953125,0.0,0.0
feature.Yield.unmanaged.FDC,3,30,10,0.0,10000.0,1.0,1.0,19145.08203125,0.0,0.0
feature.Yield.unmanaged.FDC,4,40,10,0.0,10000.0,1.0,1.0,21810.98828125,0.0,0.0
feature.Yield.unmanaged.FDC,5,50,10,0.0,10000.0,1.0,1.0,24171.3515625,0.0,0.0
feature.Yield.unmanaged.FDC,6,60,10,0.0,10000.0,1.0,1.0,26192.373046875,0.0,0.0
feature.Yield.unmanaged.FDC,7,70,10,0.0,10000.0,1.0,1.0,27859.314453125,0.0,0.0
feature.Yield.unmanaged.FDC,8,80,10,0.0,10000.0,1.0,1.0,29173.767578125,0.0,0.0
feature.Yield.unmanaged.FDC,9,90,10,0.0,10000.0,1.0,1.0,30147.560546875,0.0,0.0
feature.Yield.unmanaged.FDC,10,100,10,0.0,10000.0,1.0,1.0,30802.0625,0.0,0.0
feature.Yield.unmanaged.FDC,11,110,10,0.0,10000.0,1.0,1.0,31161.904296875,0.0,0.0
feature.Yield.unmanaged.FDC,12,120,10,0.0,10000.0,1.0,1.0,31252.158203125,0.0,0.0
feature.Yield.unmanaged.FDC,13,130,10,0.0,10000.0,1.0,1.0,31102.466796875,0.0,0.0
feature.Yield.unmanaged.FDC,14,140,10,0.0,10000.0,1.0,1.0,30776.361328125,0.0,0.0
feature.Yield.unmanaged.FDC,15,150,10,0.0,10000.0,1.0,1.0,30433.390625,0.0,0.0
feature.Yield.unmanaged.FDC,16,160,10,0.0,10000.0,1.0,1.0,30287.205078125,0.0,0.0
feature.Yield.unmanaged.FDC,17,170,10,0.0,10000.0,1.0,1.0,30280.951171875,0.0,0.0
feature.Yield.unmanaged.FDC,18,180,10,0.0,10000.0,1.0,1.0,30187.177734375,0.0,0.0
feature.Yield.unmanaged.FDC,19,190,10,0.0,10000.0,1.0,1.0,30034.7109375,0.0,0.0
feature.Yield.unmanaged.FDC,20,200,10,0.0,10000.0,1.0,1.0,29882.58203125,0.0,0.0
feature.Yield.unmanaged.FDC,21,210,10,0.0,10000.0,1.0,1.0,29730.3046875,0.0,0.0
feature.Yield.unmanaged.FDC,22,220,10,0.0,10000.0,1.0,1.0,29576.80078125,0.0,0.0
feature.Yield.unmanaged.FDC,23,230,10,0.0,10000.0,1.0,1.0,29424.486328125,0.0,0.0
feature.Yield.unmanaged.FDC,24,240,10,0.0,10000.0,1.0,1.0,29272.7578125,0.0,0.0
feature.Yield.unmanaged.FDC,25,250,10,0.0,10000.0,1.0,1.0,29176.357421875,0.0,0.0
feature.Yield.unmanaged.FDC,26,260,10,0.0,10000.0,1.0,1.0,29157.509765625,0.0,0.0
feature.Yield.unmanaged.FDC,27,270,10,0.0,10000.0,1.0,1.0,29157.474609375,0.0,0.0
feature.Yield.unmanaged.FDC,28,280,10,0.0,10000.0,1.0,1.0,29157.474609375,0.0,0.0
feature.Yield.unmanaged.FDC,29,290,10,0.0,10000.0,1.0,1.0,29157.474609375,0.0,0.0
feature.Yield.unmanaged.FDC,30,300,10,0.0,10000.0,1.0,1.0,29157.474609375,0.0,0.0
feature.Yield.unmanaged.HW,0,0,10,0.0,10000.0,1.0,1.0,9663.1376953125,0.0,0.0
feature.Yield.unmanaged.HW,1,10,10,0.0,10000.0,1.0,1.0,12693.97265625,0.0,0.0
feature.Yield.unmanaged.HW,2,20,10,0.0,10000.0,1.0,1.0,15720.345703125,0.0,0.0
feature.Yield.unmanaged.HW,3,30,10,0.0,10000.0,1.0,1.0,18617.994140625,0.0,0.0
feature.Yield.unmanaged.HW,4,40,10,0.0,10000.0,1.0,1.0,21300.423828125,0.0,0.0
feature.Yield.unmanaged.HW,5,50,10,0.0,10000.0,1.0,1.0,23707.052734375,0.0,0.0
feature.Yield.unmanaged.HW,6,60,10,0.0,10000.0,1.0,1.0,25800.951171875,0.0,0.0
feature.Yield.unmanaged.HW,7,70,10,0.0,10000.0,1.0,1.0,27563.6328125,0.0,0.0
feature.Yield.unmanaged.HW,8,80,10,0.0,10000.0,1.0,1.0,28992.36328125,0.0,0.0
feature.Yield.unmanaged.HW,9,90,10,0.0,10000.0,1.0,1.0,30093.85546875,0.0,0.0
feature.Yield.unmanaged.HW,10,100,10,0.0,10000.0,1.0,1.0,30881.181640625,0.0,0.0
feature.Yield.unmanaged.HW,11,110,10,0.0,10000.0,1.0,1.0,31375.17578125,0.0,0.0
feature.Yield.unmanaged.HW,12,120,10,0.0,10000.0,1.0,1.0,31601.78125,0.0,0.0
feature.Yield.unmanaged.HW,13,130,10,0.0,10000.0,1.0,1.0,31584.671875,0.0,0.0
feature.Yield.unmanaged.HW,14,140,10,0.0,10000.0,1.0,1.0,31371.76953125,0.0,0.0
feature.Yield.unmanaged.HW,15,150,10,0.0,10000.0,1.0,1.0,31090.353515625,0.0,0.0
feature.Yield.unmanaged.HW,16,160,10,0.0,10000.0,1.0,1.0,30923.609375,0.0,0.0
feature.Yield.unmanaged.HW,17,170,10,0.0,10000.0,1.0,1.0,30838.455078125,0.0,0.0
feature.Yield.unmanaged.HW,18,180,10,0.0,10000.0,1.0,1.0,30694.982421875,0.0,0.0
feature.Yield.unmanaged.HW,19,190,10,0.0,10000.0,1.0,1.0,30516.888671875,0.0,0.0
feature.Yield.unmanaged.HW,20,200,10,0.0,10000.0,1.0,1.0,30338.404296875,0.0,0.0
feature.Yield.unmanaged.HW,21,210,10,0.0,10000.0,1.0,1.0,30161.052734375,0.0,0.0
feature.Yield.unmanaged.HW,22,220,10,0.0,10000.0,1.0,1.0,29983.857421875,0.0,0.0
feature.Yield.unmanaged.HW,23,230,10,0.0,10000.0,1.0,1.0,29806.201171875,0.0,0.0
feature.Yield.unmanaged.HW,24,240,10,0.0,10000.0,1.0,1.0,29627.419921875,0.0,0.0
feature.Yield.unmanaged.HW,25,250,10,0.0,10000.0,1.0,1.0,29521.056640625,0.0,0.0
feature.Yield.unmanaged.HW,26,260,10,0.0,10000.0,1.0,1.0,29501.73046875,0.0,0.0
feature.Yield.unmanaged.HW,27,270,10,0.0,10000.0,1.0,1.0,29501.48046875,0.0,0.0
feature.Yield.unmanaged.HW,28,280,10,0.0,10000.0,1.0,1.0,29501.48046875,0.0,0.0
feature.Yield.unmanaged.HW,29,290,10,0.0,10000.0,1.0,1.0,29501.48046875,0.0,0.0
feature.Yield.unmanaged.HW,30,300,10,0.0,10000.0,1.0,1.0,29501.48046875,0.0,0.0
feature.Yield.unmanaged.Total,0,0,10,0.0,10000.0,1.0,1.0,170620.453125,0.0,0.0
feature.Yield.unmanaged.Total,1,10,10,0.0,10000.0,1.0,1.0,179481.734375,0.0,0.0
feature.Yield.unmanaged.Total,2,20,10,0.0,10000.0,1.0,1.0,188068.234375,0.0,0.0
feature.Yield.unmanaged.Total,3,30,10,0.0,10000.0,1.0,1.0,196522.71875,0.0,0.0
feature.Yield.unmanaged.Total,4,40,10,0.0,10000.0,1.0,1.0,204185.96875,0.0,0.0
feature.Yield.unmanaged.Total,5,50,10,0.0,10000.0,1.0,1.0,210793.859375,0.0,0.0
feature.Yield.unmanaged.Total,6,60,10,0.0,10000.0,1.0,1.0,216306.484375,0.0,0.0
feature.Yield.unmanaged.Total,7,70,10,0.0,10000.0,1.0,1.0,220839.28125,0.0,0.0
feature.Yield.unmanaged.Total,8,80,10,0.0,10000.0,1.0,1.0,224377.78125,0.0,0.0
feature.Yield.unmanaged.Total,9,90,10,0.0,10000.0,1.0,1.0,226970.328125,0.0,0.0
feature.Yield.unmanaged.Total,10,100,10,0.0,10000.0,1.0,1.0,228657.0625,0.0,0.0
feature.Yield.unmanaged.Total,11,110,10,0.0,10000.0,1.0,1.0,229553.734375,0.0,0.0
feature.Yield.unmanaged.Total,12,120,10,0.0,10000.0,1.0,1.0,229740.9375,0.0,0.0
feature.Yield.unmanaged.Total,13,130,10,0.0,10000.0,1.0,1.0,229321.140625,0.0,0.0
feature.Yield.unmanaged.Total,14,140,10,0.0,10000.0,1.0,1.0,228493.15625,0.0,0.0
feature.Yield.unmanaged.Total,15,150,10,0.0,10000.0,1.0,1.0,227602.703125,0.0,0.0
feature.Yield.unmanaged.Total,16,160,10,0.0,10000.0,1.0,1.0,227043.4375,0.0,0.0
feature.Yield.unmanaged.Total,17,170,10,0.0,10000.0,1.0,1.0,226723.28125,0.0,0.0
feature.Yield.unmanaged.Total,18,180,10,0.0,10000.0,1.0,1.0,226299.75,0.0,0.0
feature.Yield.unmanaged.Total,19,190,10,0.0,10000.0,1.0,1.0,225785.671875,0.0,0.0
feature.Yield.unmanaged.Total,20,200,10,0.0,10000.0,1.0,1.0,225298.390625,0.0,0.0
feature.Yield.unmanaged.Total,21,210,10,0.0,10000.0,1.0,1.0,224828.78125,0.0,0.0
feature.Yield.unmanaged.Total,22,220,10,0.0,10000.0,1.0,1.0,224359.03125,0.0,0.0
feature.Yield.unmanaged.Total,23,230,10,0.0,10000.0,1.0,1.0,223899.375,0.0,0.0
feature.Yield.unmanaged.Total,24,240,10,0.0,10000.0,1.0,1.0,223492.96875,0.0,0.0
feature.Yield.unmanaged.Total,25,250,10,0.0,10000.0,1.0,1.0,223253.265625,0.0,0.0
feature.Yield.unmanaged.Total,26,260,10,0.0,10000.0,1.0,1.0,223208.421875,0.0,0.0
feature.Yield.unmanaged.Total,27,270,10,0.0,10000.0,1.0,1.0,223208.0625,0.0,0.0
feature.Yield.unmanaged.Total,28,280,10,0.0,10000.0,1.0,1.0,223208.0625,0.0,0.0
feature.Yield.unmanaged.Total,29,290,10,0.0,10000.0,1.0,1.0,223208.0625,0.0,0.0
feature.Yield.unmanaged.Total,30,300,10,0.0,10000.0,1.0,1.0,223208.0625,0.0,0.0
flow.even.product.Yield.managed.CW,0,0,10,0.0,10000.0,1.0,1.0,0.0,0.0,0.0
flow.even.product.Yield.managed.CW,1,10,10,0.0,10000.0,1.0,1.0,-51.8129997253418,0.0,0.0
flow.even.product.Yield.managed.CW,2,20,10,0.0,10000.0,1.0,1.0,-38.91600036621094,0.0,0.0
flow.even.product.Yield.managed.CW,3,30,10,0.0,10000.0,1.0,1.0,-15.335000038146973,0.0,0.0
flow.even.product.Yield.managed.CW,4,40,10,0.0,10000.0,1.0,1.0,14.050999641418457,0.0,0.0
flow.even.product.Yield.managed.CW,5,50,10,0.0,10000.0,1.0,1.0,-28.042999267578125,0.0,0.0
flow.even.product.Yield.managed.CW,6,60,10,0.0,10000.0,1.0,1.0,-4.0970001220703125,0.0,0.0
flow.even.product.Yield.managed.CW,7,70,10,0.0,10000.0,1.0,1.0,-68.427001953125,0.0,0.0
flow.even.product.Yield.managed.CW,8,80,10,0.0,10000.0,1.0,1.0,-51.88100051879883,0.0,0.0
flow.even.product.Yield.managed.CW,9,90,10,0.0,10000.0,1.0,1.0,2.8580000400543213,0.0,0.0
flow.even.product.Yield.managed.CW,10,100,10,0.0,10000.0,1.0,1.0,26.614999771118164,0.0,0.0
flow.even.product.Yield.managed.CW,11,110,10,0.0,10000.0,1.0,1.0,13.776000022888184,0.0,0.0
flow.even.product.Yield.managed.CW,12,120,10,0.0,10000.0,1.0,1.0,18.527999877929688,0.0,0.0
flow.even.product.Yield.managed.CW,13,130,10,0.0,10000.0,1.0,1.0,28.672000885009766,0.0,0.0
flow.even.product.Yield.managed.CW,14,140,10,0.0,10000.0,1.0,1.0,-0.04699999839067459,0.0,0.0
flow.even.product.Yield.managed.CW,15,150,10,0.0,10000.0,1.0,1.0,-30.06599998474121,0.0,0.0
flow.even.product.Yield.managed.CW,16,160,10,0.0,10000.0,1.0,1.0,8.60200023651123,0.0,0.0
flow.even.product.Yield.managed.CW,17,170,10,0.0,10000.0,1.0,1.0,13.335000038146973,0.0,0.0
flow.even.product.Yield.managed.CW,18,180,10,0.0,10000.0,1.0,1.0,19.503000259399414,0.0,0.0
flow.even.product.Yield.managed.CW,19,190,10,0.0,10000.0,1.0,1.0,2.2839999198913574,0.0,0.0
flow.even.product.Yield.managed.CW,20,200,10,0.0,10000.0,1.0,1.0,32.5890007019043,0.0,0.0
flow.even.product.Yield.managed.CW,21,210,10,0.0,10000.0,1.0,1.0,3.63700008392334,0.0,0.0
flow.even.product.Yield.managed.CW,22,220,10,0.0,10000.0,1.0,1.0,7.125,0.0,0.0
flow.even.product.Yield.managed.CW,23,230,10,0.0,10000.0,1.0,1.0,-5.301000118255615,0.0,0.0
flow.even.product.Yield.managed.CW,24,240,10,0.0,10000.0,1.0,1.0,17.163999557495117,0.0,0.0
flow.even.product.Yield.managed.CW,25,250,10,0.0,10000.0,1.0,1.0,20.732999801635742,0.0,0.0
flow.even.product.Yield.managed.CW,26,260,10,0.0,10000.0,1.0,1.0,21.75,0.0,0.0
flow.even.product.Yield.managed.CW,27,270,10,0.0,10000.0,1.0,1.0,24.291000366210938,0.0,0.0
flow.even.product.Yield.managed.CW,28,280,10,0.0,10000.0,1.0,1.0,27.711000442504883,0.0,0.0
flow.even.product.Yield.managed.CW,29,290,10,0.0,10000.0,1.0,1.0,11.881999969482422,0.0,0.0
flow.even.product.Yield.managed.CW,30,300,10,0.0,10000.0,1.0,1.0,0.0,0.0,0.0
flow.even.product.Yield.managed.FDC,0,0,10,0.0,10000.0,1.0,1.0,0.0,0.0,0.0
flow.even.product.Yield.managed.FDC,1,10,10,0.0,10000.0,1.0,1.0,-21.860000610351562,0.0,0.0
flow.even.product.Yield.managed.FDC,2,20,10,0.0,10000.0,1.0,1.0,-70.0999984741211,0.0,0.0
flow.even.product.Yield.managed.FDC,3,30,10,0.0,10000.0,1.0,1.0,-8.505999565124512,0.0,0.0
flow.even.product.Yield.managed.FDC,4,40,10,0.0,10000.0,1.0,1.0,-25.851999282836914,0.0,0.0
flow.even.product.Yield.managed.FDC,5,50,10,0.0,10000.0,1.0,1.0,-79.6520004272461,0.0,0.0
flow.even.product.Yield.managed.FDC,6,60,10,0.0,10000.0,1.0,1.0,28.829999923706055,0.0,0.0
flow.even.product.Yield.managed.FDC,7,70,10,0.0,10000.0,1.0,1.0,-75.55000305175781,0.0,0.0
flow.even.product.Yield.managed.FDC,8,80,10,0.0,10000.0,1.0,1.0,-51.39099884033203,0.0,0.0
flow.even.product.Yield.managed.FDC,9,90,10,0.0,10000.0,1.0,1.0,29.106000900268555,0.0,0.0
flow.even.product.Yield.managed.FDC,10,100,10,0.0,10000.0,1.0,1.0,-66.58000183105469,0.0,0.0
flow.even.product.Yield.managed.FDC,11,110,10,0.0,10000.0,1.0,1.0,-21.20199966430664,0.0,0.0
flow.even.product.Yield.managed.FDC,12,120,10,0.0,10000.0,1.0,1.0,-19.45199966430664,0.0,0.0
flow.even.product.Yield.managed.FDC,13,130,10,0.0,10000.0,1.0,1.0,-58.96799850463867,0.0,0.0
flow.even.product.Yield.managed.FDC,14,140,10,0.0,10000.0,1.0,1.0,-69.61499786376953,0.0,0.0
flow.even.product.Yield.managed.FDC,15,150,10,0.0,10000.0,1.0,1.0,-65.4229965209961,0.0,0.0
flow.even.product.Yield.managed.FDC,16,160,10,0.0,10000.0,1.0,1.0,14.979999542236328,0.0,0.0
flow.even.product.Yield.managed.FDC,17,170,10,0.0,10000.0,1.0,1.0,10.166000366210938,0.0,0.0
flow.even.product.Yield.managed.FDC,18,180,10,0.0,10000.0,1.0,1.0,-31.60700035095215,0.0,0.0
flow.even.product.Yield.managed.FDC,19,190,10,0.0,10000.0,1.0,1.0,25.04400062561035,0.0,0.0
flow.even.product.Yield.managed.FDC,20,200,10,0.0,10000.0,1.0,1.0,-69.8479995727539,0.0,0.0
flow.even.product.Yield.managed.FDC,21,210,10,0.0,10000.0,1.0,1.0,49.49100112915039,0.0,0.0
flow.even.product.Yield.managed.FDC,22,220,10,0.0,10000.0,1.0,1.0,35.361000061035156,0.0,0.0
flow.even.product.Yield.managed.FDC,23,230,10,0.0,10000.0,1.0,1.0,37.922000885009766,0.0,0.0
flow.even.product.Yield.managed.FDC,24,240,10,0.0,10000.0,1.0,1.0,-5.296000003814697,0.0,0.0
flow.even.product.Yield.managed.FDC,25,250,10,0.0,10000.0,1.0,1.0,-54.88199996948242,0.0,0.0
flow.even.product.Yield.managed.FDC,26,260,10,0.0,10000.0,1.0,1.0,-57.44900131225586,0.0,0.0
flow.even.product.Yield.managed.FDC,27,270,10,0.0,10000.0,1.0,1.0,-35.66299819946289,0.0,0.0
flow.even.product.Yield.managed.FDC,28,280,10,0.0,10000.0,1.0,1.0,-64.06300354003906,0.0,0.0
flow.even.product.Yield.managed.FDC,29,290,10,0.0,10000.0,1.0,1.0,-23.785999298095703,0.0,0.0
flow.even.product.Yield.managed.FDC,30,300,10,0.0,10000.0,1.0,1.0,0.0,0.0,0.0
flow.even.product.Yield.managed.HW,0,0,10,0.0,10000.0,1.0,1.0,0.0,0.0,0.0
flow.even.product.Yield.managed.HW,1,10,10,0.0,10000.0,1.0,1.0,-68.44999694824219,0.0,0.0
flow.even.product.Yield.managed.HW,2,20,10,0.0,10000.0,1.0,1.0,-23.885000228881836,0.0,0.0
flow.even.product.Yield.managed.HW,3,30,10,0.0,10000.0,1.0,1.0,-18.197999954223633,0.0,0.0
flow.even.product.Yield.managed.HW,4,40,10,0.0,10000.0,1.0,1.0,32.487998962402344,0.0,0.0
flow.even.product.Yield.managed.HW,5,50,10,0.0,10000.0,1.0,1.0,-4.000999927520752,0.0,0.0
flow.even.product.Yield.managed.HW,6,60,10,0.0,10000.0,1.0,1.0,-23.694000244140625,0.0,0.0
flow.even.product.Yield.managed.HW,7,70,10,0.0,10000.0,1.0,1.0,-65.75700378417969,0.0,0.0
flow.even.product.Yield.managed.HW,8,80,10,0.0,10000.0,1.0,1.0,-53.57400131225586,0.0,0.0
flow.even.product.Yield.managed.HW,9,90,10,0.0,10000.0,1.0,1.0,-12.812000274658203,0.0,0.0
flow.even.product.Yield.managed.HW,10,100,10,0.0,10000.0,1.0,1.0,71.31900024414062,0.0,0.0
flow.even.product.Yield.managed.HW,11,110,10,0.0,10000.0,1.0,1.0,33.49800109863281,0.0,0.0
flow.even.product.Yield.managed.HW,12,120,10,0.0,10000.0,1.0,1.0,38.257999420166016,0.0,0.0
flow.even.product.Yield.managed.HW,13,130,10,0.0,10000.0,1.0,1.0,69.32599639892578,0.0,0.0
flow.even.product.Yield.managed.HW,14,140,10,0.0,10000.0,1.0,1.0,32.26900100708008,0.0,0.0
flow.even.product.Yield.managed.HW,15,150,10,0.0,10000.0,1.0,1.0,-14.210000038146973,0.0,0.0
flow.even.product.Yield.managed.HW,16,160,10,0.0,10000.0,1.0,1.0,3.239000082015991,0.0,0.0
flow.even.product.Yield.managed.HW,17,170,10,0.0,10000.0,1.0,1.0,11.555000305175781,0.0,0.0
flow.even.product.Yield.managed.HW,18,180,10,0.0,10000.0,1.0,1.0,41.8650016784668,0.0,0.0
flow.even.product.Yield.managed.HW,19,190,10,0.0,10000.0,1.0,1.0,-3.4619998931884766,0.0,0.0
flow.even.product.Yield.managed.HW,20,200,10,0.0,10000.0,1.0,1.0,81.53900146484375,0.0,0.0
flow.even.product.Yield.managed.HW,21,210,10,0.0,10000.0,1.0,1.0,-22.735000610351562,0.0,0.0
flow.even.product.Yield.managed.HW,22,220,10,0.0,10000.0,1.0,1.0,-10.399999618530273,0.0,0.0
flow.even.product.Yield.managed.HW,23,230,10,0.0,10000.0,1.0,1.0,-30.075000762939453,0.0,0.0
flow.even.product.Yield.managed.HW,24,240,10,0.0,10000.0,1.0,1.0,25.048999786376953,0.0,0.0
flow.even.product.Yield.managed.HW,25,250,10,0.0,10000.0,1.0,1.0,55.49800109863281,0.0,0.0
flow.even.product.Yield.managed.HW,26,260,10,0.0,10000.0,1.0,1.0,59.72999954223633,0.0,0.0
flow.even.product.Yield.managed.HW,27,270,10,0.0,10000.0,1.0,1.0,51.676998138427734,0.0,0.0
flow.even.product.Yield.managed.HW,28,280,10,0.0,10000.0,1.0,1.0,73.33699798583984,0.0,0.0
flow.even.product.Yield.managed.HW,29,290,10,0.0,10000.0,1.0,1.0,28.624000549316406,0.0,0.0
flow.even.product.Yield.managed.HW,30,300,10,0.0,10000.0,1.0,1.0,0.0,0.0,0.0
flow.even.product.Yield.managed.Total,0,0,10,0.0,10000.0,1.0,1.0,0.0,0.0,0.0
flow.even.product.Yield.managed.Total,1,10,10,0.0,10000.0,1.0,1.0,0.020999999716877937,0.0,0.0
flow.even.product.Yield.managed.Total,2,20,10,0.0,10000.0,1.0,1.0,-0.003000000026077032,0.0,0.0
flow.even.product.Yield.managed.Total,3,30,10,0.0,10000.0,1.0,1.0,-0.003000000026077032,0.0,0.0
flow.even.product.Yield.managed.Total,4,40,10,0.0,10000.0,1.0,1.0,-0.004000000189989805,0.0,0.0
flow.even.product.Yield.managed.Total,5,50,10,0.0,10000.0,1.0,1.0,0.004000000189989805,0.0,0.0
flow.even.product.Yield.managed.Total,6,60,10,0.0,10000.0,1.0,1.0,0.0010000000474974513,0.0,0.0
flow.even.product.Yield.managed.Total,7,70,10,0.0,10000.0,1.0,1.0,0.006000000052154064,0.0,0.0
flow.even.product.Yield.managed.Total,8,80,10,0.0,10000.0,1.0,1.0,0.07599999755620956,0.0,0.0
flow.even.product.Yield.managed.Total,9,90,10,0.0,10000.0,1.0,1.0,0.004999999888241291,0.0,0.0
flow.even.product.Yield.managed.Total,10,100,10,0.0,10000.0,1.0,1.0,0.01600000075995922,0.0,0.0
flow.even.product.Yield.managed.Total,11,110,10,0.0,10000.0,1.0,1.0,0.0020000000949949026,0.0,0.0
flow.even.product.Yield.managed.Total,12,120,10,0.0,10000.0,1.0,1.0,0.009999999776482582,0.0,0.0
flow.even.product.Yield.managed.Total,13,130,10,0.0,10000.0,1.0,1.0,0.003000000026077032,0.0,0.0
flow.even.product.Yield.managed.Total,14,140,10,0.0,10000.0,1.0,1.0,0.0,0.0,0.0
flow.even.product.Yield.managed.Total,15,150,10,0.0,10000.0,1.0,1.0,0.0010000000474974513,0.0,0.0
flow.even.product.Yield.managed.Total,16,160,10,0.0,10000.0,1.0,1.0,0.0,0.0,0.0
flow.even.product.Yield.managed.Total,17,170,10,0.0,10000.0,1.0,1.0,-0.004999999888241291,0.0,0.0
flow.even.product.Yield.managed.Total,18,180,10,0.0,10000.0,1.0,1.0,0.0010000000474974513,0.0,0.0
flow.even.product.Yield.managed.Total,19,190,10,0.0,10000.0,1.0,1.0,0.006000000052154064,0.0,0.0
flow.even.product.Yield.managed.Total,20,200,10,0.0,10000.0,1.0,1.0,-0.0010000000474974513,0.0,0.0
flow.even.product.Yield.managed.Total,21,210,10,0.0,10000.0,1.0,1.0,-0.0020000000949949026,0.0,0.0
flow.even.product.Yield.managed.Total,22,220,10,0.0,10000.0,1.0,1.0,0.0010000000474974513,0.0,0.0
flow.even.product.Yield.managed.Total,23,230,10,0.0,10000.0,1.0,1.0,-0.0020000000949949026,0.0,0.0
flow.even.product.Yield.managed.Total,24,240,10,0.0,10000.0,1.0,1.0,0.0,0.0,0.0
flow.even.product.Yield.managed.Total,25,250,10,0.0,10000.0,1.0,1.0,0.0,0.0,0.0
flow.even.product.Yield.managed.Total,26,260,10,0.0,10000.0,1.0,1.0,0.0,0.0,0.0
flow.even.product.Yield.managed.Total,27,270,10,0.0,10000.0,1.0,1.0,0.0,0.0,0.0
flow.even.product.Yield.managed.Total,28,280,10,0.0,10000.0,1.0,1.0,0.0,0.0,0.0
flow.even.product.Yield.managed.Total,29,290,10,0.0,10000.0,1.0,1.0,-0.0010000000474974513,0.0,0.0
flow.even.product.Yield.managed.Total,30,300,10,0.0,10000.0,1.0,1.0,0.0,0.0,0.0
flow.ndy.feature.Yield.managed.CW,0,0,10,0.0,10000.0,1.0,1.0,0.0,0.0,0.0
flow.ndy.feature.Yield.managed.CW,1,10,10,0.0,10000.0,1.0,1.0,0.0,0.0,0.0
flow.ndy.feature.Yield.managed.CW,2,20,10,0.0,10000.0,1.0,1.0,0.0,0.0,0.0
flow.ndy.feature.Yield.managed.CW,3,30,10,0.0,10000.0,1.0,1.0,0.0,0.0,0.0
flow.ndy.feature.Yield.managed.CW,4,40,10,0.0,10000.0,1.0,1.0,0.0,0.0,0.0
flow.ndy.feature.Yield.managed.CW,5,50,10,0.0,10000.0,1.0,1.0,0.0,0.0,0.0
flow.ndy.feature.Yield.managed.CW,6,60,10,0.0,10000.0,1.0,1.0,0.0,0.0,0.0
flow.ndy.feature.Yield.managed.CW,7,70,10,0.0,10000.0,1.0,1.0,0.0,0.0,0.0
flow.ndy.feature.Yield.managed.CW,8,80,10,0.0,10000.0,1.0,1.0,0.0,0.0,0.0
flow.ndy.feature.Yield.managed.CW,9,90,10,0.0,10000.0,1.0,1.0,0.0,0.0,0.0
flow.ndy.feature.Yield.managed.CW,10,100,10,0.0,10000.0,1.0,1.0,0.0,0.0,0.0
flow.ndy.feature.Yield.managed.CW,11,110,10,0.0,10000.0,1.0,1.0,0.0,0.0,0.0
flow.ndy.feature.Yield.managed.CW,12,120,10,0.0,10000.0,1.0,1.0,0.0,0.0,0.0
flow.ndy.feature.Yield.managed.CW,13,130,10,0.0,10000.0,1.0,1.0,0.0,0.0,0.0
flow.ndy.feature.Yield.managed.CW,14,140,10,0.0,10000.0,1.0,1.0,0.0,0.0,0.0
flow.ndy.feature.Yield.managed.CW,15,150,10,0.0,10000.0,1.0,1.0,0.0,0.0,0.0
flow.ndy.feature.Yield.managed.CW,16,160,10,0.0,10000.0,1.0,1.0,0.0,0.0,0.0
flow.ndy.feature.Yield.managed.CW,17,170,10,0.0,10000.0,1.0,1.0,0.0,0.0,0.0
flow.ndy.feature.Yield.managed.CW,18,180,10,0.0,10000.0,1.0,1.0,0.0,0.0,0.0
flow.ndy.feature.Yield.managed.CW,19,190,10,0.0,10000.0,1.0,1.0,0.0,0.0,0.0
flow.ndy.feature.Yield.managed.CW,20,200,10,0.0,10000.0,1.0,1.0,0.0,0.0,0.0
flow.ndy.feature.Yield.managed.CW,21,210,10,0.0,10000.0,1.0,1.0,1.0959999561309814,0.0,0.0
flow.ndy.feature.Yield.managed.CW,22,220,10,0.0,10000.0,1.0,1.0,1.4040000438690186,0.0,0.0
flow.ndy.feature.Yield.managed.CW,23,230,10,0.0,10000.0,1.0,1.0,2.196000099182129,0.0,0.0
flow.ndy.feature.Yield.managed.CW,24,240,10,0.0,10000.0,1.0,1.0,-0.5820000171661377,0.0,0.0
flow.ndy.feature.Yield.managed.CW,25,250,10,0.0,10000.0,1.0,1.0,-0.8740000128746033,0.0,0.0
flow.ndy.feature.Yield.managed.CW,26,260,10,0.0,10000.0,1.0,1.0,-0.593999981880188,0.0,0.0
flow.ndy.feature.Yield.managed.CW,27,270,10,0.0,10000.0,1.0,1.0,-0.3970000147819519,0.0,0.0
flow.ndy.feature.Yield.managed.CW,28,280,10,0.0,10000.0,1.0,1.0,-0.8090000152587891,0.0,0.0
flow.ndy.feature.Yield.managed.CW,29,290,10,0.0,10000.0,1.0,1.0,0.3179999887943268,0.0,0.0
flow.ndy.feature.Yield.managed.CW,30,300,10,0.0,10000.0,1.0,1.0,1.4259999990463257,0.0,0.0
flow.ndy.feature.Yield.managed.FDC,0,0,10,0.0,10000.0,1.0,1.0,0.0,0.0,0.0
flow.ndy.feature.Yield.managed.FDC,1,10,10,0.0,10000.0,1.0,1.0,0.0,0.0,0.0
flow.ndy.feature.Yield.managed.FDC,2,20,10,0.0,10000.0,1.0,1.0,0.0,0.0,0.0
flow.ndy.feature.Yield.managed.FDC,3,30,10,0.0,10000.0,1.0,1.0,0.0,0.0,0.0
flow.ndy.feature.Yield.managed.FDC,4,40,10,0.0,10000.0,1.0,1.0,0.0,0.0,0.0
flow.ndy.feature.Yield.managed.FDC,5,50,10,0.0,10000.0,1.0,1.0,0.0,0.0,0.0
flow.ndy.feature.Yield.managed.FDC,6,60,10,0.0,10000.0,1.0,1.0,0.0,0.0,0.0
flow.ndy.feature.Yield.managed.FDC,7,70,10,0.0,10000.0,1.0,1.0,0.0,0.0,0.0
flow.ndy.feature.Yield.managed.FDC,8,80,10,0.0,10000.0,1.0,1.0,0.0,0.0,0.0
flow.ndy.feature.Yield.managed.FDC,9,90,10,0.0,10000.0,1.0,1.0,0.0,0.0,0.0
flow.ndy.feature.Yield.managed.FDC,10,100,10,0.0,10000.0,1.0,1.0,0.0,0.0,0.0
flow.ndy.feature.Yield.managed.FDC,11,110,10,0.0,10000.0,1.0,1.0,0.0,0.0,0.0
flow.ndy.feature.Yield.managed.FDC,12,120,10,0.0,10000.0,1.0,1.0,0.0,0.0,0.0
flow.ndy.feature.Yield.managed.FDC,13,130,10,0.0,10000.0,1.0,1.0,0.0,0.0,0.0
flow.ndy.feature.Yield.managed.FDC,14,140,10,0.0,10000.0,1.0,1.0,0.0,0.0,0.0
flow.ndy.feature.Yield.managed.FDC,15,150,10,0.0,10000.0,1.0,1.0,0.0,0.0,0.0
flow.ndy.feature.Yield.managed.FDC,16,160,10,0.0,10000.0,1.0,1.0,0.0,0.0,0.0
flow.ndy.feature.Yield.managed.FDC,17,170,10,0.0,10000.0,1.0,1.0,0.0,0.0,0.0
flow.ndy.feature.Yield.managed.FDC,18,180,10,0.0,10000.0,1.0,1.0,0.0,0.0,0.0
flow.ndy.feature.Yield.managed.FDC,19,190,10,0.0,10000.0,1.0,1.0,0.0,0.0,0.0
flow.ndy.feature.Yield.managed.FDC,20,200,10,0.0,10000.0,1.0,1.0,0.0,0.0,0.0
flow.ndy.feature.Yield.managed.FDC,21,210,10,0.0,10000.0,1.0,1.0,-7.401000022888184,0.0,0.0
flow.ndy.feature.Yield.managed.FDC,22,220,10,0.0,10000.0,1.0,1.0,-5.679999828338623,0.0,0.0
flow.ndy.feature.Yield.managed.FDC,23,230,10,0.0,10000.0,1.0,1.0,-6.936999797821045,0.0,0.0
flow.ndy.feature.Yield.managed.FDC,24,240,10,0.0,10000.0,1.0,1.0,-4.001999855041504,0.0,0.0
flow.ndy.feature.Yield.managed.FDC,25,250,10,0.0,10000.0,1.0,1.0,4.390999794006348,0.0,0.0
flow.ndy.feature.Yield.managed.FDC,26,260,10,0.0,10000.0,1.0,1.0,6.992000102996826,0.0,0.0
flow.ndy.feature.Yield.managed.FDC,27,270,10,0.0,10000.0,1.0,1.0,4.568999767303467,0.0,0.0
flow.ndy.feature.Yield.managed.FDC,28,280,10,0.0,10000.0,1.0,1.0,7.349999904632568,0.0,0.0
flow.ndy.feature.Yield.managed.FDC,29,290,10,0.0,10000.0,1.0,1.0,1.8940000534057617,0.0,0.0
flow.ndy.feature.Yield.managed.FDC,30,300,10,0.0,10000.0,1.0,1.0,-2.078000068664551,0.0,0.0
flow.ndy.feature.Yield.managed.HW,0,0,10,0.0,10000.0,1.0,1.0,0.0,0.0,0.0
flow.ndy.feature.Yield.managed.HW,1,10,10,0.0,10000.0,1.0,1.0,0.0,0.0,0.0
flow.ndy.feature.Yield.managed.HW,2,20,10,0.0,10000.0,1.0,1.0,0.0,0.0,0.0
flow.ndy.feature.Yield.managed.HW,3,30,10,0.0,10000.0,1.0,1.0,0.0,0.0,0.0
flow.ndy.feature.Yield.managed.HW,4,40,10,0.0,10000.0,1.0,1.0,0.0,0.0,0.0
flow.ndy.feature.Yield.managed.HW,5,50,10,0.0,10000.0,1.0,1.0,0.0,0.0,0.0
flow.ndy.feature.Yield.managed.HW,6,60,10,0.0,10000.0,1.0,1.0,0.0,0.0,0.0
flow.ndy.feature.Yield.managed.HW,7,70,10,0.0,10000.0,1.0,1.0,0.0,0.0,0.0
flow.ndy.feature.Yield.managed.HW,8,80,10,0.0,10000.0,1.0,1.0,0.0,0.0,0.0
flow.ndy.feature.Yield.managed.HW,9,90,10,0.0,10000.0,1.0,1.0,0.0,0.0,0.0
flow.ndy.feature.Yield.managed.HW,10,100,10,0.0,10000.0,1.0,1.0,0.0,0.0,0.0
flow.ndy.feature.Yield.managed.HW,11,110,10,0.0,10000.0,1.0,1.0,0.0,0.0,0.0
flow.ndy.feature.Yield.managed.HW,12,120,10,0.0,10000.0,1.0,1.0,0.0,0.0,0.0
flow.ndy.feature.Yield.managed.HW,13,130,10,0.0,10000.0,1.0,1.0,0.0,0.0,0.0
flow.ndy.feature.Yield.managed.HW,14,140,10,0.0,10000.0,1.0,1.0,0.0,0.0,0.0
flow.ndy.feature.Yield.managed.HW,15,150,10,0.0,10000.0,1.0,1.0,0.0,0.0,0.0
flow.ndy.feature.Yield.managed.HW,16,160,10,0.0,10000.0,1.0,1.0,0.0,0.0,0.0
flow.ndy.feature.Yield.managed.HW,17,170,10,0.0,10000.0,1.0,1.0,0.0,0.0,0.0
flow.ndy.feature.Yield.managed.HW,18,180,10,0.0,10000.0,1.0,1.0,0.0,0.0,0.0
flow.ndy.feature.Yield.managed.HW,19,190,10,0.0,10000.0,1.0,1.0,0.0,0.0,0.0
flow.ndy.feature.Yield.managed.HW,20,200,10,0.0,10000.0,1.0,1.0,0.0,0.0,0.0
flow.ndy.feature.Yield.managed.HW,21,210,10,0.0,10000.0,1.0,1.0,4.0370001792907715,0.0,0.0
flow.ndy.feature.Yield.managed.HW,22,220,10,0.0,10000.0,1.0,1.0,3.6429998874664307,0.0,0.0
flow.ndy.feature.Yield.managed.HW,23,230,10,0.0,10000.0,1.0,1.0,4.822000026702881,0.0,0.0
flow.ndy.feature.Yield.managed.HW,24,240,10,0.0,10000.0,1.0,1.0,0.3840000033378601,0.0,0.0
flow.ndy.feature.Yield.managed.HW,25,250,10,0.0,10000.0,1.0,1.0,-1.9850000143051147,0.0,0.0
flow.ndy.feature.Yield.managed.HW,26,260,10,0.0,10000.0,1.0,1.0,-2.4860000610351562,0.0,0.0
flow.ndy.feature.Yield.managed.HW,27,270,10,0.0,10000.0,1.0,1.0,-1.718999981880188,0.0,0.0
flow.ndy.feature.Yield.managed.HW,28,280,10,0.0,10000.0,1.0,1.0,-3.312999963760376,0.0,0.0
flow.ndy.feature.Yield.managed.HW,29,290,10,0.0,10000.0,1.0,1.0,-0.28299999237060547,0.0,0.0
flow.ndy.feature.Yield.managed.HW,30,300,10,0.0,10000.0,1.0,1.0,2.4210000038146973,0.0,0.0
flow.ndy.feature.Yield.managed.Total,0,0,10,0.0,10000.0,1.0,1.0,0.0,0.0,0.0
flow.ndy.feature.Yield.managed.Total,1,10,10,0.0,10000.0,1.0,1.0,0.0,0.0,0.0
flow.ndy.feature.Yield.managed.Total,2,20,10,0.0,10000.0,1.0,1.0,0.0,0.0,0.0
flow.ndy.feature.Yield.managed.Total,3,30,10,0.0,10000.0,1.0,1.0,0.0,0.0,0.0
flow.ndy.feature.Yield.managed.Total,4,40,10,0.0,10000.0,1.0,1.0,0.0,0.0,0.0
flow.ndy.feature.Yield.managed.Total,5,50,10,0.0,10000.0,1.0,1.0,0.0,0.0,0.0
flow.ndy.feature.Yield.managed.Total,6,60,10,0.0,10000.0,1.0,1.0,0.0,0.0,0.0
flow.ndy.feature.Yield.managed.Total,7,70,10,0.0,10000.0,1.0,1.0,0.0,0.0,0.0
flow.ndy.feature.Yield.managed.Total,8,80,10,0.0,10000.0,1.0,1.0,0.0,0.0,0.0
flow.ndy.feature.Yield.managed.Total,9,90,10,0.0,10000.0,1.0,1.0,0.0,0.0,0.0
flow.ndy.feature.Yield.managed.Total,10,100,10,0.0,10000.0,1.0,1.0,0.0,0.0,0.0
flow.ndy.feature.Yield.managed.Total,11,110,10,0.0,10000.0,1.0,1.0,0.0,0.0,0.0
flow.ndy.feature.Yield.managed.Total,12,120,10,0.0,10000.0,1.0,1.0,0.0,0.0,0.0
flow.ndy.feature.Yield.managed.Total,13,130,10,0.0,10000.0,1.0,1.0,0.0,0.0,0.0
flow.ndy.feature.Yield.managed.Total,14,140,10,0.0,10000.0,1.0,1.0,0.0,0.0,0.0
flow.ndy.feature.Yield.managed.Total,15,150,10,0.0,10000.0,1.0,1.0,0.0,0.0,0.0
flow.ndy.feature.Yield.managed.Total,16,160,10,0.0,10000.0,1.0,1.0,0.0,0.0,0.0
flow.ndy.feature.Yield.managed.Total,17,170,10,0.0,10000.0,1.0,1.0,0.0,0.0,0.0
flow.ndy.feature.Yield.managed.Total,18,180,10,0.0,10000.0,1.0,1.0,0.0,0.0,0.0
flow.ndy.feature.Yield.managed.Total,19,190,10,0.0,10000.0,1.0,1.0,0.0,0.0,0.0
flow.ndy.feature.Yield.managed.Total,20,200,10,0.0,10000.0,1.0,1.0,0.0,0.0,0.0
flow.ndy.feature.Yield.managed.Total,21,210,10,0.0,10000.0,1.0,1.0,-0.15600000321865082,0.0,0.0
flow.ndy.feature.Yield.managed.Total,22,220,10,0.0,10000.0,1.0,1.0,0.38499999046325684,0.0,0.0
flow.ndy.feature.Yield.managed.Total,23,230,10,0.0,10000.0,1.0,1.0,0.20999999344348907,0.0,0.0
flow.ndy.feature.Yield.managed.Total,24,240,10,0.0,10000.0,1.0,1.0,-0.8059999942779541,0.0,0.0
flow.ndy.feature.Yield.managed.Total,25,250,10,0.0,10000.0,1.0,1.0,-0.6359999775886536,0.0,0.0
flow.ndy.feature.Yield.managed.Total,26,260,10,0.0,10000.0,1.0,1.0,-0.10499999672174454,0.0,0.0
flow.ndy.feature.Yield.managed.Total,27,270,10,0.0,10000.0,1.0,1.0,0.2669999897480011,0.0,0.0
flow.ndy.feature.Yield.managed.Total,28,280,10,0.0,10000.0,1.0,1.0,0.10499999672174454,0.0,0.0
flow.ndy.feature.Yield.managed.Total,29,290,10,0.0,10000.0,1.0,1.0,-0.05900000035762787,0.0,0.0
flow.ndy.feature.Yield.managed.Total,30,300,10,0.0,10000.0,1.0,1.0,-0.11500000208616257,0.0,0.0
product.HarvestedVolume.managed.CW.CC,0,0,10,0.0,10000.0,1.0,1.0,0.0,0.0,0.0
product.HarvestedVolume.managed.CW.CC,1,10,10,0.0,10000.0,1.0,1.0,6121.125,0.0,0.0
product.HarvestedVolume.managed.CW.CC,2,20,10,0.0,10000.0,1.0,1.0,7759.49609375,0.0,0.0
product.HarvestedVolume.managed.CW.CC,3,30,10,0.0,10000.0,1.0,1.0,10754.9677734375,0.0,0.0
product.HarvestedVolume.managed.CW.CC,4,40,10,0.0,10000.0,1.0,1.0,14488.05859375,0.0,0.0
product.HarvestedVolume.managed.CW.CC,5,50,10,0.0,10000.0,1.0,1.0,9140.7490234375,0.0,0.0
product.HarvestedVolume.managed.CW.CC,6,60,10,0.0,10000.0,1.0,1.0,12182.5732421875,0.0,0.0
product.HarvestedVolume.managed.CW.CC,7,70,10,0.0,10000.0,1.0,1.0,4010.68310546875,0.0,0.0
product.HarvestedVolume.managed.CW.CC,8,80,10,0.0,10000.0,1.0,1.0,6112.59814453125,0.0,0.0
product.HarvestedVolume.managed.CW.CC,9,90,10,0.0,10000.0,1.0,1.0,13066.2177734375,0.0,0.0
product.HarvestedVolume.managed.CW.CC,10,100,10,0.0,10000.0,1.0,1.0,16084.0693359375,0.0,0.0
product.HarvestedVolume.managed.CW.CC,11,110,10,0.0,10000.0,1.0,1.0,14453.14453125,0.0,0.0
product.HarvestedVolume.managed.CW.CC,12,120,10,0.0,10000.0,1.0,1.0,15056.7958984375,0.0,0.0
product.HarvestedVolume.managed.CW.CC,13,130,10,0.0,10000.0,1.0,1.0,16345.4501953125,0.0,0.0
product.HarvestedVolume.managed.CW.CC,14,140,10,0.0,10000.0,1.0,1.0,12697.025390625,0.0,0.0
product.HarvestedVolume.managed.CW.CC,15,150,10,0.0,10000.0,1.0,1.0,8883.6904296875,0.0,0.0
product.HarvestedVolume.managed.CW.CC,16,160,10,0.0,10000.0,1.0,1.0,13795.849609375,0.0,0.0
product.HarvestedVolume.managed.CW.CC,17,170,10,0.0,10000.0,1.0,1.0,14397.12890625,0.0,0.0
product.HarvestedVolume.managed.CW.CC,18,180,10,0.0,10000.0,1.0,1.0,15180.7099609375,0.0,0.0
product.HarvestedVolume.managed.CW.CC,19,190,10,0.0,10000.0,1.0,1.0,12993.2666015625,0.0,0.0
product.HarvestedVolume.managed.CW.CC,20,200,10,0.0,10000.0,1.0,1.0,16842.9609375,0.0,0.0
product.HarvestedVolume.managed.CW.CC,21,210,10,0.0,10000.0,1.0,1.0,13165.224609375,0.0,0.0
product.HarvestedVolume.managed.CW.CC,22,220,10,0.0,10000.0,1.0,1.0,13608.2529296875,0.0,0.0
product.HarvestedVolume.managed.CW.CC,23,230,10,0.0,10000.0,1.0,1.0,12029.6240234375,0.0,0.0
product.HarvestedVolume.managed.CW.CC,24,240,10,0.0,10000.0,1.0,1.0,14883.5283203125,0.0,0.0
product.HarvestedVolume.managed.CW.CC,25,250,10,0.0,10000.0,1.0,1.0,15336.8974609375,0.0,0.0
product.HarvestedVolume.managed.CW.CC,26,260,10,0.0,10000.0,1.0,1.0,15466.037109375,0.0,0.0
product.HarvestedVolume.managed.CW.CC,27,270,10,0.0,10000.0,1.0,1.0,15788.8525390625,0.0,0.0
product.HarvestedVolume.managed.CW.CC,28,280,10,0.0,10000.0,1.0,1.0,16223.2587890625,0.0,0.0
product.HarvestedVolume.managed.CW.CC,29,290,10,0.0,10000.0,1.0,1.0,14212.5986328125,0.0,0.0
product.HarvestedVolume.managed.CW.CC,30,300,10,0.0,10000.0,1.0,1.0,12703.09765625,0.0,0.0
product.HarvestedVolume.managed.FDC.CC,0,0,10,0.0,10000.0,1.0,1.0,0.0,0.0,0.0
product.HarvestedVolume.managed.FDC.CC,1,10,10,0.0,10000.0,1.0,1.0,24486.490234375,0.0,0.0
product.HarvestedVolume.managed.FDC.CC,2,20,10,0.0,10000.0,1.0,1.0,9369.484375,0.0,0.0
product.HarvestedVolume.managed.FDC.CC,3,30,10,0.0,10000.0,1.0,1.0,28671.373046875,0.0,0.0
product.HarvestedVolume.managed.FDC.CC,4,40,10,0.0,10000.0,1.0,1.0,23235.470703125,0.0,0.0
product.HarvestedVolume.managed.FDC.CC,5,50,10,0.0,10000.0,1.0,1.0,6376.31982421875,0.0,0.0
product.HarvestedVolume.managed.FDC.CC,6,60,10,0.0,10000.0,1.0,1.0,40371.60546875,0.0,0.0
product.HarvestedVolume.managed.FDC.CC,7,70,10,0.0,10000.0,1.0,1.0,7661.80419921875,0.0,0.0
product.HarvestedVolume.managed.FDC.CC,8,80,10,0.0,10000.0,1.0,1.0,15232.353515625,0.0,0.0
product.HarvestedVolume.managed.FDC.CC,9,90,10,0.0,10000.0,1.0,1.0,40458.171875,0.0,0.0
product.HarvestedVolume.managed.FDC.CC,10,100,10,0.0,10000.0,1.0,1.0,10472.693359375,0.0,0.0
product.HarvestedVolume.managed.FDC.CC,11,110,10,0.0,10000.0,1.0,1.0,24692.77734375,0.0,0.0
product.HarvestedVolume.managed.FDC.CC,12,120,10,0.0,10000.0,1.0,1.0,25241.279296875,0.0,0.0
product.HarvestedVolume.managed.FDC.CC,13,130,10,0.0,10000.0,1.0,1.0,12858.1171875,0.0,0.0
product.HarvestedVolume.managed.FDC.CC,14,140,10,0.0,10000.0,1.0,1.0,9521.673828125,0.0,0.0
product.HarvestedVolume.managed.FDC.CC,15,150,10,0.0,10000.0,1.0,1.0,10835.203125,0.0,0.0
product.HarvestedVolume.managed.FDC.CC,16,160,10,0.0,10000.0,1.0,1.0,36031.38671875,0.0,0.0
product.HarvestedVolume.managed.FDC.CC,17,170,10,0.0,10000.0,1.0,1.0,34522.9921875,0.0,0.0
product.HarvestedVolume.managed.FDC.CC,18,180,10,0.0,10000.0,1.0,1.0,21432.220703125,0.0,0.0
product.HarvestedVolume.managed.FDC.CC,19,190,10,0.0,10000.0,1.0,1.0,39185.35546875,0.0,0.0
product.HarvestedVolume.managed.FDC.CC,20,200,10,0.0,10000.0,1.0,1.0,9448.5244140625,0.0,0.0
product.HarvestedVolume.managed.FDC.CC,21,210,10,0.0,10000.0,1.0,1.0,46846.1953125,0.0,0.0
product.HarvestedVolume.managed.FDC.CC,22,220,10,0.0,10000.0,1.0,1.0,42418.203125,0.0,0.0
product.HarvestedVolume.managed.FDC.CC,23,230,10,0.0,10000.0,1.0,1.0,43220.6875,0.0,0.0
product.HarvestedVolume.managed.FDC.CC,24,240,10,0.0,10000.0,1.0,1.0,29677.201171875,0.0,0.0
product.HarvestedVolume.managed.FDC.CC,25,250,10,0.0,10000.0,1.0,1.0,14138.6259765625,0.0,0.0
product.HarvestedVolume.managed.FDC.CC,26,260,10,0.0,10000.0,1.0,1.0,13333.9462890625,0.0,0.0
product.HarvestedVolume.managed.FDC.CC,27,270,10,0.0,10000.0,1.0,1.0,20161.068359375,0.0,0.0
product.HarvestedVolume.managed.FDC.CC,28,280,10,0.0,10000.0,1.0,1.0,11261.4658203125,0.0,0.0
product.HarvestedVolume.managed.FDC.CC,29,290,10,0.0,10000.0,1.0,1.0,23882.939453125,0.0,0.0
product.HarvestedVolume.managed.FDC.CC,30,300,10,0.0,10000.0,1.0,1.0,31337.03125,0.0,0.0
product.HarvestedVolume.managed.HW.CC,0,0,10,0.0,10000.0,1.0,1.0,0.0,0.0,0.0
product.HarvestedVolume.managed.HW.CC,1,10,10,0.0,10000.0,1.0,1.0,10202.8720703125,0.0,0.0
product.HarvestedVolume.managed.HW.CC,2,20,10,0.0,10000.0,1.0,1.0,24614.67578125,0.0,0.0
product.HarvestedVolume.managed.HW.CC,3,30,10,0.0,10000.0,1.0,1.0,26453.7890625,0.0,0.0
product.HarvestedVolume.managed.HW.CC,4,40,10,0.0,10000.0,1.0,1.0,42845.28125,0.0,0.0
product.HarvestedVolume.managed.HW.CC,5,50,10,0.0,10000.0,1.0,1.0,31045.009765625,0.0,0.0
product.HarvestedVolume.managed.HW.CC,6,60,10,0.0,10000.0,1.0,1.0,24676.26953125,0.0,0.0
product.HarvestedVolume.managed.HW.CC,7,70,10,0.0,10000.0,1.0,1.0,11073.5673828125,0.0,0.0
product.HarvestedVolume.managed.HW.CC,8,80,10,0.0,10000.0,1.0,1.0,15013.625,0.0,0.0
product.HarvestedVolume.managed.HW.CC,9,90,10,0.0,10000.0,1.0,1.0,28195.400390625,0.0,0.0
product.HarvestedVolume.managed.HW.CC,10,100,10,0.0,10000.0,1.0,1.0,55402.85546875,0.0,0.0
product.HarvestedVolume.managed.HW.CC,11,110,10,0.0,10000.0,1.0,1.0,43172.1484375,0.0,0.0
product.HarvestedVolume.managed.HW.CC,12,120,10,0.0,10000.0,1.0,1.0,44711.37890625,0.0,0.0
product.HarvestedVolume.managed.HW.CC,13,130,10,0.0,10000.0,1.0,1.0,54758.30859375,0.0,0.0
product.HarvestedVolume.managed.HW.CC,14,140,10,0.0,10000.0,1.0,1.0,42774.734375,0.0,0.0
product.HarvestedVolume.managed.HW.CC,15,150,10,0.0,10000.0,1.0,1.0,27743.572265625,0.0,0.0
product.HarvestedVolume.managed.HW.CC,16,160,10,0.0,10000.0,1.0,1.0,33386.5078125,0.0,0.0
product.HarvestedVolume.managed.HW.CC,17,170,10,0.0,10000.0,1.0,1.0,36075.90234375,0.0,0.0
product.HarvestedVolume.managed.HW.CC,18,180,10,0.0,10000.0,1.0,1.0,45877.84375,0.0,0.0
product.HarvestedVolume.managed.HW.CC,19,190,10,0.0,10000.0,1.0,1.0,31219.361328125,0.0,0.0
product.HarvestedVolume.managed.HW.CC,20,200,10,0.0,10000.0,1.0,1.0,58707.91015625,0.0,0.0
product.HarvestedVolume.managed.HW.CC,21,210,10,0.0,10000.0,1.0,1.0,24986.603515625,0.0,0.0
product.HarvestedVolume.managed.HW.CC,22,220,10,0.0,10000.0,1.0,1.0,28975.43359375,0.0,0.0
product.HarvestedVolume.managed.HW.CC,23,230,10,0.0,10000.0,1.0,1.0,22612.90625,0.0,0.0
product.HarvestedVolume.managed.HW.CC,24,240,10,0.0,10000.0,1.0,1.0,40439.546875,0.0,0.0
product.HarvestedVolume.managed.HW.CC,25,250,10,0.0,10000.0,1.0,1.0,50286.69140625,0.0,0.0
product.HarvestedVolume.managed.HW.CC,26,260,10,0.0,10000.0,1.0,1.0,51655.2890625,0.0,0.0
product.HarvestedVolume.managed.HW.CC,27,270,10,0.0,10000.0,1.0,1.0,49050.97265625,0.0,0.0
product.HarvestedVolume.managed.HW.CC,28,280,10,0.0,10000.0,1.0,1.0,56055.62109375,0.0,0.0
product.HarvestedVolume.managed.HW.CC,29,290,10,0.0,10000.0,1.0,1.0,41595.86328125,0.0,0.0
product.HarvestedVolume.managed.HW.CC,30,300,10,0.0,10000.0,1.0,1.0,32338.953125,0.0,0.0
product.HarvestedVolume.managed.Total.CC,0,0,10,0.0,10000.0,1.0,1.0,0.0,0.0,0.0
product.HarvestedVolume.managed.Total.CC,1,10,10,0.0,10000.0,1.0,1.0,85018.578125,0.0,0.0
product.HarvestedVolume.managed.Total.CC,2,20,10,0.0,10000.0,1.0,1.0,84997.171875,0.0,0.0
product.HarvestedVolume.managed.Total.CC,3,30,10,0.0,10000.0,1.0,1.0,84997.3828125,0.0,0.0
product.HarvestedVolume.managed.Total.CC,4,40,10,0.0,10000.0,1.0,1.0,84996.46875,0.0,0.0
product.HarvestedVolume.managed.Total.CC,5,50,10,0.0,10000.0,1.0,1.0,85004.6171875,0.0,0.0
product.HarvestedVolume.managed.Total.CC,6,60,10,0.0,10000.0,1.0,1.0,85001.8984375,0.0,0.0
product.HarvestedVolume.managed.Total.CC,7,70,10,0.0,10000.0,1.0,1.0,85006.2890625,0.0,0.0
product.HarvestedVolume.managed.Total.CC,8,80,10,0.0,10000.0,1.0,1.0,85065.515625,0.0,0.0
product.HarvestedVolume.managed.Total.CC,9,90,10,0.0,10000.0,1.0,1.0,85005.234375,0.0,0.0
product.HarvestedVolume.managed.Total.CC,10,100,10,0.0,10000.0,1.0,1.0,85014.9375,0.0,0.0
product.HarvestedVolume.managed.Total.CC,11,110,10,0.0,10000.0,1.0,1.0,85002.234375,0.0,0.0
product.HarvestedVolume.managed.Total.CC,12,120,10,0.0,10000.0,1.0,1.0,85009.46875,0.0,0.0
product.HarvestedVolume.managed.Total.CC,13,130,10,0.0,10000.0,1.0,1.0,85003.65625,0.0,0.0
product.HarvestedVolume.managed.Total.CC,14,140,10,0.0,10000.0,1.0,1.0,84999.7265625,0.0,0.0
product.HarvestedVolume.managed.Total.CC,15,150,10,0.0,10000.0,1.0,1.0,85001.828125,0.0,0.0
product.HarvestedVolume.managed.Total.CC,16,160,10,0.0,10000.0,1.0,1.0,85000.6875,0.0,0.0
product.HarvestedVolume.managed.Total.CC,17,170,10,0.0,10000.0,1.0,1.0,84996.03125,0.0,0.0
product.HarvestedVolume.managed.Total.CC,18,180,10,0.0,10000.0,1.0,1.0,85002.0859375,0.0,0.0
product.HarvestedVolume.managed.Total.CC,19,190,10,0.0,10000.0,1.0,1.0,85005.9921875,0.0,0.0
product.HarvestedVolume.managed.Total.CC,20,200,10,0.0,10000.0,1.0,1.0,84999.40625,0.0,0.0
product.HarvestedVolume.managed.Total.CC,21,210,10,0.0,10000.0,1.0,1.0,84997.96875,0.0,0.0
product.HarvestedVolume.managed.Total.CC,22,220,10,0.0,10000.0,1.0,1.0,85001.8984375,0.0,0.0
product.HarvestedVolume.managed.Total.CC,23,230,10,0.0,10000.0,1.0,1.0,84998.4296875,0.0,0.0
product.HarvestedVolume.managed.Total.CC,24,240,10,0.0,10000.0,1.0,1.0,85000.296875,0.0,0.0
product.HarvestedVolume.managed.Total.CC,25,250,10,0.0,10000.0,1.0,1.0,85000.7578125,0.0,0.0
product.HarvestedVolume.managed.Total.CC,26,260,10,0.0,10000.0,1.0,1.0,85000.0390625,0.0,0.0
product.HarvestedVolume.managed.Total.CC,27,270,10,0.0,10000.0,1.0,1.0,85000.90625,0.0,0.0
product.HarvestedVolume.managed.Total.CC,28,280,10,0.0,10000.0,1.0,1.0,85000.15625,0.0,0.0
product.HarvestedVolume.managed.Total.CC,29,290,10,0.0,10000.0,1.0,1.0,84999.5,0.0,0.0
product.HarvestedVolume.managed.Total.CC,30,300,10,0.0,10000.0,1.0,1.0,85000.5078125,0.0,0.0
product.Logs_Grade_D.managed.Total.CC,0,0,10,0.0,10000.0,1.0,1.0,0.0,0.0,0.0
product.Logs_Grade_D.managed.Total.CC,1,10,10,0.0,10000.0,1.0,1.0,0.0,0.0,0.0
product.Logs_Grade_D.managed.Total.CC,2,20,10,0.0,10000.0,1.0,1.0,0.0,0.0,0.0
product.Logs_Grade_D.managed.Total.CC,3,30,10,0.0,10000.0,1.0,1.0,0.0,0.0,0.0
product.Logs_Grade_D.managed.Total.CC,4,40,10,0.0,10000.0,1.0,1.0,0.0,0.0,0.0
product.Logs_Grade_D.managed.Total.CC,5,50,10,0.0,10000.0,1.0,1.0,0.0,0.0,0.0
product.Logs_Grade_D.managed.Total.CC,6,60,10,0.0,10000.0,1.0,1.0,0.0,0.0,0.0
product.Logs_Grade_D.managed.Total.CC,7,70,10,0.0,10000.0,1.0,1.0,0.0,0.0,0.0
product.Logs_Grade_D.managed.Total.CC,8,80,10,0.0,10000.0,1.0,1.0,0.0,0.0,0.0
product.Logs_Grade_D.managed.Total.CC,9,90,10,0.0,10000.0,1.0,1.0,0.0,0.0,0.0
product.Logs_Grade_D.managed.Total.CC,10,100,10,0.0,10000.0,1.0,1.0,0.0,0.0,0.0
product.Logs_Grade_D.managed.Total.CC,11,110,10,0.0,10000.0,1.0,1.0,0.0,0.0,0.0
product.Logs_Grade_D.managed.Total.CC,12,120,10,0.0,10000.0,1.0,1.0,0.0,0.0,0.0
product.Logs_Grade_D.managed.Total.CC,13,130,10,0.0,10000.0,1.0,1.0,0.0,0.0,0.0
product.Logs_Grade_D.managed.Total.CC,14,140,10,0.0,10000.0,1.0,1.0,0.0,0.0,0.0
product.Logs_Grade_D.managed.Total.CC,15,150,10,0.0,10000.0,1.0,1.0,0.0,0.0,0.0
product.Logs_Grade_D.managed.Total.CC,16,160,10,0.0,10000.0,1.0,1.0,0.0,0.0,0.0
product.Logs_Grade_D.managed.Total.CC,17,170,10,0.0,10000.0,1.0,1.0,0.0,0.0,0.0
product.Logs_Grade_D.managed.Total.CC,18,180,10,0.0,10000.0,1.0,1.0,0.0,0.0,0.0
product.Logs_Grade_D.managed.Total.CC,19,190,10,0.0,10000.0,1.0,1.0,0.0,0.0,0.0
product.Logs_Grade_D.managed.Total.CC,20,200,10,0.0,10000.0,1.0,1.0,0.0,0.0,0.0
product.Logs_Grade_D.managed.Total.CC,21,210,10,0.0,10000.0,1.0,1.0,0.0,0.0,0.0
product.Logs_Grade_D.managed.Total.CC,22,220,10,0.0,10000.0,1.0,1.0,0.0,0.0,0.0
product.Logs_Grade_D.managed.Total.CC,23,230,10,0.0,10000.0,1.0,1.0,0.0,0.0,0.0
product.Logs_Grade_D.managed.Total.CC,24,240,10,0.0,10000.0,1.0,1.0,0.0,0.0,0.0
product.Logs_Grade_D.managed.Total.CC,25,250,10,0.0,10000.0,1.0,1.0,0.0,0.0,0.0
product.Logs_Grade_D.managed.Total.CC,26,260,10,0.0,10000.0,1.0,1.0,0.0,0.0,0.0
product.Logs_Grade_D.managed.Total.CC,27,270,10,0.0,10000.0,1.0,1.0,0.0,0.0,0.0
product.Logs_Grade_D.managed.Total.CC,28,280,10,0.0,10000.0,1.0,1.0,0.0,0.0,0.0
product.Logs_Grade_D.managed.Total.CC,29,290,10,0.0,10000.0,1.0,1.0,0.0,0.0,0.0
product.Logs_Grade_D.managed.Total.CC,30,300,10,0.0,10000.0,1.0,1.0,0.0,0.0,0.0
product.Logs_Grade_F.managed.Total.CC,0,0,10,0.0,10000.0,1.0,1.0,0.0,0.0,0.0
product.Logs_Grade_F.managed.Total.CC,1,10,10,0.0,10000.0,1.0,1.0,0.0,0.0,0.0
product.Logs_Grade_F.managed.Total.CC,2,20,10,0.0,10000.0,1.0,1.0,0.0,0.0,0.0
product.Logs_Grade_F.managed.Total.CC,3,30,10,0.0,10000.0,1.0,1.0,0.0,0.0,0.0
product.Logs_Grade_F.managed.Total.CC,4,40,10,0.0,10000.0,1.0,1.0,0.0,0.0,0.0
product.Logs_Grade_F.managed.Total.CC,5,50,10,0.0,10000.0,1.0,1.0,0.0,0.0,0.0
product.Logs_Grade_F.managed.Total.CC,6,60,10,0.0,10000.0,1.0,1.0,0.0,0.0,0.0
product.Logs_Grade_F.managed.Total.CC,7,70,10,0.0,10000.0,1.0,1.0,0.0,0.0,0.0
product.Logs_Grade_F.managed.Total.CC,8,80,10,0.0,10000.0,1.0,1.0,0.0,0.0,0.0
product.Logs_Grade_F.managed.Total.CC,9,90,10,0.0,10000.0,1.0,1.0,0.0,0.0,0.0
product.Logs_Grade_F.managed.Total.CC,10,100,10,0.0,10000.0,1.0,1.0,0.0,0.0,0.0
product.Logs_Grade_F.managed.Total.CC,11,110,10,0.0,10000.0,1.0,1.0,0.0,0.0,0.0
product.Logs_Grade_F.managed.Total.CC,12,120,10,0.0,10000.0,1.0,1.0,0.0,0.0,0.0
product.Logs_Grade_F.managed.Total.CC,13,130,10,0.0,10000.0,1.0,1.0,0.0,0.0,0.0
product.Logs_Grade_F.managed.Total.CC,14,140,10,0.0,10000.0,1.0,1.0,0.0,0.0,0.0
product.Logs_Grade_F.managed.Total.CC,15,150,10,0.0,10000.0,1.0,1.0,0.0,0.0,0.0
product.Logs_Grade_F.managed.Total.CC,16,160,10,0.0,10000.0,1.0,1.0,0.0,0.0,0.0
product.Logs_Grade_F.managed.Total.CC,17,170,10,0.0,10000.0,1.0,1.0,0.0,0.0,0.0
product.Logs_Grade_F.managed.Total.CC,18,180,10,0.0,10000.0,1.0,1.0,0.0,0.0,0.0
product.Logs_Grade_F.managed.Total.CC,19,190,10,0.0,10000.0,1.0,1.0,0.0,0.0,0.0
product.Logs_Grade_F.managed.Total.CC,20,200,10,0.0,10000.0,1.0,1.0,0.0,0.0,0.0
product.Logs_Grade_F.managed.Total.CC,21,210,10,0.0,10000.0,1.0,1.0,0.0,0.0,0.0
product.Logs_Grade_F.managed.Total.CC,22,220,10,0.0,10000.0,1.0,1.0,0.0,0.0,0.0
product.Logs_Grade_F.managed.Total.CC,23,230,10,0.0,10000.0,1.0,1.0,0.0,0.0,0.0
product.Logs_Grade_F.managed.Total.CC,24,240,10,0.0,10000.0,1.0,1.0,0.0,0.0,0.0
product.Logs_Grade_F.managed.Total.CC,25,250,10,0.0,10000.0,1.0,1.0,0.0,0.0,0.0
product.Logs_Grade_F.managed.Total.CC,26,260,10,0.0,10000.0,1.0,1.0,0.0,0.0,0.0
product.Logs_Grade_F.managed.Total.CC,27,270,10,0.0,10000.0,1.0,1.0,0.0,0.0,0.0
product.Logs_Grade_F.managed.Total.CC,28,280,10,0.0,10000.0,1.0,1.0,0.0,0.0,0.0
product.Logs_Grade_F.managed.Total.CC,29,290,10,0.0,10000.0,1.0,1.0,0.0,0.0,0.0
product.Logs_Grade_F.managed.Total.CC,30,300,10,0.0,10000.0,1.0,1.0,0.0,0.0,0.0
product.Logs_Grade_H.managed.Total.CC,0,0,10,0.0,10000.0,1.0,1.0,0.0,0.0,0.0
product.Logs_Grade_H.managed.Total.CC,1,10,10,0.0,10000.0,1.0,1.0,9290.48828125,0.0,0.0
product.Logs_Grade_H.managed.Total.CC,2,20,10,0.0,10000.0,1.0,1.0,22945.615234375,0.0,0.0
product.Logs_Grade_H.managed.Total.CC,3,30,10,0.0,10000.0,1.0,1.0,14424.89453125,0.0,0.0
product.Logs_Grade_H.managed.Total.CC,4,40,10,0.0,10000.0,1.0,1.0,20526.4921875,0.0,0.0
product.Logs_Grade_H.managed.Total.CC,5,50,10,0.0,10000.0,1.0,1.0,28669.123046875,0.0,0.0
product.Logs_Grade_H.managed.Total.CC,6,60,10,0.0,10000.0,1.0,1.0,25537.25390625,0.0,0.0
product.Logs_Grade_H.managed.Total.CC,7,70,10,0.0,10000.0,1.0,1.0,38907.44140625,0.0,0.0
product.Logs_Grade_H.managed.Total.CC,8,80,10,0.0,10000.0,1.0,1.0,36429.390625,0.0,0.0
product.Logs_Grade_H.managed.Total.CC,9,90,10,0.0,10000.0,1.0,1.0,20147.171875,0.0,0.0
product.Logs_Grade_H.managed.Total.CC,10,100,10,0.0,10000.0,1.0,1.0,22714.150390625,0.0,0.0
product.Logs_Grade_H.managed.Total.CC,11,110,10,0.0,10000.0,1.0,1.0,17851.728515625,0.0,0.0
product.Logs_Grade_H.managed.Total.CC,12,120,10,0.0,10000.0,1.0,1.0,16541.029296875,0.0,0.0
product.Logs_Grade_H.managed.Total.CC,13,130,10,0.0,10000.0,1.0,1.0,45681.28125,0.0,0.0
product.Logs_Grade_H.managed.Total.CC,14,140,10,0.0,10000.0,1.0,1.0,36011.15625,0.0,0.0
product.Logs_Grade_H.managed.Total.CC,15,150,10,0.0,10000.0,1.0,1.0,49291.48046875,0.0,0.0
product.Logs_Grade_H.managed.Total.CC,16,160,10,0.0,10000.0,1.0,1.0,25784.771484375,0.0,0.0
product.Logs_Grade_H.managed.Total.CC,17,170,10,0.0,10000.0,1.0,1.0,13416.205078125,0.0,0.0
product.Logs_Grade_H.managed.Total.CC,18,180,10,0.0,10000.0,1.0,1.0,15599.6669921875,0.0,0.0
product.Logs_Grade_H.managed.Total.CC,19,190,10,0.0,10000.0,1.0,1.0,21452.478515625,0.0,0.0
product.Logs_Grade_H.managed.Total.CC,20,200,10,0.0,10000.0,1.0,1.0,19443.37890625,0.0,0.0
product.Logs_Grade_H.managed.Total.CC,21,210,10,0.0,10000.0,1.0,1.0,32651.28125,0.0,0.0
product.Logs_Grade_H.managed.Total.CC,22,220,10,0.0,10000.0,1.0,1.0,36843.3828125,0.0,0.0
product.Logs_Grade_H.managed.Total.CC,23,230,10,0.0,10000.0,1.0,1.0,13519.423828125,0.0,0.0
product.Logs_Grade_H.managed.Total.CC,24,240,10,0.0,10000.0,1.0,1.0,13095.4736328125,0.0,0.0
product.Logs_Grade_H.managed.Total.CC,25,250,10,0.0,10000.0,1.0,1.0,23784.080078125,0.0,0.0
product.Logs_Grade_H.managed.Total.CC,26,260,10,0.0,10000.0,1.0,1.0,50140.83984375,0.0,0.0
product.Logs_Grade_H.managed.Total.CC,27,270,10,0.0,10000.0,1.0,1.0,22291.37890625,0.0,0.0
product.Logs_Grade_H.managed.Total.CC,28,280,10,0.0,10000.0,1.0,1.0,36364.9765625,0.0,0.0
product.Logs_Grade_H.managed.Total.CC,29,290,10,0.0,10000.0,1.0,1.0,24471.76953125,0.0,0.0
product.Logs_Grade_H.managed.Total.CC,30,300,10,0.0,10000.0,1.0,1.0,15781.8603515625,0.0,0.0
product.Logs_Grade_I.managed.Total.CC,0,0,10,0.0,10000.0,1.0,1.0,0.0,0.0,0.0
product.Logs_Grade_I.managed.Total.CC,1,10,10,0.0,10000.0,1.0,1.0,18723.31640625,0.0,0.0
product.Logs_Grade_I.managed.Total.CC,2,20,10,0.0,10000.0,1.0,1.0,18868.853515625,0.0,0.0
product.Logs_Grade_I.managed.Total.CC,3,30,10,0.0,10000.0,1.0,1.0,19273.5546875,0.0,0.0
product.Logs_Grade_I.managed.Total.CC,4,40,10,0.0,10000.0,1.0,1.0,19680.6796875,0.0,0.0
product.Logs_Grade_I.managed.Total.CC,5,50,10,0.0,10000.0,1.0,1.0,18286.734375,0.0,0.0
product.Logs_Grade_I.managed.Total.CC,6,60,10,0.0,10000.0,1.0,1.0,21982.904296875,0.0,0.0
product.Logs_Grade_I.managed.Total.CC,7,70,10,0.0,10000.0,1.0,1.0,14511.6201171875,0.0,0.0
product.Logs_Grade_I.managed.Total.CC,8,80,10,0.0,10000.0,1.0,1.0,16424.46875,0.0,0.0
product.Logs_Grade_I.managed.Total.CC,9,90,10,0.0,10000.0,1.0,1.0,17232.759765625,0.0,0.0
product.Logs_Grade_I.managed.Total.CC,10,100,10,0.0,10000.0,1.0,1.0,19995.095703125,0.0,0.0
product.Logs_Grade_I.managed.Total.CC,11,110,10,0.0,10000.0,1.0,1.0,19889.310546875,0.0,0.0
product.Logs_Grade_I.managed.Total.CC,12,120,10,0.0,10000.0,1.0,1.0,18608.45703125,0.0,0.0
product.Logs_Grade_I.managed.Total.CC,13,130,10,0.0,10000.0,1.0,1.0,12479.0087890625,0.0,0.0
product.Logs_Grade_I.managed.Total.CC,14,140,10,0.0,10000.0,1.0,1.0,13919.98828125,0.0,0.0
product.Logs_Grade_I.managed.Total.CC,15,150,10,0.0,10000.0,1.0,1.0,11041.8369140625,0.0,0.0
product.Logs_Grade_I.managed.Total.CC,16,160,10,0.0,10000.0,1.0,1.0,17215.02734375,0.0,0.0
product.Logs_Grade_I.managed.Total.CC,17,170,10,0.0,10000.0,1.0,1.0,21344.984375,0.0,0.0
product.Logs_Grade_I.managed.Total.CC,18,180,10,0.0,10000.0,1.0,1.0,20492.7109375,0.0,0.0
product.Logs_Grade_I.managed.Total.CC,19,190,10,0.0,10000.0,1.0,1.0,21346.703125,0.0,0.0
product.Logs_Grade_I.managed.Total.CC,20,200,10,0.0,10000.0,1.0,1.0,18262.009765625,0.0,0.0
product.Logs_Grade_I.managed.Total.CC,21,210,10,0.0,10000.0,1.0,1.0,17822.55859375,0.0,0.0
product.Logs_Grade_I.managed.Total.CC,22,220,10,0.0,10000.0,1.0,1.0,25676.783203125,0.0,0.0
product.Logs_Grade_I.managed.Total.CC,23,230,10,0.0,10000.0,1.0,1.0,16857.828125,0.0,0.0
product.Logs_Grade_I.managed.Total.CC,24,240,10,0.0,10000.0,1.0,1.0,19609.783203125,0.0,0.0
product.Logs_Grade_I.managed.Total.CC,25,250,10,0.0,10000.0,1.0,1.0,17751.05078125,0.0,0.0
product.Logs_Grade_I.managed.Total.CC,26,260,10,0.0,10000.0,1.0,1.0,11119.26171875,0.0,0.0
product.Logs_Grade_I.managed.Total.CC,27,270,10,0.0,10000.0,1.0,1.0,18011.8125,0.0,0.0
product.Logs_Grade_I.managed.Total.CC,28,280,10,0.0,10000.0,1.0,1.0,15400.609375,0.0,0.0
product.Logs_Grade_I.managed.Total.CC,29,290,10,0.0,10000.0,1.0,1.0,20014.42578125,0.0,0.0
product.Logs_Grade_I.managed.Total.CC,30,300,10,0.0,10000.0,1.0,1.0,17216.4375,0.0,0.0
product.Logs_Grade_J.managed.Total.CC,0,0,10,0.0,10000.0,1.0,1.0,0.0,0.0,0.0
product.Logs_Grade_J.managed.Total.CC,1,10,10,0.0,10000.0,1.0,1.0,47230.1484375,0.0,0.0
product.Logs_Grade_J.managed.Total.CC,2,20,10,0.0,10000.0,1.0,1.0,37649.1640625,0.0,0.0
product.Logs_Grade_J.managed.Total.CC,3,30,10,0.0,10000.0,1.0,1.0,41550.31640625,0.0,0.0
product.Logs_Grade_J.managed.Total.CC,4,40,10,0.0,10000.0,1.0,1.0,37724.8515625,0.0,0.0
product.Logs_Grade_J.managed.Total.CC,5,50,10,0.0,10000.0,1.0,1.0,32458.673828125,0.0,0.0
product.Logs_Grade_J.managed.Total.CC,6,60,10,0.0,10000.0,1.0,1.0,29131.23046875,0.0,0.0
product.Logs_Grade_J.managed.Total.CC,7,70,10,0.0,10000.0,1.0,1.0,26825.974609375,0.0,0.0
product.Logs_Grade_J.managed.Total.CC,8,80,10,0.0,10000.0,1.0,1.0,26311.58203125,0.0,0.0
product.Logs_Grade_J.managed.Total.CC,9,90,10,0.0,10000.0,1.0,1.0,37490.73828125,0.0,0.0
product.Logs_Grade_J.managed.Total.CC,10,100,10,0.0,10000.0,1.0,1.0,37130.04296875,0.0,0.0
product.Logs_Grade_J.managed.Total.CC,11,110,10,0.0,10000.0,1.0,1.0,39585.30859375,0.0,0.0
product.Logs_Grade_J.managed.Total.CC,12,120,10,0.0,10000.0,1.0,1.0,41714.06640625,0.0,0.0
product.Logs_Grade_J.managed.Total.CC,13,130,10,0.0,10000.0,1.0,1.0,23188.900390625,0.0,0.0
product.Logs_Grade_J.managed.Total.CC,14,140,10,0.0,10000.0,1.0,1.0,30793.923828125,0.0,0.0
product.Logs_Grade_J.managed.Total.CC,15,150,10,0.0,10000.0,1.0,1.0,20879.724609375,0.0,0.0
product.Logs_Grade_J.managed.Total.CC,16,160,10,0.0,10000.0,1.0,1.0,33363.21484375,0.0,0.0
product.Logs_Grade_J.managed.Total.CC,17,170,10,0.0,10000.0,1.0,1.0,40927.296875,0.0,0.0
product.Logs_Grade_J.managed.Total.CC,18,180,10,0.0,10000.0,1.0,1.0,41487.27734375,0.0,0.0
product.Logs_Grade_J.managed.Total.CC,19,190,10,0.0,10000.0,1.0,1.0,33211.58984375,0.0,0.0
product.Logs_Grade_J.managed.Total.CC,20,200,10,0.0,10000.0,1.0,1.0,41831.7890625,0.0,0.0
product.Logs_Grade_J.managed.Total.CC,21,210,10,0.0,10000.0,1.0,1.0,26069.599609375,0.0,0.0
product.Logs_Grade_J.managed.Total.CC,22,220,10,0.0,10000.0,1.0,1.0,16626.369140625,0.0,0.0
product.Logs_Grade_J.managed.Total.CC,23,230,10,0.0,10000.0,1.0,1.0,42844.34765625,0.0,0.0
product.Logs_Grade_J.managed.Total.CC,24,240,10,0.0,10000.0,1.0,1.0,43264.1328125,0.0,0.0
product.Logs_Grade_J.managed.Total.CC,25,250,10,0.0,10000.0,1.0,1.0,37773.85546875,0.0,0.0
product.Logs_Grade_J.managed.Total.CC,26,260,10,0.0,10000.0,1.0,1.0,20166.068359375,0.0,0.0
product.Logs_Grade_J.managed.Total.CC,27,270,10,0.0,10000.0,1.0,1.0,38117.26953125,0.0,0.0
product.Logs_Grade_J.managed.Total.CC,28,280,10,0.0,10000.0,1.0,1.0,29001.90625,0.0,0.0
product.Logs_Grade_J.managed.Total.CC,29,290,10,0.0,10000.0,1.0,1.0,34011.015625,0.0,0.0
product.Logs_Grade_J.managed.Total.CC,30,300,10,0.0,10000.0,1.0,1.0,42458.0234375,0.0,0.0
product.Logs_Grade_U.managed.Total.CC,0,0,10,0.0,10000.0,1.0,1.0,0.0,0.0,0.0
product.Logs_Grade_U.managed.Total.CC,1,10,10,0.0,10000.0,1.0,1.0,6973.1748046875,0.0,0.0
product.Logs_Grade_U.managed.Total.CC,2,20,10,0.0,10000.0,1.0,1.0,3613.68310546875,0.0,0.0
product.Logs_Grade_U.managed.Total.CC,3,30,10,0.0,10000.0,1.0,1.0,6932.6591796875,0.0,0.0
product.Logs_Grade_U.managed.Total.CC,4,40,10,0.0,10000.0,1.0,1.0,4766.92578125,0.0,0.0
product.Logs_Grade_U.managed.Total.CC,5,50,10,0.0,10000.0,1.0,1.0,3597.199951171875,0.0,0.0
product.Logs_Grade_U.managed.Total.CC,6,60,10,0.0,10000.0,1.0,1.0,5621.0341796875,0.0,0.0
product.Logs_Grade_U.managed.Total.CC,7,70,10,0.0,10000.0,1.0,1.0,2956.23291015625,0.0,0.0
product.Logs_Grade_U.managed.Total.CC,8,80,10,0.0,10000.0,1.0,1.0,4026.5390625,0.0,0.0
product.Logs_Grade_U.managed.Total.CC,9,90,10,0.0,10000.0,1.0,1.0,7210.51513671875,0.0,0.0
product.Logs_Grade_U.managed.Total.CC,10,100,10,0.0,10000.0,1.0,1.0,3344.18701171875,0.0,0.0
product.Logs_Grade_U.managed.Total.CC,11,110,10,0.0,10000.0,1.0,1.0,5338.380859375,0.0,0.0
product.Logs_Grade_U.managed.Total.CC,12,120,10,0.0,10000.0,1.0,1.0,5677.67578125,0.0,0.0
product.Logs_Grade_U.managed.Total.CC,13,130,10,0.0,10000.0,1.0,1.0,2332.39111328125,0.0,0.0
product.Logs_Grade_U.managed.Total.CC,14,140,10,0.0,10000.0,1.0,1.0,2696.3369140625,0.0,0.0
product.Logs_Grade_U.managed.Total.CC,15,150,10,0.0,10000.0,1.0,1.0,2568.5791015625,0.0,0.0
product.Logs_Grade_U.managed.Total.CC,16,160,10,0.0,10000.0,1.0,1.0,6058.08203125,0.0,0.0
product.Logs_Grade_U.managed.Total.CC,17,170,10,0.0,10000.0,1.0,1.0,6489.5830078125,0.0,0.0
product.Logs_Grade_U.managed.Total.CC,18,180,10,0.0,10000.0,1.0,1.0,5111.9609375,0.0,0.0
product.Logs_Grade_U.managed.Total.CC,19,190,10,0.0,10000.0,1.0,1.0,6235.89306640625,0.0,0.0
product.Logs_Grade_U.managed.Total.CC,20,200,10,0.0,10000.0,1.0,1.0,3437.909912109375,0.0,0.0
product.Logs_Grade_U.managed.Total.CC,21,210,10,0.0,10000.0,1.0,1.0,5604.97607421875,0.0,0.0
product.Logs_Grade_U.managed.Total.CC,22,220,10,0.0,10000.0,1.0,1.0,3526.092041015625,0.0,0.0
product.Logs_Grade_U.managed.Total.CC,23,230,10,0.0,10000.0,1.0,1.0,8665.16015625,0.0,0.0
product.Logs_Grade_U.managed.Total.CC,24,240,10,0.0,10000.0,1.0,1.0,6337.0361328125,0.0,0.0
product.Logs_Grade_U.managed.Total.CC,25,250,10,0.0,10000.0,1.0,1.0,3730.60302734375,0.0,0.0
product.Logs_Grade_U.managed.Total.CC,26,260,10,0.0,10000.0,1.0,1.0,2393.2119140625,0.0,0.0
product.Logs_Grade_U.managed.Total.CC,27,270,10,0.0,10000.0,1.0,1.0,4387.2490234375,0.0,0.0
product.Logs_Grade_U.managed.Total.CC,28,280,10,0.0,10000.0,1.0,1.0,2772.35107421875,0.0,0.0
product.Logs_Grade_U.managed.Total.CC,29,290,10,0.0,10000.0,1.0,1.0,4350.505859375,0.0,0.0
product.Logs_Grade_U.managed.Total.CC,30,300,10,0.0,10000.0,1.0,1.0,6834.9609375,0.0,0.0
product.Logs_Grade_X.managed.Total.CC,0,0,10,0.0,10000.0,1.0,1.0,0.0,0.0,0.0
product.Logs_Grade_X.managed.Total.CC,1,10,10,0.0,10000.0,1.0,1.0,1839.2969970703125,0.0,0.0
product.Logs_Grade_X.managed.Total.CC,2,20,10,0.0,10000.0,1.0,1.0,1456.8489990234375,0.0,0.0
product.Logs_Grade_X.managed.Total.CC,3,30,10,0.0,10000.0,1.0,1.0,1687.4610595703125,0.0,0.0
product.Logs_Grade_X.managed.Total.CC,4,40,10,0.0,10000.0,1.0,1.0,1510.8680419921875,0.0,0.0
product.Logs_Grade_X.managed.Total.CC,5,50,10,0.0,10000.0,1.0,1.0,1310.35205078125,0.0,0.0
product.Logs_Grade_X.managed.Total.CC,6,60,10,0.0,10000.0,1.0,1.0,1301.6710205078125,0.0,0.0
product.Logs_Grade_X.managed.Total.CC,7,70,10,0.0,10000.0,1.0,1.0,1186.6429443359375,0.0,0.0
product.Logs_Grade_X.managed.Total.CC,8,80,10,0.0,10000.0,1.0,1.0,1020.2620239257812,0.0,0.0
product.Logs_Grade_X.managed.Total.CC,9,90,10,0.0,10000.0,1.0,1.0,1555.18896484375,0.0,0.0
product.Logs_Grade_X.managed.Total.CC,10,100,10,0.0,10000.0,1.0,1.0,1416.70703125,0.0,0.0
product.Logs_Grade_X.managed.Total.CC,11,110,10,0.0,10000.0,1.0,1.0,1524.89599609375,0.0,0.0
product.Logs_Grade_X.managed.Total.CC,12,120,10,0.0,10000.0,1.0,1.0,1645.427001953125,0.0,0.0
product.Logs_Grade_X.managed.Total.CC,13,130,10,0.0,10000.0,1.0,1.0,885.8690185546875,0.0,0.0
product.Logs_Grade_X.managed.Total.CC,14,140,10,0.0,10000.0,1.0,1.0,1197.407958984375,0.0,0.0
product.Logs_Grade_X.managed.Total.CC,15,150,10,0.0,10000.0,1.0,1.0,766.9329833984375,0.0,0.0
product.Logs_Grade_X.managed.Total.CC,16,160,10,0.0,10000.0,1.0,1.0,1409.0059814453125,0.0,0.0
product.Logs_Grade_X.managed.Total.CC,17,170,10,0.0,10000.0,1.0,1.0,1702.636962890625,0.0,0.0
product.Logs_Grade_X.managed.Total.CC,18,180,10,0.0,10000.0,1.0,1.0,1600.947021484375,0.0,0.0
product.Logs_Grade_X.managed.Total.CC,19,190,10,0.0,10000.0,1.0,1.0,1408.73095703125,0.0,0.0
product.Logs_Grade_X.managed.Total.CC,20,200,10,0.0,10000.0,1.0,1.0,1689.2569580078125,0.0,0.0
product.Logs_Grade_X.managed.Total.CC,21,210,10,0.0,10000.0,1.0,1.0,1334.6629638671875,0.0,0.0
product.Logs_Grade_X.managed.Total.CC,22,220,10,0.0,10000.0,1.0,1.0,877.1630249023438,0.0,0.0
product.Logs_Grade_X.managed.Total.CC,23,230,10,0.0,10000.0,1.0,1.0,1682.6190185546875,0.0,0.0
product.Logs_Grade_X.managed.Total.CC,24,240,10,0.0,10000.0,1.0,1.0,1722.666015625,0.0,0.0
product.Logs_Grade_X.managed.Total.CC,25,250,10,0.0,10000.0,1.0,1.0,1471.4990234375,0.0,0.0
product.Logs_Grade_X.managed.Total.CC,26,260,10,0.0,10000.0,1.0,1.0,747.1959838867188,0.0,0.0
product.Logs_Grade_X.managed.Total.CC,27,270,10,0.0,10000.0,1.0,1.0,1529.1829833984375,0.0,0.0
product.Logs_Grade_X.managed.Total.CC,28,280,10,0.0,10000.0,1.0,1.0,1079.8330078125,0.0,0.0
product.Logs_Grade_X.managed.Total.CC,29,290,10,0.0,10000.0,1.0,1.0,1339.93505859375,0.0,0.0
product.Logs_Grade_X.managed.Total.CC,30,300,10,0.0,10000.0,1.0,1.0,1670.25,0.0,0.0
product.Logs_Grade_Y.managed.Total.CC,0,0,10,0.0,10000.0,1.0,1.0,0.0,0.0,0.0
product.Logs_Grade_Y.managed.Total.CC,1,10,10,0.0,10000.0,1.0,1.0,968.426025390625,0.0,0.0
product.Logs_Grade_Y.managed.Total.CC,2,20,10,0.0,10000.0,1.0,1.0,464.5880126953125,0.0,0.0
product.Logs_Grade_Y.managed.Total.CC,3,30,10,0.0,10000.0,1.0,1.0,1129.7330322265625,0.0,0.0
product.Logs_Grade_Y.managed.Total.CC,4,40,10,0.0,10000.0,1.0,1.0,785.4420166015625,0.0,0.0
product.Logs_Grade_Y.managed.Total.CC,5,50,10,0.0,10000.0,1.0,1.0,683.7839965820312,0.0,0.0
product.Logs_Grade_Y.managed.Total.CC,6,60,10,0.0,10000.0,1.0,1.0,1431.8590087890625,0.0,0.0
product.Logs_Grade_Y.managed.Total.CC,7,70,10,0.0,10000.0,1.0,1.0,619.1259765625,0.0,0.0
product.Logs_Grade_Y.managed.Total.CC,8,80,10,0.0,10000.0,1.0,1.0,856.7659912109375,0.0,0.0
product.Logs_Grade_Y.managed.Total.CC,9,90,10,0.0,10000.0,1.0,1.0,1372.717041015625,0.0,0.0
product.Logs_Grade_Y.managed.Total.CC,10,100,10,0.0,10000.0,1.0,1.0,416.1719970703125,0.0,0.0
product.Logs_Grade_Y.managed.Total.CC,11,110,10,0.0,10000.0,1.0,1.0,814.5440063476562,0.0,0.0
product.Logs_Grade_Y.managed.Total.CC,12,120,10,0.0,10000.0,1.0,1.0,826.7869873046875,0.0,0.0
product.Logs_Grade_Y.managed.Total.CC,13,130,10,0.0,10000.0,1.0,1.0,438.3280029296875,0.0,0.0
product.Logs_Grade_Y.managed.Total.CC,14,140,10,0.0,10000.0,1.0,1.0,383.343994140625,0.0,0.0
product.Logs_Grade_Y.managed.Total.CC,15,150,10,0.0,10000.0,1.0,1.0,453.8550109863281,0.0,0.0
product.Logs_Grade_Y.managed.Total.CC,16,160,10,0.0,10000.0,1.0,1.0,1169.98095703125,0.0,0.0
product.Logs_Grade_Y.managed.Total.CC,17,170,10,0.0,10000.0,1.0,1.0,1112.428955078125,0.0,0.0
product.Logs_Grade_Y.managed.Total.CC,18,180,10,0.0,10000.0,1.0,1.0,713.2579956054688,0.0,0.0
product.Logs_Grade_Y.managed.Total.CC,19,190,10,0.0,10000.0,1.0,1.0,1348.583984375,0.0,0.0
product.Logs_Grade_Y.managed.Total.CC,20,200,10,0.0,10000.0,1.0,1.0,337.24798583984375,0.0,0.0
product.Logs_Grade_Y.managed.Total.CC,21,210,10,0.0,10000.0,1.0,1.0,1508.0260009765625,0.0,0.0
product.Logs_Grade_Y.managed.Total.CC,22,220,10,0.0,10000.0,1.0,1.0,1448.89501953125,0.0,0.0
product.Logs_Grade_Y.managed.Total.CC,23,230,10,0.0,10000.0,1.0,1.0,1434.5240478515625,0.0,0.0
product.Logs_Grade_Y.managed.Total.CC,24,240,10,0.0,10000.0,1.0,1.0,971.9650268554688,0.0,0.0
product.Logs_Grade_Y.managed.Total.CC,25,250,10,0.0,10000.0,1.0,1.0,491.8819885253906,0.0,0.0
product.Logs_Grade_Y.managed.Total.CC,26,260,10,0.0,10000.0,1.0,1.0,435.2969970703125,0.0,0.0
product.Logs_Grade_Y.managed.Total.CC,27,270,10,0.0,10000.0,1.0,1.0,665.031982421875,0.0,0.0
product.Logs_Grade_Y.managed.Total.CC,28,280,10,0.0,10000.0,1.0,1.0,381.1400146484375,0.0,0.0
product.Logs_Grade_Y.managed.Total.CC,29,290,10,0.0,10000.0,1.0,1.0,813.6090087890625,0.0,0.0
product.Logs_Grade_Y.managed.Total.CC,30,300,10,0.0,10000.0,1.0,1.0,1043.2760009765625,0.0,0.0
product.QMD.managed.CWHvm_CW_HW_M.CC,0,0,10,0.0,10000.0,1.0,1.0,0.0,0.0,0.0
product.QMD.managed.CWHvm_CW_HW_M.CC,1,10,10,0.0,10000.0,1.0,1.0,23.51300048828125,0.0,0.0
product.QMD.managed.CWHvm_CW_HW_M.CC,2,20,10,0.0,10000.0,1.0,1.0,0.0,0.0,0.0
product.QMD.managed.CWHvm_CW_HW_M.CC,3,30,10,0.0,10000.0,1.0,1.0,0.0,0.0,0.0
product.QMD.managed.CWHvm_CW_HW_M.CC,4,40,10,0.0,10000.0,1.0,1.0,0.0,0.0,0.0
product.QMD.managed.CWHvm_CW_HW_M.CC,5,50,10,0.0,10000.0,1.0,1.0,0.0,0.0,0.0
product.QMD.managed.CWHvm_CW_HW_M.CC,6,60,10,0.0,10000.0,1.0,1.0,0.0,0.0,0.0
product.QMD.managed.CWHvm_CW_HW_M.CC,7,70,10,0.0,10000.0,1.0,1.0,22.16900062561035,0.0,0.0
product.QMD.managed.CWHvm_CW_HW_M.CC,8,80,10,0.0,10000.0,1.0,1.0,0.0,0.0,0.0
product.QMD.managed.CWHvm_CW_HW_M.CC,9,90,10,0.0,10000.0,1.0,1.0,0.0,0.0,0.0
product.QMD.managed.CWHvm_CW_HW_M.CC,10,100,10,0.0,10000.0,1.0,1.0,0.0,0.0,0.0
product.QMD.managed.CWHvm_CW_HW_M.CC,11,110,10,0.0,10000.0,1.0,1.0,0.0,0.0,0.0
product.QMD.managed.CWHvm_CW_HW_M.CC,12,120,10,0.0,10000.0,1.0,1.0,0.0,0.0,0.0
product.QMD.managed.CWHvm_CW_HW_M.CC,13,130,10,0.0,10000.0,1.0,1.0,22.166000366210938,0.0,0.0
product.QMD.managed.CWHvm_CW_HW_M.CC,14,140,10,0.0,10000.0,1.0,1.0,25.170000076293945,0.0,0.0
product.QMD.managed.CWHvm_CW_HW_M.CC,15,150,10,0.0,10000.0,1.0,1.0,25.56800079345703,0.0,0.0
product.QMD.managed.CWHvm_CW_HW_M.CC,16,160,10,0.0,10000.0,1.0,1.0,0.0,0.0,0.0
product.QMD.managed.CWHvm_CW_HW_M.CC,17,170,10,0.0,10000.0,1.0,1.0,0.0,0.0,0.0
product.QMD.managed.CWHvm_CW_HW_M.CC,18,180,10,0.0,10000.0,1.0,1.0,0.0,0.0,0.0
product.QMD.managed.CWHvm_CW_HW_M.CC,19,190,10,0.0,10000.0,1.0,1.0,26.395000457763672,0.0,0.0
product.QMD.managed.CWHvm_CW_HW_M.CC,20,200,10,0.0,10000.0,1.0,1.0,23.25,0.0,0.0
product.QMD.managed.CWHvm_CW_HW_M.CC,21,210,10,0.0,10000.0,1.0,1.0,0.0,0.0,0.0
product.QMD.managed.CWHvm_CW_HW_M.CC,22,220,10,0.0,10000.0,1.0,1.0,0.0,0.0,0.0
product.QMD.managed.CWHvm_CW_HW_M.CC,23,230,10,0.0,10000.0,1.0,1.0,0.0,0.0,0.0
product.QMD.managed.CWHvm_CW_HW_M.CC,24,240,10,0.0,10000.0,1.0,1.0,22.236000061035156,0.0,0.0
product.QMD.managed.CWHvm_CW_HW_M.CC,25,250,10,0.0,10000.0,1.0,1.0,0.0,0.0,0.0
product.QMD.managed.CWHvm_CW_HW_M.CC,26,260,10,0.0,10000.0,1.0,1.0,22.2450008392334,0.0,0.0
product.QMD.managed.CWHvm_CW_HW_M.CC,27,270,10,0.0,10000.0,1.0,1.0,23.700000762939453,0.0,0.0
product.QMD.managed.CWHvm_CW_HW_M.CC,28,280,10,0.0,10000.0,1.0,1.0,26.398000717163086,0.0,0.0
product.QMD.managed.CWHvm_CW_HW_M.CC,29,290,10,0.0,10000.0,1.0,1.0,0.0,0.0,0.0
product.QMD.managed.CWHvm_CW_HW_M.CC,30,300,10,0.0,10000.0,1.0,1.0,0.0,0.0,0.0
product.QMD.managed.CWHvm_DR_HW_M.CC,0,0,10,0.0,10000.0,1.0,1.0,0.0,0.0,0.0
product.QMD.managed.CWHvm_DR_HW_M.CC,1,10,10,0.0,10000.0,1.0,1.0,0.0,0.0,0.0
product.QMD.managed.CWHvm_DR_HW_M.CC,2,20,10,0.0,10000.0,1.0,1.0,26.802000045776367,0.0,0.0
product.QMD.managed.CWHvm_DR_HW_M.CC,3,30,10,0.0,10000.0,1.0,1.0,27.274999618530273,0.0,0.0
product.QMD.managed.CWHvm_DR_HW_M.CC,4,40,10,0.0,10000.0,1.0,1.0,27.788999557495117,0.0,0.0
product.QMD.managed.CWHvm_DR_HW_M.CC,5,50,10,0.0,10000.0,1.0,1.0,0.0,0.0,0.0
product.QMD.managed.CWHvm_DR_HW_M.CC,6,60,10,0.0,10000.0,1.0,1.0,0.0,0.0,0.0
product.QMD.managed.CWHvm_DR_HW_M.CC,7,70,10,0.0,10000.0,1.0,1.0,0.0,0.0,0.0
product.QMD.managed.CWHvm_DR_HW_M.CC,8,80,10,0.0,10000.0,1.0,1.0,0.0,0.0,0.0
product.QMD.managed.CWHvm_DR_HW_M.CC,9,90,10,0.0,10000.0,1.0,1.0,31.23200035095215,0.0,0.0
product.QMD.managed.CWHvm_DR_HW_M.CC,10,100,10,0.0,10000.0,1.0,1.0,27.79199981689453,0.0,0.0
product.QMD.managed.CWHvm_DR_HW_M.CC,11,110,10,0.0,10000.0,1.0,1.0,30.29800033569336,0.0,0.0
product.QMD.managed.CWHvm_DR_HW_M.CC,12,120,10,0.0,10000.0,1.0,1.0,28.56999969482422,0.0,0.0
product.QMD.managed.CWHvm_DR_HW_M.CC,13,130,10,0.0,10000.0,1.0,1.0,0.0,0.0,0.0
product.QMD.managed.CWHvm_DR_HW_M.CC,14,140,10,0.0,10000.0,1.0,1.0,0.0,0.0,0.0
product.QMD.managed.CWHvm_DR_HW_M.CC,15,150,10,0.0,10000.0,1.0,1.0,0.0,0.0,0.0
product.QMD.managed.CWHvm_DR_HW_M.CC,16,160,10,0.0,10000.0,1.0,1.0,31.80500030517578,0.0,0.0
product.QMD.managed.CWHvm_DR_HW_M.CC,17,170,10,0.0,10000.0,1.0,1.0,0.0,0.0,0.0
product.QMD.managed.CWHvm_DR_HW_M.CC,18,180,10,0.0,10000.0,1.0,1.0,0.0,0.0,0.0
product.QMD.managed.CWHvm_DR_HW_M.CC,19,190,10,0.0,10000.0,1.0,1.0,28.04400062561035,0.0,0.0
product.QMD.managed.CWHvm_DR_HW_M.CC,20,200,10,0.0,10000.0,1.0,1.0,29.014999389648438,0.0,0.0
product.QMD.managed.CWHvm_DR_HW_M.CC,21,210,10,0.0,10000.0,1.0,1.0,0.0,0.0,0.0
product.QMD.managed.CWHvm_DR_HW_M.CC,22,220,10,0.0,10000.0,1.0,1.0,0.0,0.0,0.0
product.QMD.managed.CWHvm_DR_HW_M.CC,23,230,10,0.0,10000.0,1.0,1.0,0.0,0.0,0.0
product.QMD.managed.CWHvm_DR_HW_M.CC,24,240,10,0.0,10000.0,1.0,1.0,0.0,0.0,0.0
product.QMD.managed.CWHvm_DR_HW_M.CC,25,250,10,0.0,10000.0,1.0,1.0,0.0,0.0,0.0
product.QMD.managed.CWHvm_DR_HW_M.CC,26,260,10,0.0,10000.0,1.0,1.0,26.857999801635742,0.0,0.0
product.QMD.managed.CWHvm_DR_HW_M.CC,27,270,10,0.0,10000.0,1.0,1.0,28.597000122070312,0.0,0.0
product.QMD.managed.CWHvm_DR_HW_M.CC,28,280,10,0.0,10000.0,1.0,1.0,27.92799949645996,0.0,0.0
product.QMD.managed.CWHvm_DR_HW_M.CC,29,290,10,0.0,10000.0,1.0,1.0,29.378999710083008,0.0,0.0
product.QMD.managed.CWHvm_DR_HW_M.CC,30,300,10,0.0,10000.0,1.0,1.0,29.92099952697754,0.0,0.0
product.QMD.managed.CWHvm_FDC_HW_H.CC,0,0,10,0.0,10000.0,1.0,1.0,0.0,0.0,0.0
product.QMD.managed.CWHvm_FDC_HW_H.CC,1,10,10,0.0,10000.0,1.0,1.0,30.510000228881836,0.0,0.0
product.QMD.managed.CWHvm_FDC_HW_H.CC,2,20,10,0.0,10000.0,1.0,1.0,31.780000686645508,0.0,0.0
product.QMD.managed.CWHvm_FDC_HW_H.CC,3,30,10,0.0,10000.0,1.0,1.0,0.0,0.0,0.0
product.QMD.managed.CWHvm_FDC_HW_H.CC,4,40,10,0.0,10000.0,1.0,1.0,0.0,0.0,0.0
product.QMD.managed.CWHvm_FDC_HW_H.CC,5,50,10,0.0,10000.0,1.0,1.0,33.67100143432617,0.0,0.0
product.QMD.managed.CWHvm_FDC_HW_H.CC,6,60,10,0.0,10000.0,1.0,1.0,32.553001403808594,0.0,0.0
product.QMD.managed.CWHvm_FDC_HW_H.CC,7,70,10,0.0,10000.0,1.0,1.0,34.39899826049805,0.0,0.0
product.QMD.managed.CWHvm_FDC_HW_H.CC,8,80,10,0.0,10000.0,1.0,1.0,0.0,0.0,0.0
product.QMD.managed.CWHvm_FDC_HW_H.CC,9,90,10,0.0,10000.0,1.0,1.0,31.899999618530273,0.0,0.0
product.QMD.managed.CWHvm_FDC_HW_H.CC,10,100,10,0.0,10000.0,1.0,1.0,0.0,0.0,0.0
product.QMD.managed.CWHvm_FDC_HW_H.CC,11,110,10,0.0,10000.0,1.0,1.0,0.0,0.0,0.0
product.QMD.managed.CWHvm_FDC_HW_H.CC,12,120,10,0.0,10000.0,1.0,1.0,30.72599983215332,0.0,0.0
product.QMD.managed.CWHvm_FDC_HW_H.CC,13,130,10,0.0,10000.0,1.0,1.0,0.0,0.0,0.0
product.QMD.managed.CWHvm_FDC_HW_H.CC,14,140,10,0.0,10000.0,1.0,1.0,32.52899932861328,0.0,0.0
product.QMD.managed.CWHvm_FDC_HW_H.CC,15,150,10,0.0,10000.0,1.0,1.0,0.0,0.0,0.0
product.QMD.managed.CWHvm_FDC_HW_H.CC,16,160,10,0.0,10000.0,1.0,1.0,32.619998931884766,0.0,0.0
product.QMD.managed.CWHvm_FDC_HW_H.CC,17,170,10,0.0,10000.0,1.0,1.0,0.0,0.0,0.0
product.QMD.managed.CWHvm_FDC_HW_H.CC,18,180,10,0.0,10000.0,1.0,1.0,30.52199935913086,0.0,0.0
product.QMD.managed.CWHvm_FDC_HW_H.CC,19,190,10,0.0,10000.0,1.0,1.0,34.45800018310547,0.0,0.0
product.QMD.managed.CWHvm_FDC_HW_H.CC,20,200,10,0.0,10000.0,1.0,1.0,0.0,0.0,0.0
product.QMD.managed.CWHvm_FDC_HW_H.CC,21,210,10,0.0,10000.0,1.0,1.0,31.89900016784668,0.0,0.0
product.QMD.managed.CWHvm_FDC_HW_H.CC,22,220,10,0.0,10000.0,1.0,1.0,32.25899887084961,0.0,0.0
product.QMD.managed.CWHvm_FDC_HW_H.CC,23,230,10,0.0,10000.0,1.0,1.0,0.0,0.0,0.0
product.QMD.managed.CWHvm_FDC_HW_H.CC,24,240,10,0.0,10000.0,1.0,1.0,30.516000747680664,0.0,0.0
product.QMD.managed.CWHvm_FDC_HW_H.CC,25,250,10,0.0,10000.0,1.0,1.0,32.2599983215332,0.0,0.0
product.QMD.managed.CWHvm_FDC_HW_H.CC,26,260,10,0.0,10000.0,1.0,1.0,0.0,0.0,0.0
product.QMD.managed.CWHvm_FDC_HW_H.CC,27,270,10,0.0,10000.0,1.0,1.0,0.0,0.0,0.0
product.QMD.managed.CWHvm_FDC_HW_H.CC,28,280,10,0.0,10000.0,1.0,1.0,0.0,0.0,0.0
product.QMD.managed.CWHvm_FDC_HW_H.CC,29,290,10,0.0,10000.0,1.0,1.0,31.548999786376953,0.0,0.0
product.QMD.managed.CWHvm_FDC_HW_H.CC,30,300,10,0.0,10000.0,1.0,1.0,30.527999877929688,0.0,0.0
product.QMD.managed.CWHvm_FDC_HW_L.CC,0,0,10,0.0,10000.0,1.0,1.0,0.0,0.0,0.0
product.QMD.managed.CWHvm_FDC_HW_L.CC,1,10,10,0.0,10000.0,1.0,1.0,0.0,0.0,0.0
product.QMD.managed.CWHvm_FDC_HW_L.CC,2,20,10,0.0,10000.0,1.0,1.0,0.0,0.0,0.0
product.QMD.managed.CWHvm_FDC_HW_L.CC,3,30,10,0.0,10000.0,1.0,1.0,28.299999237060547,0.0,0.0
product.QMD.managed.CWHvm_FDC_HW_L.CC,4,40,10,0.0,10000.0,1.0,1.0,0.0,0.0,0.0
product.QMD.managed.CWHvm_FDC_HW_L.CC,5,50,10,0.0,10000.0,1.0,1.0,28.10099983215332,0.0,0.0
product.QMD.managed.CWHvm_FDC_HW_L.CC,6,60,10,0.0,10000.0,1.0,1.0,26.64900016784668,0.0,0.0
product.QMD.managed.CWHvm_FDC_HW_L.CC,7,70,10,0.0,10000.0,1.0,1.0,27.253000259399414,0.0,0.0
product.QMD.managed.CWHvm_FDC_HW_L.CC,8,80,10,0.0,10000.0,1.0,1.0,0.0,0.0,0.0
product.QMD.managed.CWHvm_FDC_HW_L.CC,9,90,10,0.0,10000.0,1.0,1.0,0.0,0.0,0.0
product.QMD.managed.CWHvm_FDC_HW_L.CC,10,100,10,0.0,10000.0,1.0,1.0,29.00200080871582,0.0,0.0
product.QMD.managed.CWHvm_FDC_HW_L.CC,11,110,10,0.0,10000.0,1.0,1.0,0.0,0.0,0.0
product.QMD.managed.CWHvm_FDC_HW_L.CC,12,120,10,0.0,10000.0,1.0,1.0,28.47800064086914,0.0,0.0
product.QMD.managed.CWHvm_FDC_HW_L.CC,13,130,10,0.0,10000.0,1.0,1.0,28.589000701904297,0.0,0.0
product.QMD.managed.CWHvm_FDC_HW_L.CC,14,140,10,0.0,10000.0,1.0,1.0,0.0,0.0,0.0
product.QMD.managed.CWHvm_FDC_HW_L.CC,15,150,10,0.0,10000.0,1.0,1.0,26.785999298095703,0.0,0.0
product.QMD.managed.CWHvm_FDC_HW_L.CC,16,160,10,0.0,10000.0,1.0,1.0,28.898000717163086,0.0,0.0
product.QMD.managed.CWHvm_FDC_HW_L.CC,17,170,10,0.0,10000.0,1.0,1.0,0.0,0.0,0.0
product.QMD.managed.CWHvm_FDC_HW_L.CC,18,180,10,0.0,10000.0,1.0,1.0,0.0,0.0,0.0
product.QMD.managed.CWHvm_FDC_HW_L.CC,19,190,10,0.0,10000.0,1.0,1.0,0.0,0.0,0.0
product.QMD.managed.CWHvm_FDC_HW_L.CC,20,200,10,0.0,10000.0,1.0,1.0,0.0,0.0,0.0
product.QMD.managed.CWHvm_FDC_HW_L.CC,21,210,10,0.0,10000.0,1.0,1.0,28.89900016784668,0.0,0.0
product.QMD.managed.CWHvm_FDC_HW_L.CC,22,220,10,0.0,10000.0,1.0,1.0,25.860000610351562,0.0,0.0
product.QMD.managed.CWHvm_FDC_HW_L.CC,23,230,10,0.0,10000.0,1.0,1.0,27.56100082397461,0.0,0.0
product.QMD.managed.CWHvm_FDC_HW_L.CC,24,240,10,0.0,10000.0,1.0,1.0,27.70800018310547,0.0,0.0
product.QMD.managed.CWHvm_FDC_HW_L.CC,25,250,10,0.0,10000.0,1.0,1.0,25.959999084472656,0.0,0.0
product.QMD.managed.CWHvm_FDC_HW_L.CC,26,260,10,0.0,10000.0,1.0,1.0,27.25,0.0,0.0
product.QMD.managed.CWHvm_FDC_HW_L.CC,27,270,10,0.0,10000.0,1.0,1.0,27.80299949645996,0.0,0.0
product.QMD.managed.CWHvm_FDC_HW_L.CC,28,280,10,0.0,10000.0,1.0,1.0,0.0,0.0,0.0
product.QMD.managed.CWHvm_FDC_HW_L.CC,29,290,10,0.0,10000.0,1.0,1.0,28.94300079345703,0.0,0.0
product.QMD.managed.CWHvm_FDC_HW_L.CC,30,300,10,0.0,10000.0,1.0,1.0,0.0,0.0,0.0
product.QMD.managed.CWHvm_FDC_HW_M.CC,0,0,10,0.0,10000.0,1.0,1.0,0.0,0.0,0.0
product.QMD.managed.CWHvm_FDC_HW_M.CC,1,10,10,0.0,10000.0,1.0,1.0,29.51300048828125,0.0,0.0
product.QMD.managed.CWHvm_FDC_HW_M.CC,2,20,10,0.0,10000.0,1.0,1.0,29.40399932861328,0.0,0.0
product.QMD.managed.CWHvm_FDC_HW_M.CC,3,30,10,0.0,10000.0,1.0,1.0,31.100000381469727,0.0,0.0
product.QMD.managed.CWHvm_FDC_HW_M.CC,4,40,10,0.0,10000.0,1.0,1.0,31.913999557495117,0.0,0.0
product.QMD.managed.CWHvm_FDC_HW_M.CC,5,50,10,0.0,10000.0,1.0,1.0,33.5,0.0,0.0
product.QMD.managed.CWHvm_FDC_HW_M.CC,6,60,10,0.0,10000.0,1.0,1.0,0.0,0.0,0.0
product.QMD.managed.CWHvm_FDC_HW_M.CC,7,70,10,0.0,10000.0,1.0,1.0,33.479000091552734,0.0,0.0
product.QMD.managed.CWHvm_FDC_HW_M.CC,8,80,10,0.0,10000.0,1.0,1.0,31.756999969482422,0.0,0.0
product.QMD.managed.CWHvm_FDC_HW_M.CC,9,90,10,0.0,10000.0,1.0,1.0,30.611000061035156,0.0,0.0
product.QMD.managed.CWHvm_FDC_HW_M.CC,10,100,10,0.0,10000.0,1.0,1.0,31.8439998626709,0.0,0.0
product.QMD.managed.CWHvm_FDC_HW_M.CC,11,110,10,0.0,10000.0,1.0,1.0,30.440000534057617,0.0,0.0
product.QMD.managed.CWHvm_FDC_HW_M.CC,12,120,10,0.0,10000.0,1.0,1.0,0.0,0.0,0.0
product.QMD.managed.CWHvm_FDC_HW_M.CC,13,130,10,0.0,10000.0,1.0,1.0,32.04999923706055,0.0,0.0
product.QMD.managed.CWHvm_FDC_HW_M.CC,14,140,10,0.0,10000.0,1.0,1.0,0.0,0.0,0.0
product.QMD.managed.CWHvm_FDC_HW_M.CC,15,150,10,0.0,10000.0,1.0,1.0,0.0,0.0,0.0
product.QMD.managed.CWHvm_FDC_HW_M.CC,16,160,10,0.0,10000.0,1.0,1.0,31.125,0.0,0.0
product.QMD.managed.CWHvm_FDC_HW_M.CC,17,170,10,0.0,10000.0,1.0,1.0,31.488000869750977,0.0,0.0
product.QMD.managed.CWHvm_FDC_HW_M.CC,18,180,10,0.0,10000.0,1.0,1.0,30.799999237060547,0.0,0.0
product.QMD.managed.CWHvm_FDC_HW_M.CC,19,190,10,0.0,10000.0,1.0,1.0,31.698999404907227,0.0,0.0
product.QMD.managed.CWHvm_FDC_HW_M.CC,20,200,10,0.0,10000.0,1.0,1.0,0.0,0.0,0.0
product.QMD.managed.CWHvm_FDC_HW_M.CC,21,210,10,0.0,10000.0,1.0,1.0,0.0,0.0,0.0
product.QMD.managed.CWHvm_FDC_HW_M.CC,22,220,10,0.0,10000.0,1.0,1.0,33.279998779296875,0.0,0.0
product.QMD.managed.CWHvm_FDC_HW_M.CC,23,230,10,0.0,10000.0,1.0,1.0,30.143999099731445,0.0,0.0
product.QMD.managed.CWHvm_FDC_HW_M.CC,24,240,10,0.0,10000.0,1.0,1.0,30.820999145507812,0.0,0.0
product.QMD.managed.CWHvm_FDC_HW_M.CC,25,250,10,0.0,10000.0,1.0,1.0,31.774999618530273,0.0,0.0
product.QMD.managed.CWHvm_FDC_HW_M.CC,26,260,10,0.0,10000.0,1.0,1.0,0.0,0.0,0.0
product.QMD.managed.CWHvm_FDC_HW_M.CC,27,270,10,0.0,10000.0,1.0,1.0,31.698999404907227,0.0,0.0
product.QMD.managed.CWHvm_FDC_HW_M.CC,28,280,10,0.0,10000.0,1.0,1.0,0.0,0.0,0.0
product.QMD.managed.CWHvm_FDC_HW_M.CC,29,290,10,0.0,10000.0,1.0,1.0,29.52899932861328,0.0,0.0
product.QMD.managed.CWHvm_FDC_HW_M.CC,30,300,10,0.0,10000.0,1.0,1.0,30.309999465942383,0.0,0.0
product.QMD.managed.CWHvm_HW_BA_M.CC,0,0,10,0.0,10000.0,1.0,1.0,0.0,0.0,0.0
product.QMD.managed.CWHvm_HW_BA_M.CC,1,10,10,0.0,10000.0,1.0,1.0,0.0,0.0,0.0
product.QMD.managed.CWHvm_HW_BA_M.CC,2,20,10,0.0,10000.0,1.0,1.0,0.0,0.0,0.0
product.QMD.managed.CWHvm_HW_BA_M.CC,3,30,10,0.0,10000.0,1.0,1.0,0.0,0.0,0.0
product.QMD.managed.CWHvm_HW_BA_M.CC,4,40,10,0.0,10000.0,1.0,1.0,0.0,0.0,0.0
product.QMD.managed.CWHvm_HW_BA_M.CC,5,50,10,0.0,10000.0,1.0,1.0,30.70800018310547,0.0,0.0
product.QMD.managed.CWHvm_HW_BA_M.CC,6,60,10,0.0,10000.0,1.0,1.0,0.0,0.0,0.0
product.QMD.managed.CWHvm_HW_BA_M.CC,7,70,10,0.0,10000.0,1.0,1.0,31.0,0.0,0.0
product.QMD.managed.CWHvm_HW_BA_M.CC,8,80,10,0.0,10000.0,1.0,1.0,30.65999984741211,0.0,0.0
product.QMD.managed.CWHvm_HW_BA_M.CC,9,90,10,0.0,10000.0,1.0,1.0,0.0,0.0,0.0
product.QMD.managed.CWHvm_HW_BA_M.CC,10,100,10,0.0,10000.0,1.0,1.0,0.0,0.0,0.0
product.QMD.managed.CWHvm_HW_BA_M.CC,11,110,10,0.0,10000.0,1.0,1.0,0.0,0.0,0.0
product.QMD.managed.CWHvm_HW_BA_M.CC,12,120,10,0.0,10000.0,1.0,1.0,0.0,0.0,0.0
product.QMD.managed.CWHvm_HW_BA_M.CC,13,130,10,0.0,10000.0,1.0,1.0,0.0,0.0,0.0
product.QMD.managed.CWHvm_HW_BA_M.CC,14,140,10,0.0,10000.0,1.0,1.0,0.0,0.0,0.0
product.QMD.managed.CWHvm_HW_BA_M.CC,15,150,10,0.0,10000.0,1.0,1.0,0.0,0.0,0.0
product.QMD.managed.CWHvm_HW_BA_M.CC,16,160,10,0.0,10000.0,1.0,1.0,0.0,0.0,0.0
product.QMD.managed.CWHvm_HW_BA_M.CC,17,170,10,0.0,10000.0,1.0,1.0,28.1200008392334,0.0,0.0
product.QMD.managed.CWHvm_HW_BA_M.CC,18,180,10,0.0,10000.0,1.0,1.0,0.0,0.0,0.0
product.QMD.managed.CWHvm_HW_BA_M.CC,19,190,10,0.0,10000.0,1.0,1.0,0.0,0.0,0.0
product.QMD.managed.CWHvm_HW_BA_M.CC,20,200,10,0.0,10000.0,1.0,1.0,30.2450008392334,0.0,0.0
product.QMD.managed.CWHvm_HW_BA_M.CC,21,210,10,0.0,10000.0,1.0,1.0,0.0,0.0,0.0
product.QMD.managed.CWHvm_HW_BA_M.CC,22,220,10,0.0,10000.0,1.0,1.0,0.0,0.0,0.0
product.QMD.managed.CWHvm_HW_BA_M.CC,23,230,10,0.0,10000.0,1.0,1.0,0.0,0.0,0.0
product.QMD.managed.CWHvm_HW_BA_M.CC,24,240,10,0.0,10000.0,1.0,1.0,0.0,0.0,0.0
product.QMD.managed.CWHvm_HW_BA_M.CC,25,250,10,0.0,10000.0,1.0,1.0,0.0,0.0,0.0
product.QMD.managed.CWHvm_HW_BA_M.CC,26,260,10,0.0,10000.0,1.0,1.0,26.799999237060547,0.0,0.0
product.QMD.managed.CWHvm_HW_BA_M.CC,27,270,10,0.0,10000.0,1.0,1.0,0.0,0.0,0.0
product.QMD.managed.CWHvm_HW_BA_M.CC,28,280,10,0.0,10000.0,1.0,1.0,0.0,0.0,0.0
product.QMD.managed.CWHvm_HW_BA_M.CC,29,290,10,0.0,10000.0,1.0,1.0,27.191999435424805,0.0,0.0
product.QMD.managed.CWHvm_HW_BA_M.CC,30,300,10,0.0,10000.0,1.0,1.0,0.0,0.0,0.0
product.QMD.managed.CWHvm_HW_CW_H.CC,0,0,10,0.0,10000.0,1.0,1.0,0.0,0.0,0.0
product.QMD.managed.CWHvm_HW_CW_H.CC,1,10,10,0.0,10000.0,1.0,1.0,29.7189998626709,0.0,0.0
product.QMD.managed.CWHvm_HW_CW_H.CC,2,20,10,0.0,10000.0,1.0,1.0,31.378000259399414,0.0,0.0
product.QMD.managed.CWHvm_HW_CW_H.CC,3,30,10,0.0,10000.0,1.0,1.0,31.531999588012695,0.0,0.0
product.QMD.managed.CWHvm_HW_CW_H.CC,4,40,10,0.0,10000.0,1.0,1.0,0.0,0.0,0.0
product.QMD.managed.CWHvm_HW_CW_H.CC,5,50,10,0.0,10000.0,1.0,1.0,28.375999450683594,0.0,0.0
product.QMD.managed.CWHvm_HW_CW_H.CC,6,60,10,0.0,10000.0,1.0,1.0,31.715999603271484,0.0,0.0
product.QMD.managed.CWHvm_HW_CW_H.CC,7,70,10,0.0,10000.0,1.0,1.0,32.02199935913086,0.0,0.0
product.QMD.managed.CWHvm_HW_CW_H.CC,8,80,10,0.0,10000.0,1.0,1.0,0.0,0.0,0.0
product.QMD.managed.CWHvm_HW_CW_H.CC,9,90,10,0.0,10000.0,1.0,1.0,27.608999252319336,0.0,0.0
product.QMD.managed.CWHvm_HW_CW_H.CC,10,100,10,0.0,10000.0,1.0,1.0,0.0,0.0,0.0
product.QMD.managed.CWHvm_HW_CW_H.CC,11,110,10,0.0,10000.0,1.0,1.0,32.20399856567383,0.0,0.0
product.QMD.managed.CWHvm_HW_CW_H.CC,12,120,10,0.0,10000.0,1.0,1.0,29.158000946044922,0.0,0.0
product.QMD.managed.CWHvm_HW_CW_H.CC,13,130,10,0.0,10000.0,1.0,1.0,27.606000900268555,0.0,0.0
product.QMD.managed.CWHvm_HW_CW_H.CC,14,140,10,0.0,10000.0,1.0,1.0,0.0,0.0,0.0
product.QMD.managed.CWHvm_HW_CW_H.CC,15,150,10,0.0,10000.0,1.0,1.0,32.196998596191406,0.0,0.0
product.QMD.managed.CWHvm_HW_CW_H.CC,16,160,10,0.0,10000.0,1.0,1.0,0.0,0.0,0.0
product.QMD.managed.CWHvm_HW_CW_H.CC,17,170,10,0.0,10000.0,1.0,1.0,0.0,0.0,0.0
product.QMD.managed.CWHvm_HW_CW_H.CC,18,180,10,0.0,10000.0,1.0,1.0,0.0,0.0,0.0
product.QMD.managed.CWHvm_HW_CW_H.CC,19,190,10,0.0,10000.0,1.0,1.0,29.599000930786133,0.0,0.0
product.QMD.managed.CWHvm_HW_CW_H.CC,20,200,10,0.0,10000.0,1.0,1.0,0.0,0.0,0.0
product.QMD.managed.CWHvm_HW_CW_H.CC,21,210,10,0.0,10000.0,1.0,1.0,29.663999557495117,0.0,0.0
product.QMD.managed.CWHvm_HW_CW_H.CC,22,220,10,0.0,10000.0,1.0,1.0,29.054000854492188,0.0,0.0
product.QMD.managed.CWHvm_HW_CW_H.CC,23,230,10,0.0,10000.0,1.0,1.0,0.0,0.0,0.0
product.QMD.managed.CWHvm_HW_CW_H.CC,24,240,10,0.0,10000.0,1.0,1.0,31.867000579833984,0.0,0.0
product.QMD.managed.CWHvm_HW_CW_H.CC,25,250,10,0.0,10000.0,1.0,1.0,31.917999267578125,0.0,0.0
product.QMD.managed.CWHvm_HW_CW_H.CC,26,260,10,0.0,10000.0,1.0,1.0,32.20199966430664,0.0,0.0
product.QMD.managed.CWHvm_HW_CW_H.CC,27,270,10,0.0,10000.0,1.0,1.0,28.190000534057617,0.0,0.0
product.QMD.managed.CWHvm_HW_CW_H.CC,28,280,10,0.0,10000.0,1.0,1.0,0.0,0.0,0.0
product.QMD.managed.CWHvm_HW_CW_H.CC,29,290,10,0.0,10000.0,1.0,1.0,27.61400032043457,0.0,0.0
product.QMD.managed.CWHvm_HW_CW_H.CC,30,300,10,0.0,10000.0,1.0,1.0,27.937999725341797,0.0,0.0
product.QMD.managed.CWHvm_HW_CW_L.CC,0,0,10,0.0,10000.0,1.0,1.0,0.0,0.0,0.0
product.QMD.managed.CWHvm_HW_CW_L.CC,1,10,10,0.0,10000.0,1.0,1.0,0.0,0.0,0.0
product.QMD.managed.CWHvm_HW_CW_L.CC,2,20,10,0.0,10000.0,1.0,1.0,22.770999908447266,0.0,0.0
product.QMD.managed.CWHvm_HW_CW_L.CC,3,30,10,0.0,10000.0,1.0,1.0,23.04800033569336,0.0,0.0
product.QMD.managed.CWHvm_HW_CW_L.CC,4,40,10,0.0,10000.0,1.0,1.0,0.0,0.0,0.0
product.QMD.managed.CWHvm_HW_CW_L.CC,5,50,10,0.0,10000.0,1.0,1.0,0.0,0.0,0.0
product.QMD.managed.CWHvm_HW_CW_L.CC,6,60,10,0.0,10000.0,1.0,1.0,26.902000427246094,0.0,0.0
product.QMD.managed.CWHvm_HW_CW_L.CC,7,70,10,0.0,10000.0,1.0,1.0,0.0,0.0,0.0
product.QMD.managed.CWHvm_HW_CW_L.CC,8,80,10,0.0,10000.0,1.0,1.0,0.0,0.0,0.0
product.QMD.managed.CWHvm_HW_CW_L.CC,9,90,10,0.0,10000.0,1.0,1.0,0.0,0.0,0.0
product.QMD.managed.CWHvm_HW_CW_L.CC,10,100,10,0.0,10000.0,1.0,1.0,0.0,0.0,0.0
product.QMD.managed.CWHvm_HW_CW_L.CC,11,110,10,0.0,10000.0,1.0,1.0,0.0,0.0,0.0
product.QMD.managed.CWHvm_HW_CW_L.CC,12,120,10,0.0,10000.0,1.0,1.0,0.0,0.0,0.0
product.QMD.managed.CWHvm_HW_CW_L.CC,13,130,10,0.0,10000.0,1.0,1.0,0.0,0.0,0.0
product.QMD.managed.CWHvm_HW_CW_L.CC,14,140,10,0.0,10000.0,1.0,1.0,0.0,0.0,0.0
product.QMD.managed.CWHvm_HW_CW_L.CC,15,150,10,0.0,10000.0,1.0,1.0,0.0,0.0,0.0
product.QMD.managed.CWHvm_HW_CW_L.CC,16,160,10,0.0,10000.0,1.0,1.0,23.54800033569336,0.0,0.0
product.QMD.managed.CWHvm_HW_CW_L.CC,17,170,10,0.0,10000.0,1.0,1.0,22.841999053955078,0.0,0.0
product.QMD.managed.CWHvm_HW_CW_L.CC,18,180,10,0.0,10000.0,1.0,1.0,27.000999450683594,0.0,0.0
product.QMD.managed.CWHvm_HW_CW_L.CC,19,190,10,0.0,10000.0,1.0,1.0,0.0,0.0,0.0
product.QMD.managed.CWHvm_HW_CW_L.CC,20,200,10,0.0,10000.0,1.0,1.0,0.0,0.0,0.0
product.QMD.managed.CWHvm_HW_CW_L.CC,21,210,10,0.0,10000.0,1.0,1.0,0.0,0.0,0.0
product.QMD.managed.CWHvm_HW_CW_L.CC,22,220,10,0.0,10000.0,1.0,1.0,0.0,0.0,0.0
product.QMD.managed.CWHvm_HW_CW_L.CC,23,230,10,0.0,10000.0,1.0,1.0,0.0,0.0,0.0
product.QMD.managed.CWHvm_HW_CW_L.CC,24,240,10,0.0,10000.0,1.0,1.0,0.0,0.0,0.0
product.QMD.managed.CWHvm_HW_CW_L.CC,25,250,10,0.0,10000.0,1.0,1.0,26.47100067138672,0.0,0.0
product.QMD.managed.CWHvm_HW_CW_L.CC,26,260,10,0.0,10000.0,1.0,1.0,0.0,0.0,0.0
product.QMD.managed.CWHvm_HW_CW_L.CC,27,270,10,0.0,10000.0,1.0,1.0,23.04800033569336,0.0,0.0
product.QMD.managed.CWHvm_HW_CW_L.CC,28,280,10,0.0,10000.0,1.0,1.0,0.0,0.0,0.0
product.QMD.managed.CWHvm_HW_CW_L.CC,29,290,10,0.0,10000.0,1.0,1.0,0.0,0.0,0.0
product.QMD.managed.CWHvm_HW_CW_L.CC,30,300,10,0.0,10000.0,1.0,1.0,0.0,0.0,0.0
product.QMD.managed.CWHvm_HW_CW_M.CC,0,0,10,0.0,10000.0,1.0,1.0,0.0,0.0,0.0
product.QMD.managed.CWHvm_HW_CW_M.CC,1,10,10,0.0,10000.0,1.0,1.0,28.319000244140625,0.0,0.0
product.QMD.managed.CWHvm_HW_CW_M.CC,2,20,10,0.0,10000.0,1.0,1.0,28.531999588012695,0.0,0.0
product.QMD.managed.CWHvm_HW_CW_M.CC,3,30,10,0.0,10000.0,1.0,1.0,31.291000366210938,0.0,0.0
product.QMD.managed.CWHvm_HW_CW_M.CC,4,40,10,0.0,10000.0,1.0,1.0,31.152000427246094,0.0,0.0
product.QMD.managed.CWHvm_HW_CW_M.CC,5,50,10,0.0,10000.0,1.0,1.0,29.72599983215332,0.0,0.0
product.QMD.managed.CWHvm_HW_CW_M.CC,6,60,10,0.0,10000.0,1.0,1.0,0.0,0.0,0.0
product.QMD.managed.CWHvm_HW_CW_M.CC,7,70,10,0.0,10000.0,1.0,1.0,30.159000396728516,0.0,0.0
product.QMD.managed.CWHvm_HW_CW_M.CC,8,80,10,0.0,10000.0,1.0,1.0,0.0,0.0,0.0
product.QMD.managed.CWHvm_HW_CW_M.CC,9,90,10,0.0,10000.0,1.0,1.0,0.0,0.0,0.0
product.QMD.managed.CWHvm_HW_CW_M.CC,10,100,10,0.0,10000.0,1.0,1.0,0.0,0.0,0.0
product.QMD.managed.CWHvm_HW_CW_M.CC,11,110,10,0.0,10000.0,1.0,1.0,0.0,0.0,0.0
product.QMD.managed.CWHvm_HW_CW_M.CC,12,120,10,0.0,10000.0,1.0,1.0,27.260000228881836,0.0,0.0
product.QMD.managed.CWHvm_HW_CW_M.CC,13,130,10,0.0,10000.0,1.0,1.0,0.0,0.0,0.0
product.QMD.managed.CWHvm_HW_CW_M.CC,14,140,10,0.0,10000.0,1.0,1.0,31.20800018310547,0.0,0.0
product.QMD.managed.CWHvm_HW_CW_M.CC,15,150,10,0.0,10000.0,1.0,1.0,27.86199951171875,0.0,0.0
product.QMD.managed.CWHvm_HW_CW_M.CC,16,160,10,0.0,10000.0,1.0,1.0,31.18600082397461,0.0,0.0
product.QMD.managed.CWHvm_HW_CW_M.CC,17,170,10,0.0,10000.0,1.0,1.0,0.0,0.0,0.0
product.QMD.managed.CWHvm_HW_CW_M.CC,18,180,10,0.0,10000.0,1.0,1.0,28.322999954223633,0.0,0.0
product.QMD.managed.CWHvm_HW_CW_M.CC,19,190,10,0.0,10000.0,1.0,1.0,0.0,0.0,0.0
product.QMD.managed.CWHvm_HW_CW_M.CC,20,200,10,0.0,10000.0,1.0,1.0,0.0,0.0,0.0
product.QMD.managed.CWHvm_HW_CW_M.CC,21,210,10,0.0,10000.0,1.0,1.0,0.0,0.0,0.0
product.QMD.managed.CWHvm_HW_CW_M.CC,22,220,10,0.0,10000.0,1.0,1.0,0.0,0.0,0.0
product.QMD.managed.CWHvm_HW_CW_M.CC,23,230,10,0.0,10000.0,1.0,1.0,0.0,0.0,0.0
product.QMD.managed.CWHvm_HW_CW_M.CC,24,240,10,0.0,10000.0,1.0,1.0,31.11199951171875,0.0,0.0
product.QMD.managed.CWHvm_HW_CW_M.CC,25,250,10,0.0,10000.0,1.0,1.0,29.75200080871582,0.0,0.0
product.QMD.managed.CWHvm_HW_CW_M.CC,26,260,10,0.0,10000.0,1.0,1.0,29.974000930786133,0.0,0.0
product.QMD.managed.CWHvm_HW_CW_M.CC,27,270,10,0.0,10000.0,1.0,1.0,0.0,0.0,0.0
product.QMD.managed.CWHvm_HW_CW_M.CC,28,280,10,0.0,10000.0,1.0,1.0,29.363000869750977,0.0,0.0
product.QMD.managed.CWHvm_HW_CW_M.CC,29,290,10,0.0,10000.0,1.0,1.0,30.569000244140625,0.0,0.0
product.QMD.managed.CWHvm_HW_CW_M.CC,30,300,10,0.0,10000.0,1.0,1.0,28.322999954223633,0.0,0.0
product.QMD.managed.CWHvm_HW_FDC_H.CC,0,0,10,0.0,10000.0,1.0,1.0,0.0,0.0,0.0
product.QMD.managed.CWHvm_HW_FDC_H.CC,1,10,10,0.0,10000.0,1.0,1.0,0.0,0.0,0.0
product.QMD.managed.CWHvm_HW_FDC_H.CC,2,20,10,0.0,10000.0,1.0,1.0,33.94300079345703,0.0,0.0
product.QMD.managed.CWHvm_HW_FDC_H.CC,3,30,10,0.0,10000.0,1.0,1.0,33.12099838256836,0.0,0.0
product.QMD.managed.CWHvm_HW_FDC_H.CC,4,40,10,0.0,10000.0,1.0,1.0,34.44300079345703,0.0,0.0
product.QMD.managed.CWHvm_HW_FDC_H.CC,5,50,10,0.0,10000.0,1.0,1.0,35.22700119018555,0.0,0.0
product.QMD.managed.CWHvm_HW_FDC_H.CC,6,60,10,0.0,10000.0,1.0,1.0,0.0,0.0,0.0
product.QMD.managed.CWHvm_HW_FDC_H.CC,7,70,10,0.0,10000.0,1.0,1.0,36.7239990234375,0.0,0.0
product.QMD.managed.CWHvm_HW_FDC_H.CC,8,80,10,0.0,10000.0,1.0,1.0,36.94900131225586,0.0,0.0
product.QMD.managed.CWHvm_HW_FDC_H.CC,9,90,10,0.0,10000.0,1.0,1.0,36.82500076293945,0.0,0.0
product.QMD.managed.CWHvm_HW_FDC_H.CC,10,100,10,0.0,10000.0,1.0,1.0,34.16899871826172,0.0,0.0
product.QMD.managed.CWHvm_HW_FDC_H.CC,11,110,10,0.0,10000.0,1.0,1.0,33.85499954223633,0.0,0.0
product.QMD.managed.CWHvm_HW_FDC_H.CC,12,120,10,0.0,10000.0,1.0,1.0,34.91400146484375,0.0,0.0
product.QMD.managed.CWHvm_HW_FDC_H.CC,13,130,10,0.0,10000.0,1.0,1.0,36.858001708984375,0.0,0.0
product.QMD.managed.CWHvm_HW_FDC_H.CC,14,140,10,0.0,10000.0,1.0,1.0,36.35900115966797,0.0,0.0
product.QMD.managed.CWHvm_HW_FDC_H.CC,15,150,10,0.0,10000.0,1.0,1.0,37.28900146484375,0.0,0.0
product.QMD.managed.CWHvm_HW_FDC_H.CC,16,160,10,0.0,10000.0,1.0,1.0,35.685001373291016,0.0,0.0
product.QMD.managed.CWHvm_HW_FDC_H.CC,17,170,10,0.0,10000.0,1.0,1.0,33.0620002746582,0.0,0.0
product.QMD.managed.CWHvm_HW_FDC_H.CC,18,180,10,0.0,10000.0,1.0,1.0,33.87099838256836,0.0,0.0
product.QMD.managed.CWHvm_HW_FDC_H.CC,19,190,10,0.0,10000.0,1.0,1.0,34.06700134277344,0.0,0.0
product.QMD.managed.CWHvm_HW_FDC_H.CC,20,200,10,0.0,10000.0,1.0,1.0,34.448001861572266,0.0,0.0
product.QMD.managed.CWHvm_HW_FDC_H.CC,21,210,10,0.0,10000.0,1.0,1.0,0.0,0.0,0.0
product.QMD.managed.CWHvm_HW_FDC_H.CC,22,220,10,0.0,10000.0,1.0,1.0,33.89899826049805,0.0,0.0
product.QMD.managed.CWHvm_HW_FDC_H.CC,23,230,10,0.0,10000.0,1.0,1.0,34.000999450683594,0.0,0.0
product.QMD.managed.CWHvm_HW_FDC_H.CC,24,240,10,0.0,10000.0,1.0,1.0,33.558998107910156,0.0,0.0
product.QMD.managed.CWHvm_HW_FDC_H.CC,25,250,10,0.0,10000.0,1.0,1.0,34.03300094604492,0.0,0.0
product.QMD.managed.CWHvm_HW_FDC_H.CC,26,260,10,0.0,10000.0,1.0,1.0,36.45899963378906,0.0,0.0
product.QMD.managed.CWHvm_HW_FDC_H.CC,27,270,10,0.0,10000.0,1.0,1.0,34.8650016784668,0.0,0.0
product.QMD.managed.CWHvm_HW_FDC_H.CC,28,280,10,0.0,10000.0,1.0,1.0,35.457000732421875,0.0,0.0
product.QMD.managed.CWHvm_HW_FDC_H.CC,29,290,10,0.0,10000.0,1.0,1.0,34.630001068115234,0.0,0.0
product.QMD.managed.CWHvm_HW_FDC_H.CC,30,300,10,0.0,10000.0,1.0,1.0,36.25899887084961,0.0,0.0
product.QMD.managed.CWHvm_HW_FDC_L.CC,0,0,10,0.0,10000.0,1.0,1.0,0.0,0.0,0.0
product.QMD.managed.CWHvm_HW_FDC_L.CC,1,10,10,0.0,10000.0,1.0,1.0,32.20000076293945,0.0,0.0
product.QMD.managed.CWHvm_HW_FDC_L.CC,2,20,10,0.0,10000.0,1.0,1.0,31.79800033569336,0.0,0.0
product.QMD.managed.CWHvm_HW_FDC_L.CC,3,30,10,0.0,10000.0,1.0,1.0,31.354999542236328,0.0,0.0
product.QMD.managed.CWHvm_HW_FDC_L.CC,4,40,10,0.0,10000.0,1.0,1.0,29.200000762939453,0.0,0.0
product.QMD.managed.CWHvm_HW_FDC_L.CC,5,50,10,0.0,10000.0,1.0,1.0,31.047000885009766,0.0,0.0
product.QMD.managed.CWHvm_HW_FDC_L.CC,6,60,10,0.0,10000.0,1.0,1.0,31.368000030517578,0.0,0.0
product.QMD.managed.CWHvm_HW_FDC_L.CC,7,70,10,0.0,10000.0,1.0,1.0,31.95599937438965,0.0,0.0
product.QMD.managed.CWHvm_HW_FDC_L.CC,8,80,10,0.0,10000.0,1.0,1.0,0.0,0.0,0.0
product.QMD.managed.CWHvm_HW_FDC_L.CC,9,90,10,0.0,10000.0,1.0,1.0,33.34400177001953,0.0,0.0
product.QMD.managed.CWHvm_HW_FDC_L.CC,10,100,10,0.0,10000.0,1.0,1.0,0.0,0.0,0.0
product.QMD.managed.CWHvm_HW_FDC_L.CC,11,110,10,0.0,10000.0,1.0,1.0,33.18299865722656,0.0,0.0
product.QMD.managed.CWHvm_HW_FDC_L.CC,12,120,10,0.0,10000.0,1.0,1.0,31.14299964904785,0.0,0.0
product.QMD.managed.CWHvm_HW_FDC_L.CC,13,130,10,0.0,10000.0,1.0,1.0,30.025999069213867,0.0,0.0
product.QMD.managed.CWHvm_HW_FDC_L.CC,14,140,10,0.0,10000.0,1.0,1.0,30.632999420166016,0.0,0.0
product.QMD.managed.CWHvm_HW_FDC_L.CC,15,150,10,0.0,10000.0,1.0,1.0,0.0,0.0,0.0
product.QMD.managed.CWHvm_HW_FDC_L.CC,16,160,10,0.0,10000.0,1.0,1.0,28.97599983215332,0.0,0.0
product.QMD.managed.CWHvm_HW_FDC_L.CC,17,170,10,0.0,10000.0,1.0,1.0,0.0,0.0,0.0
product.QMD.managed.CWHvm_HW_FDC_L.CC,18,180,10,0.0,10000.0,1.0,1.0,0.0,0.0,0.0
product.QMD.managed.CWHvm_HW_FDC_L.CC,19,190,10,0.0,10000.0,1.0,1.0,0.0,0.0,0.0
product.QMD.managed.CWHvm_HW_FDC_L.CC,20,200,10,0.0,10000.0,1.0,1.0,28.979999542236328,0.0,0.0
product.QMD.managed.CWHvm_HW_FDC_L.CC,21,210,10,0.0,10000.0,1.0,1.0,31.277000427246094,0.0,0.0
product.QMD.managed.CWHvm_HW_FDC_L.CC,22,220,10,0.0,10000.0,1.0,1.0,28.863000869750977,0.0,0.0
product.QMD.managed.CWHvm_HW_FDC_L.CC,23,230,10,0.0,10000.0,1.0,1.0,32.56100082397461,0.0,0.0
product.QMD.managed.CWHvm_HW_FDC_L.CC,24,240,10,0.0,10000.0,1.0,1.0,30.784000396728516,0.0,0.0
product.QMD.managed.CWHvm_HW_FDC_L.CC,25,250,10,0.0,10000.0,1.0,1.0,32.507999420166016,0.0,0.0
product.QMD.managed.CWHvm_HW_FDC_L.CC,26,260,10,0.0,10000.0,1.0,1.0,33.44900131225586,0.0,0.0
product.QMD.managed.CWHvm_HW_FDC_L.CC,27,270,10,0.0,10000.0,1.0,1.0,0.0,0.0,0.0
product.QMD.managed.CWHvm_HW_FDC_L.CC,28,280,10,0.0,10000.0,1.0,1.0,33.902000427246094,0.0,0.0
product.QMD.managed.CWHvm_HW_FDC_L.CC,29,290,10,0.0,10000.0,1.0,1.0,0.0,0.0,0.0
product.QMD.managed.CWHvm_HW_FDC_L.CC,30,300,10,0.0,10000.0,1.0,1.0,31.423999786376953,0.0,0.0
product.QMD.managed.CWHvm_HW_SS_M.CC,0,0,10,0.0,10000.0,1.0,1.0,0.0,0.0,0.0
product.QMD.managed.CWHvm_HW_SS_M.CC,1,10,10,0.0,10000.0,1.0,1.0,31.600000381469727,0.0,0.0
product.QMD.managed.CWHvm_HW_SS_M.CC,2,20,10,0.0,10000.0,1.0,1.0,0.0,0.0,0.0
product.QMD.managed.CWHvm_HW_SS_M.CC,3,30,10,0.0,10000.0,1.0,1.0,32.36199951171875,0.0,0.0
product.QMD.managed.CWHvm_HW_SS_M.CC,4,40,10,0.0,10000.0,1.0,1.0,33.599998474121094,0.0,0.0
product.QMD.managed.CWHvm_HW_SS_M.CC,5,50,10,0.0,10000.0,1.0,1.0,0.0,0.0,0.0
product.QMD.managed.CWHvm_HW_SS_M.CC,6,60,10,0.0,10000.0,1.0,1.0,0.0,0.0,0.0
product.QMD.managed.CWHvm_HW_SS_M.CC,7,70,10,0.0,10000.0,1.0,1.0,0.0,0.0,0.0
product.QMD.managed.CWHvm_HW_SS_M.CC,8,80,10,0.0,10000.0,1.0,1.0,0.0,0.0,0.0
product.QMD.managed.CWHvm_HW_SS_M.CC,9,90,10,0.0,10000.0,1.0,1.0,0.0,0.0,0.0
product.QMD.managed.CWHvm_HW_SS_M.CC,10,100,10,0.0,10000.0,1.0,1.0,33.35900115966797,0.0,0.0
product.QMD.managed.CWHvm_HW_SS_M.CC,11,110,10,0.0,10000.0,1.0,1.0,0.0,0.0,0.0
product.QMD.managed.CWHvm_HW_SS_M.CC,12,120,10,0.0,10000.0,1.0,1.0,32.5,0.0,0.0
product.QMD.managed.CWHvm_HW_SS_M.CC,13,130,10,0.0,10000.0,1.0,1.0,34.332000732421875,0.0,0.0
product.QMD.managed.CWHvm_HW_SS_M.CC,14,140,10,0.0,10000.0,1.0,1.0,0.0,0.0,0.0
product.QMD.managed.CWHvm_HW_SS_M.CC,15,150,10,0.0,10000.0,1.0,1.0,0.0,0.0,0.0
product.QMD.managed.CWHvm_HW_SS_M.CC,16,160,10,0.0,10000.0,1.0,1.0,0.0,0.0,0.0
product.QMD.managed.CWHvm_HW_SS_M.CC,17,170,10,0.0,10000.0,1.0,1.0,0.0,0.0,0.0
product.QMD.managed.CWHvm_HW_SS_M.CC,18,180,10,0.0,10000.0,1.0,1.0,32.959999084472656,0.0,0.0
product.QMD.managed.CWHvm_HW_SS_M.CC,19,190,10,0.0,10000.0,1.0,1.0,0.0,0.0,0.0
product.QMD.managed.CWHvm_HW_SS_M.CC,20,200,10,0.0,10000.0,1.0,1.0,33.119998931884766,0.0,0.0
product.QMD.managed.CWHvm_HW_SS_M.CC,21,210,10,0.0,10000.0,1.0,1.0,31.76099967956543,0.0,0.0
product.QMD.managed.CWHvm_HW_SS_M.CC,22,220,10,0.0,10000.0,1.0,1.0,0.0,0.0,0.0
product.QMD.managed.CWHvm_HW_SS_M.CC,23,230,10,0.0,10000.0,1.0,1.0,0.0,0.0,0.0
product.QMD.managed.CWHvm_HW_SS_M.CC,24,240,10,0.0,10000.0,1.0,1.0,0.0,0.0,0.0
product.QMD.managed.CWHvm_HW_SS_M.CC,25,250,10,0.0,10000.0,1.0,1.0,32.04899978637695,0.0,0.0
product.QMD.managed.CWHvm_HW_SS_M.CC,26,260,10,0.0,10000.0,1.0,1.0,0.0,0.0,0.0
product.QMD.managed.CWHvm_HW_SS_M.CC,27,270,10,0.0,10000.0,1.0,1.0,0.0,0.0,0.0
product.QMD.managed.CWHvm_HW_SS_M.CC,28,280,10,0.0,10000.0,1.0,1.0,0.0,0.0,0.0
product.QMD.managed.CWHvm_HW_SS_M.CC,29,290,10,0.0,10000.0,1.0,1.0,33.301998138427734,0.0,0.0
product.QMD.managed.CWHvm_HW_SS_M.CC,30,300,10,0.0,10000.0,1.0,1.0,0.0,0.0,0.0
product.QMDNumerator.managed.CWHvm_CW_HW_M.CC,0,0,10,0.0,10000.0,1.0,1.0,0.0,0.0,0.0
product.QMDNumerator.managed.CWHvm_CW_HW_M.CC,1,10,10,0.0,10000.0,1.0,1.0,33.459999084472656,0.0,0.0
product.QMDNumerator.managed.CWHvm_CW_HW_M.CC,2,20,10,0.0,10000.0,1.0,1.0,0.0,0.0,0.0
product.QMDNumerator.managed.CWHvm_CW_HW_M.CC,3,30,10,0.0,10000.0,1.0,1.0,0.0,0.0,0.0
product.QMDNumerator.managed.CWHvm_CW_HW_M.CC,4,40,10,0.0,10000.0,1.0,1.0,0.0,0.0,0.0
product.QMDNumerator.managed.CWHvm_CW_HW_M.CC,5,50,10,0.0,10000.0,1.0,1.0,0.0,0.0,0.0
product.QMDNumerator.managed.CWHvm_CW_HW_M.CC,6,60,10,0.0,10000.0,1.0,1.0,0.0,0.0,0.0
product.QMDNumerator.managed.CWHvm_CW_HW_M.CC,7,70,10,0.0,10000.0,1.0,1.0,514.7429809570312,0.0,0.0
product.QMDNumerator.managed.CWHvm_CW_HW_M.CC,8,80,10,0.0,10000.0,1.0,1.0,0.0,0.0,0.0
product.QMDNumerator.managed.CWHvm_CW_HW_M.CC,9,90,10,0.0,10000.0,1.0,1.0,0.0,0.0,0.0
product.QMDNumerator.managed.CWHvm_CW_HW_M.CC,10,100,10,0.0,10000.0,1.0,1.0,0.0,0.0,0.0
product.QMDNumerator.managed.CWHvm_CW_HW_M.CC,11,110,10,0.0,10000.0,1.0,1.0,0.0,0.0,0.0
product.QMDNumerator.managed.CWHvm_CW_HW_M.CC,12,120,10,0.0,10000.0,1.0,1.0,0.0,0.0,0.0
product.QMDNumerator.managed.CWHvm_CW_HW_M.CC,13,130,10,0.0,10000.0,1.0,1.0,22.055999755859375,0.0,0.0
product.QMDNumerator.managed.CWHvm_CW_HW_M.CC,14,140,10,0.0,10000.0,1.0,1.0,163.73599243164062,0.0,0.0
product.QMDNumerator.managed.CWHvm_CW_HW_M.CC,15,150,10,0.0,10000.0,1.0,1.0,57.375,0.0,0.0
product.QMDNumerator.managed.CWHvm_CW_HW_M.CC,16,160,10,0.0,10000.0,1.0,1.0,0.0,0.0,0.0
product.QMDNumerator.managed.CWHvm_CW_HW_M.CC,17,170,10,0.0,10000.0,1.0,1.0,0.0,0.0,0.0
product.QMDNumerator.managed.CWHvm_CW_HW_M.CC,18,180,10,0.0,10000.0,1.0,1.0,0.0,0.0,0.0
product.QMDNumerator.managed.CWHvm_CW_HW_M.CC,19,190,10,0.0,10000.0,1.0,1.0,71.4010009765625,0.0,0.0
product.QMDNumerator.managed.CWHvm_CW_HW_M.CC,20,200,10,0.0,10000.0,1.0,1.0,539.8189697265625,0.0,0.0
product.QMDNumerator.managed.CWHvm_CW_HW_M.CC,21,210,10,0.0,10000.0,1.0,1.0,0.0,0.0,0.0
product.QMDNumerator.managed.CWHvm_CW_HW_M.CC,22,220,10,0.0,10000.0,1.0,1.0,0.0,0.0,0.0
product.QMDNumerator.managed.CWHvm_CW_HW_M.CC,23,230,10,0.0,10000.0,1.0,1.0,0.0,0.0,0.0
product.QMDNumerator.managed.CWHvm_CW_HW_M.CC,24,240,10,0.0,10000.0,1.0,1.0,22.125,0.0,0.0
product.QMDNumerator.managed.CWHvm_CW_HW_M.CC,25,250,10,0.0,10000.0,1.0,1.0,0.0,0.0,0.0
product.QMDNumerator.managed.CWHvm_CW_HW_M.CC,26,260,10,0.0,10000.0,1.0,1.0,9.520999908447266,0.0,0.0
product.QMDNumerator.managed.CWHvm_CW_HW_M.CC,27,270,10,0.0,10000.0,1.0,1.0,154.17300415039062,0.0,0.0
product.QMDNumerator.managed.CWHvm_CW_HW_M.CC,28,280,10,0.0,10000.0,1.0,1.0,64.80799865722656,0.0,0.0
product.QMDNumerator.managed.CWHvm_CW_HW_M.CC,29,290,10,0.0,10000.0,1.0,1.0,0.0,0.0,0.0
product.QMDNumerator.managed.CWHvm_CW_HW_M.CC,30,300,10,0.0,10000.0,1.0,1.0,0.0,0.0,0.0
product.QMDNumerator.managed.CWHvm_DR_HW_M.CC,0,0,10,0.0,10000.0,1.0,1.0,0.0,0.0,0.0
product.QMDNumerator.managed.CWHvm_DR_HW_M.CC,1,10,10,0.0,10000.0,1.0,1.0,0.0,0.0,0.0
product.QMDNumerator.managed.CWHvm_DR_HW_M.CC,2,20,10,0.0,10000.0,1.0,1.0,98.36599731445312,0.0,0.0
product.QMDNumerator.managed.CWHvm_DR_HW_M.CC,3,30,10,0.0,10000.0,1.0,1.0,283.00799560546875,0.0,0.0
product.QMDNumerator.managed.CWHvm_DR_HW_M.CC,4,40,10,0.0,10000.0,1.0,1.0,134.9199981689453,0.0,0.0
product.QMDNumerator.managed.CWHvm_DR_HW_M.CC,5,50,10,0.0,10000.0,1.0,1.0,0.0,0.0,0.0
product.QMDNumerator.managed.CWHvm_DR_HW_M.CC,6,60,10,0.0,10000.0,1.0,1.0,0.0,0.0,0.0
product.QMDNumerator.managed.CWHvm_DR_HW_M.CC,7,70,10,0.0,10000.0,1.0,1.0,0.0,0.0,0.0
product.QMDNumerator.managed.CWHvm_DR_HW_M.CC,8,80,10,0.0,10000.0,1.0,1.0,0.0,0.0,0.0
product.QMDNumerator.managed.CWHvm_DR_HW_M.CC,9,90,10,0.0,10000.0,1.0,1.0,41.507999420166016,0.0,0.0
product.QMDNumerator.managed.CWHvm_DR_HW_M.CC,10,100,10,0.0,10000.0,1.0,1.0,102.0,0.0,0.0
product.QMDNumerator.managed.CWHvm_DR_HW_M.CC,11,110,10,0.0,10000.0,1.0,1.0,334.4960021972656,0.0,0.0
product.QMDNumerator.managed.CWHvm_DR_HW_M.CC,12,120,10,0.0,10000.0,1.0,1.0,314.53399658203125,0.0,0.0
product.QMDNumerator.managed.CWHvm_DR_HW_M.CC,13,130,10,0.0,10000.0,1.0,1.0,0.0,0.0,0.0
product.QMDNumerator.managed.CWHvm_DR_HW_M.CC,14,140,10,0.0,10000.0,1.0,1.0,0.0,0.0,0.0
product.QMDNumerator.managed.CWHvm_DR_HW_M.CC,15,150,10,0.0,10000.0,1.0,1.0,0.0,0.0,0.0
product.QMDNumerator.managed.CWHvm_DR_HW_M.CC,16,160,10,0.0,10000.0,1.0,1.0,56.83700180053711,0.0,0.0
product.QMDNumerator.managed.CWHvm_DR_HW_M.CC,17,170,10,0.0,10000.0,1.0,1.0,0.0,0.0,0.0
product.QMDNumerator.managed.CWHvm_DR_HW_M.CC,18,180,10,0.0,10000.0,1.0,1.0,0.0,0.0,0.0
product.QMDNumerator.managed.CWHvm_DR_HW_M.CC,19,190,10,0.0,10000.0,1.0,1.0,721.2169799804688,0.0,0.0
product.QMDNumerator.managed.CWHvm_DR_HW_M.CC,20,200,10,0.0,10000.0,1.0,1.0,70.33399963378906,0.0,0.0
product.QMDNumerator.managed.CWHvm_DR_HW_M.CC,21,210,10,0.0,10000.0,1.0,1.0,0.0,0.0,0.0
product.QMDNumerator.managed.CWHvm_DR_HW_M.CC,22,220,10,0.0,10000.0,1.0,1.0,0.0,0.0,0.0
product.QMDNumerator.managed.CWHvm_DR_HW_M.CC,23,230,10,0.0,10000.0,1.0,1.0,0.0,0.0,0.0
product.QMDNumerator.managed.CWHvm_DR_HW_M.CC,24,240,10,0.0,10000.0,1.0,1.0,0.0,0.0,0.0
product.QMDNumerator.managed.CWHvm_DR_HW_M.CC,25,250,10,0.0,10000.0,1.0,1.0,0.0,0.0,0.0
product.QMDNumerator.managed.CWHvm_DR_HW_M.CC,26,260,10,0.0,10000.0,1.0,1.0,134.26699829101562,0.0,0.0
product.QMDNumerator.managed.CWHvm_DR_HW_M.CC,27,270,10,0.0,10000.0,1.0,1.0,51.41899871826172,0.0,0.0
product.QMDNumerator.managed.CWHvm_DR_HW_M.CC,28,280,10,0.0,10000.0,1.0,1.0,239.5679931640625,0.0,0.0
product.QMDNumerator.managed.CWHvm_DR_HW_M.CC,29,290,10,0.0,10000.0,1.0,1.0,142.63900756835938,0.0,0.0
product.QMDNumerator.managed.CWHvm_DR_HW_M.CC,30,300,10,0.0,10000.0,1.0,1.0,204.0070037841797,0.0,0.0
product.QMDNumerator.managed.CWHvm_FDC_HW_H.CC,0,0,10,0.0,10000.0,1.0,1.0,0.0,0.0,0.0
product.QMDNumerator.managed.CWHvm_FDC_HW_H.CC,1,10,10,0.0,10000.0,1.0,1.0,577.1389770507812,0.0,0.0
product.QMDNumerator.managed.CWHvm_FDC_HW_H.CC,2,20,10,0.0,10000.0,1.0,1.0,234.92100524902344,0.0,0.0
product.QMDNumerator.managed.CWHvm_FDC_HW_H.CC,3,30,10,0.0,10000.0,1.0,1.0,0.0,0.0,0.0
product.QMDNumerator.managed.CWHvm_FDC_HW_H.CC,4,40,10,0.0,10000.0,1.0,1.0,0.0,0.0,0.0
product.QMDNumerator.managed.CWHvm_FDC_HW_H.CC,5,50,10,0.0,10000.0,1.0,1.0,45.72600173950195,0.0,0.0
product.QMDNumerator.managed.CWHvm_FDC_HW_H.CC,6,60,10,0.0,10000.0,1.0,1.0,1815.5150146484375,0.0,0.0
product.QMDNumerator.managed.CWHvm_FDC_HW_H.CC,7,70,10,0.0,10000.0,1.0,1.0,202.88800048828125,0.0,0.0
product.QMDNumerator.managed.CWHvm_FDC_HW_H.CC,8,80,10,0.0,10000.0,1.0,1.0,0.0,0.0,0.0
product.QMDNumerator.managed.CWHvm_FDC_HW_H.CC,9,90,10,0.0,10000.0,1.0,1.0,235.80799865722656,0.0,0.0
product.QMDNumerator.managed.CWHvm_FDC_HW_H.CC,10,100,10,0.0,10000.0,1.0,1.0,0.0,0.0,0.0
product.QMDNumerator.managed.CWHvm_FDC_HW_H.CC,11,110,10,0.0,10000.0,1.0,1.0,0.0,0.0,0.0
product.QMDNumerator.managed.CWHvm_FDC_HW_H.CC,12,120,10,0.0,10000.0,1.0,1.0,762.4569702148438,0.0,0.0
product.QMDNumerator.managed.CWHvm_FDC_HW_H.CC,13,130,10,0.0,10000.0,1.0,1.0,0.0,0.0,0.0
product.QMDNumerator.managed.CWHvm_FDC_HW_H.CC,14,140,10,0.0,10000.0,1.0,1.0,191.85899353027344,0.0,0.0
product.QMDNumerator.managed.CWHvm_FDC_HW_H.CC,15,150,10,0.0,10000.0,1.0,1.0,0.0,0.0,0.0
product.QMDNumerator.managed.CWHvm_FDC_HW_H.CC,16,160,10,0.0,10000.0,1.0,1.0,241.1300048828125,0.0,0.0
product.QMDNumerator.managed.CWHvm_FDC_HW_H.CC,17,170,10,0.0,10000.0,1.0,1.0,0.0,0.0,0.0
product.QMDNumerator.managed.CWHvm_FDC_HW_H.CC,18,180,10,0.0,10000.0,1.0,1.0,757.3800048828125,0.0,0.0
product.QMDNumerator.managed.CWHvm_FDC_HW_H.CC,19,190,10,0.0,10000.0,1.0,1.0,589.0419921875,0.0,0.0
product.QMDNumerator.managed.CWHvm_FDC_HW_H.CC,20,200,10,0.0,10000.0,1.0,1.0,0.0,0.0,0.0
product.QMDNumerator.managed.CWHvm_FDC_HW_H.CC,21,210,10,0.0,10000.0,1.0,1.0,188.14300537109375,0.0,0.0
product.QMDNumerator.managed.CWHvm_FDC_HW_H.CC,22,220,10,0.0,10000.0,1.0,1.0,672.572998046875,0.0,0.0
product.QMDNumerator.managed.CWHvm_FDC_HW_H.CC,23,230,10,0.0,10000.0,1.0,1.0,0.0,0.0,0.0
product.QMDNumerator.managed.CWHvm_FDC_HW_H.CC,24,240,10,0.0,10000.0,1.0,1.0,802.8300170898438,0.0,0.0
product.QMDNumerator.managed.CWHvm_FDC_HW_H.CC,25,250,10,0.0,10000.0,1.0,1.0,190.2729949951172,0.0,0.0
product.QMDNumerator.managed.CWHvm_FDC_HW_H.CC,26,260,10,0.0,10000.0,1.0,1.0,0.0,0.0,0.0
product.QMDNumerator.managed.CWHvm_FDC_HW_H.CC,27,270,10,0.0,10000.0,1.0,1.0,0.0,0.0,0.0
product.QMDNumerator.managed.CWHvm_FDC_HW_H.CC,28,280,10,0.0,10000.0,1.0,1.0,0.0,0.0,0.0
product.QMDNumerator.managed.CWHvm_FDC_HW_H.CC,29,290,10,0.0,10000.0,1.0,1.0,438.25299072265625,0.0,0.0
product.QMDNumerator.managed.CWHvm_FDC_HW_H.CC,30,300,10,0.0,10000.0,1.0,1.0,803.1439819335938,0.0,0.0
product.QMDNumerator.managed.CWHvm_FDC_HW_L.CC,0,0,10,0.0,10000.0,1.0,1.0,0.0,0.0,0.0
product.QMDNumerator.managed.CWHvm_FDC_HW_L.CC,1,10,10,0.0,10000.0,1.0,1.0,0.0,0.0,0.0
product.QMDNumerator.managed.CWHvm_FDC_HW_L.CC,2,20,10,0.0,10000.0,1.0,1.0,0.0,0.0,0.0
product.QMDNumerator.managed.CWHvm_FDC_HW_L.CC,3,30,10,0.0,10000.0,1.0,1.0,353.7560119628906,0.0,0.0
product.QMDNumerator.managed.CWHvm_FDC_HW_L.CC,4,40,10,0.0,10000.0,1.0,1.0,0.0,0.0,0.0
product.QMDNumerator.managed.CWHvm_FDC_HW_L.CC,5,50,10,0.0,10000.0,1.0,1.0,368.60198974609375,0.0,0.0
product.QMDNumerator.managed.CWHvm_FDC_HW_L.CC,6,60,10,0.0,10000.0,1.0,1.0,135.85899353027344,0.0,0.0
product.QMDNumerator.managed.CWHvm_FDC_HW_L.CC,7,70,10,0.0,10000.0,1.0,1.0,71.05000305175781,0.0,0.0
product.QMDNumerator.managed.CWHvm_FDC_HW_L.CC,8,80,10,0.0,10000.0,1.0,1.0,0.0,0.0,0.0
product.QMDNumerator.managed.CWHvm_FDC_HW_L.CC,9,90,10,0.0,10000.0,1.0,1.0,0.0,0.0,0.0
product.QMDNumerator.managed.CWHvm_FDC_HW_L.CC,10,100,10,0.0,10000.0,1.0,1.0,101.56600189208984,0.0,0.0
product.QMDNumerator.managed.CWHvm_FDC_HW_L.CC,11,110,10,0.0,10000.0,1.0,1.0,0.0,0.0,0.0
product.QMDNumerator.managed.CWHvm_FDC_HW_L.CC,12,120,10,0.0,10000.0,1.0,1.0,213.93299865722656,0.0,0.0
product.QMDNumerator.managed.CWHvm_FDC_HW_L.CC,13,130,10,0.0,10000.0,1.0,1.0,32.10599899291992,0.0,0.0
product.QMDNumerator.managed.CWHvm_FDC_HW_L.CC,14,140,10,0.0,10000.0,1.0,1.0,0.0,0.0,0.0
product.QMDNumerator.managed.CWHvm_FDC_HW_L.CC,15,150,10,0.0,10000.0,1.0,1.0,567.6790161132812,0.0,0.0
product.QMDNumerator.managed.CWHvm_FDC_HW_L.CC,16,160,10,0.0,10000.0,1.0,1.0,149.25999450683594,0.0,0.0
product.QMDNumerator.managed.CWHvm_FDC_HW_L.CC,17,170,10,0.0,10000.0,1.0,1.0,0.0,0.0,0.0
product.QMDNumerator.managed.CWHvm_FDC_HW_L.CC,18,180,10,0.0,10000.0,1.0,1.0,0.0,0.0,0.0
product.QMDNumerator.managed.CWHvm_FDC_HW_L.CC,19,190,10,0.0,10000.0,1.0,1.0,0.0,0.0,0.0
product.QMDNumerator.managed.CWHvm_FDC_HW_L.CC,20,200,10,0.0,10000.0,1.0,1.0,0.0,0.0,0.0
product.QMDNumerator.managed.CWHvm_FDC_HW_L.CC,21,210,10,0.0,10000.0,1.0,1.0,2287.319091796875,0.0,0.0
product.QMDNumerator.managed.CWHvm_FDC_HW_L.CC,22,220,10,0.0,10000.0,1.0,1.0,29.041000366210938,0.0,0.0
product.QMDNumerator.managed.CWHvm_FDC_HW_L.CC,23,230,10,0.0,10000.0,1.0,1.0,96.52200317382812,0.0,0.0
product.QMDNumerator.managed.CWHvm_FDC_HW_L.CC,24,240,10,0.0,10000.0,1.0,1.0,208.1490020751953,0.0,0.0
product.QMDNumerator.managed.CWHvm_FDC_HW_L.CC,25,250,10,0.0,10000.0,1.0,1.0,227.41700744628906,0.0,0.0
product.QMDNumerator.managed.CWHvm_FDC_HW_L.CC,26,260,10,0.0,10000.0,1.0,1.0,340.6300048828125,0.0,0.0
product.QMDNumerator.managed.CWHvm_FDC_HW_L.CC,27,270,10,0.0,10000.0,1.0,1.0,159.37100219726562,0.0,0.0
product.QMDNumerator.managed.CWHvm_FDC_HW_L.CC,28,280,10,0.0,10000.0,1.0,1.0,0.0,0.0,0.0
product.QMDNumerator.managed.CWHvm_FDC_HW_L.CC,29,290,10,0.0,10000.0,1.0,1.0,75.45600128173828,0.0,0.0
product.QMDNumerator.managed.CWHvm_FDC_HW_L.CC,30,300,10,0.0,10000.0,1.0,1.0,0.0,0.0,0.0
product.QMDNumerator.managed.CWHvm_FDC_HW_M.CC,0,0,10,0.0,10000.0,1.0,1.0,0.0,0.0,0.0
product.QMDNumerator.managed.CWHvm_FDC_HW_M.CC,1,10,10,0.0,10000.0,1.0,1.0,1165.3380126953125,0.0,0.0
product.QMDNumerator.managed.CWHvm_FDC_HW_M.CC,2,20,10,0.0,10000.0,1.0,1.0,66.5719985961914,0.0,0.0
product.QMDNumerator.managed.CWHvm_FDC_HW_M.CC,3,30,10,0.0,10000.0,1.0,1.0,1397.47900390625,0.0,0.0
product.QMDNumerator.managed.CWHvm_FDC_HW_M.CC,4,40,10,0.0,10000.0,1.0,1.0,917.0989990234375,0.0,0.0
product.QMDNumerator.managed.CWHvm_FDC_HW_M.CC,5,50,10,0.0,10000.0,1.0,1.0,310.1099853515625,0.0,0.0
product.QMDNumerator.managed.CWHvm_FDC_HW_M.CC,6,60,10,0.0,10000.0,1.0,1.0,0.0,0.0,0.0
product.QMDNumerator.managed.CWHvm_FDC_HW_M.CC,7,70,10,0.0,10000.0,1.0,1.0,249.2220001220703,0.0,0.0
product.QMDNumerator.managed.CWHvm_FDC_HW_M.CC,8,80,10,0.0,10000.0,1.0,1.0,1168.4139404296875,0.0,0.0
product.QMDNumerator.managed.CWHvm_FDC_HW_M.CC,9,90,10,0.0,10000.0,1.0,1.0,2089.35107421875,0.0,0.0
product.QMDNumerator.managed.CWHvm_FDC_HW_M.CC,10,100,10,0.0,10000.0,1.0,1.0,72.09700012207031,0.0,0.0
product.QMDNumerator.managed.CWHvm_FDC_HW_M.CC,11,110,10,0.0,10000.0,1.0,1.0,874.7269897460938,0.0,0.0
product.QMDNumerator.managed.CWHvm_FDC_HW_M.CC,12,120,10,0.0,10000.0,1.0,1.0,0.0,0.0,0.0
product.QMDNumerator.managed.CWHvm_FDC_HW_M.CC,13,130,10,0.0,10000.0,1.0,1.0,296.68701171875,0.0,0.0
product.QMDNumerator.managed.CWHvm_FDC_HW_M.CC,14,140,10,0.0,10000.0,1.0,1.0,0.0,0.0,0.0
product.QMDNumerator.managed.CWHvm_FDC_HW_M.CC,15,150,10,0.0,10000.0,1.0,1.0,0.0,0.0,0.0
product.QMDNumerator.managed.CWHvm_FDC_HW_M.CC,16,160,10,0.0,10000.0,1.0,1.0,1513.780029296875,0.0,0.0
product.QMDNumerator.managed.CWHvm_FDC_HW_M.CC,17,170,10,0.0,10000.0,1.0,1.0,1847.6390380859375,0.0,0.0
product.QMDNumerator.managed.CWHvm_FDC_HW_M.CC,18,180,10,0.0,10000.0,1.0,1.0,275.8789978027344,0.0,0.0
product.QMDNumerator.managed.CWHvm_FDC_HW_M.CC,19,190,10,0.0,10000.0,1.0,1.0,626.9940185546875,0.0,0.0
product.QMDNumerator.managed.CWHvm_FDC_HW_M.CC,20,200,10,0.0,10000.0,1.0,1.0,0.0,0.0,0.0
product.QMDNumerator.managed.CWHvm_FDC_HW_M.CC,21,210,10,0.0,10000.0,1.0,1.0,0.0,0.0,0.0
product.QMDNumerator.managed.CWHvm_FDC_HW_M.CC,22,220,10,0.0,10000.0,1.0,1.0,740.114013671875,0.0,0.0
product.QMDNumerator.managed.CWHvm_FDC_HW_M.CC,23,230,10,0.0,10000.0,1.0,1.0,2809.5791015625,0.0,0.0
product.QMDNumerator.managed.CWHvm_FDC_HW_M.CC,24,240,10,0.0,10000.0,1.0,1.0,641.0490112304688,0.0,0.0
product.QMDNumerator.managed.CWHvm_FDC_HW_M.CC,25,250,10,0.0,10000.0,1.0,1.0,71.93900299072266,0.0,0.0
product.QMDNumerator.managed.CWHvm_FDC_HW_M.CC,26,260,10,0.0,10000.0,1.0,1.0,0.0,0.0,0.0
product.QMDNumerator.managed.CWHvm_FDC_HW_M.CC,27,270,10,0.0,10000.0,1.0,1.0,626.9940185546875,0.0,0.0
product.QMDNumerator.managed.CWHvm_FDC_HW_M.CC,28,280,10,0.0,10000.0,1.0,1.0,0.0,0.0,0.0
product.QMDNumerator.managed.CWHvm_FDC_HW_M.CC,29,290,10,0.0,10000.0,1.0,1.0,338.9129943847656,0.0,0.0
product.QMDNumerator.managed.CWHvm_FDC_HW_M.CC,30,300,10,0.0,10000.0,1.0,1.0,848.9290161132812,0.0,0.0
product.QMDNumerator.managed.CWHvm_HW_BA_M.CC,0,0,10,0.0,10000.0,1.0,1.0,0.0,0.0,0.0
product.QMDNumerator.managed.CWHvm_HW_BA_M.CC,1,10,10,0.0,10000.0,1.0,1.0,0.0,0.0,0.0
product.QMDNumerator.managed.CWHvm_HW_BA_M.CC,2,20,10,0.0,10000.0,1.0,1.0,0.0,0.0,0.0
product.QMDNumerator.managed.CWHvm_HW_BA_M.CC,3,30,10,0.0,10000.0,1.0,1.0,0.0,0.0,0.0
product.QMDNumerator.managed.CWHvm_HW_BA_M.CC,4,40,10,0.0,10000.0,1.0,1.0,0.0,0.0,0.0
product.QMDNumerator.managed.CWHvm_HW_BA_M.CC,5,50,10,0.0,10000.0,1.0,1.0,220.5469970703125,0.0,0.0
product.QMDNumerator.managed.CWHvm_HW_BA_M.CC,6,60,10,0.0,10000.0,1.0,1.0,0.0,0.0,0.0
product.QMDNumerator.managed.CWHvm_HW_BA_M.CC,7,70,10,0.0,10000.0,1.0,1.0,70.24800109863281,0.0,0.0
product.QMDNumerator.managed.CWHvm_HW_BA_M.CC,8,80,10,0.0,10000.0,1.0,1.0,544.3380126953125,0.0,0.0
product.QMDNumerator.managed.CWHvm_HW_BA_M.CC,9,90,10,0.0,10000.0,1.0,1.0,0.0,0.0,0.0
product.QMDNumerator.managed.CWHvm_HW_BA_M.CC,10,100,10,0.0,10000.0,1.0,1.0,0.0,0.0,0.0
product.QMDNumerator.managed.CWHvm_HW_BA_M.CC,11,110,10,0.0,10000.0,1.0,1.0,0.0,0.0,0.0
product.QMDNumerator.managed.CWHvm_HW_BA_M.CC,12,120,10,0.0,10000.0,1.0,1.0,0.0,0.0,0.0
product.QMDNumerator.managed.CWHvm_HW_BA_M.CC,13,130,10,0.0,10000.0,1.0,1.0,0.0,0.0,0.0
product.QMDNumerator.managed.CWHvm_HW_BA_M.CC,14,140,10,0.0,10000.0,1.0,1.0,0.0,0.0,0.0
product.QMDNumerator.managed.CWHvm_HW_BA_M.CC,15,150,10,0.0,10000.0,1.0,1.0,0.0,0.0,0.0
product.QMDNumerator.managed.CWHvm_HW_BA_M.CC,16,160,10,0.0,10000.0,1.0,1.0,0.0,0.0,0.0
product.QMDNumerator.managed.CWHvm_HW_BA_M.CC,17,170,10,0.0,10000.0,1.0,1.0,63.72100067138672,0.0,0.0
product.QMDNumerator.managed.CWHvm_HW_BA_M.CC,18,180,10,0.0,10000.0,1.0,1.0,0.0,0.0,0.0
product.QMDNumerator.managed.CWHvm_HW_BA_M.CC,19,190,10,0.0,10000.0,1.0,1.0,0.0,0.0,0.0
product.QMDNumerator.managed.CWHvm_HW_BA_M.CC,20,200,10,0.0,10000.0,1.0,1.0,217.2220001220703,0.0,0.0
product.QMDNumerator.managed.CWHvm_HW_BA_M.CC,21,210,10,0.0,10000.0,1.0,1.0,0.0,0.0,0.0
product.QMDNumerator.managed.CWHvm_HW_BA_M.CC,22,220,10,0.0,10000.0,1.0,1.0,0.0,0.0,0.0
product.QMDNumerator.managed.CWHvm_HW_BA_M.CC,23,230,10,0.0,10000.0,1.0,1.0,0.0,0.0,0.0
product.QMDNumerator.managed.CWHvm_HW_BA_M.CC,24,240,10,0.0,10000.0,1.0,1.0,0.0,0.0,0.0
product.QMDNumerator.managed.CWHvm_HW_BA_M.CC,25,250,10,0.0,10000.0,1.0,1.0,0.0,0.0,0.0
product.QMDNumerator.managed.CWHvm_HW_BA_M.CC,26,260,10,0.0,10000.0,1.0,1.0,60.72999954223633,0.0,0.0
product.QMDNumerator.managed.CWHvm_HW_BA_M.CC,27,270,10,0.0,10000.0,1.0,1.0,0.0,0.0,0.0
product.QMDNumerator.managed.CWHvm_HW_BA_M.CC,28,280,10,0.0,10000.0,1.0,1.0,0.0,0.0,0.0
product.QMDNumerator.managed.CWHvm_HW_BA_M.CC,29,290,10,0.0,10000.0,1.0,1.0,112.95700073242188,0.0,0.0
product.QMDNumerator.managed.CWHvm_HW_BA_M.CC,30,300,10,0.0,10000.0,1.0,1.0,0.0,0.0,0.0
product.QMDNumerator.managed.CWHvm_HW_CW_H.CC,0,0,10,0.0,10000.0,1.0,1.0,0.0,0.0,0.0
product.QMDNumerator.managed.CWHvm_HW_CW_H.CC,1,10,10,0.0,10000.0,1.0,1.0,441.4549865722656,0.0,0.0
product.QMDNumerator.managed.CWHvm_HW_CW_H.CC,2,20,10,0.0,10000.0,1.0,1.0,376.3869934082031,0.0,0.0
product.QMDNumerator.managed.CWHvm_HW_CW_H.CC,3,30,10,0.0,10000.0,1.0,1.0,105.63500213623047,0.0,0.0
product.QMDNumerator.managed.CWHvm_HW_CW_H.CC,4,40,10,0.0,10000.0,1.0,1.0,0.0,0.0,0.0
product.QMDNumerator.managed.CWHvm_HW_CW_H.CC,5,50,10,0.0,10000.0,1.0,1.0,106.21399688720703,0.0,0.0
product.QMDNumerator.managed.CWHvm_HW_CW_H.CC,6,60,10,0.0,10000.0,1.0,1.0,87.28500366210938,0.0,0.0
product.QMDNumerator.managed.CWHvm_HW_CW_H.CC,7,70,10,0.0,10000.0,1.0,1.0,520.7750244140625,0.0,0.0
product.QMDNumerator.managed.CWHvm_HW_CW_H.CC,8,80,10,0.0,10000.0,1.0,1.0,0.0,0.0,0.0
product.QMDNumerator.managed.CWHvm_HW_CW_H.CC,9,90,10,0.0,10000.0,1.0,1.0,410.1130065917969,0.0,0.0
product.QMDNumerator.managed.CWHvm_HW_CW_H.CC,10,100,10,0.0,10000.0,1.0,1.0,0.0,0.0,0.0
product.QMDNumerator.managed.CWHvm_HW_CW_H.CC,11,110,10,0.0,10000.0,1.0,1.0,74.36000061035156,0.0,0.0
product.QMDNumerator.managed.CWHvm_HW_CW_H.CC,12,120,10,0.0,10000.0,1.0,1.0,349.760009765625,0.0,0.0
product.QMDNumerator.managed.CWHvm_HW_CW_H.CC,13,130,10,0.0,10000.0,1.0,1.0,103.33200073242188,0.0,0.0
product.QMDNumerator.managed.CWHvm_HW_CW_H.CC,14,140,10,0.0,10000.0,1.0,1.0,0.0,0.0,0.0
product.QMDNumerator.managed.CWHvm_HW_CW_H.CC,15,150,10,0.0,10000.0,1.0,1.0,90.60299682617188,0.0,0.0
product.QMDNumerator.managed.CWHvm_HW_CW_H.CC,16,160,10,0.0,10000.0,1.0,1.0,0.0,0.0,0.0
product.QMDNumerator.managed.CWHvm_HW_CW_H.CC,17,170,10,0.0,10000.0,1.0,1.0,0.0,0.0,0.0
product.QMDNumerator.managed.CWHvm_HW_CW_H.CC,18,180,10,0.0,10000.0,1.0,1.0,0.0,0.0,0.0
product.QMDNumerator.managed.CWHvm_HW_CW_H.CC,19,190,10,0.0,10000.0,1.0,1.0,439.6719970703125,0.0,0.0
product.QMDNumerator.managed.CWHvm_HW_CW_H.CC,20,200,10,0.0,10000.0,1.0,1.0,0.0,0.0,0.0
product.QMDNumerator.managed.CWHvm_HW_CW_H.CC,21,210,10,0.0,10000.0,1.0,1.0,68.49500274658203,0.0,0.0
product.QMDNumerator.managed.CWHvm_HW_CW_H.CC,22,220,10,0.0,10000.0,1.0,1.0,457.2669982910156,0.0,0.0
product.QMDNumerator.managed.CWHvm_HW_CW_H.CC,23,230,10,0.0,10000.0,1.0,1.0,0.0,0.0,0.0
product.QMDNumerator.managed.CWHvm_HW_CW_H.CC,24,240,10,0.0,10000.0,1.0,1.0,87.697998046875,0.0,0.0
product.QMDNumerator.managed.CWHvm_HW_CW_H.CC,25,250,10,0.0,10000.0,1.0,1.0,435.43701171875,0.0,0.0
product.QMDNumerator.managed.CWHvm_HW_CW_H.CC,26,260,10,0.0,10000.0,1.0,1.0,107.87899780273438,0.0,0.0
product.QMDNumerator.managed.CWHvm_HW_CW_H.CC,27,270,10,0.0,10000.0,1.0,1.0,492.6310119628906,0.0,0.0
product.QMDNumerator.managed.CWHvm_HW_CW_H.CC,28,280,10,0.0,10000.0,1.0,1.0,0.0,0.0,0.0
product.QMDNumerator.managed.CWHvm_HW_CW_H.CC,29,290,10,0.0,10000.0,1.0,1.0,63.76100158691406,0.0,0.0
product.QMDNumerator.managed.CWHvm_HW_CW_H.CC,30,300,10,0.0,10000.0,1.0,1.0,335.1260070800781,0.0,0.0
product.QMDNumerator.managed.CWHvm_HW_CW_L.CC,0,0,10,0.0,10000.0,1.0,1.0,0.0,0.0,0.0
product.QMDNumerator.managed.CWHvm_HW_CW_L.CC,1,10,10,0.0,10000.0,1.0,1.0,0.0,0.0,0.0
product.QMDNumerator.managed.CWHvm_HW_CW_L.CC,2,20,10,0.0,10000.0,1.0,1.0,47.0,0.0,0.0
product.QMDNumerator.managed.CWHvm_HW_CW_L.CC,3,30,10,0.0,10000.0,1.0,1.0,70.45999908447266,0.0,0.0
product.QMDNumerator.managed.CWHvm_HW_CW_L.CC,4,40,10,0.0,10000.0,1.0,1.0,0.0,0.0,0.0
product.QMDNumerator.managed.CWHvm_HW_CW_L.CC,5,50,10,0.0,10000.0,1.0,1.0,0.0,0.0,0.0
product.QMDNumerator.managed.CWHvm_HW_CW_L.CC,6,60,10,0.0,10000.0,1.0,1.0,104.46299743652344,0.0,0.0
product.QMDNumerator.managed.CWHvm_HW_CW_L.CC,7,70,10,0.0,10000.0,1.0,1.0,0.0,0.0,0.0
product.QMDNumerator.managed.CWHvm_HW_CW_L.CC,8,80,10,0.0,10000.0,1.0,1.0,0.0,0.0,0.0
product.QMDNumerator.managed.CWHvm_HW_CW_L.CC,9,90,10,0.0,10000.0,1.0,1.0,0.0,0.0,0.0
product.QMDNumerator.managed.CWHvm_HW_CW_L.CC,10,100,10,0.0,10000.0,1.0,1.0,0.0,0.0,0.0
product.QMDNumerator.managed.CWHvm_HW_CW_L.CC,11,110,10,0.0,10000.0,1.0,1.0,0.0,0.0,0.0
product.QMDNumerator.managed.CWHvm_HW_CW_L.CC,12,120,10,0.0,10000.0,1.0,1.0,0.0,0.0,0.0
product.QMDNumerator.managed.CWHvm_HW_CW_L.CC,13,130,10,0.0,10000.0,1.0,1.0,0.0,0.0,0.0
product.QMDNumerator.managed.CWHvm_HW_CW_L.CC,14,140,10,0.0,10000.0,1.0,1.0,0.0,0.0,0.0
product.QMDNumerator.managed.CWHvm_HW_CW_L.CC,15,150,10,0.0,10000.0,1.0,1.0,0.0,0.0,0.0
product.QMDNumerator.managed.CWHvm_HW_CW_L.CC,16,160,10,0.0,10000.0,1.0,1.0,71.98899841308594,0.0,0.0
product.QMDNumerator.managed.CWHvm_HW_CW_L.CC,17,170,10,0.0,10000.0,1.0,1.0,88.6969985961914,0.0,0.0
product.QMDNumerator.managed.CWHvm_HW_CW_L.CC,18,180,10,0.0,10000.0,1.0,1.0,107.46399688720703,0.0,0.0
product.QMDNumerator.managed.CWHvm_HW_CW_L.CC,19,190,10,0.0,10000.0,1.0,1.0,0.0,0.0,0.0
product.QMDNumerator.managed.CWHvm_HW_CW_L.CC,20,200,10,0.0,10000.0,1.0,1.0,0.0,0.0,0.0
product.QMDNumerator.managed.CWHvm_HW_CW_L.CC,21,210,10,0.0,10000.0,1.0,1.0,0.0,0.0,0.0
product.QMDNumerator.managed.CWHvm_HW_CW_L.CC,22,220,10,0.0,10000.0,1.0,1.0,0.0,0.0,0.0
product.QMDNumerator.managed.CWHvm_HW_CW_L.CC,23,230,10,0.0,10000.0,1.0,1.0,0.0,0.0,0.0
product.QMDNumerator.managed.CWHvm_HW_CW_L.CC,24,240,10,0.0,10000.0,1.0,1.0,0.0,0.0,0.0
product.QMDNumerator.managed.CWHvm_HW_CW_L.CC,25,250,10,0.0,10000.0,1.0,1.0,54.63800048828125,0.0,0.0
product.QMDNumerator.managed.CWHvm_HW_CW_L.CC,26,260,10,0.0,10000.0,1.0,1.0,0.0,0.0,0.0
product.QMDNumerator.managed.CWHvm_HW_CW_L.CC,27,270,10,0.0,10000.0,1.0,1.0,70.45999908447266,0.0,0.0
product.QMDNumerator.managed.CWHvm_HW_CW_L.CC,28,280,10,0.0,10000.0,1.0,1.0,0.0,0.0,0.0
product.QMDNumerator.managed.CWHvm_HW_CW_L.CC,29,290,10,0.0,10000.0,1.0,1.0,0.0,0.0,0.0
product.QMDNumerator.managed.CWHvm_HW_CW_L.CC,30,300,10,0.0,10000.0,1.0,1.0,0.0,0.0,0.0
product.QMDNumerator.managed.CWHvm_HW_CW_M.CC,0,0,10,0.0,10000.0,1.0,1.0,0.0,0.0,0.0
product.QMDNumerator.managed.CWHvm_HW_CW_M.CC,1,10,10,0.0,10000.0,1.0,1.0,149.33099365234375,0.0,0.0
product.QMDNumerator.managed.CWHvm_HW_CW_M.CC,2,20,10,0.0,10000.0,1.0,1.0,47.76300048828125,0.0,0.0
product.QMDNumerator.managed.CWHvm_HW_CW_M.CC,3,30,10,0.0,10000.0,1.0,1.0,52.47600173950195,0.0,0.0
product.QMDNumerator.managed.CWHvm_HW_CW_M.CC,4,40,10,0.0,10000.0,1.0,1.0,136.00999450683594,0.0,0.0
product.QMDNumerator.managed.CWHvm_HW_CW_M.CC,5,50,10,0.0,10000.0,1.0,1.0,31.687999725341797,0.0,0.0
product.QMDNumerator.managed.CWHvm_HW_CW_M.CC,6,60,10,0.0,10000.0,1.0,1.0,0.0,0.0,0.0
product.QMDNumerator.managed.CWHvm_HW_CW_M.CC,7,70,10,0.0,10000.0,1.0,1.0,150.07400512695312,0.0,0.0
product.QMDNumerator.managed.CWHvm_HW_CW_M.CC,8,80,10,0.0,10000.0,1.0,1.0,0.0,0.0,0.0
product.QMDNumerator.managed.CWHvm_HW_CW_M.CC,9,90,10,0.0,10000.0,1.0,1.0,0.0,0.0,0.0
product.QMDNumerator.managed.CWHvm_HW_CW_M.CC,10,100,10,0.0,10000.0,1.0,1.0,0.0,0.0,0.0
product.QMDNumerator.managed.CWHvm_HW_CW_M.CC,11,110,10,0.0,10000.0,1.0,1.0,0.0,0.0,0.0
product.QMDNumerator.managed.CWHvm_HW_CW_M.CC,12,120,10,0.0,10000.0,1.0,1.0,143.74200439453125,0.0,0.0
product.QMDNumerator.managed.CWHvm_HW_CW_M.CC,13,130,10,0.0,10000.0,1.0,1.0,0.0,0.0,0.0
product.QMDNumerator.managed.CWHvm_HW_CW_M.CC,14,140,10,0.0,10000.0,1.0,1.0,364.260009765625,0.0,0.0
product.QMDNumerator.managed.CWHvm_HW_CW_M.CC,15,150,10,0.0,10000.0,1.0,1.0,168.3719940185547,0.0,0.0
product.QMDNumerator.managed.CWHvm_HW_CW_M.CC,16,160,10,0.0,10000.0,1.0,1.0,60.28300094604492,0.0,0.0
product.QMDNumerator.managed.CWHvm_HW_CW_M.CC,17,170,10,0.0,10000.0,1.0,1.0,0.0,0.0,0.0
product.QMDNumerator.managed.CWHvm_HW_CW_M.CC,18,180,10,0.0,10000.0,1.0,1.0,16.003000259399414,0.0,0.0
product.QMDNumerator.managed.CWHvm_HW_CW_M.CC,19,190,10,0.0,10000.0,1.0,1.0,0.0,0.0,0.0
product.QMDNumerator.managed.CWHvm_HW_CW_M.CC,20,200,10,0.0,10000.0,1.0,1.0,0.0,0.0,0.0
product.QMDNumerator.managed.CWHvm_HW_CW_M.CC,21,210,10,0.0,10000.0,1.0,1.0,0.0,0.0,0.0
product.QMDNumerator.managed.CWHvm_HW_CW_M.CC,22,220,10,0.0,10000.0,1.0,1.0,0.0,0.0,0.0
product.QMDNumerator.managed.CWHvm_HW_CW_M.CC,23,230,10,0.0,10000.0,1.0,1.0,0.0,0.0,0.0
product.QMDNumerator.managed.CWHvm_HW_CW_M.CC,24,240,10,0.0,10000.0,1.0,1.0,52.082000732421875,0.0,0.0
product.QMDNumerator.managed.CWHvm_HW_CW_M.CC,25,250,10,0.0,10000.0,1.0,1.0,288.12298583984375,0.0,0.0
product.QMDNumerator.managed.CWHvm_HW_CW_M.CC,26,260,10,0.0,10000.0,1.0,1.0,57.071998596191406,0.0,0.0
product.QMDNumerator.managed.CWHvm_HW_CW_M.CC,27,270,10,0.0,10000.0,1.0,1.0,0.0,0.0,0.0
product.QMDNumerator.managed.CWHvm_HW_CW_M.CC,28,280,10,0.0,10000.0,1.0,1.0,446.3280029296875,0.0,0.0
product.QMDNumerator.managed.CWHvm_HW_CW_M.CC,29,290,10,0.0,10000.0,1.0,1.0,218.81500244140625,0.0,0.0
product.QMDNumerator.managed.CWHvm_HW_CW_M.CC,30,300,10,0.0,10000.0,1.0,1.0,16.003000259399414,0.0,0.0
product.QMDNumerator.managed.CWHvm_HW_FDC_H.CC,0,0,10,0.0,10000.0,1.0,1.0,0.0,0.0,0.0
product.QMDNumerator.managed.CWHvm_HW_FDC_H.CC,1,10,10,0.0,10000.0,1.0,1.0,0.0,0.0,0.0
product.QMDNumerator.managed.CWHvm_HW_FDC_H.CC,2,20,10,0.0,10000.0,1.0,1.0,1916.47705078125,0.0,0.0
product.QMDNumerator.managed.CWHvm_HW_FDC_H.CC,3,30,10,0.0,10000.0,1.0,1.0,711.2410278320312,0.0,0.0
product.QMDNumerator.managed.CWHvm_HW_FDC_H.CC,4,40,10,0.0,10000.0,1.0,1.0,1309.5479736328125,0.0,0.0
product.QMDNumerator.managed.CWHvm_HW_FDC_H.CC,5,50,10,0.0,10000.0,1.0,1.0,1037.0830078125,0.0,0.0
product.QMDNumerator.managed.CWHvm_HW_FDC_H.CC,6,60,10,0.0,10000.0,1.0,1.0,0.0,0.0,0.0
product.QMDNumerator.managed.CWHvm_HW_FDC_H.CC,7,70,10,0.0,10000.0,1.0,1.0,789.7990112304688,0.0,0.0
product.QMDNumerator.managed.CWHvm_HW_FDC_H.CC,8,80,10,0.0,10000.0,1.0,1.0,737.4439697265625,0.0,0.0
product.QMDNumerator.managed.CWHvm_HW_FDC_H.CC,9,90,10,0.0,10000.0,1.0,1.0,216.9759979248047,0.0,0.0
product.QMDNumerator.managed.CWHvm_HW_FDC_H.CC,10,100,10,0.0,10000.0,1.0,1.0,1849.886962890625,0.0,0.0
product.QMDNumerator.managed.CWHvm_HW_FDC_H.CC,11,110,10,0.0,10000.0,1.0,1.0,1576.3609619140625,0.0,0.0
product.QMDNumerator.managed.CWHvm_HW_FDC_H.CC,12,120,10,0.0,10000.0,1.0,1.0,558.8489990234375,0.0,0.0
product.QMDNumerator.managed.CWHvm_HW_FDC_H.CC,13,130,10,0.0,10000.0,1.0,1.0,1530.0889892578125,0.0,0.0
product.QMDNumerator.managed.CWHvm_HW_FDC_H.CC,14,140,10,0.0,10000.0,1.0,1.0,937.1300048828125,0.0,0.0
product.QMDNumerator.managed.CWHvm_HW_FDC_H.CC,15,150,10,0.0,10000.0,1.0,1.0,1333.7760009765625,0.0,0.0
product.QMDNumerator.managed.CWHvm_HW_FDC_H.CC,16,160,10,0.0,10000.0,1.0,1.0,641.2239990234375,0.0,0.0
product.QMDNumerator.managed.CWHvm_HW_FDC_H.CC,17,170,10,0.0,10000.0,1.0,1.0,1091.9599609375,0.0,0.0
product.QMDNumerator.managed.CWHvm_HW_FDC_H.CC,18,180,10,0.0,10000.0,1.0,1.0,1251.842041015625,0.0,0.0
product.QMDNumerator.managed.CWHvm_HW_FDC_H.CC,19,190,10,0.0,10000.0,1.0,1.0,450.40399169921875,0.0,0.0
product.QMDNumerator.managed.CWHvm_HW_FDC_H.CC,20,200,10,0.0,10000.0,1.0,1.0,1774.552978515625,0.0,0.0
product.QMDNumerator.managed.CWHvm_HW_FDC_H.CC,21,210,10,0.0,10000.0,1.0,1.0,0.0,0.0,0.0
product.QMDNumerator.managed.CWHvm_HW_FDC_H.CC,22,220,10,0.0,10000.0,1.0,1.0,198.2100067138672,0.0,0.0
product.QMDNumerator.managed.CWHvm_HW_FDC_H.CC,23,230,10,0.0,10000.0,1.0,1.0,136.48399353027344,0.0,0.0
product.QMDNumerator.managed.CWHvm_HW_FDC_H.CC,24,240,10,0.0,10000.0,1.0,1.0,546.7529907226562,0.0,0.0
product.QMDNumerator.managed.CWHvm_HW_FDC_H.CC,25,250,10,0.0,10000.0,1.0,1.0,868.2730102539062,0.0,0.0
product.QMDNumerator.managed.CWHvm_HW_FDC_H.CC,26,260,10,0.0,10000.0,1.0,1.0,1295.635009765625,0.0,0.0
product.QMDNumerator.managed.CWHvm_HW_FDC_H.CC,27,270,10,0.0,10000.0,1.0,1.0,1436.6400146484375,0.0,0.0
product.QMDNumerator.managed.CWHvm_HW_FDC_H.CC,28,280,10,0.0,10000.0,1.0,1.0,1644.5030517578125,0.0,0.0
product.QMDNumerator.managed.CWHvm_HW_FDC_H.CC,29,290,10,0.0,10000.0,1.0,1.0,1218.4949951171875,0.0,0.0
product.QMDNumerator.managed.CWHvm_HW_FDC_H.CC,30,300,10,0.0,10000.0,1.0,1.0,91.62799835205078,0.0,0.0
product.QMDNumerator.managed.CWHvm_HW_FDC_L.CC,0,0,10,0.0,10000.0,1.0,1.0,0.0,0.0,0.0
product.QMDNumerator.managed.CWHvm_HW_FDC_L.CC,1,10,10,0.0,10000.0,1.0,1.0,522.322998046875,0.0,0.0
product.QMDNumerator.managed.CWHvm_HW_FDC_L.CC,2,20,10,0.0,10000.0,1.0,1.0,81.8489990234375,0.0,0.0
product.QMDNumerator.managed.CWHvm_HW_FDC_L.CC,3,30,10,0.0,10000.0,1.0,1.0,226.60499572753906,0.0,0.0
product.QMDNumerator.managed.CWHvm_HW_FDC_L.CC,4,40,10,0.0,10000.0,1.0,1.0,266.92498779296875,0.0,0.0
product.QMDNumerator.managed.CWHvm_HW_FDC_L.CC,5,50,10,0.0,10000.0,1.0,1.0,605.1480102539062,0.0,0.0
product.QMDNumerator.managed.CWHvm_HW_FDC_L.CC,6,60,10,0.0,10000.0,1.0,1.0,564.5709838867188,0.0,0.0
product.QMDNumerator.managed.CWHvm_HW_FDC_L.CC,7,70,10,0.0,10000.0,1.0,1.0,67.07599639892578,0.0,0.0
product.QMDNumerator.managed.CWHvm_HW_FDC_L.CC,8,80,10,0.0,10000.0,1.0,1.0,0.0,0.0,0.0
product.QMDNumerator.managed.CWHvm_HW_FDC_L.CC,9,90,10,0.0,10000.0,1.0,1.0,101.56600189208984,0.0,0.0
product.QMDNumerator.managed.CWHvm_HW_FDC_L.CC,10,100,10,0.0,10000.0,1.0,1.0,0.0,0.0,0.0
product.QMDNumerator.managed.CWHvm_HW_FDC_L.CC,11,110,10,0.0,10000.0,1.0,1.0,116.77300262451172,0.0,0.0
product.QMDNumerator.managed.CWHvm_HW_FDC_L.CC,12,120,10,0.0,10000.0,1.0,1.0,755.8460083007812,0.0,0.0
product.QMDNumerator.managed.CWHvm_HW_FDC_L.CC,13,130,10,0.0,10000.0,1.0,1.0,176.43499755859375,0.0,0.0
product.QMDNumerator.managed.CWHvm_HW_FDC_L.CC,14,140,10,0.0,10000.0,1.0,1.0,982.0549926757812,0.0,0.0
product.QMDNumerator.managed.CWHvm_HW_FDC_L.CC,15,150,10,0.0,10000.0,1.0,1.0,0.0,0.0,0.0
product.QMDNumerator.managed.CWHvm_HW_FDC_L.CC,16,160,10,0.0,10000.0,1.0,1.0,60.821998596191406,0.0,0.0
product.QMDNumerator.managed.CWHvm_HW_FDC_L.CC,17,170,10,0.0,10000.0,1.0,1.0,0.0,0.0,0.0
product.QMDNumerator.managed.CWHvm_HW_FDC_L.CC,18,180,10,0.0,10000.0,1.0,1.0,0.0,0.0,0.0
product.QMDNumerator.managed.CWHvm_HW_FDC_L.CC,19,190,10,0.0,10000.0,1.0,1.0,0.0,0.0,0.0
product.QMDNumerator.managed.CWHvm_HW_FDC_L.CC,20,200,10,0.0,10000.0,1.0,1.0,470.0899963378906,0.0,0.0
product.QMDNumerator.managed.CWHvm_HW_FDC_L.CC,21,210,10,0.0,10000.0,1.0,1.0,215.87600708007812,0.0,0.0
product.QMDNumerator.managed.CWHvm_HW_FDC_L.CC,22,220,10,0.0,10000.0,1.0,1.0,27.363000869750977,0.0,0.0
product.QMDNumerator.managed.CWHvm_HW_FDC_L.CC,23,230,10,0.0,10000.0,1.0,1.0,293.7070007324219,0.0,0.0
product.QMDNumerator.managed.CWHvm_HW_FDC_L.CC,24,240,10,0.0,10000.0,1.0,1.0,910.344970703125,0.0,0.0
product.QMDNumerator.managed.CWHvm_HW_FDC_L.CC,25,250,10,0.0,10000.0,1.0,1.0,194.69400024414062,0.0,0.0
product.QMDNumerator.managed.CWHvm_HW_FDC_L.CC,26,260,10,0.0,10000.0,1.0,1.0,147.21099853515625,0.0,0.0
product.QMDNumerator.managed.CWHvm_HW_FDC_L.CC,27,270,10,0.0,10000.0,1.0,1.0,0.0,0.0,0.0
product.QMDNumerator.managed.CWHvm_HW_FDC_L.CC,28,280,10,0.0,10000.0,1.0,1.0,104.65799713134766,0.0,0.0
product.QMDNumerator.managed.CWHvm_HW_FDC_L.CC,29,290,10,0.0,10000.0,1.0,1.0,0.0,0.0,0.0
product.QMDNumerator.managed.CWHvm_HW_FDC_L.CC,30,300,10,0.0,10000.0,1.0,1.0,987.3350219726562,0.0,0.0
product.QMDNumerator.managed.CWHvm_HW_SS_M.CC,0,0,10,0.0,10000.0,1.0,1.0,0.0,0.0,0.0
product.QMDNumerator.managed.CWHvm_HW_SS_M.CC,1,10,10,0.0,10000.0,1.0,1.0,616.3900146484375,0.0,0.0
product.QMDNumerator.managed.CWHvm_HW_SS_M.CC,2,20,10,0.0,10000.0,1.0,1.0,0.0,0.0,0.0
product.QMDNumerator.managed.CWHvm_HW_SS_M.CC,3,30,10,0.0,10000.0,1.0,1.0,32.62099838256836,0.0,0.0
product.QMDNumerator.managed.CWHvm_HW_SS_M.CC,4,40,10,0.0,10000.0,1.0,1.0,120.22200012207031,0.0,0.0
product.QMDNumerator.managed.CWHvm_HW_SS_M.CC,5,50,10,0.0,10000.0,1.0,1.0,0.0,0.0,0.0
product.QMDNumerator.managed.CWHvm_HW_SS_M.CC,6,60,10,0.0,10000.0,1.0,1.0,0.0,0.0,0.0
product.QMDNumerator.managed.CWHvm_HW_SS_M.CC,7,70,10,0.0,10000.0,1.0,1.0,0.0,0.0,0.0
product.QMDNumerator.managed.CWHvm_HW_SS_M.CC,8,80,10,0.0,10000.0,1.0,1.0,0.0,0.0,0.0
product.QMDNumerator.managed.CWHvm_HW_SS_M.CC,9,90,10,0.0,10000.0,1.0,1.0,0.0,0.0,0.0
product.QMDNumerator.managed.CWHvm_HW_SS_M.CC,10,100,10,0.0,10000.0,1.0,1.0,650.719970703125,0.0,0.0
product.QMDNumerator.managed.CWHvm_HW_SS_M.CC,11,110,10,0.0,10000.0,1.0,1.0,0.0,0.0,0.0
product.QMDNumerator.managed.CWHvm_HW_SS_M.CC,12,120,10,0.0,10000.0,1.0,1.0,116.28600311279297,0.0,0.0
product.QMDNumerator.managed.CWHvm_HW_SS_M.CC,13,130,10,0.0,10000.0,1.0,1.0,34.606998443603516,0.0,0.0
product.QMDNumerator.managed.CWHvm_HW_SS_M.CC,14,140,10,0.0,10000.0,1.0,1.0,0.0,0.0,0.0
product.QMDNumerator.managed.CWHvm_HW_SS_M.CC,15,150,10,0.0,10000.0,1.0,1.0,0.0,0.0,0.0
product.QMDNumerator.managed.CWHvm_HW_SS_M.CC,16,160,10,0.0,10000.0,1.0,1.0,0.0,0.0,0.0
product.QMDNumerator.managed.CWHvm_HW_SS_M.CC,17,170,10,0.0,10000.0,1.0,1.0,0.0,0.0,0.0
product.QMDNumerator.managed.CWHvm_HW_SS_M.CC,18,180,10,0.0,10000.0,1.0,1.0,642.9180297851562,0.0,0.0
product.QMDNumerator.managed.CWHvm_HW_SS_M.CC,19,190,10,0.0,10000.0,1.0,1.0,0.0,0.0,0.0
product.QMDNumerator.managed.CWHvm_HW_SS_M.CC,20,200,10,0.0,10000.0,1.0,1.0,118.50499725341797,0.0,0.0
product.QMDNumerator.managed.CWHvm_HW_SS_M.CC,21,210,10,0.0,10000.0,1.0,1.0,32.01599884033203,0.0,0.0
product.QMDNumerator.managed.CWHvm_HW_SS_M.CC,22,220,10,0.0,10000.0,1.0,1.0,0.0,0.0,0.0
product.QMDNumerator.managed.CWHvm_HW_SS_M.CC,23,230,10,0.0,10000.0,1.0,1.0,0.0,0.0,0.0
product.QMDNumerator.managed.CWHvm_HW_SS_M.CC,24,240,10,0.0,10000.0,1.0,1.0,0.0,0.0,0.0
product.QMDNumerator.managed.CWHvm_HW_SS_M.CC,25,250,10,0.0,10000.0,1.0,1.0,625.1669921875,0.0,0.0
product.QMDNumerator.managed.CWHvm_HW_SS_M.CC,26,260,10,0.0,10000.0,1.0,1.0,0.0,0.0,0.0
product.QMDNumerator.managed.CWHvm_HW_SS_M.CC,27,270,10,0.0,10000.0,1.0,1.0,0.0,0.0,0.0
product.QMDNumerator.managed.CWHvm_HW_SS_M.CC,28,280,10,0.0,10000.0,1.0,1.0,0.0,0.0,0.0
product.QMDNumerator.managed.CWHvm_HW_SS_M.CC,29,290,10,0.0,10000.0,1.0,1.0,152.72500610351562,0.0,0.0
product.QMDNumerator.managed.CWHvm_HW_SS_M.CC,30,300,10,0.0,10000.0,1.0,1.0,0.0,0.0,0.0
product.Seral.area.immature.CWHvm_CW_HW_M.CC,0,0,10,0.0,10000.0,1.0,1.0,0.0,0.0,0.0
product.Seral.area.immature.CWHvm_CW_HW_M.CC,1,10,10,0.0,10000.0,1.0,1.0,0.42800000309944153,0.0,0.0
product.Seral.area.immature.CWHvm_CW_HW_M.CC,2,20,10,0.0,10000.0,1.0,1.0,0.0,0.0,0.0
product.Seral.area.immature.CWHvm_CW_HW_M.CC,3,30,10,0.0,10000.0,1.0,1.0,0.0,0.0,0.0
product.Seral.area.immature.CWHvm_CW_HW_M.CC,4,40,10,0.0,10000.0,1.0,1.0,0.0,0.0,0.0
product.Seral.area.immature.CWHvm_CW_HW_M.CC,5,50,10,0.0,10000.0,1.0,1.0,0.0,0.0,0.0
product.Seral.area.immature.CWHvm_CW_HW_M.CC,6,60,10,0.0,10000.0,1.0,1.0,0.0,0.0,0.0
product.Seral.area.immature.CWHvm_CW_HW_M.CC,7,70,10,0.0,10000.0,1.0,1.0,23.218000411987305,0.0,0.0
product.Seral.area.immature.CWHvm_CW_HW_M.CC,8,80,10,0.0,10000.0,1.0,1.0,0.0,0.0,0.0
product.Seral.area.immature.CWHvm_CW_HW_M.CC,9,90,10,0.0,10000.0,1.0,1.0,0.0,0.0,0.0
product.Seral.area.immature.CWHvm_CW_HW_M.CC,10,100,10,0.0,10000.0,1.0,1.0,0.0,0.0,0.0
product.Seral.area.immature.CWHvm_CW_HW_M.CC,11,110,10,0.0,10000.0,1.0,1.0,0.0,0.0,0.0
product.Seral.area.immature.CWHvm_CW_HW_M.CC,12,120,10,0.0,10000.0,1.0,1.0,0.0,0.0,0.0
product.Seral.area.immature.CWHvm_CW_HW_M.CC,13,130,10,0.0,10000.0,1.0,1.0,0.9950000047683716,0.0,0.0
product.Seral.area.immature.CWHvm_CW_HW_M.CC,14,140,10,0.0,10000.0,1.0,1.0,0.0,0.0,0.0
product.Seral.area.immature.CWHvm_CW_HW_M.CC,15,150,10,0.0,10000.0,1.0,1.0,0.0,0.0,0.0
product.Seral.area.immature.CWHvm_CW_HW_M.CC,16,160,10,0.0,10000.0,1.0,1.0,0.0,0.0,0.0
product.Seral.area.immature.CWHvm_CW_HW_M.CC,17,170,10,0.0,10000.0,1.0,1.0,0.0,0.0,0.0
product.Seral.area.immature.CWHvm_CW_HW_M.CC,18,180,10,0.0,10000.0,1.0,1.0,0.0,0.0,0.0
product.Seral.area.immature.CWHvm_CW_HW_M.CC,19,190,10,0.0,10000.0,1.0,1.0,0.0,0.0,0.0
product.Seral.area.immature.CWHvm_CW_HW_M.CC,20,200,10,0.0,10000.0,1.0,1.0,23.218000411987305,0.0,0.0
product.Seral.area.immature.CWHvm_CW_HW_M.CC,21,210,10,0.0,10000.0,1.0,1.0,0.0,0.0,0.0
product.Seral.area.immature.CWHvm_CW_HW_M.CC,22,220,10,0.0,10000.0,1.0,1.0,0.0,0.0,0.0
product.Seral.area.immature.CWHvm_CW_HW_M.CC,23,230,10,0.0,10000.0,1.0,1.0,0.0,0.0,0.0
product.Seral.area.immature.CWHvm_CW_HW_M.CC,24,240,10,0.0,10000.0,1.0,1.0,0.9950000047683716,0.0,0.0
product.Seral.area.immature.CWHvm_CW_HW_M.CC,25,250,10,0.0,10000.0,1.0,1.0,0.0,0.0,0.0
product.Seral.area.immature.CWHvm_CW_HW_M.CC,26,260,10,0.0,10000.0,1.0,1.0,0.42800000309944153,0.0,0.0
product.Seral.area.immature.CWHvm_CW_HW_M.CC,27,270,10,0.0,10000.0,1.0,1.0,0.0,0.0,0.0
product.Seral.area.immature.CWHvm_CW_HW_M.CC,28,280,10,0.0,10000.0,1.0,1.0,0.0,0.0,0.0
product.Seral.area.immature.CWHvm_CW_HW_M.CC,29,290,10,0.0,10000.0,1.0,1.0,0.0,0.0,0.0
product.Seral.area.immature.CWHvm_CW_HW_M.CC,30,300,10,0.0,10000.0,1.0,1.0,0.0,0.0,0.0
product.Seral.area.immature.CWHvm_DR_HW_M.CC,0,0,10,0.0,10000.0,1.0,1.0,0.0,0.0,0.0
product.Seral.area.immature.CWHvm_DR_HW_M.CC,1,10,10,0.0,10000.0,1.0,1.0,0.0,0.0,0.0
product.Seral.area.immature.CWHvm_DR_HW_M.CC,2,20,10,0.0,10000.0,1.0,1.0,3.6700000762939453,0.0,0.0
product.Seral.area.immature.CWHvm_DR_HW_M.CC,3,30,10,0.0,10000.0,1.0,1.0,10.37600040435791,0.0,0.0
product.Seral.area.immature.CWHvm_DR_HW_M.CC,4,40,10,0.0,10000.0,1.0,1.0,4.855000019073486,0.0,0.0
product.Seral.area.immature.CWHvm_DR_HW_M.CC,5,50,10,0.0,10000.0,1.0,1.0,0.0,0.0,0.0
product.Seral.area.immature.CWHvm_DR_HW_M.CC,6,60,10,0.0,10000.0,1.0,1.0,0.0,0.0,0.0
product.Seral.area.immature.CWHvm_DR_HW_M.CC,7,70,10,0.0,10000.0,1.0,1.0,0.0,0.0,0.0
product.Seral.area.immature.CWHvm_DR_HW_M.CC,8,80,10,0.0,10000.0,1.0,1.0,0.0,0.0,0.0
product.Seral.area.immature.CWHvm_DR_HW_M.CC,9,90,10,0.0,10000.0,1.0,1.0,0.0,0.0,0.0
product.Seral.area.immature.CWHvm_DR_HW_M.CC,10,100,10,0.0,10000.0,1.0,1.0,3.6700000762939453,0.0,0.0
product.Seral.area.immature.CWHvm_DR_HW_M.CC,11,110,10,0.0,10000.0,1.0,1.0,4.2220001220703125,0.0,0.0
product.Seral.area.immature.CWHvm_DR_HW_M.CC,12,120,10,0.0,10000.0,1.0,1.0,4.855000019073486,0.0,0.0
product.Seral.area.immature.CWHvm_DR_HW_M.CC,13,130,10,0.0,10000.0,1.0,1.0,0.0,0.0,0.0
product.Seral.area.immature.CWHvm_DR_HW_M.CC,14,140,10,0.0,10000.0,1.0,1.0,0.0,0.0,0.0
product.Seral.area.immature.CWHvm_DR_HW_M.CC,15,150,10,0.0,10000.0,1.0,1.0,0.0,0.0,0.0
product.Seral.area.immature.CWHvm_DR_HW_M.CC,16,160,10,0.0,10000.0,1.0,1.0,0.0,0.0,0.0
product.Seral.area.immature.CWHvm_DR_HW_M.CC,17,170,10,0.0,10000.0,1.0,1.0,0.0,0.0,0.0
product.Seral.area.immature.CWHvm_DR_HW_M.CC,18,180,10,0.0,10000.0,1.0,1.0,0.0,0.0,0.0
product.Seral.area.immature.CWHvm_DR_HW_M.CC,19,190,10,0.0,10000.0,1.0,1.0,19.625,0.0,0.0
product.Seral.area.immature.CWHvm_DR_HW_M.CC,20,200,10,0.0,10000.0,1.0,1.0,0.0,0.0,0.0
product.Seral.area.immature.CWHvm_DR_HW_M.CC,21,210,10,0.0,10000.0,1.0,1.0,0.0,0.0,0.0
product.Seral.area.immature.CWHvm_DR_HW_M.CC,22,220,10,0.0,10000.0,1.0,1.0,0.0,0.0,0.0
product.Seral.area.immature.CWHvm_DR_HW_M.CC,23,230,10,0.0,10000.0,1.0,1.0,0.0,0.0,0.0
product.Seral.area.immature.CWHvm_DR_HW_M.CC,24,240,10,0.0,10000.0,1.0,1.0,0.0,0.0,0.0
product.Seral.area.immature.CWHvm_DR_HW_M.CC,25,250,10,0.0,10000.0,1.0,1.0,0.0,0.0,0.0
product.Seral.area.immature.CWHvm_DR_HW_M.CC,26,260,10,0.0,10000.0,1.0,1.0,4.999000072479248,0.0,0.0
product.Seral.area.immature.CWHvm_DR_HW_M.CC,27,270,10,0.0,10000.0,1.0,1.0,1.7979999780654907,0.0,0.0
product.Seral.area.immature.CWHvm_DR_HW_M.CC,28,280,10,0.0,10000.0,1.0,1.0,8.57800006866455,0.0,0.0
product.Seral.area.immature.CWHvm_DR_HW_M.CC,29,290,10,0.0,10000.0,1.0,1.0,0.0,0.0,0.0
product.Seral.area.immature.CWHvm_DR_HW_M.CC,30,300,10,0.0,10000.0,1.0,1.0,0.0,0.0,0.0
product.Seral.area.immature.CWHvm_FDC_HW_H.CC,0,0,10,0.0,10000.0,1.0,1.0,0.0,0.0,0.0
product.Seral.area.immature.CWHvm_FDC_HW_H.CC,1,10,10,0.0,10000.0,1.0,1.0,18.916000366210938,0.0,0.0
product.Seral.area.immature.CWHvm_FDC_HW_H.CC,2,20,10,0.0,10000.0,1.0,1.0,7.392000198364258,0.0,0.0
product.Seral.area.immature.CWHvm_FDC_HW_H.CC,3,30,10,0.0,10000.0,1.0,1.0,0.0,0.0,0.0
product.Seral.area.immature.CWHvm_FDC_HW_H.CC,4,40,10,0.0,10000.0,1.0,1.0,0.0,0.0,0.0
product.Seral.area.immature.CWHvm_FDC_HW_H.CC,5,50,10,0.0,10000.0,1.0,1.0,0.0,0.0,0.0
product.Seral.area.immature.CWHvm_FDC_HW_H.CC,6,60,10,0.0,10000.0,1.0,1.0,18.916000366210938,0.0,0.0
product.Seral.area.immature.CWHvm_FDC_HW_H.CC,7,70,10,0.0,10000.0,1.0,1.0,0.0,0.0,0.0
product.Seral.area.immature.CWHvm_FDC_HW_H.CC,8,80,10,0.0,10000.0,1.0,1.0,0.0,0.0,0.0
product.Seral.area.immature.CWHvm_FDC_HW_H.CC,9,90,10,0.0,10000.0,1.0,1.0,7.392000198364258,0.0,0.0
product.Seral.area.immature.CWHvm_FDC_HW_H.CC,10,100,10,0.0,10000.0,1.0,1.0,0.0,0.0,0.0
product.Seral.area.immature.CWHvm_FDC_HW_H.CC,11,110,10,0.0,10000.0,1.0,1.0,0.0,0.0,0.0
product.Seral.area.immature.CWHvm_FDC_HW_H.CC,12,120,10,0.0,10000.0,1.0,1.0,24.81399917602539,0.0,0.0
product.Seral.area.immature.CWHvm_FDC_HW_H.CC,13,130,10,0.0,10000.0,1.0,1.0,0.0,0.0,0.0
product.Seral.area.immature.CWHvm_FDC_HW_H.CC,14,140,10,0.0,10000.0,1.0,1.0,0.0,0.0,0.0
product.Seral.area.immature.CWHvm_FDC_HW_H.CC,15,150,10,0.0,10000.0,1.0,1.0,0.0,0.0,0.0
product.Seral.area.immature.CWHvm_FDC_HW_H.CC,16,160,10,0.0,10000.0,1.0,1.0,0.0,0.0,0.0
product.Seral.area.immature.CWHvm_FDC_HW_H.CC,17,170,10,0.0,10000.0,1.0,1.0,0.0,0.0,0.0
product.Seral.area.immature.CWHvm_FDC_HW_H.CC,18,180,10,0.0,10000.0,1.0,1.0,24.81399917602539,0.0,0.0
product.Seral.area.immature.CWHvm_FDC_HW_H.CC,19,190,10,0.0,10000.0,1.0,1.0,0.0,0.0,0.0
product.Seral.area.immature.CWHvm_FDC_HW_H.CC,20,200,10,0.0,10000.0,1.0,1.0,0.0,0.0,0.0
product.Seral.area.immature.CWHvm_FDC_HW_H.CC,21,210,10,0.0,10000.0,1.0,1.0,5.8979997634887695,0.0,0.0
product.Seral.area.immature.CWHvm_FDC_HW_H.CC,22,220,10,0.0,10000.0,1.0,1.0,0.0,0.0,0.0
product.Seral.area.immature.CWHvm_FDC_HW_H.CC,23,230,10,0.0,10000.0,1.0,1.0,0.0,0.0,0.0
product.Seral.area.immature.CWHvm_FDC_HW_H.CC,24,240,10,0.0,10000.0,1.0,1.0,18.916000366210938,0.0,0.0
product.Seral.area.immature.CWHvm_FDC_HW_H.CC,25,250,10,0.0,10000.0,1.0,1.0,0.0,0.0,0.0
product.Seral.area.immature.CWHvm_FDC_HW_H.CC,26,260,10,0.0,10000.0,1.0,1.0,0.0,0.0,0.0
product.Seral.area.immature.CWHvm_FDC_HW_H.CC,27,270,10,0.0,10000.0,1.0,1.0,0.0,0.0,0.0
product.Seral.area.immature.CWHvm_FDC_HW_H.CC,28,280,10,0.0,10000.0,1.0,1.0,0.0,0.0,0.0
product.Seral.area.immature.CWHvm_FDC_HW_H.CC,29,290,10,0.0,10000.0,1.0,1.0,0.0,0.0,0.0
product.Seral.area.immature.CWHvm_FDC_HW_H.CC,30,300,10,0.0,10000.0,1.0,1.0,26.308000564575195,0.0,0.0
product.Seral.area.immature.CWHvm_FDC_HW_L.CC,0,0,10,0.0,10000.0,1.0,1.0,0.0,0.0,0.0
product.Seral.area.immature.CWHvm_FDC_HW_L.CC,1,10,10,0.0,10000.0,1.0,1.0,0.0,0.0,0.0
product.Seral.area.immature.CWHvm_FDC_HW_L.CC,2,20,10,0.0,10000.0,1.0,1.0,0.0,0.0,0.0
product.Seral.area.immature.CWHvm_FDC_HW_L.CC,3,30,10,0.0,10000.0,1.0,1.0,0.0,0.0,0.0
product.Seral.area.immature.CWHvm_FDC_HW_L.CC,4,40,10,0.0,10000.0,1.0,1.0,0.0,0.0,0.0
product.Seral.area.immature.CWHvm_FDC_HW_L.CC,5,50,10,0.0,10000.0,1.0,1.0,3.5950000286102295,0.0,0.0
product.Seral.area.immature.CWHvm_FDC_HW_L.CC,6,60,10,0.0,10000.0,1.0,1.0,0.0,0.0,0.0
product.Seral.area.immature.CWHvm_FDC_HW_L.CC,7,70,10,0.0,10000.0,1.0,1.0,0.0,0.0,0.0
product.Seral.area.immature.CWHvm_FDC_HW_L.CC,8,80,10,0.0,10000.0,1.0,1.0,0.0,0.0,0.0
product.Seral.area.immature.CWHvm_FDC_HW_L.CC,9,90,10,0.0,10000.0,1.0,1.0,0.0,0.0,0.0
product.Seral.area.immature.CWHvm_FDC_HW_L.CC,10,100,10,0.0,10000.0,1.0,1.0,0.0,0.0,0.0
product.Seral.area.immature.CWHvm_FDC_HW_L.CC,11,110,10,0.0,10000.0,1.0,1.0,0.0,0.0,0.0
product.Seral.area.immature.CWHvm_FDC_HW_L.CC,12,120,10,0.0,10000.0,1.0,1.0,0.0,0.0,0.0
product.Seral.area.immature.CWHvm_FDC_HW_L.CC,13,130,10,0.0,10000.0,1.0,1.0,0.0,0.0,0.0
product.Seral.area.immature.CWHvm_FDC_HW_L.CC,14,140,10,0.0,10000.0,1.0,1.0,0.0,0.0,0.0
product.Seral.area.immature.CWHvm_FDC_HW_L.CC,15,150,10,0.0,10000.0,1.0,1.0,8.692999839782715,0.0,0.0
product.Seral.area.immature.CWHvm_FDC_HW_L.CC,16,160,10,0.0,10000.0,1.0,1.0,0.0,0.0,0.0
product.Seral.area.immature.CWHvm_FDC_HW_L.CC,17,170,10,0.0,10000.0,1.0,1.0,0.0,0.0,0.0
product.Seral.area.immature.CWHvm_FDC_HW_L.CC,18,180,10,0.0,10000.0,1.0,1.0,0.0,0.0,0.0
product.Seral.area.immature.CWHvm_FDC_HW_L.CC,19,190,10,0.0,10000.0,1.0,1.0,0.0,0.0,0.0
product.Seral.area.immature.CWHvm_FDC_HW_L.CC,20,200,10,0.0,10000.0,1.0,1.0,0.0,0.0,0.0
product.Seral.area.immature.CWHvm_FDC_HW_L.CC,21,210,10,0.0,10000.0,1.0,1.0,0.0,0.0,0.0
product.Seral.area.immature.CWHvm_FDC_HW_L.CC,22,220,10,0.0,10000.0,1.0,1.0,1.1230000257492065,0.0,0.0
product.Seral.area.immature.CWHvm_FDC_HW_L.CC,23,230,10,0.0,10000.0,1.0,1.0,0.0,0.0,0.0
product.Seral.area.immature.CWHvm_FDC_HW_L.CC,24,240,10,0.0,10000.0,1.0,1.0,0.0,0.0,0.0
product.Seral.area.immature.CWHvm_FDC_HW_L.CC,25,250,10,0.0,10000.0,1.0,1.0,5.164999961853027,0.0,0.0
product.Seral.area.immature.CWHvm_FDC_HW_L.CC,26,260,10,0.0,10000.0,1.0,1.0,0.0,0.0,0.0
product.Seral.area.immature.CWHvm_FDC_HW_L.CC,27,270,10,0.0,10000.0,1.0,1.0,0.0,0.0,0.0
product.Seral.area.immature.CWHvm_FDC_HW_L.CC,28,280,10,0.0,10000.0,1.0,1.0,0.0,0.0,0.0
product.Seral.area.immature.CWHvm_FDC_HW_L.CC,29,290,10,0.0,10000.0,1.0,1.0,0.0,0.0,0.0
product.Seral.area.immature.CWHvm_FDC_HW_L.CC,30,300,10,0.0,10000.0,1.0,1.0,0.0,0.0,0.0
product.Seral.area.immature.CWHvm_FDC_HW_M.CC,0,0,10,0.0,10000.0,1.0,1.0,0.0,0.0,0.0
product.Seral.area.immature.CWHvm_FDC_HW_M.CC,1,10,10,0.0,10000.0,1.0,1.0,39.48500061035156,0.0,0.0
product.Seral.area.immature.CWHvm_FDC_HW_M.CC,2,20,10,0.0,10000.0,1.0,1.0,2.2639999389648438,0.0,0.0
product.Seral.area.immature.CWHvm_FDC_HW_M.CC,3,30,10,0.0,10000.0,1.0,1.0,44.935001373291016,0.0,0.0
product.Seral.area.immature.CWHvm_FDC_HW_M.CC,4,40,10,0.0,10000.0,1.0,1.0,0.0,0.0,0.0
product.Seral.area.immature.CWHvm_FDC_HW_M.CC,5,50,10,0.0,10000.0,1.0,1.0,0.0,0.0,0.0
product.Seral.area.immature.CWHvm_FDC_HW_M.CC,6,60,10,0.0,10000.0,1.0,1.0,0.0,0.0,0.0
product.Seral.area.immature.CWHvm_FDC_HW_M.CC,7,70,10,0.0,10000.0,1.0,1.0,0.0,0.0,0.0
product.Seral.area.immature.CWHvm_FDC_HW_M.CC,8,80,10,0.0,10000.0,1.0,1.0,28.007999420166016,0.0,0.0
product.Seral.area.immature.CWHvm_FDC_HW_M.CC,9,90,10,0.0,10000.0,1.0,1.0,56.4119987487793,0.0,0.0
product.Seral.area.immature.CWHvm_FDC_HW_M.CC,10,100,10,0.0,10000.0,1.0,1.0,0.0,0.0,0.0
product.Seral.area.immature.CWHvm_FDC_HW_M.CC,11,110,10,0.0,10000.0,1.0,1.0,28.736000061035156,0.0,0.0
product.Seral.area.immature.CWHvm_FDC_HW_M.CC,12,120,10,0.0,10000.0,1.0,1.0,0.0,0.0,0.0
product.Seral.area.immature.CWHvm_FDC_HW_M.CC,13,130,10,0.0,10000.0,1.0,1.0,0.0,0.0,0.0
product.Seral.area.immature.CWHvm_FDC_HW_M.CC,14,140,10,0.0,10000.0,1.0,1.0,0.0,0.0,0.0
product.Seral.area.immature.CWHvm_FDC_HW_M.CC,15,150,10,0.0,10000.0,1.0,1.0,0.0,0.0,0.0
product.Seral.area.immature.CWHvm_FDC_HW_M.CC,16,160,10,0.0,10000.0,1.0,1.0,48.63399887084961,0.0,0.0
product.Seral.area.immature.CWHvm_FDC_HW_M.CC,17,170,10,0.0,10000.0,1.0,1.0,58.67599868774414,0.0,0.0
product.Seral.area.immature.CWHvm_FDC_HW_M.CC,18,180,10,0.0,10000.0,1.0,1.0,8.956999778747559,0.0,0.0
product.Seral.area.immature.CWHvm_FDC_HW_M.CC,19,190,10,0.0,10000.0,1.0,1.0,19.77899932861328,0.0,0.0
product.Seral.area.immature.CWHvm_FDC_HW_M.CC,20,200,10,0.0,10000.0,1.0,1.0,0.0,0.0,0.0
product.Seral.area.immature.CWHvm_FDC_HW_M.CC,21,210,10,0.0,10000.0,1.0,1.0,0.0,0.0,0.0
product.Seral.area.immature.CWHvm_FDC_HW_M.CC,22,220,10,0.0,10000.0,1.0,1.0,0.0,0.0,0.0
product.Seral.area.immature.CWHvm_FDC_HW_M.CC,23,230,10,0.0,10000.0,1.0,1.0,93.2040023803711,0.0,0.0
product.Seral.area.immature.CWHvm_FDC_HW_M.CC,24,240,10,0.0,10000.0,1.0,1.0,20.798999786376953,0.0,0.0
product.Seral.area.immature.CWHvm_FDC_HW_M.CC,25,250,10,0.0,10000.0,1.0,1.0,0.0,0.0,0.0
product.Seral.area.immature.CWHvm_FDC_HW_M.CC,26,260,10,0.0,10000.0,1.0,1.0,0.0,0.0,0.0
product.Seral.area.immature.CWHvm_FDC_HW_M.CC,27,270,10,0.0,10000.0,1.0,1.0,19.77899932861328,0.0,0.0
product.Seral.area.immature.CWHvm_FDC_HW_M.CC,28,280,10,0.0,10000.0,1.0,1.0,0.0,0.0,0.0
product.Seral.area.immature.CWHvm_FDC_HW_M.CC,29,290,10,0.0,10000.0,1.0,1.0,11.47700023651123,0.0,0.0
product.Seral.area.immature.CWHvm_FDC_HW_M.CC,30,300,10,0.0,10000.0,1.0,1.0,28.007999420166016,0.0,0.0
product.Seral.area.immature.CWHvm_HW_BA_M.CC,0,0,10,0.0,10000.0,1.0,1.0,0.0,0.0,0.0
product.Seral.area.immature.CWHvm_HW_BA_M.CC,1,10,10,0.0,10000.0,1.0,1.0,0.0,0.0,0.0
product.Seral.area.immature.CWHvm_HW_BA_M.CC,2,20,10,0.0,10000.0,1.0,1.0,0.0,0.0,0.0
product.Seral.area.immature.CWHvm_HW_BA_M.CC,3,30,10,0.0,10000.0,1.0,1.0,0.0,0.0,0.0
product.Seral.area.immature.CWHvm_HW_BA_M.CC,4,40,10,0.0,10000.0,1.0,1.0,0.0,0.0,0.0
product.Seral.area.immature.CWHvm_HW_BA_M.CC,5,50,10,0.0,10000.0,1.0,1.0,0.0,0.0,0.0
product.Seral.area.immature.CWHvm_HW_BA_M.CC,6,60,10,0.0,10000.0,1.0,1.0,0.0,0.0,0.0
product.Seral.area.immature.CWHvm_HW_BA_M.CC,7,70,10,0.0,10000.0,1.0,1.0,0.0,0.0,0.0
product.Seral.area.immature.CWHvm_HW_BA_M.CC,8,80,10,0.0,10000.0,1.0,1.0,0.0,0.0,0.0
product.Seral.area.immature.CWHvm_HW_BA_M.CC,9,90,10,0.0,10000.0,1.0,1.0,0.0,0.0,0.0
product.Seral.area.immature.CWHvm_HW_BA_M.CC,10,100,10,0.0,10000.0,1.0,1.0,0.0,0.0,0.0
product.Seral.area.immature.CWHvm_HW_BA_M.CC,11,110,10,0.0,10000.0,1.0,1.0,0.0,0.0,0.0
product.Seral.area.immature.CWHvm_HW_BA_M.CC,12,120,10,0.0,10000.0,1.0,1.0,0.0,0.0,0.0
product.Seral.area.immature.CWHvm_HW_BA_M.CC,13,130,10,0.0,10000.0,1.0,1.0,0.0,0.0,0.0
product.Seral.area.immature.CWHvm_HW_BA_M.CC,14,140,10,0.0,10000.0,1.0,1.0,0.0,0.0,0.0
product.Seral.area.immature.CWHvm_HW_BA_M.CC,15,150,10,0.0,10000.0,1.0,1.0,0.0,0.0,0.0
product.Seral.area.immature.CWHvm_HW_BA_M.CC,16,160,10,0.0,10000.0,1.0,1.0,0.0,0.0,0.0
product.Seral.area.immature.CWHvm_HW_BA_M.CC,17,170,10,0.0,10000.0,1.0,1.0,0.0,0.0,0.0
product.Seral.area.immature.CWHvm_HW_BA_M.CC,18,180,10,0.0,10000.0,1.0,1.0,0.0,0.0,0.0
product.Seral.area.immature.CWHvm_HW_BA_M.CC,19,190,10,0.0,10000.0,1.0,1.0,0.0,0.0,0.0
product.Seral.area.immature.CWHvm_HW_BA_M.CC,20,200,10,0.0,10000.0,1.0,1.0,0.0,0.0,0.0
product.Seral.area.immature.CWHvm_HW_BA_M.CC,21,210,10,0.0,10000.0,1.0,1.0,0.0,0.0,0.0
product.Seral.area.immature.CWHvm_HW_BA_M.CC,22,220,10,0.0,10000.0,1.0,1.0,0.0,0.0,0.0
product.Seral.area.immature.CWHvm_HW_BA_M.CC,23,230,10,0.0,10000.0,1.0,1.0,0.0,0.0,0.0
product.Seral.area.immature.CWHvm_HW_BA_M.CC,24,240,10,0.0,10000.0,1.0,1.0,0.0,0.0,0.0
product.Seral.area.immature.CWHvm_HW_BA_M.CC,25,250,10,0.0,10000.0,1.0,1.0,0.0,0.0,0.0
product.Seral.area.immature.CWHvm_HW_BA_M.CC,26,260,10,0.0,10000.0,1.0,1.0,2.2660000324249268,0.0,0.0
product.Seral.area.immature.CWHvm_HW_BA_M.CC,27,270,10,0.0,10000.0,1.0,1.0,0.0,0.0,0.0
product.Seral.area.immature.CWHvm_HW_BA_M.CC,28,280,10,0.0,10000.0,1.0,1.0,0.0,0.0,0.0
product.Seral.area.immature.CWHvm_HW_BA_M.CC,29,290,10,0.0,10000.0,1.0,1.0,4.1539998054504395,0.0,0.0
product.Seral.area.immature.CWHvm_HW_BA_M.CC,30,300,10,0.0,10000.0,1.0,1.0,0.0,0.0,0.0
product.Seral.area.immature.CWHvm_HW_CW_H.CC,0,0,10,0.0,10000.0,1.0,1.0,0.0,0.0,0.0
product.Seral.area.immature.CWHvm_HW_CW_H.CC,1,10,10,0.0,10000.0,1.0,1.0,0.0,0.0,0.0
product.Seral.area.immature.CWHvm_HW_CW_H.CC,2,20,10,0.0,10000.0,1.0,1.0,0.0,0.0,0.0
product.Seral.area.immature.CWHvm_HW_CW_H.CC,3,30,10,0.0,10000.0,1.0,1.0,0.0,0.0,0.0
product.Seral.area.immature.CWHvm_HW_CW_H.CC,4,40,10,0.0,10000.0,1.0,1.0,0.0,0.0,0.0
product.Seral.area.immature.CWHvm_HW_CW_H.CC,5,50,10,0.0,10000.0,1.0,1.0,3.743000030517578,0.0,0.0
product.Seral.area.immature.CWHvm_HW_CW_H.CC,6,60,10,0.0,10000.0,1.0,1.0,0.0,0.0,0.0
product.Seral.area.immature.CWHvm_HW_CW_H.CC,7,70,10,0.0,10000.0,1.0,1.0,0.0,0.0,0.0
product.Seral.area.immature.CWHvm_HW_CW_H.CC,8,80,10,0.0,10000.0,1.0,1.0,0.0,0.0,0.0
product.Seral.area.immature.CWHvm_HW_CW_H.CC,9,90,10,0.0,10000.0,1.0,1.0,14.854000091552734,0.0,0.0
product.Seral.area.immature.CWHvm_HW_CW_H.CC,10,100,10,0.0,10000.0,1.0,1.0,0.0,0.0,0.0
product.Seral.area.immature.CWHvm_HW_CW_H.CC,11,110,10,0.0,10000.0,1.0,1.0,0.0,0.0,0.0
product.Seral.area.immature.CWHvm_HW_CW_H.CC,12,120,10,0.0,10000.0,1.0,1.0,11.994999885559082,0.0,0.0
product.Seral.area.immature.CWHvm_HW_CW_H.CC,13,130,10,0.0,10000.0,1.0,1.0,3.743000030517578,0.0,0.0
product.Seral.area.immature.CWHvm_HW_CW_H.CC,14,140,10,0.0,10000.0,1.0,1.0,0.0,0.0,0.0
product.Seral.area.immature.CWHvm_HW_CW_H.CC,15,150,10,0.0,10000.0,1.0,1.0,0.0,0.0,0.0
product.Seral.area.immature.CWHvm_HW_CW_H.CC,16,160,10,0.0,10000.0,1.0,1.0,0.0,0.0,0.0
product.Seral.area.immature.CWHvm_HW_CW_H.CC,17,170,10,0.0,10000.0,1.0,1.0,0.0,0.0,0.0
product.Seral.area.immature.CWHvm_HW_CW_H.CC,18,180,10,0.0,10000.0,1.0,1.0,0.0,0.0,0.0
product.Seral.area.immature.CWHvm_HW_CW_H.CC,19,190,10,0.0,10000.0,1.0,1.0,0.0,0.0,0.0
product.Seral.area.immature.CWHvm_HW_CW_H.CC,20,200,10,0.0,10000.0,1.0,1.0,0.0,0.0,0.0
product.Seral.area.immature.CWHvm_HW_CW_H.CC,21,210,10,0.0,10000.0,1.0,1.0,0.0,0.0,0.0
product.Seral.area.immature.CWHvm_HW_CW_H.CC,22,220,10,0.0,10000.0,1.0,1.0,15.73799991607666,0.0,0.0
product.Seral.area.immature.CWHvm_HW_CW_H.CC,23,230,10,0.0,10000.0,1.0,1.0,0.0,0.0,0.0
product.Seral.area.immature.CWHvm_HW_CW_H.CC,24,240,10,0.0,10000.0,1.0,1.0,0.0,0.0,0.0
product.Seral.area.immature.CWHvm_HW_CW_H.CC,25,250,10,0.0,10000.0,1.0,1.0,0.0,0.0,0.0
product.Seral.area.immature.CWHvm_HW_CW_H.CC,26,260,10,0.0,10000.0,1.0,1.0,0.0,0.0,0.0
product.Seral.area.immature.CWHvm_HW_CW_H.CC,27,270,10,0.0,10000.0,1.0,1.0,14.854000091552734,0.0,0.0
product.Seral.area.immature.CWHvm_HW_CW_H.CC,28,280,10,0.0,10000.0,1.0,1.0,0.0,0.0,0.0
product.Seral.area.immature.CWHvm_HW_CW_H.CC,29,290,10,0.0,10000.0,1.0,1.0,2.309000015258789,0.0,0.0
product.Seral.area.immature.CWHvm_HW_CW_H.CC,30,300,10,0.0,10000.0,1.0,1.0,11.994999885559082,0.0,0.0
product.Seral.area.immature.CWHvm_HW_CW_L.CC,0,0,10,0.0,10000.0,1.0,1.0,0.0,0.0,0.0
product.Seral.area.immature.CWHvm_HW_CW_L.CC,1,10,10,0.0,10000.0,1.0,1.0,0.0,0.0,0.0
product.Seral.area.immature.CWHvm_HW_CW_L.CC,2,20,10,0.0,10000.0,1.0,1.0,2.063999891281128,0.0,0.0
product.Seral.area.immature.CWHvm_HW_CW_L.CC,3,30,10,0.0,10000.0,1.0,1.0,3.056999921798706,0.0,0.0
product.Seral.area.immature.CWHvm_HW_CW_L.CC,4,40,10,0.0,10000.0,1.0,1.0,0.0,0.0,0.0
product.Seral.area.immature.CWHvm_HW_CW_L.CC,5,50,10,0.0,10000.0,1.0,1.0,0.0,0.0,0.0
product.Seral.area.immature.CWHvm_HW_CW_L.CC,6,60,10,0.0,10000.0,1.0,1.0,0.0,0.0,0.0
product.Seral.area.immature.CWHvm_HW_CW_L.CC,7,70,10,0.0,10000.0,1.0,1.0,0.0,0.0,0.0
product.Seral.area.immature.CWHvm_HW_CW_L.CC,8,80,10,0.0,10000.0,1.0,1.0,0.0,0.0,0.0
product.Seral.area.immature.CWHvm_HW_CW_L.CC,9,90,10,0.0,10000.0,1.0,1.0,0.0,0.0,0.0
product.Seral.area.immature.CWHvm_HW_CW_L.CC,10,100,10,0.0,10000.0,1.0,1.0,0.0,0.0,0.0
product.Seral.area.immature.CWHvm_HW_CW_L.CC,11,110,10,0.0,10000.0,1.0,1.0,0.0,0.0,0.0
product.Seral.area.immature.CWHvm_HW_CW_L.CC,12,120,10,0.0,10000.0,1.0,1.0,0.0,0.0,0.0
product.Seral.area.immature.CWHvm_HW_CW_L.CC,13,130,10,0.0,10000.0,1.0,1.0,0.0,0.0,0.0
product.Seral.area.immature.CWHvm_HW_CW_L.CC,14,140,10,0.0,10000.0,1.0,1.0,0.0,0.0,0.0
product.Seral.area.immature.CWHvm_HW_CW_L.CC,15,150,10,0.0,10000.0,1.0,1.0,0.0,0.0,0.0
product.Seral.area.immature.CWHvm_HW_CW_L.CC,16,160,10,0.0,10000.0,1.0,1.0,3.056999921798706,0.0,0.0
product.Seral.area.immature.CWHvm_HW_CW_L.CC,17,170,10,0.0,10000.0,1.0,1.0,3.882999897003174,0.0,0.0
product.Seral.area.immature.CWHvm_HW_CW_L.CC,18,180,10,0.0,10000.0,1.0,1.0,0.0,0.0,0.0
product.Seral.area.immature.CWHvm_HW_CW_L.CC,19,190,10,0.0,10000.0,1.0,1.0,0.0,0.0,0.0
product.Seral.area.immature.CWHvm_HW_CW_L.CC,20,200,10,0.0,10000.0,1.0,1.0,0.0,0.0,0.0
product.Seral.area.immature.CWHvm_HW_CW_L.CC,21,210,10,0.0,10000.0,1.0,1.0,0.0,0.0,0.0
product.Seral.area.immature.CWHvm_HW_CW_L.CC,22,220,10,0.0,10000.0,1.0,1.0,0.0,0.0,0.0
product.Seral.area.immature.CWHvm_HW_CW_L.CC,23,230,10,0.0,10000.0,1.0,1.0,0.0,0.0,0.0
product.Seral.area.immature.CWHvm_HW_CW_L.CC,24,240,10,0.0,10000.0,1.0,1.0,0.0,0.0,0.0
product.Seral.area.immature.CWHvm_HW_CW_L.CC,25,250,10,0.0,10000.0,1.0,1.0,0.0,0.0,0.0
product.Seral.area.immature.CWHvm_HW_CW_L.CC,26,260,10,0.0,10000.0,1.0,1.0,0.0,0.0,0.0
product.Seral.area.immature.CWHvm_HW_CW_L.CC,27,270,10,0.0,10000.0,1.0,1.0,3.056999921798706,0.0,0.0
product.Seral.area.immature.CWHvm_HW_CW_L.CC,28,280,10,0.0,10000.0,1.0,1.0,0.0,0.0,0.0
product.Seral.area.immature.CWHvm_HW_CW_L.CC,29,290,10,0.0,10000.0,1.0,1.0,0.0,0.0,0.0
product.Seral.area.immature.CWHvm_HW_CW_L.CC,30,300,10,0.0,10000.0,1.0,1.0,0.0,0.0,0.0
product.Seral.area.immature.CWHvm_HW_CW_M.CC,0,0,10,0.0,10000.0,1.0,1.0,0.0,0.0,0.0
product.Seral.area.immature.CWHvm_HW_CW_M.CC,1,10,10,0.0,10000.0,1.0,1.0,5.2729997634887695,0.0,0.0
product.Seral.area.immature.CWHvm_HW_CW_M.CC,2,20,10,0.0,10000.0,1.0,1.0,1.6740000247955322,0.0,0.0
product.Seral.area.immature.CWHvm_HW_CW_M.CC,3,30,10,0.0,10000.0,1.0,1.0,0.0,0.0,0.0
product.Seral.area.immature.CWHvm_HW_CW_M.CC,4,40,10,0.0,10000.0,1.0,1.0,0.0,0.0,0.0
product.Seral.area.immature.CWHvm_HW_CW_M.CC,5,50,10,0.0,10000.0,1.0,1.0,0.0,0.0,0.0
product.Seral.area.immature.CWHvm_HW_CW_M.CC,6,60,10,0.0,10000.0,1.0,1.0,0.0,0.0,0.0
product.Seral.area.immature.CWHvm_HW_CW_M.CC,7,70,10,0.0,10000.0,1.0,1.0,0.5649999976158142,0.0,0.0
product.Seral.area.immature.CWHvm_HW_CW_M.CC,8,80,10,0.0,10000.0,1.0,1.0,0.0,0.0,0.0
product.Seral.area.immature.CWHvm_HW_CW_M.CC,9,90,10,0.0,10000.0,1.0,1.0,0.0,0.0,0.0
product.Seral.area.immature.CWHvm_HW_CW_M.CC,10,100,10,0.0,10000.0,1.0,1.0,0.0,0.0,0.0
product.Seral.area.immature.CWHvm_HW_CW_M.CC,11,110,10,0.0,10000.0,1.0,1.0,0.0,0.0,0.0
product.Seral.area.immature.CWHvm_HW_CW_M.CC,12,120,10,0.0,10000.0,1.0,1.0,5.2729997634887695,0.0,0.0
product.Seral.area.immature.CWHvm_HW_CW_M.CC,13,130,10,0.0,10000.0,1.0,1.0,0.0,0.0,0.0
product.Seral.area.immature.CWHvm_HW_CW_M.CC,14,140,10,0.0,10000.0,1.0,1.0,0.0,0.0,0.0
product.Seral.area.immature.CWHvm_HW_CW_M.CC,15,150,10,0.0,10000.0,1.0,1.0,6.043000221252441,0.0,0.0
product.Seral.area.immature.CWHvm_HW_CW_M.CC,16,160,10,0.0,10000.0,1.0,1.0,0.0,0.0,0.0
product.Seral.area.immature.CWHvm_HW_CW_M.CC,17,170,10,0.0,10000.0,1.0,1.0,0.0,0.0,0.0
product.Seral.area.immature.CWHvm_HW_CW_M.CC,18,180,10,0.0,10000.0,1.0,1.0,0.5649999976158142,0.0,0.0
product.Seral.area.immature.CWHvm_HW_CW_M.CC,19,190,10,0.0,10000.0,1.0,1.0,0.0,0.0,0.0
product.Seral.area.immature.CWHvm_HW_CW_M.CC,20,200,10,0.0,10000.0,1.0,1.0,0.0,0.0,0.0
product.Seral.area.immature.CWHvm_HW_CW_M.CC,21,210,10,0.0,10000.0,1.0,1.0,0.0,0.0,0.0
product.Seral.area.immature.CWHvm_HW_CW_M.CC,22,220,10,0.0,10000.0,1.0,1.0,0.0,0.0,0.0
product.Seral.area.immature.CWHvm_HW_CW_M.CC,23,230,10,0.0,10000.0,1.0,1.0,0.0,0.0,0.0
product.Seral.area.immature.CWHvm_HW_CW_M.CC,24,240,10,0.0,10000.0,1.0,1.0,0.0,0.0,0.0
product.Seral.area.immature.CWHvm_HW_CW_M.CC,25,250,10,0.0,10000.0,1.0,1.0,0.0,0.0,0.0
product.Seral.area.immature.CWHvm_HW_CW_M.CC,26,260,10,0.0,10000.0,1.0,1.0,0.8379999995231628,0.0,0.0
product.Seral.area.immature.CWHvm_HW_CW_M.CC,27,270,10,0.0,10000.0,1.0,1.0,0.0,0.0,0.0
product.Seral.area.immature.CWHvm_HW_CW_M.CC,28,280,10,0.0,10000.0,1.0,1.0,0.0,0.0,0.0
product.Seral.area.immature.CWHvm_HW_CW_M.CC,29,290,10,0.0,10000.0,1.0,1.0,0.0,0.0,0.0
product.Seral.area.immature.CWHvm_HW_CW_M.CC,30,300,10,0.0,10000.0,1.0,1.0,0.5649999976158142,0.0,0.0
product.Seral.area.immature.CWHvm_HW_FDC_H.CC,0,0,10,0.0,10000.0,1.0,1.0,0.0,0.0,0.0
product.Seral.area.immature.CWHvm_HW_FDC_H.CC,1,10,10,0.0,10000.0,1.0,1.0,0.0,0.0,0.0
product.Seral.area.immature.CWHvm_HW_FDC_H.CC,2,20,10,0.0,10000.0,1.0,1.0,41.01100158691406,0.0,0.0
product.Seral.area.immature.CWHvm_HW_FDC_H.CC,3,30,10,0.0,10000.0,1.0,1.0,21.474000930786133,0.0,0.0
product.Seral.area.immature.CWHvm_HW_FDC_H.CC,4,40,10,0.0,10000.0,1.0,1.0,30.42799949645996,0.0,0.0
product.Seral.area.immature.CWHvm_HW_FDC_H.CC,5,50,10,0.0,10000.0,1.0,1.0,19.57900047302246,0.0,0.0
product.Seral.area.immature.CWHvm_HW_FDC_H.CC,6,60,10,0.0,10000.0,1.0,1.0,0.0,0.0,0.0
product.Seral.area.immature.CWHvm_HW_FDC_H.CC,7,70,10,0.0,10000.0,1.0,1.0,0.0,0.0,0.0
product.Seral.area.immature.CWHvm_HW_FDC_H.CC,8,80,10,0.0,10000.0,1.0,1.0,0.0,0.0,0.0
product.Seral.area.immature.CWHvm_HW_FDC_H.CC,9,90,10,0.0,10000.0,1.0,1.0,0.0,0.0,0.0
product.Seral.area.immature.CWHvm_HW_FDC_H.CC,10,100,10,0.0,10000.0,1.0,1.0,41.729000091552734,0.0,0.0
product.Seral.area.immature.CWHvm_HW_FDC_H.CC,11,110,10,0.0,10000.0,1.0,1.0,46.5620002746582,0.0,0.0
product.Seral.area.immature.CWHvm_HW_FDC_H.CC,12,120,10,0.0,10000.0,1.0,1.0,11.324000358581543,0.0,0.0
product.Seral.area.immature.CWHvm_HW_FDC_H.CC,13,130,10,0.0,10000.0,1.0,1.0,8.20199966430664,0.0,0.0
product.Seral.area.immature.CWHvm_HW_FDC_H.CC,14,140,10,0.0,10000.0,1.0,1.0,5.8470001220703125,0.0,0.0
product.Seral.area.immature.CWHvm_HW_FDC_H.CC,15,150,10,0.0,10000.0,1.0,1.0,2.2950000762939453,0.0,0.0
product.Seral.area.immature.CWHvm_HW_FDC_H.CC,16,160,10,0.0,10000.0,1.0,1.0,6.394999980926514,0.0,0.0
product.Seral.area.immature.CWHvm_HW_FDC_H.CC,17,170,10,0.0,10000.0,1.0,1.0,33.027000427246094,0.0,0.0
product.Seral.area.immature.CWHvm_HW_FDC_H.CC,18,180,10,0.0,10000.0,1.0,1.0,27.148000717163086,0.0,0.0
product.Seral.area.immature.CWHvm_HW_FDC_H.CC,19,190,10,0.0,10000.0,1.0,1.0,9.008999824523926,0.0,0.0
product.Seral.area.immature.CWHvm_HW_FDC_H.CC,20,200,10,0.0,10000.0,1.0,1.0,21.70400047302246,0.0,0.0
product.Seral.area.immature.CWHvm_HW_FDC_H.CC,21,210,10,0.0,10000.0,1.0,1.0,0.0,0.0,0.0
product.Seral.area.immature.CWHvm_HW_FDC_H.CC,22,220,10,0.0,10000.0,1.0,1.0,5.8470001220703125,0.0,0.0
product.Seral.area.immature.CWHvm_HW_FDC_H.CC,23,230,10,0.0,10000.0,1.0,1.0,4.013999938964844,0.0,0.0
product.Seral.area.immature.CWHvm_HW_FDC_H.CC,24,240,10,0.0,10000.0,1.0,1.0,16.29199981689453,0.0,0.0
product.Seral.area.immature.CWHvm_HW_FDC_H.CC,25,250,10,0.0,10000.0,1.0,1.0,19.089000701904297,0.0,0.0
product.Seral.area.immature.CWHvm_HW_FDC_H.CC,26,260,10,0.0,10000.0,1.0,1.0,0.0,0.0,0.0
product.Seral.area.immature.CWHvm_HW_FDC_H.CC,27,270,10,0.0,10000.0,1.0,1.0,25.233999252319336,0.0,0.0
product.Seral.area.immature.CWHvm_HW_FDC_H.CC,28,280,10,0.0,10000.0,1.0,1.0,22.368000030517578,0.0,0.0
product.Seral.area.immature.CWHvm_HW_FDC_H.CC,29,290,10,0.0,10000.0,1.0,1.0,32.70100021362305,0.0,0.0
product.Seral.area.immature.CWHvm_HW_FDC_H.CC,30,300,10,0.0,10000.0,1.0,1.0,0.0,0.0,0.0
product.Seral.area.immature.CWHvm_HW_FDC_L.CC,0,0,10,0.0,10000.0,1.0,1.0,0.0,0.0,0.0
product.Seral.area.immature.CWHvm_HW_FDC_L.CC,1,10,10,0.0,10000.0,1.0,1.0,0.0,0.0,0.0
product.Seral.area.immature.CWHvm_HW_FDC_L.CC,2,20,10,0.0,10000.0,1.0,1.0,0.0,0.0,0.0
product.Seral.area.immature.CWHvm_HW_FDC_L.CC,3,30,10,0.0,10000.0,1.0,1.0,3.309999942779541,0.0,0.0
product.Seral.area.immature.CWHvm_HW_FDC_L.CC,4,40,10,0.0,10000.0,1.0,1.0,9.140999794006348,0.0,0.0
product.Seral.area.immature.CWHvm_HW_FDC_L.CC,5,50,10,0.0,10000.0,1.0,1.0,0.0,0.0,0.0
product.Seral.area.immature.CWHvm_HW_FDC_L.CC,6,60,10,0.0,10000.0,1.0,1.0,0.0,0.0,0.0
product.Seral.area.immature.CWHvm_HW_FDC_L.CC,7,70,10,0.0,10000.0,1.0,1.0,0.0,0.0,0.0
product.Seral.area.immature.CWHvm_HW_FDC_L.CC,8,80,10,0.0,10000.0,1.0,1.0,0.0,0.0,0.0
product.Seral.area.immature.CWHvm_HW_FDC_L.CC,9,90,10,0.0,10000.0,1.0,1.0,0.0,0.0,0.0
product.Seral.area.immature.CWHvm_HW_FDC_L.CC,10,100,10,0.0,10000.0,1.0,1.0,0.0,0.0,0.0
product.Seral.area.immature.CWHvm_HW_FDC_L.CC,11,110,10,0.0,10000.0,1.0,1.0,0.0,0.0,0.0
product.Seral.area.immature.CWHvm_HW_FDC_L.CC,12,120,10,0.0,10000.0,1.0,1.0,4.328000068664551,0.0,0.0
product.Seral.area.immature.CWHvm_HW_FDC_L.CC,13,130,10,0.0,10000.0,1.0,1.0,5.875999927520752,0.0,0.0
product.Seral.area.immature.CWHvm_HW_FDC_L.CC,14,140,10,0.0,10000.0,1.0,1.0,22.344999313354492,0.0,0.0
product.Seral.area.immature.CWHvm_HW_FDC_L.CC,15,150,10,0.0,10000.0,1.0,1.0,0.0,0.0,0.0
product.Seral.area.immature.CWHvm_HW_FDC_L.CC,16,160,10,0.0,10000.0,1.0,1.0,2.0989999771118164,0.0,0.0
product.Seral.area.immature.CWHvm_HW_FDC_L.CC,17,170,10,0.0,10000.0,1.0,1.0,0.0,0.0,0.0
product.Seral.area.immature.CWHvm_HW_FDC_L.CC,18,180,10,0.0,10000.0,1.0,1.0,0.0,0.0,0.0
product.Seral.area.immature.CWHvm_HW_FDC_L.CC,19,190,10,0.0,10000.0,1.0,1.0,0.0,0.0,0.0
product.Seral.area.immature.CWHvm_HW_FDC_L.CC,20,200,10,0.0,10000.0,1.0,1.0,16.22100067138672,0.0,0.0
product.Seral.area.immature.CWHvm_HW_FDC_L.CC,21,210,10,0.0,10000.0,1.0,1.0,4.328000068664551,0.0,0.0
product.Seral.area.immature.CWHvm_HW_FDC_L.CC,22,220,10,0.0,10000.0,1.0,1.0,0.9480000138282776,0.0,0.0
product.Seral.area.immature.CWHvm_HW_FDC_L.CC,23,230,10,0.0,10000.0,1.0,1.0,0.0,0.0,0.0
product.Seral.area.immature.CWHvm_HW_FDC_L.CC,24,240,10,0.0,10000.0,1.0,1.0,20.841999053955078,0.0,0.0
product.Seral.area.immature.CWHvm_HW_FDC_L.CC,25,250,10,0.0,10000.0,1.0,1.0,2.0989999771118164,0.0,0.0
product.Seral.area.immature.CWHvm_HW_FDC_L.CC,26,260,10,0.0,10000.0,1.0,1.0,0.0,0.0,0.0
product.Seral.area.immature.CWHvm_HW_FDC_L.CC,27,270,10,0.0,10000.0,1.0,1.0,0.0,0.0,0.0
product.Seral.area.immature.CWHvm_HW_FDC_L.CC,28,280,10,0.0,10000.0,1.0,1.0,0.0,0.0,0.0
product.Seral.area.immature.CWHvm_HW_FDC_L.CC,29,290,10,0.0,10000.0,1.0,1.0,0.0,0.0,0.0
product.Seral.area.immature.CWHvm_HW_FDC_L.CC,30,300,10,0.0,10000.0,1.0,1.0,21.496999740600586,0.0,0.0
product.Seral.area.immature.CWHvm_HW_SS_M.CC,0,0,10,0.0,10000.0,1.0,1.0,0.0,0.0,0.0
product.Seral.area.immature.CWHvm_HW_SS_M.CC,1,10,10,0.0,10000.0,1.0,1.0,19.506000518798828,0.0,0.0
product.Seral.area.immature.CWHvm_HW_SS_M.CC,2,20,10,0.0,10000.0,1.0,1.0,0.0,0.0,0.0
product.Seral.area.immature.CWHvm_HW_SS_M.CC,3,30,10,0.0,10000.0,1.0,1.0,1.0080000162124634,0.0,0.0
product.Seral.area.immature.CWHvm_HW_SS_M.CC,4,40,10,0.0,10000.0,1.0,1.0,3.578000068664551,0.0,0.0
product.Seral.area.immature.CWHvm_HW_SS_M.CC,5,50,10,0.0,10000.0,1.0,1.0,0.0,0.0,0.0
product.Seral.area.immature.CWHvm_HW_SS_M.CC,6,60,10,0.0,10000.0,1.0,1.0,0.0,0.0,0.0
product.Seral.area.immature.CWHvm_HW_SS_M.CC,7,70,10,0.0,10000.0,1.0,1.0,0.0,0.0,0.0
product.Seral.area.immature.CWHvm_HW_SS_M.CC,8,80,10,0.0,10000.0,1.0,1.0,0.0,0.0,0.0
product.Seral.area.immature.CWHvm_HW_SS_M.CC,9,90,10,0.0,10000.0,1.0,1.0,0.0,0.0,0.0
product.Seral.area.immature.CWHvm_HW_SS_M.CC,10,100,10,0.0,10000.0,1.0,1.0,19.506000518798828,0.0,0.0
product.Seral.area.immature.CWHvm_HW_SS_M.CC,11,110,10,0.0,10000.0,1.0,1.0,0.0,0.0,0.0
product.Seral.area.immature.CWHvm_HW_SS_M.CC,12,120,10,0.0,10000.0,1.0,1.0,3.578000068664551,0.0,0.0
product.Seral.area.immature.CWHvm_HW_SS_M.CC,13,130,10,0.0,10000.0,1.0,1.0,0.0,0.0,0.0
product.Seral.area.immature.CWHvm_HW_SS_M.CC,14,140,10,0.0,10000.0,1.0,1.0,0.0,0.0,0.0
product.Seral.area.immature.CWHvm_HW_SS_M.CC,15,150,10,0.0,10000.0,1.0,1.0,0.0,0.0,0.0
product.Seral.area.immature.CWHvm_HW_SS_M.CC,16,160,10,0.0,10000.0,1.0,1.0,0.0,0.0,0.0
product.Seral.area.immature.CWHvm_HW_SS_M.CC,17,170,10,0.0,10000.0,1.0,1.0,0.0,0.0,0.0
product.Seral.area.immature.CWHvm_HW_SS_M.CC,18,180,10,0.0,10000.0,1.0,1.0,19.506000518798828,0.0,0.0
product.Seral.area.immature.CWHvm_HW_SS_M.CC,19,190,10,0.0,10000.0,1.0,1.0,0.0,0.0,0.0
product.Seral.area.immature.CWHvm_HW_SS_M.CC,20,200,10,0.0,10000.0,1.0,1.0,3.578000068664551,0.0,0.0
product.Seral.area.immature.CWHvm_HW_SS_M.CC,21,210,10,0.0,10000.0,1.0,1.0,1.0080000162124634,0.0,0.0
product.Seral.area.immature.CWHvm_HW_SS_M.CC,22,220,10,0.0,10000.0,1.0,1.0,0.0,0.0,0.0
product.Seral.area.immature.CWHvm_HW_SS_M.CC,23,230,10,0.0,10000.0,1.0,1.0,0.0,0.0,0.0
product.Seral.area.immature.CWHvm_HW_SS_M.CC,24,240,10,0.0,10000.0,1.0,1.0,0.0,0.0,0.0
product.Seral.area.immature.CWHvm_HW_SS_M.CC,25,250,10,0.0,10000.0,1.0,1.0,19.506000518798828,0.0,0.0
product.Seral.area.immature.CWHvm_HW_SS_M.CC,26,260,10,0.0,10000.0,1.0,1.0,0.0,0.0,0.0
product.Seral.area.immature.CWHvm_HW_SS_M.CC,27,270,10,0.0,10000.0,1.0,1.0,0.0,0.0,0.0
product.Seral.area.immature.CWHvm_HW_SS_M.CC,28,280,10,0.0,10000.0,1.0,1.0,0.0,0.0,0.0
product.Seral.area.immature.CWHvm_HW_SS_M.CC,29,290,10,0.0,10000.0,1.0,1.0,4.585999965667725,0.0,0.0
product.Seral.area.immature.CWHvm_HW_SS_M.CC,30,300,10,0.0,10000.0,1.0,1.0,0.0,0.0,0.0
product.Seral.area.mature.CWHvm_CW_HW_M.CC,0,0,10,0.0,10000.0,1.0,1.0,0.0,0.0,0.0
product.Seral.area.mature.CWHvm_CW_HW_M.CC,1,10,10,0.0,10000.0,1.0,1.0,0.9950000047683716,0.0,0.0
product.Seral.area.mature.CWHvm_CW_HW_M.CC,2,20,10,0.0,10000.0,1.0,1.0,0.0,0.0,0.0
product.Seral.area.mature.CWHvm_CW_HW_M.CC,3,30,10,0.0,10000.0,1.0,1.0,0.0,0.0,0.0
product.Seral.area.mature.CWHvm_CW_HW_M.CC,4,40,10,0.0,10000.0,1.0,1.0,0.0,0.0,0.0
product.Seral.area.mature.CWHvm_CW_HW_M.CC,5,50,10,0.0,10000.0,1.0,1.0,0.0,0.0,0.0
product.Seral.area.mature.CWHvm_CW_HW_M.CC,6,60,10,0.0,10000.0,1.0,1.0,0.0,0.0,0.0
product.Seral.area.mature.CWHvm_CW_HW_M.CC,7,70,10,0.0,10000.0,1.0,1.0,0.0,0.0,0.0
product.Seral.area.mature.CWHvm_CW_HW_M.CC,8,80,10,0.0,10000.0,1.0,1.0,0.0,0.0,0.0
product.Seral.area.mature.CWHvm_CW_HW_M.CC,9,90,10,0.0,10000.0,1.0,1.0,0.0,0.0,0.0
product.Seral.area.mature.CWHvm_CW_HW_M.CC,10,100,10,0.0,10000.0,1.0,1.0,0.0,0.0,0.0
product.Seral.area.mature.CWHvm_CW_HW_M.CC,11,110,10,0.0,10000.0,1.0,1.0,0.0,0.0,0.0
product.Seral.area.mature.CWHvm_CW_HW_M.CC,12,120,10,0.0,10000.0,1.0,1.0,0.0,0.0,0.0
product.Seral.area.mature.CWHvm_CW_HW_M.CC,13,130,10,0.0,10000.0,1.0,1.0,0.0,0.0,0.0
product.Seral.area.mature.CWHvm_CW_HW_M.CC,14,140,10,0.0,10000.0,1.0,1.0,6.505000114440918,0.0,0.0
product.Seral.area.mature.CWHvm_CW_HW_M.CC,15,150,10,0.0,10000.0,1.0,1.0,0.42800000309944153,0.0,0.0
product.Seral.area.mature.CWHvm_CW_HW_M.CC,16,160,10,0.0,10000.0,1.0,1.0,0.0,0.0,0.0
product.Seral.area.mature.CWHvm_CW_HW_M.CC,17,170,10,0.0,10000.0,1.0,1.0,0.0,0.0,0.0
product.Seral.area.mature.CWHvm_CW_HW_M.CC,18,180,10,0.0,10000.0,1.0,1.0,0.0,0.0,0.0
product.Seral.area.mature.CWHvm_CW_HW_M.CC,19,190,10,0.0,10000.0,1.0,1.0,0.0,0.0,0.0
product.Seral.area.mature.CWHvm_CW_HW_M.CC,20,200,10,0.0,10000.0,1.0,1.0,0.0,0.0,0.0
product.Seral.area.mature.CWHvm_CW_HW_M.CC,21,210,10,0.0,10000.0,1.0,1.0,0.0,0.0,0.0
product.Seral.area.mature.CWHvm_CW_HW_M.CC,22,220,10,0.0,10000.0,1.0,1.0,0.0,0.0,0.0
product.Seral.area.mature.CWHvm_CW_HW_M.CC,23,230,10,0.0,10000.0,1.0,1.0,0.0,0.0,0.0
product.Seral.area.mature.CWHvm_CW_HW_M.CC,24,240,10,0.0,10000.0,1.0,1.0,0.0,0.0,0.0
product.Seral.area.mature.CWHvm_CW_HW_M.CC,25,250,10,0.0,10000.0,1.0,1.0,0.0,0.0,0.0
product.Seral.area.mature.CWHvm_CW_HW_M.CC,26,260,10,0.0,10000.0,1.0,1.0,0.0,0.0,0.0
product.Seral.area.mature.CWHvm_CW_HW_M.CC,27,270,10,0.0,10000.0,1.0,1.0,6.505000114440918,0.0,0.0
product.Seral.area.mature.CWHvm_CW_HW_M.CC,28,280,10,0.0,10000.0,1.0,1.0,0.0,0.0,0.0
product.Seral.area.mature.CWHvm_CW_HW_M.CC,29,290,10,0.0,10000.0,1.0,1.0,0.0,0.0,0.0
product.Seral.area.mature.CWHvm_CW_HW_M.CC,30,300,10,0.0,10000.0,1.0,1.0,0.0,0.0,0.0
product.Seral.area.mature.CWHvm_DR_HW_M.CC,0,0,10,0.0,10000.0,1.0,1.0,0.0,0.0,0.0
product.Seral.area.mature.CWHvm_DR_HW_M.CC,1,10,10,0.0,10000.0,1.0,1.0,0.0,0.0,0.0
product.Seral.area.mature.CWHvm_DR_HW_M.CC,2,20,10,0.0,10000.0,1.0,1.0,0.0,0.0,0.0
product.Seral.area.mature.CWHvm_DR_HW_M.CC,3,30,10,0.0,10000.0,1.0,1.0,0.0,0.0,0.0
product.Seral.area.mature.CWHvm_DR_HW_M.CC,4,40,10,0.0,10000.0,1.0,1.0,0.0,0.0,0.0
product.Seral.area.mature.CWHvm_DR_HW_M.CC,5,50,10,0.0,10000.0,1.0,1.0,0.0,0.0,0.0
product.Seral.area.mature.CWHvm_DR_HW_M.CC,6,60,10,0.0,10000.0,1.0,1.0,0.0,0.0,0.0
product.Seral.area.mature.CWHvm_DR_HW_M.CC,7,70,10,0.0,10000.0,1.0,1.0,0.0,0.0,0.0
product.Seral.area.mature.CWHvm_DR_HW_M.CC,8,80,10,0.0,10000.0,1.0,1.0,0.0,0.0,0.0
product.Seral.area.mature.CWHvm_DR_HW_M.CC,9,90,10,0.0,10000.0,1.0,1.0,1.3289999961853027,0.0,0.0
product.Seral.area.mature.CWHvm_DR_HW_M.CC,10,100,10,0.0,10000.0,1.0,1.0,0.0,0.0,0.0
product.Seral.area.mature.CWHvm_DR_HW_M.CC,11,110,10,0.0,10000.0,1.0,1.0,6.817999839782715,0.0,0.0
product.Seral.area.mature.CWHvm_DR_HW_M.CC,12,120,10,0.0,10000.0,1.0,1.0,6.1539998054504395,0.0,0.0
product.Seral.area.mature.CWHvm_DR_HW_M.CC,13,130,10,0.0,10000.0,1.0,1.0,0.0,0.0,0.0
product.Seral.area.mature.CWHvm_DR_HW_M.CC,14,140,10,0.0,10000.0,1.0,1.0,0.0,0.0,0.0
product.Seral.area.mature.CWHvm_DR_HW_M.CC,15,150,10,0.0,10000.0,1.0,1.0,0.0,0.0,0.0
product.Seral.area.mature.CWHvm_DR_HW_M.CC,16,160,10,0.0,10000.0,1.0,1.0,1.7869999408721924,0.0,0.0
product.Seral.area.mature.CWHvm_DR_HW_M.CC,17,170,10,0.0,10000.0,1.0,1.0,0.0,0.0,0.0
product.Seral.area.mature.CWHvm_DR_HW_M.CC,18,180,10,0.0,10000.0,1.0,1.0,0.0,0.0,0.0
product.Seral.area.mature.CWHvm_DR_HW_M.CC,19,190,10,0.0,10000.0,1.0,1.0,4.999000072479248,0.0,0.0
product.Seral.area.mature.CWHvm_DR_HW_M.CC,20,200,10,0.0,10000.0,1.0,1.0,2.4240000247955322,0.0,0.0
product.Seral.area.mature.CWHvm_DR_HW_M.CC,21,210,10,0.0,10000.0,1.0,1.0,0.0,0.0,0.0
product.Seral.area.mature.CWHvm_DR_HW_M.CC,22,220,10,0.0,10000.0,1.0,1.0,0.0,0.0,0.0
product.Seral.area.mature.CWHvm_DR_HW_M.CC,23,230,10,0.0,10000.0,1.0,1.0,0.0,0.0,0.0
product.Seral.area.mature.CWHvm_DR_HW_M.CC,24,240,10,0.0,10000.0,1.0,1.0,0.0,0.0,0.0
product.Seral.area.mature.CWHvm_DR_HW_M.CC,25,250,10,0.0,10000.0,1.0,1.0,0.0,0.0,0.0
product.Seral.area.mature.CWHvm_DR_HW_M.CC,26,260,10,0.0,10000.0,1.0,1.0,0.0,0.0,0.0
product.Seral.area.mature.CWHvm_DR_HW_M.CC,27,270,10,0.0,10000.0,1.0,1.0,0.0,0.0,0.0
product.Seral.area.mature.CWHvm_DR_HW_M.CC,28,280,10,0.0,10000.0,1.0,1.0,0.0,0.0,0.0
product.Seral.area.mature.CWHvm_DR_HW_M.CC,29,290,10,0.0,10000.0,1.0,1.0,4.855000019073486,0.0,0.0
product.Seral.area.mature.CWHvm_DR_HW_M.CC,30,300,10,0.0,10000.0,1.0,1.0,6.817999839782715,0.0,0.0
product.Seral.area.mature.CWHvm_FDC_HW_H.CC,0,0,10,0.0,10000.0,1.0,1.0,0.0,0.0,0.0
product.Seral.area.mature.CWHvm_FDC_HW_H.CC,1,10,10,0.0,10000.0,1.0,1.0,0.0,0.0,0.0
product.Seral.area.mature.CWHvm_FDC_HW_H.CC,2,20,10,0.0,10000.0,1.0,1.0,0.0,0.0,0.0
product.Seral.area.mature.CWHvm_FDC_HW_H.CC,3,30,10,0.0,10000.0,1.0,1.0,0.0,0.0,0.0
product.Seral.area.mature.CWHvm_FDC_HW_H.CC,4,40,10,0.0,10000.0,1.0,1.0,0.0,0.0,0.0
product.Seral.area.mature.CWHvm_FDC_HW_H.CC,5,50,10,0.0,10000.0,1.0,1.0,1.3580000400543213,0.0,0.0
product.Seral.area.mature.CWHvm_FDC_HW_H.CC,6,60,10,0.0,10000.0,1.0,1.0,36.854000091552734,0.0,0.0
product.Seral.area.mature.CWHvm_FDC_HW_H.CC,7,70,10,0.0,10000.0,1.0,1.0,5.8979997634887695,0.0,0.0
product.Seral.area.mature.CWHvm_FDC_HW_H.CC,8,80,10,0.0,10000.0,1.0,1.0,0.0,0.0,0.0
product.Seral.area.mature.CWHvm_FDC_HW_H.CC,9,90,10,0.0,10000.0,1.0,1.0,0.0,0.0,0.0
product.Seral.area.mature.CWHvm_FDC_HW_H.CC,10,100,10,0.0,10000.0,1.0,1.0,0.0,0.0,0.0
product.Seral.area.mature.CWHvm_FDC_HW_H.CC,11,110,10,0.0,10000.0,1.0,1.0,0.0,0.0,0.0
product.Seral.area.mature.CWHvm_FDC_HW_H.CC,12,120,10,0.0,10000.0,1.0,1.0,0.0,0.0,0.0
product.Seral.area.mature.CWHvm_FDC_HW_H.CC,13,130,10,0.0,10000.0,1.0,1.0,0.0,0.0,0.0
product.Seral.area.mature.CWHvm_FDC_HW_H.CC,14,140,10,0.0,10000.0,1.0,1.0,5.8979997634887695,0.0,0.0
product.Seral.area.mature.CWHvm_FDC_HW_H.CC,15,150,10,0.0,10000.0,1.0,1.0,0.0,0.0,0.0
product.Seral.area.mature.CWHvm_FDC_HW_H.CC,16,160,10,0.0,10000.0,1.0,1.0,7.392000198364258,0.0,0.0
product.Seral.area.mature.CWHvm_FDC_HW_H.CC,17,170,10,0.0,10000.0,1.0,1.0,0.0,0.0,0.0
product.Seral.area.mature.CWHvm_FDC_HW_H.CC,18,180,10,0.0,10000.0,1.0,1.0,0.0,0.0,0.0
product.Seral.area.mature.CWHvm_FDC_HW_H.CC,19,190,10,0.0,10000.0,1.0,1.0,17.0939998626709,0.0,0.0
product.Seral.area.mature.CWHvm_FDC_HW_H.CC,20,200,10,0.0,10000.0,1.0,1.0,0.0,0.0,0.0
product.Seral.area.mature.CWHvm_FDC_HW_H.CC,21,210,10,0.0,10000.0,1.0,1.0,0.0,0.0,0.0
product.Seral.area.mature.CWHvm_FDC_HW_H.CC,22,220,10,0.0,10000.0,1.0,1.0,0.0,0.0,0.0
product.Seral.area.mature.CWHvm_FDC_HW_H.CC,23,230,10,0.0,10000.0,1.0,1.0,0.0,0.0,0.0
product.Seral.area.mature.CWHvm_FDC_HW_H.CC,24,240,10,0.0,10000.0,1.0,1.0,7.392000198364258,0.0,0.0
product.Seral.area.mature.CWHvm_FDC_HW_H.CC,25,250,10,0.0,10000.0,1.0,1.0,5.8979997634887695,0.0,0.0
product.Seral.area.mature.CWHvm_FDC_HW_H.CC,26,260,10,0.0,10000.0,1.0,1.0,0.0,0.0,0.0
product.Seral.area.mature.CWHvm_FDC_HW_H.CC,27,270,10,0.0,10000.0,1.0,1.0,0.0,0.0,0.0
product.Seral.area.mature.CWHvm_FDC_HW_H.CC,28,280,10,0.0,10000.0,1.0,1.0,0.0,0.0,0.0
product.Seral.area.mature.CWHvm_FDC_HW_H.CC,29,290,10,0.0,10000.0,1.0,1.0,5.8979997634887695,0.0,0.0
product.Seral.area.mature.CWHvm_FDC_HW_H.CC,30,300,10,0.0,10000.0,1.0,1.0,0.0,0.0,0.0
product.Seral.area.mature.CWHvm_FDC_HW_L.CC,0,0,10,0.0,10000.0,1.0,1.0,0.0,0.0,0.0
product.Seral.area.mature.CWHvm_FDC_HW_L.CC,1,10,10,0.0,10000.0,1.0,1.0,0.0,0.0,0.0
product.Seral.area.mature.CWHvm_FDC_HW_L.CC,2,20,10,0.0,10000.0,1.0,1.0,0.0,0.0,0.0
product.Seral.area.mature.CWHvm_FDC_HW_L.CC,3,30,10,0.0,10000.0,1.0,1.0,12.5,0.0,0.0
product.Seral.area.mature.CWHvm_FDC_HW_L.CC,4,40,10,0.0,10000.0,1.0,1.0,0.0,0.0,0.0
product.Seral.area.mature.CWHvm_FDC_HW_L.CC,5,50,10,0.0,10000.0,1.0,1.0,0.0,0.0,0.0
product.Seral.area.mature.CWHvm_FDC_HW_L.CC,6,60,10,0.0,10000.0,1.0,1.0,5.0980000495910645,0.0,0.0
product.Seral.area.mature.CWHvm_FDC_HW_L.CC,7,70,10,0.0,10000.0,1.0,1.0,2.6070001125335693,0.0,0.0
product.Seral.area.mature.CWHvm_FDC_HW_L.CC,8,80,10,0.0,10000.0,1.0,1.0,0.0,0.0,0.0
product.Seral.area.mature.CWHvm_FDC_HW_L.CC,9,90,10,0.0,10000.0,1.0,1.0,0.0,0.0,0.0
product.Seral.area.mature.CWHvm_FDC_HW_L.CC,10,100,10,0.0,10000.0,1.0,1.0,0.0,0.0,0.0
product.Seral.area.mature.CWHvm_FDC_HW_L.CC,11,110,10,0.0,10000.0,1.0,1.0,0.0,0.0,0.0
product.Seral.area.mature.CWHvm_FDC_HW_L.CC,12,120,10,0.0,10000.0,1.0,1.0,7.51200008392334,0.0,0.0
product.Seral.area.mature.CWHvm_FDC_HW_L.CC,13,130,10,0.0,10000.0,1.0,1.0,0.0,0.0,0.0
product.Seral.area.mature.CWHvm_FDC_HW_L.CC,14,140,10,0.0,10000.0,1.0,1.0,0.0,0.0,0.0
product.Seral.area.mature.CWHvm_FDC_HW_L.CC,15,150,10,0.0,10000.0,1.0,1.0,12.5,0.0,0.0
product.Seral.area.mature.CWHvm_FDC_HW_L.CC,16,160,10,0.0,10000.0,1.0,1.0,0.0,0.0,0.0
product.Seral.area.mature.CWHvm_FDC_HW_L.CC,17,170,10,0.0,10000.0,1.0,1.0,0.0,0.0,0.0
product.Seral.area.mature.CWHvm_FDC_HW_L.CC,18,180,10,0.0,10000.0,1.0,1.0,0.0,0.0,0.0
product.Seral.area.mature.CWHvm_FDC_HW_L.CC,19,190,10,0.0,10000.0,1.0,1.0,0.0,0.0,0.0
product.Seral.area.mature.CWHvm_FDC_HW_L.CC,20,200,10,0.0,10000.0,1.0,1.0,0.0,0.0,0.0
product.Seral.area.mature.CWHvm_FDC_HW_L.CC,21,210,10,0.0,10000.0,1.0,1.0,0.0,0.0,0.0
product.Seral.area.mature.CWHvm_FDC_HW_L.CC,22,220,10,0.0,10000.0,1.0,1.0,0.0,0.0,0.0
product.Seral.area.mature.CWHvm_FDC_HW_L.CC,23,230,10,0.0,10000.0,1.0,1.0,3.502000093460083,0.0,0.0
product.Seral.area.mature.CWHvm_FDC_HW_L.CC,24,240,10,0.0,10000.0,1.0,1.0,7.51200008392334,0.0,0.0
product.Seral.area.mature.CWHvm_FDC_HW_L.CC,25,250,10,0.0,10000.0,1.0,1.0,3.5950000286102295,0.0,0.0
product.Seral.area.mature.CWHvm_FDC_HW_L.CC,26,260,10,0.0,10000.0,1.0,1.0,12.5,0.0,0.0
product.Seral.area.mature.CWHvm_FDC_HW_L.CC,27,270,10,0.0,10000.0,1.0,1.0,5.0980000495910645,0.0,0.0
product.Seral.area.mature.CWHvm_FDC_HW_L.CC,28,280,10,0.0,10000.0,1.0,1.0,0.0,0.0,0.0
product.Seral.area.mature.CWHvm_FDC_HW_L.CC,29,290,10,0.0,10000.0,1.0,1.0,0.0,0.0,0.0
product.Seral.area.mature.CWHvm_FDC_HW_L.CC,30,300,10,0.0,10000.0,1.0,1.0,0.0,0.0,0.0
product.Seral.area.mature.CWHvm_FDC_HW_M.CC,0,0,10,0.0,10000.0,1.0,1.0,0.0,0.0,0.0
product.Seral.area.mature.CWHvm_FDC_HW_M.CC,1,10,10,0.0,10000.0,1.0,1.0,0.0,0.0,0.0
product.Seral.area.mature.CWHvm_FDC_HW_M.CC,2,20,10,0.0,10000.0,1.0,1.0,0.0,0.0,0.0
product.Seral.area.mature.CWHvm_FDC_HW_M.CC,3,30,10,0.0,10000.0,1.0,1.0,0.0,0.0,0.0
product.Seral.area.mature.CWHvm_FDC_HW_M.CC,4,40,10,0.0,10000.0,1.0,1.0,28.736000061035156,0.0,0.0
product.Seral.area.mature.CWHvm_FDC_HW_M.CC,5,50,10,0.0,10000.0,1.0,1.0,9.256999969482422,0.0,0.0
product.Seral.area.mature.CWHvm_FDC_HW_M.CC,6,60,10,0.0,10000.0,1.0,1.0,0.0,0.0,0.0
product.Seral.area.mature.CWHvm_FDC_HW_M.CC,7,70,10,0.0,10000.0,1.0,1.0,7.443999767303467,0.0,0.0
product.Seral.area.mature.CWHvm_FDC_HW_M.CC,8,80,10,0.0,10000.0,1.0,1.0,8.784000396728516,0.0,0.0
product.Seral.area.mature.CWHvm_FDC_HW_M.CC,9,90,10,0.0,10000.0,1.0,1.0,11.842000007629395,0.0,0.0
product.Seral.area.mature.CWHvm_FDC_HW_M.CC,10,100,10,0.0,10000.0,1.0,1.0,2.2639999389648438,0.0,0.0
product.Seral.area.mature.CWHvm_FDC_HW_M.CC,11,110,10,0.0,10000.0,1.0,1.0,0.0,0.0,0.0
product.Seral.area.mature.CWHvm_FDC_HW_M.CC,12,120,10,0.0,10000.0,1.0,1.0,0.0,0.0,0.0
product.Seral.area.mature.CWHvm_FDC_HW_M.CC,13,130,10,0.0,10000.0,1.0,1.0,9.256999969482422,0.0,0.0
product.Seral.area.mature.CWHvm_FDC_HW_M.CC,14,140,10,0.0,10000.0,1.0,1.0,0.0,0.0,0.0
product.Seral.area.mature.CWHvm_FDC_HW_M.CC,15,150,10,0.0,10000.0,1.0,1.0,0.0,0.0,0.0
product.Seral.area.mature.CWHvm_FDC_HW_M.CC,16,160,10,0.0,10000.0,1.0,1.0,0.0,0.0,0.0
product.Seral.area.mature.CWHvm_FDC_HW_M.CC,17,170,10,0.0,10000.0,1.0,1.0,0.0,0.0,0.0
product.Seral.area.mature.CWHvm_FDC_HW_M.CC,18,180,10,0.0,10000.0,1.0,1.0,0.0,0.0,0.0
product.Seral.area.mature.CWHvm_FDC_HW_M.CC,19,190,10,0.0,10000.0,1.0,1.0,0.0,0.0,0.0
product.Seral.area.mature.CWHvm_FDC_HW_M.CC,20,200,10,0.0,10000.0,1.0,1.0,0.0,0.0,0.0
product.Seral.area.mature.CWHvm_FDC_HW_M.CC,21,210,10,0.0,10000.0,1.0,1.0,0.0,0.0,0.0
product.Seral.area.mature.CWHvm_FDC_HW_M.CC,22,220,10,0.0,10000.0,1.0,1.0,0.0,0.0,0.0
product.Seral.area.mature.CWHvm_FDC_HW_M.CC,23,230,10,0.0,10000.0,1.0,1.0,0.0,0.0,0.0
product.Seral.area.mature.CWHvm_FDC_HW_M.CC,24,240,10,0.0,10000.0,1.0,1.0,0.0,0.0,0.0
product.Seral.area.mature.CWHvm_FDC_HW_M.CC,25,250,10,0.0,10000.0,1.0,1.0,2.2639999389648438,0.0,0.0
product.Seral.area.mature.CWHvm_FDC_HW_M.CC,26,260,10,0.0,10000.0,1.0,1.0,0.0,0.0,0.0
product.Seral.area.mature.CWHvm_FDC_HW_M.CC,27,270,10,0.0,10000.0,1.0,1.0,0.0,0.0,0.0
product.Seral.area.mature.CWHvm_FDC_HW_M.CC,28,280,10,0.0,10000.0,1.0,1.0,0.0,0.0,0.0
product.Seral.area.mature.CWHvm_FDC_HW_M.CC,29,290,10,0.0,10000.0,1.0,1.0,0.0,0.0,0.0
product.Seral.area.mature.CWHvm_FDC_HW_M.CC,30,300,10,0.0,10000.0,1.0,1.0,0.0,0.0,0.0
product.Seral.area.mature.CWHvm_HW_BA_M.CC,0,0,10,0.0,10000.0,1.0,1.0,0.0,0.0,0.0
product.Seral.area.mature.CWHvm_HW_BA_M.CC,1,10,10,0.0,10000.0,1.0,1.0,0.0,0.0,0.0
product.Seral.area.mature.CWHvm_HW_BA_M.CC,2,20,10,0.0,10000.0,1.0,1.0,0.0,0.0,0.0
product.Seral.area.mature.CWHvm_HW_BA_M.CC,3,30,10,0.0,10000.0,1.0,1.0,0.0,0.0,0.0
product.Seral.area.mature.CWHvm_HW_BA_M.CC,4,40,10,0.0,10000.0,1.0,1.0,0.0,0.0,0.0
product.Seral.area.mature.CWHvm_HW_BA_M.CC,5,50,10,0.0,10000.0,1.0,1.0,4.1539998054504395,0.0,0.0
product.Seral.area.mature.CWHvm_HW_BA_M.CC,6,60,10,0.0,10000.0,1.0,1.0,0.0,0.0,0.0
product.Seral.area.mature.CWHvm_HW_BA_M.CC,7,70,10,0.0,10000.0,1.0,1.0,0.0,0.0,0.0
product.Seral.area.mature.CWHvm_HW_BA_M.CC,8,80,10,0.0,10000.0,1.0,1.0,17.753999710083008,0.0,0.0
product.Seral.area.mature.CWHvm_HW_BA_M.CC,9,90,10,0.0,10000.0,1.0,1.0,0.0,0.0,0.0
product.Seral.area.mature.CWHvm_HW_BA_M.CC,10,100,10,0.0,10000.0,1.0,1.0,0.0,0.0,0.0
product.Seral.area.mature.CWHvm_HW_BA_M.CC,11,110,10,0.0,10000.0,1.0,1.0,0.0,0.0,0.0
product.Seral.area.mature.CWHvm_HW_BA_M.CC,12,120,10,0.0,10000.0,1.0,1.0,0.0,0.0,0.0
product.Seral.area.mature.CWHvm_HW_BA_M.CC,13,130,10,0.0,10000.0,1.0,1.0,0.0,0.0,0.0
product.Seral.area.mature.CWHvm_HW_BA_M.CC,14,140,10,0.0,10000.0,1.0,1.0,0.0,0.0,0.0
product.Seral.area.mature.CWHvm_HW_BA_M.CC,15,150,10,0.0,10000.0,1.0,1.0,0.0,0.0,0.0
product.Seral.area.mature.CWHvm_HW_BA_M.CC,16,160,10,0.0,10000.0,1.0,1.0,0.0,0.0,0.0
product.Seral.area.mature.CWHvm_HW_BA_M.CC,17,170,10,0.0,10000.0,1.0,1.0,2.2660000324249268,0.0,0.0
product.Seral.area.mature.CWHvm_HW_BA_M.CC,18,180,10,0.0,10000.0,1.0,1.0,0.0,0.0,0.0
product.Seral.area.mature.CWHvm_HW_BA_M.CC,19,190,10,0.0,10000.0,1.0,1.0,0.0,0.0,0.0
product.Seral.area.mature.CWHvm_HW_BA_M.CC,20,200,10,0.0,10000.0,1.0,1.0,7.182000160217285,0.0,0.0
product.Seral.area.mature.CWHvm_HW_BA_M.CC,21,210,10,0.0,10000.0,1.0,1.0,0.0,0.0,0.0
product.Seral.area.mature.CWHvm_HW_BA_M.CC,22,220,10,0.0,10000.0,1.0,1.0,0.0,0.0,0.0
product.Seral.area.mature.CWHvm_HW_BA_M.CC,23,230,10,0.0,10000.0,1.0,1.0,0.0,0.0,0.0
product.Seral.area.mature.CWHvm_HW_BA_M.CC,24,240,10,0.0,10000.0,1.0,1.0,0.0,0.0,0.0
product.Seral.area.mature.CWHvm_HW_BA_M.CC,25,250,10,0.0,10000.0,1.0,1.0,0.0,0.0,0.0
product.Seral.area.mature.CWHvm_HW_BA_M.CC,26,260,10,0.0,10000.0,1.0,1.0,0.0,0.0,0.0
product.Seral.area.mature.CWHvm_HW_BA_M.CC,27,270,10,0.0,10000.0,1.0,1.0,0.0,0.0,0.0
product.Seral.area.mature.CWHvm_HW_BA_M.CC,28,280,10,0.0,10000.0,1.0,1.0,0.0,0.0,0.0
product.Seral.area.mature.CWHvm_HW_BA_M.CC,29,290,10,0.0,10000.0,1.0,1.0,0.0,0.0,0.0
product.Seral.area.mature.CWHvm_HW_BA_M.CC,30,300,10,0.0,10000.0,1.0,1.0,0.0,0.0,0.0
product.Seral.area.mature.CWHvm_HW_CW_H.CC,0,0,10,0.0,10000.0,1.0,1.0,0.0,0.0,0.0
product.Seral.area.mature.CWHvm_HW_CW_H.CC,1,10,10,0.0,10000.0,1.0,1.0,14.854000091552734,0.0,0.0
product.Seral.area.mature.CWHvm_HW_CW_H.CC,2,20,10,0.0,10000.0,1.0,1.0,11.994999885559082,0.0,0.0
product.Seral.area.mature.CWHvm_HW_CW_H.CC,3,30,10,0.0,10000.0,1.0,1.0,3.3499999046325684,0.0,0.0
product.Seral.area.mature.CWHvm_HW_CW_H.CC,4,40,10,0.0,10000.0,1.0,1.0,0.0,0.0,0.0
product.Seral.area.mature.CWHvm_HW_CW_H.CC,5,50,10,0.0,10000.0,1.0,1.0,0.0,0.0,0.0
product.Seral.area.mature.CWHvm_HW_CW_H.CC,6,60,10,0.0,10000.0,1.0,1.0,2.752000093460083,0.0,0.0
product.Seral.area.mature.CWHvm_HW_CW_H.CC,7,70,10,0.0,10000.0,1.0,1.0,16.26300048828125,0.0,0.0
product.Seral.area.mature.CWHvm_HW_CW_H.CC,8,80,10,0.0,10000.0,1.0,1.0,0.0,0.0,0.0
product.Seral.area.mature.CWHvm_HW_CW_H.CC,9,90,10,0.0,10000.0,1.0,1.0,0.0,0.0,0.0
product.Seral.area.mature.CWHvm_HW_CW_H.CC,10,100,10,0.0,10000.0,1.0,1.0,0.0,0.0,0.0
product.Seral.area.mature.CWHvm_HW_CW_H.CC,11,110,10,0.0,10000.0,1.0,1.0,0.0,0.0,0.0
product.Seral.area.mature.CWHvm_HW_CW_H.CC,12,120,10,0.0,10000.0,1.0,1.0,0.0,0.0,0.0
product.Seral.area.mature.CWHvm_HW_CW_H.CC,13,130,10,0.0,10000.0,1.0,1.0,0.0,0.0,0.0
product.Seral.area.mature.CWHvm_HW_CW_H.CC,14,140,10,0.0,10000.0,1.0,1.0,0.0,0.0,0.0
product.Seral.area.mature.CWHvm_HW_CW_H.CC,15,150,10,0.0,10000.0,1.0,1.0,0.0,0.0,0.0
product.Seral.area.mature.CWHvm_HW_CW_H.CC,16,160,10,0.0,10000.0,1.0,1.0,0.0,0.0,0.0
product.Seral.area.mature.CWHvm_HW_CW_H.CC,17,170,10,0.0,10000.0,1.0,1.0,0.0,0.0,0.0
product.Seral.area.mature.CWHvm_HW_CW_H.CC,18,180,10,0.0,10000.0,1.0,1.0,0.0,0.0,0.0
product.Seral.area.mature.CWHvm_HW_CW_H.CC,19,190,10,0.0,10000.0,1.0,1.0,14.854000091552734,0.0,0.0
product.Seral.area.mature.CWHvm_HW_CW_H.CC,20,200,10,0.0,10000.0,1.0,1.0,0.0,0.0,0.0
product.Seral.area.mature.CWHvm_HW_CW_H.CC,21,210,10,0.0,10000.0,1.0,1.0,2.309000015258789,0.0,0.0
product.Seral.area.mature.CWHvm_HW_CW_H.CC,22,220,10,0.0,10000.0,1.0,1.0,0.0,0.0,0.0
product.Seral.area.mature.CWHvm_HW_CW_H.CC,23,230,10,0.0,10000.0,1.0,1.0,0.0,0.0,0.0
product.Seral.area.mature.CWHvm_HW_CW_H.CC,24,240,10,0.0,10000.0,1.0,1.0,2.752000093460083,0.0,0.0
product.Seral.area.mature.CWHvm_HW_CW_H.CC,25,250,10,0.0,10000.0,1.0,1.0,13.642000198364258,0.0,0.0
product.Seral.area.mature.CWHvm_HW_CW_H.CC,26,260,10,0.0,10000.0,1.0,1.0,0.0,0.0,0.0
product.Seral.area.mature.CWHvm_HW_CW_H.CC,27,270,10,0.0,10000.0,1.0,1.0,0.0,0.0,0.0
product.Seral.area.mature.CWHvm_HW_CW_H.CC,28,280,10,0.0,10000.0,1.0,1.0,0.0,0.0,0.0
product.Seral.area.mature.CWHvm_HW_CW_H.CC,29,290,10,0.0,10000.0,1.0,1.0,0.0,0.0,0.0
product.Seral.area.mature.CWHvm_HW_CW_H.CC,30,300,10,0.0,10000.0,1.0,1.0,0.0,0.0,0.0
product.Seral.area.mature.CWHvm_HW_CW_L.CC,0,0,10,0.0,10000.0,1.0,1.0,0.0,0.0,0.0
product.Seral.area.mature.CWHvm_HW_CW_L.CC,1,10,10,0.0,10000.0,1.0,1.0,0.0,0.0,0.0
product.Seral.area.mature.CWHvm_HW_CW_L.CC,2,20,10,0.0,10000.0,1.0,1.0,0.0,0.0,0.0
product.Seral.area.mature.CWHvm_HW_CW_L.CC,3,30,10,0.0,10000.0,1.0,1.0,0.0,0.0,0.0
product.Seral.area.mature.CWHvm_HW_CW_L.CC,4,40,10,0.0,10000.0,1.0,1.0,0.0,0.0,0.0
product.Seral.area.mature.CWHvm_HW_CW_L.CC,5,50,10,0.0,10000.0,1.0,1.0,0.0,0.0,0.0
product.Seral.area.mature.CWHvm_HW_CW_L.CC,6,60,10,0.0,10000.0,1.0,1.0,0.0,0.0,0.0
product.Seral.area.mature.CWHvm_HW_CW_L.CC,7,70,10,0.0,10000.0,1.0,1.0,0.0,0.0,0.0
product.Seral.area.mature.CWHvm_HW_CW_L.CC,8,80,10,0.0,10000.0,1.0,1.0,0.0,0.0,0.0
product.Seral.area.mature.CWHvm_HW_CW_L.CC,9,90,10,0.0,10000.0,1.0,1.0,0.0,0.0,0.0
product.Seral.area.mature.CWHvm_HW_CW_L.CC,10,100,10,0.0,10000.0,1.0,1.0,0.0,0.0,0.0
product.Seral.area.mature.CWHvm_HW_CW_L.CC,11,110,10,0.0,10000.0,1.0,1.0,0.0,0.0,0.0
product.Seral.area.mature.CWHvm_HW_CW_L.CC,12,120,10,0.0,10000.0,1.0,1.0,0.0,0.0,0.0
product.Seral.area.mature.CWHvm_HW_CW_L.CC,13,130,10,0.0,10000.0,1.0,1.0,0.0,0.0,0.0
product.Seral.area.mature.CWHvm_HW_CW_L.CC,14,140,10,0.0,10000.0,1.0,1.0,0.0,0.0,0.0
product.Seral.area.mature.CWHvm_HW_CW_L.CC,15,150,10,0.0,10000.0,1.0,1.0,0.0,0.0,0.0
product.Seral.area.mature.CWHvm_HW_CW_L.CC,16,160,10,0.0,10000.0,1.0,1.0,0.0,0.0,0.0
product.Seral.area.mature.CWHvm_HW_CW_L.CC,17,170,10,0.0,10000.0,1.0,1.0,0.0,0.0,0.0
product.Seral.area.mature.CWHvm_HW_CW_L.CC,18,180,10,0.0,10000.0,1.0,1.0,0.0,0.0,0.0
product.Seral.area.mature.CWHvm_HW_CW_L.CC,19,190,10,0.0,10000.0,1.0,1.0,0.0,0.0,0.0
product.Seral.area.mature.CWHvm_HW_CW_L.CC,20,200,10,0.0,10000.0,1.0,1.0,0.0,0.0,0.0
product.Seral.area.mature.CWHvm_HW_CW_L.CC,21,210,10,0.0,10000.0,1.0,1.0,0.0,0.0,0.0
product.Seral.area.mature.CWHvm_HW_CW_L.CC,22,220,10,0.0,10000.0,1.0,1.0,0.0,0.0,0.0
product.Seral.area.mature.CWHvm_HW_CW_L.CC,23,230,10,0.0,10000.0,1.0,1.0,0.0,0.0,0.0
product.Seral.area.mature.CWHvm_HW_CW_L.CC,24,240,10,0.0,10000.0,1.0,1.0,0.0,0.0,0.0
product.Seral.area.mature.CWHvm_HW_CW_L.CC,25,250,10,0.0,10000.0,1.0,1.0,0.0,0.0,0.0
product.Seral.area.mature.CWHvm_HW_CW_L.CC,26,260,10,0.0,10000.0,1.0,1.0,0.0,0.0,0.0
product.Seral.area.mature.CWHvm_HW_CW_L.CC,27,270,10,0.0,10000.0,1.0,1.0,0.0,0.0,0.0
product.Seral.area.mature.CWHvm_HW_CW_L.CC,28,280,10,0.0,10000.0,1.0,1.0,0.0,0.0,0.0
product.Seral.area.mature.CWHvm_HW_CW_L.CC,29,290,10,0.0,10000.0,1.0,1.0,0.0,0.0,0.0
product.Seral.area.mature.CWHvm_HW_CW_L.CC,30,300,10,0.0,10000.0,1.0,1.0,0.0,0.0,0.0
product.Seral.area.mature.CWHvm_HW_CW_M.CC,0,0,10,0.0,10000.0,1.0,1.0,0.0,0.0,0.0
product.Seral.area.mature.CWHvm_HW_CW_M.CC,1,10,10,0.0,10000.0,1.0,1.0,0.0,0.0,0.0
product.Seral.area.mature.CWHvm_HW_CW_M.CC,2,20,10,0.0,10000.0,1.0,1.0,0.0,0.0,0.0
product.Seral.area.mature.CWHvm_HW_CW_M.CC,3,30,10,0.0,10000.0,1.0,1.0,0.0,0.0,0.0
product.Seral.area.mature.CWHvm_HW_CW_M.CC,4,40,10,0.0,10000.0,1.0,1.0,0.0,0.0,0.0
product.Seral.area.mature.CWHvm_HW_CW_M.CC,5,50,10,0.0,10000.0,1.0,1.0,1.065999984741211,0.0,0.0
product.Seral.area.mature.CWHvm_HW_CW_M.CC,6,60,10,0.0,10000.0,1.0,1.0,0.0,0.0,0.0
product.Seral.area.mature.CWHvm_HW_CW_M.CC,7,70,10,0.0,10000.0,1.0,1.0,4.410999774932861,0.0,0.0
product.Seral.area.mature.CWHvm_HW_CW_M.CC,8,80,10,0.0,10000.0,1.0,1.0,0.0,0.0,0.0
product.Seral.area.mature.CWHvm_HW_CW_M.CC,9,90,10,0.0,10000.0,1.0,1.0,0.0,0.0,0.0
product.Seral.area.mature.CWHvm_HW_CW_M.CC,10,100,10,0.0,10000.0,1.0,1.0,0.0,0.0,0.0
product.Seral.area.mature.CWHvm_HW_CW_M.CC,11,110,10,0.0,10000.0,1.0,1.0,0.0,0.0,0.0
product.Seral.area.mature.CWHvm_HW_CW_M.CC,12,120,10,0.0,10000.0,1.0,1.0,0.0,0.0,0.0
product.Seral.area.mature.CWHvm_HW_CW_M.CC,13,130,10,0.0,10000.0,1.0,1.0,0.0,0.0,0.0
product.Seral.area.mature.CWHvm_HW_CW_M.CC,14,140,10,0.0,10000.0,1.0,1.0,0.0,0.0,0.0
product.Seral.area.mature.CWHvm_HW_CW_M.CC,15,150,10,0.0,10000.0,1.0,1.0,0.0,0.0,0.0
product.Seral.area.mature.CWHvm_HW_CW_M.CC,16,160,10,0.0,10000.0,1.0,1.0,0.0,0.0,0.0
product.Seral.area.mature.CWHvm_HW_CW_M.CC,17,170,10,0.0,10000.0,1.0,1.0,0.0,0.0,0.0
product.Seral.area.mature.CWHvm_HW_CW_M.CC,18,180,10,0.0,10000.0,1.0,1.0,0.0,0.0,0.0
product.Seral.area.mature.CWHvm_HW_CW_M.CC,19,190,10,0.0,10000.0,1.0,1.0,0.0,0.0,0.0
product.Seral.area.mature.CWHvm_HW_CW_M.CC,20,200,10,0.0,10000.0,1.0,1.0,0.0,0.0,0.0
product.Seral.area.mature.CWHvm_HW_CW_M.CC,21,210,10,0.0,10000.0,1.0,1.0,0.0,0.0,0.0
product.Seral.area.mature.CWHvm_HW_CW_M.CC,22,220,10,0.0,10000.0,1.0,1.0,0.0,0.0,0.0
product.Seral.area.mature.CWHvm_HW_CW_M.CC,23,230,10,0.0,10000.0,1.0,1.0,0.0,0.0,0.0
product.Seral.area.mature.CWHvm_HW_CW_M.CC,24,240,10,0.0,10000.0,1.0,1.0,0.0,0.0,0.0
product.Seral.area.mature.CWHvm_HW_CW_M.CC,25,250,10,0.0,10000.0,1.0,1.0,9.684000015258789,0.0,0.0
product.Seral.area.mature.CWHvm_HW_CW_M.CC,26,260,10,0.0,10000.0,1.0,1.0,0.0,0.0,0.0
product.Seral.area.mature.CWHvm_HW_CW_M.CC,27,270,10,0.0,10000.0,1.0,1.0,0.0,0.0,0.0
product.Seral.area.mature.CWHvm_HW_CW_M.CC,28,280,10,0.0,10000.0,1.0,1.0,15.199999809265137,0.0,0.0
product.Seral.area.mature.CWHvm_HW_CW_M.CC,29,290,10,0.0,10000.0,1.0,1.0,1.9329999685287476,0.0,0.0
product.Seral.area.mature.CWHvm_HW_CW_M.CC,30,300,10,0.0,10000.0,1.0,1.0,0.0,0.0,0.0
product.Seral.area.mature.CWHvm_HW_FDC_H.CC,0,0,10,0.0,10000.0,1.0,1.0,0.0,0.0,0.0
product.Seral.area.mature.CWHvm_HW_FDC_H.CC,1,10,10,0.0,10000.0,1.0,1.0,0.0,0.0,0.0
product.Seral.area.mature.CWHvm_HW_FDC_H.CC,2,20,10,0.0,10000.0,1.0,1.0,15.449000358581543,0.0,0.0
product.Seral.area.mature.CWHvm_HW_FDC_H.CC,3,30,10,0.0,10000.0,1.0,1.0,0.0,0.0,0.0
product.Seral.area.mature.CWHvm_HW_FDC_H.CC,4,40,10,0.0,10000.0,1.0,1.0,7.5920000076293945,0.0,0.0
product.Seral.area.mature.CWHvm_HW_FDC_H.CC,5,50,10,0.0,10000.0,1.0,1.0,9.861000061035156,0.0,0.0
product.Seral.area.mature.CWHvm_HW_FDC_H.CC,6,60,10,0.0,10000.0,1.0,1.0,0.0,0.0,0.0
product.Seral.area.mature.CWHvm_HW_FDC_H.CC,7,70,10,0.0,10000.0,1.0,1.0,21.506000518798828,0.0,0.0
product.Seral.area.mature.CWHvm_HW_FDC_H.CC,8,80,10,0.0,10000.0,1.0,1.0,19.95800018310547,0.0,0.0
product.Seral.area.mature.CWHvm_HW_FDC_H.CC,9,90,10,0.0,10000.0,1.0,1.0,5.892000198364258,0.0,0.0
product.Seral.area.mature.CWHvm_HW_FDC_H.CC,10,100,10,0.0,10000.0,1.0,1.0,12.40999984741211,0.0,0.0
product.Seral.area.mature.CWHvm_HW_FDC_H.CC,11,110,10,0.0,10000.0,1.0,1.0,0.0,0.0,0.0
product.Seral.area.mature.CWHvm_HW_FDC_H.CC,12,120,10,0.0,10000.0,1.0,1.0,4.682000160217285,0.0,0.0
product.Seral.area.mature.CWHvm_HW_FDC_H.CC,13,130,10,0.0,10000.0,1.0,1.0,33.31100082397461,0.0,0.0
product.Seral.area.mature.CWHvm_HW_FDC_H.CC,14,140,10,0.0,10000.0,1.0,1.0,19.927000045776367,0.0,0.0
product.Seral.area.mature.CWHvm_HW_FDC_H.CC,15,150,10,0.0,10000.0,1.0,1.0,2.690000057220459,0.0,0.0
product.Seral.area.mature.CWHvm_HW_FDC_H.CC,16,160,10,0.0,10000.0,1.0,1.0,4.2179999351501465,0.0,0.0
product.Seral.area.mature.CWHvm_HW_FDC_H.CC,17,170,10,0.0,10000.0,1.0,1.0,0.0,0.0,0.0
product.Seral.area.mature.CWHvm_HW_FDC_H.CC,18,180,10,0.0,10000.0,1.0,1.0,9.810999870300293,0.0,0.0
product.Seral.area.mature.CWHvm_HW_FDC_H.CC,19,190,10,0.0,10000.0,1.0,1.0,4.211999893188477,0.0,0.0
product.Seral.area.mature.CWHvm_HW_FDC_H.CC,20,200,10,0.0,10000.0,1.0,1.0,29.80900001525879,0.0,0.0
product.Seral.area.mature.CWHvm_HW_FDC_H.CC,21,210,10,0.0,10000.0,1.0,1.0,0.0,0.0,0.0
product.Seral.area.mature.CWHvm_HW_FDC_H.CC,22,220,10,0.0,10000.0,1.0,1.0,0.0,0.0,0.0
product.Seral.area.mature.CWHvm_HW_FDC_H.CC,23,230,10,0.0,10000.0,1.0,1.0,0.0,0.0,0.0
product.Seral.area.mature.CWHvm_HW_FDC_H.CC,24,240,10,0.0,10000.0,1.0,1.0,0.0,0.0,0.0
product.Seral.area.mature.CWHvm_HW_FDC_H.CC,25,250,10,0.0,10000.0,1.0,1.0,6.422999858856201,0.0,0.0
product.Seral.area.mature.CWHvm_HW_FDC_H.CC,26,260,10,0.0,10000.0,1.0,1.0,7.355999946594238,0.0,0.0
product.Seral.area.mature.CWHvm_HW_FDC_H.CC,27,270,10,0.0,10000.0,1.0,1.0,15.970999717712402,0.0,0.0
product.Seral.area.mature.CWHvm_HW_FDC_H.CC,28,280,10,0.0,10000.0,1.0,1.0,4.433000087738037,0.0,0.0
product.Seral.area.mature.CWHvm_HW_FDC_H.CC,29,290,10,0.0,10000.0,1.0,1.0,2.484999895095825,0.0,0.0
product.Seral.area.mature.CWHvm_HW_FDC_H.CC,30,300,10,0.0,10000.0,1.0,1.0,2.5269999504089355,0.0,0.0
product.Seral.area.mature.CWHvm_HW_FDC_L.CC,0,0,10,0.0,10000.0,1.0,1.0,0.0,0.0,0.0
product.Seral.area.mature.CWHvm_HW_FDC_L.CC,1,10,10,0.0,10000.0,1.0,1.0,16.22100067138672,0.0,0.0
product.Seral.area.mature.CWHvm_HW_FDC_L.CC,2,20,10,0.0,10000.0,1.0,1.0,2.5739998817443848,0.0,0.0
product.Seral.area.mature.CWHvm_HW_FDC_L.CC,3,30,10,0.0,10000.0,1.0,1.0,3.9170000553131104,0.0,0.0
product.Seral.area.mature.CWHvm_HW_FDC_L.CC,4,40,10,0.0,10000.0,1.0,1.0,0.0,0.0,0.0
product.Seral.area.mature.CWHvm_HW_FDC_L.CC,5,50,10,0.0,10000.0,1.0,1.0,19.490999221801758,0.0,0.0
product.Seral.area.mature.CWHvm_HW_FDC_L.CC,6,60,10,0.0,10000.0,1.0,1.0,17.99799919128418,0.0,0.0
product.Seral.area.mature.CWHvm_HW_FDC_L.CC,7,70,10,0.0,10000.0,1.0,1.0,2.0989999771118164,0.0,0.0
product.Seral.area.mature.CWHvm_HW_FDC_L.CC,8,80,10,0.0,10000.0,1.0,1.0,0.0,0.0,0.0
product.Seral.area.mature.CWHvm_HW_FDC_L.CC,9,90,10,0.0,10000.0,1.0,1.0,3.0460000038146973,0.0,0.0
product.Seral.area.mature.CWHvm_HW_FDC_L.CC,10,100,10,0.0,10000.0,1.0,1.0,0.0,0.0,0.0
product.Seral.area.mature.CWHvm_HW_FDC_L.CC,11,110,10,0.0,10000.0,1.0,1.0,3.5190000534057617,0.0,0.0
product.Seral.area.mature.CWHvm_HW_FDC_L.CC,12,120,10,0.0,10000.0,1.0,1.0,19.941999435424805,0.0,0.0
product.Seral.area.mature.CWHvm_HW_FDC_L.CC,13,130,10,0.0,10000.0,1.0,1.0,0.0,0.0,0.0
product.Seral.area.mature.CWHvm_HW_FDC_L.CC,14,140,10,0.0,10000.0,1.0,1.0,3.309999942779541,0.0,0.0
product.Seral.area.mature.CWHvm_HW_FDC_L.CC,15,150,10,0.0,10000.0,1.0,1.0,0.0,0.0,0.0
product.Seral.area.mature.CWHvm_HW_FDC_L.CC,16,160,10,0.0,10000.0,1.0,1.0,0.0,0.0,0.0
product.Seral.area.mature.CWHvm_HW_FDC_L.CC,17,170,10,0.0,10000.0,1.0,1.0,0.0,0.0,0.0
product.Seral.area.mature.CWHvm_HW_FDC_L.CC,18,180,10,0.0,10000.0,1.0,1.0,0.0,0.0,0.0
product.Seral.area.mature.CWHvm_HW_FDC_L.CC,19,190,10,0.0,10000.0,1.0,1.0,0.0,0.0,0.0
product.Seral.area.mature.CWHvm_HW_FDC_L.CC,20,200,10,0.0,10000.0,1.0,1.0,0.0,0.0,0.0
product.Seral.area.mature.CWHvm_HW_FDC_L.CC,21,210,10,0.0,10000.0,1.0,1.0,2.5739998817443848,0.0,0.0
product.Seral.area.mature.CWHvm_HW_FDC_L.CC,22,220,10,0.0,10000.0,1.0,1.0,0.0,0.0,0.0
product.Seral.area.mature.CWHvm_HW_FDC_L.CC,23,230,10,0.0,10000.0,1.0,1.0,3.7209999561309814,0.0,0.0
product.Seral.area.mature.CWHvm_HW_FDC_L.CC,24,240,10,0.0,10000.0,1.0,1.0,8.729999542236328,0.0,0.0
product.Seral.area.mature.CWHvm_HW_FDC_L.CC,25,250,10,0.0,10000.0,1.0,1.0,0.0,0.0,0.0
product.Seral.area.mature.CWHvm_HW_FDC_L.CC,26,260,10,0.0,10000.0,1.0,1.0,1.0110000371932983,0.0,0.0
product.Seral.area.mature.CWHvm_HW_FDC_L.CC,27,270,10,0.0,10000.0,1.0,1.0,0.0,0.0,0.0
product.Seral.area.mature.CWHvm_HW_FDC_L.CC,28,280,10,0.0,10000.0,1.0,1.0,0.0,0.0,0.0
product.Seral.area.mature.CWHvm_HW_FDC_L.CC,29,290,10,0.0,10000.0,1.0,1.0,0.0,0.0,0.0
product.Seral.area.mature.CWHvm_HW_FDC_L.CC,30,300,10,0.0,10000.0,1.0,1.0,3.5190000534057617,0.0,0.0
product.Seral.area.mature.CWHvm_HW_SS_M.CC,0,0,10,0.0,10000.0,1.0,1.0,0.0,0.0,0.0
product.Seral.area.mature.CWHvm_HW_SS_M.CC,1,10,10,0.0,10000.0,1.0,1.0,0.0,0.0,0.0
product.Seral.area.mature.CWHvm_HW_SS_M.CC,2,20,10,0.0,10000.0,1.0,1.0,0.0,0.0,0.0
product.Seral.area.mature.CWHvm_HW_SS_M.CC,3,30,10,0.0,10000.0,1.0,1.0,0.0,0.0,0.0
product.Seral.area.mature.CWHvm_HW_SS_M.CC,4,40,10,0.0,10000.0,1.0,1.0,0.0,0.0,0.0
product.Seral.area.mature.CWHvm_HW_SS_M.CC,5,50,10,0.0,10000.0,1.0,1.0,0.0,0.0,0.0
product.Seral.area.mature.CWHvm_HW_SS_M.CC,6,60,10,0.0,10000.0,1.0,1.0,0.0,0.0,0.0
product.Seral.area.mature.CWHvm_HW_SS_M.CC,7,70,10,0.0,10000.0,1.0,1.0,0.0,0.0,0.0
product.Seral.area.mature.CWHvm_HW_SS_M.CC,8,80,10,0.0,10000.0,1.0,1.0,0.0,0.0,0.0
product.Seral.area.mature.CWHvm_HW_SS_M.CC,9,90,10,0.0,10000.0,1.0,1.0,0.0,0.0,0.0
product.Seral.area.mature.CWHvm_HW_SS_M.CC,10,100,10,0.0,10000.0,1.0,1.0,0.0,0.0,0.0
product.Seral.area.mature.CWHvm_HW_SS_M.CC,11,110,10,0.0,10000.0,1.0,1.0,0.0,0.0,0.0
product.Seral.area.mature.CWHvm_HW_SS_M.CC,12,120,10,0.0,10000.0,1.0,1.0,0.0,0.0,0.0
product.Seral.area.mature.CWHvm_HW_SS_M.CC,13,130,10,0.0,10000.0,1.0,1.0,1.0080000162124634,0.0,0.0
product.Seral.area.mature.CWHvm_HW_SS_M.CC,14,140,10,0.0,10000.0,1.0,1.0,0.0,0.0,0.0
product.Seral.area.mature.CWHvm_HW_SS_M.CC,15,150,10,0.0,10000.0,1.0,1.0,0.0,0.0,0.0
product.Seral.area.mature.CWHvm_HW_SS_M.CC,16,160,10,0.0,10000.0,1.0,1.0,0.0,0.0,0.0
product.Seral.area.mature.CWHvm_HW_SS_M.CC,17,170,10,0.0,10000.0,1.0,1.0,0.0,0.0,0.0
product.Seral.area.mature.CWHvm_HW_SS_M.CC,18,180,10,0.0,10000.0,1.0,1.0,0.0,0.0,0.0
product.Seral.area.mature.CWHvm_HW_SS_M.CC,19,190,10,0.0,10000.0,1.0,1.0,0.0,0.0,0.0
product.Seral.area.mature.CWHvm_HW_SS_M.CC,20,200,10,0.0,10000.0,1.0,1.0,0.0,0.0,0.0
product.Seral.area.mature.CWHvm_HW_SS_M.CC,21,210,10,0.0,10000.0,1.0,1.0,0.0,0.0,0.0
product.Seral.area.mature.CWHvm_HW_SS_M.CC,22,220,10,0.0,10000.0,1.0,1.0,0.0,0.0,0.0
product.Seral.area.mature.CWHvm_HW_SS_M.CC,23,230,10,0.0,10000.0,1.0,1.0,0.0,0.0,0.0
product.Seral.area.mature.CWHvm_HW_SS_M.CC,24,240,10,0.0,10000.0,1.0,1.0,0.0,0.0,0.0
product.Seral.area.mature.CWHvm_HW_SS_M.CC,25,250,10,0.0,10000.0,1.0,1.0,0.0,0.0,0.0
product.Seral.area.mature.CWHvm_HW_SS_M.CC,26,260,10,0.0,10000.0,1.0,1.0,0.0,0.0,0.0
product.Seral.area.mature.CWHvm_HW_SS_M.CC,27,270,10,0.0,10000.0,1.0,1.0,0.0,0.0,0.0
product.Seral.area.mature.CWHvm_HW_SS_M.CC,28,280,10,0.0,10000.0,1.0,1.0,0.0,0.0,0.0
product.Seral.area.mature.CWHvm_HW_SS_M.CC,29,290,10,0.0,10000.0,1.0,1.0,0.0,0.0,0.0
product.Seral.area.mature.CWHvm_HW_SS_M.CC,30,300,10,0.0,10000.0,1.0,1.0,0.0,0.0,0.0
product.Seral.area.overmature.CWHvm_CW_HW_M.CC,0,0,10,0.0,10000.0,1.0,1.0,0.0,0.0,0.0
product.Seral.area.overmature.CWHvm_CW_HW_M.CC,1,10,10,0.0,10000.0,1.0,1.0,0.0,0.0,0.0
product.Seral.area.overmature.CWHvm_CW_HW_M.CC,2,20,10,0.0,10000.0,1.0,1.0,0.0,0.0,0.0
product.Seral.area.overmature.CWHvm_CW_HW_M.CC,3,30,10,0.0,10000.0,1.0,1.0,0.0,0.0,0.0
product.Seral.area.overmature.CWHvm_CW_HW_M.CC,4,40,10,0.0,10000.0,1.0,1.0,0.0,0.0,0.0
product.Seral.area.overmature.CWHvm_CW_HW_M.CC,5,50,10,0.0,10000.0,1.0,1.0,0.0,0.0,0.0
product.Seral.area.overmature.CWHvm_CW_HW_M.CC,6,60,10,0.0,10000.0,1.0,1.0,0.0,0.0,0.0
product.Seral.area.overmature.CWHvm_CW_HW_M.CC,7,70,10,0.0,10000.0,1.0,1.0,0.0,0.0,0.0
product.Seral.area.overmature.CWHvm_CW_HW_M.CC,8,80,10,0.0,10000.0,1.0,1.0,0.0,0.0,0.0
product.Seral.area.overmature.CWHvm_CW_HW_M.CC,9,90,10,0.0,10000.0,1.0,1.0,0.0,0.0,0.0
product.Seral.area.overmature.CWHvm_CW_HW_M.CC,10,100,10,0.0,10000.0,1.0,1.0,0.0,0.0,0.0
product.Seral.area.overmature.CWHvm_CW_HW_M.CC,11,110,10,0.0,10000.0,1.0,1.0,0.0,0.0,0.0
product.Seral.area.overmature.CWHvm_CW_HW_M.CC,12,120,10,0.0,10000.0,1.0,1.0,0.0,0.0,0.0
product.Seral.area.overmature.CWHvm_CW_HW_M.CC,13,130,10,0.0,10000.0,1.0,1.0,0.0,0.0,0.0
product.Seral.area.overmature.CWHvm_CW_HW_M.CC,14,140,10,0.0,10000.0,1.0,1.0,0.0,0.0,0.0
product.Seral.area.overmature.CWHvm_CW_HW_M.CC,15,150,10,0.0,10000.0,1.0,1.0,1.815999984741211,0.0,0.0
product.Seral.area.overmature.CWHvm_CW_HW_M.CC,16,160,10,0.0,10000.0,1.0,1.0,0.0,0.0,0.0
product.Seral.area.overmature.CWHvm_CW_HW_M.CC,17,170,10,0.0,10000.0,1.0,1.0,0.0,0.0,0.0
product.Seral.area.overmature.CWHvm_CW_HW_M.CC,18,180,10,0.0,10000.0,1.0,1.0,0.0,0.0,0.0
product.Seral.area.overmature.CWHvm_CW_HW_M.CC,19,190,10,0.0,10000.0,1.0,1.0,2.7049999237060547,0.0,0.0
product.Seral.area.overmature.CWHvm_CW_HW_M.CC,20,200,10,0.0,10000.0,1.0,1.0,0.0,0.0,0.0
product.Seral.area.overmature.CWHvm_CW_HW_M.CC,21,210,10,0.0,10000.0,1.0,1.0,0.0,0.0,0.0
product.Seral.area.overmature.CWHvm_CW_HW_M.CC,22,220,10,0.0,10000.0,1.0,1.0,0.0,0.0,0.0
product.Seral.area.overmature.CWHvm_CW_HW_M.CC,23,230,10,0.0,10000.0,1.0,1.0,0.0,0.0,0.0
product.Seral.area.overmature.CWHvm_CW_HW_M.CC,24,240,10,0.0,10000.0,1.0,1.0,0.0,0.0,0.0
product.Seral.area.overmature.CWHvm_CW_HW_M.CC,25,250,10,0.0,10000.0,1.0,1.0,0.0,0.0,0.0
product.Seral.area.overmature.CWHvm_CW_HW_M.CC,26,260,10,0.0,10000.0,1.0,1.0,0.0,0.0,0.0
product.Seral.area.overmature.CWHvm_CW_HW_M.CC,27,270,10,0.0,10000.0,1.0,1.0,0.0,0.0,0.0
product.Seral.area.overmature.CWHvm_CW_HW_M.CC,28,280,10,0.0,10000.0,1.0,1.0,2.4549999237060547,0.0,0.0
product.Seral.area.overmature.CWHvm_CW_HW_M.CC,29,290,10,0.0,10000.0,1.0,1.0,0.0,0.0,0.0
product.Seral.area.overmature.CWHvm_CW_HW_M.CC,30,300,10,0.0,10000.0,1.0,1.0,0.0,0.0,0.0
product.Seral.area.overmature.CWHvm_DR_HW_M.CC,0,0,10,0.0,10000.0,1.0,1.0,0.0,0.0,0.0
product.Seral.area.overmature.CWHvm_DR_HW_M.CC,1,10,10,0.0,10000.0,1.0,1.0,0.0,0.0,0.0
product.Seral.area.overmature.CWHvm_DR_HW_M.CC,2,20,10,0.0,10000.0,1.0,1.0,0.0,0.0,0.0
product.Seral.area.overmature.CWHvm_DR_HW_M.CC,3,30,10,0.0,10000.0,1.0,1.0,0.0,0.0,0.0
product.Seral.area.overmature.CWHvm_DR_HW_M.CC,4,40,10,0.0,10000.0,1.0,1.0,0.0,0.0,0.0
product.Seral.area.overmature.CWHvm_DR_HW_M.CC,5,50,10,0.0,10000.0,1.0,1.0,0.0,0.0,0.0
product.Seral.area.overmature.CWHvm_DR_HW_M.CC,6,60,10,0.0,10000.0,1.0,1.0,0.0,0.0,0.0
product.Seral.area.overmature.CWHvm_DR_HW_M.CC,7,70,10,0.0,10000.0,1.0,1.0,0.0,0.0,0.0
product.Seral.area.overmature.CWHvm_DR_HW_M.CC,8,80,10,0.0,10000.0,1.0,1.0,0.0,0.0,0.0
product.Seral.area.overmature.CWHvm_DR_HW_M.CC,9,90,10,0.0,10000.0,1.0,1.0,0.0,0.0,0.0
product.Seral.area.overmature.CWHvm_DR_HW_M.CC,10,100,10,0.0,10000.0,1.0,1.0,0.0,0.0,0.0
product.Seral.area.overmature.CWHvm_DR_HW_M.CC,11,110,10,0.0,10000.0,1.0,1.0,0.0,0.0,0.0
product.Seral.area.overmature.CWHvm_DR_HW_M.CC,12,120,10,0.0,10000.0,1.0,1.0,0.0,0.0,0.0
product.Seral.area.overmature.CWHvm_DR_HW_M.CC,13,130,10,0.0,10000.0,1.0,1.0,0.0,0.0,0.0
product.Seral.area.overmature.CWHvm_DR_HW_M.CC,14,140,10,0.0,10000.0,1.0,1.0,0.0,0.0,0.0
product.Seral.area.overmature.CWHvm_DR_HW_M.CC,15,150,10,0.0,10000.0,1.0,1.0,0.0,0.0,0.0
product.Seral.area.overmature.CWHvm_DR_HW_M.CC,16,160,10,0.0,10000.0,1.0,1.0,0.0,0.0,0.0
product.Seral.area.overmature.CWHvm_DR_HW_M.CC,17,170,10,0.0,10000.0,1.0,1.0,0.0,0.0,0.0
product.Seral.area.overmature.CWHvm_DR_HW_M.CC,18,180,10,0.0,10000.0,1.0,1.0,0.0,0.0,0.0
product.Seral.area.overmature.CWHvm_DR_HW_M.CC,19,190,10,0.0,10000.0,1.0,1.0,1.093000054359436,0.0,0.0
product.Seral.area.overmature.CWHvm_DR_HW_M.CC,20,200,10,0.0,10000.0,1.0,1.0,0.0,0.0,0.0
product.Seral.area.overmature.CWHvm_DR_HW_M.CC,21,210,10,0.0,10000.0,1.0,1.0,0.0,0.0,0.0
product.Seral.area.overmature.CWHvm_DR_HW_M.CC,22,220,10,0.0,10000.0,1.0,1.0,0.0,0.0,0.0
product.Seral.area.overmature.CWHvm_DR_HW_M.CC,23,230,10,0.0,10000.0,1.0,1.0,0.0,0.0,0.0
product.Seral.area.overmature.CWHvm_DR_HW_M.CC,24,240,10,0.0,10000.0,1.0,1.0,0.0,0.0,0.0
product.Seral.area.overmature.CWHvm_DR_HW_M.CC,25,250,10,0.0,10000.0,1.0,1.0,0.0,0.0,0.0
product.Seral.area.overmature.CWHvm_DR_HW_M.CC,26,260,10,0.0,10000.0,1.0,1.0,0.0,0.0,0.0
product.Seral.area.overmature.CWHvm_DR_HW_M.CC,27,270,10,0.0,10000.0,1.0,1.0,0.0,0.0,0.0
product.Seral.area.overmature.CWHvm_DR_HW_M.CC,28,280,10,0.0,10000.0,1.0,1.0,0.0,0.0,0.0
product.Seral.area.overmature.CWHvm_DR_HW_M.CC,29,290,10,0.0,10000.0,1.0,1.0,0.0,0.0,0.0
product.Seral.area.overmature.CWHvm_DR_HW_M.CC,30,300,10,0.0,10000.0,1.0,1.0,0.0,0.0,0.0
product.Seral.area.overmature.CWHvm_FDC_HW_H.CC,0,0,10,0.0,10000.0,1.0,1.0,0.0,0.0,0.0
product.Seral.area.overmature.CWHvm_FDC_HW_H.CC,1,10,10,0.0,10000.0,1.0,1.0,0.0,0.0,0.0
product.Seral.area.overmature.CWHvm_FDC_HW_H.CC,2,20,10,0.0,10000.0,1.0,1.0,0.0,0.0,0.0
product.Seral.area.overmature.CWHvm_FDC_HW_H.CC,3,30,10,0.0,10000.0,1.0,1.0,0.0,0.0,0.0
product.Seral.area.overmature.CWHvm_FDC_HW_H.CC,4,40,10,0.0,10000.0,1.0,1.0,0.0,0.0,0.0
product.Seral.area.overmature.CWHvm_FDC_HW_H.CC,5,50,10,0.0,10000.0,1.0,1.0,0.0,0.0,0.0
product.Seral.area.overmature.CWHvm_FDC_HW_H.CC,6,60,10,0.0,10000.0,1.0,1.0,0.0,0.0,0.0
product.Seral.area.overmature.CWHvm_FDC_HW_H.CC,7,70,10,0.0,10000.0,1.0,1.0,0.0,0.0,0.0
product.Seral.area.overmature.CWHvm_FDC_HW_H.CC,8,80,10,0.0,10000.0,1.0,1.0,0.0,0.0,0.0
product.Seral.area.overmature.CWHvm_FDC_HW_H.CC,9,90,10,0.0,10000.0,1.0,1.0,0.0,0.0,0.0
product.Seral.area.overmature.CWHvm_FDC_HW_H.CC,10,100,10,0.0,10000.0,1.0,1.0,0.0,0.0,0.0
product.Seral.area.overmature.CWHvm_FDC_HW_H.CC,11,110,10,0.0,10000.0,1.0,1.0,0.0,0.0,0.0
product.Seral.area.overmature.CWHvm_FDC_HW_H.CC,12,120,10,0.0,10000.0,1.0,1.0,0.0,0.0,0.0
product.Seral.area.overmature.CWHvm_FDC_HW_H.CC,13,130,10,0.0,10000.0,1.0,1.0,0.0,0.0,0.0
product.Seral.area.overmature.CWHvm_FDC_HW_H.CC,14,140,10,0.0,10000.0,1.0,1.0,0.0,0.0,0.0
product.Seral.area.overmature.CWHvm_FDC_HW_H.CC,15,150,10,0.0,10000.0,1.0,1.0,0.0,0.0,0.0
product.Seral.area.overmature.CWHvm_FDC_HW_H.CC,16,160,10,0.0,10000.0,1.0,1.0,0.0,0.0,0.0
product.Seral.area.overmature.CWHvm_FDC_HW_H.CC,17,170,10,0.0,10000.0,1.0,1.0,0.0,0.0,0.0
product.Seral.area.overmature.CWHvm_FDC_HW_H.CC,18,180,10,0.0,10000.0,1.0,1.0,0.0,0.0,0.0
product.Seral.area.overmature.CWHvm_FDC_HW_H.CC,19,190,10,0.0,10000.0,1.0,1.0,0.0,0.0,0.0
product.Seral.area.overmature.CWHvm_FDC_HW_H.CC,20,200,10,0.0,10000.0,1.0,1.0,0.0,0.0,0.0
product.Seral.area.overmature.CWHvm_FDC_HW_H.CC,21,210,10,0.0,10000.0,1.0,1.0,0.0,0.0,0.0
product.Seral.area.overmature.CWHvm_FDC_HW_H.CC,22,220,10,0.0,10000.0,1.0,1.0,20.849000930786133,0.0,0.0
product.Seral.area.overmature.CWHvm_FDC_HW_H.CC,23,230,10,0.0,10000.0,1.0,1.0,0.0,0.0,0.0
product.Seral.area.overmature.CWHvm_FDC_HW_H.CC,24,240,10,0.0,10000.0,1.0,1.0,0.0,0.0,0.0
product.Seral.area.overmature.CWHvm_FDC_HW_H.CC,25,250,10,0.0,10000.0,1.0,1.0,0.0,0.0,0.0
product.Seral.area.overmature.CWHvm_FDC_HW_H.CC,26,260,10,0.0,10000.0,1.0,1.0,0.0,0.0,0.0
product.Seral.area.overmature.CWHvm_FDC_HW_H.CC,27,270,10,0.0,10000.0,1.0,1.0,0.0,0.0,0.0
product.Seral.area.overmature.CWHvm_FDC_HW_H.CC,28,280,10,0.0,10000.0,1.0,1.0,0.0,0.0,0.0
product.Seral.area.overmature.CWHvm_FDC_HW_H.CC,29,290,10,0.0,10000.0,1.0,1.0,7.993000030517578,0.0,0.0
product.Seral.area.overmature.CWHvm_FDC_HW_H.CC,30,300,10,0.0,10000.0,1.0,1.0,0.0,0.0,0.0
product.Seral.area.overmature.CWHvm_FDC_HW_L.CC,0,0,10,0.0,10000.0,1.0,1.0,0.0,0.0,0.0
product.Seral.area.overmature.CWHvm_FDC_HW_L.CC,1,10,10,0.0,10000.0,1.0,1.0,0.0,0.0,0.0
product.Seral.area.overmature.CWHvm_FDC_HW_L.CC,2,20,10,0.0,10000.0,1.0,1.0,0.0,0.0,0.0
product.Seral.area.overmature.CWHvm_FDC_HW_L.CC,3,30,10,0.0,10000.0,1.0,1.0,0.0,0.0,0.0
product.Seral.area.overmature.CWHvm_FDC_HW_L.CC,4,40,10,0.0,10000.0,1.0,1.0,0.0,0.0,0.0
product.Seral.area.overmature.CWHvm_FDC_HW_L.CC,5,50,10,0.0,10000.0,1.0,1.0,9.522000312805176,0.0,0.0
product.Seral.area.overmature.CWHvm_FDC_HW_L.CC,6,60,10,0.0,10000.0,1.0,1.0,0.0,0.0,0.0
product.Seral.area.overmature.CWHvm_FDC_HW_L.CC,7,70,10,0.0,10000.0,1.0,1.0,0.0,0.0,0.0
product.Seral.area.overmature.CWHvm_FDC_HW_L.CC,8,80,10,0.0,10000.0,1.0,1.0,0.0,0.0,0.0
product.Seral.area.overmature.CWHvm_FDC_HW_L.CC,9,90,10,0.0,10000.0,1.0,1.0,0.0,0.0,0.0
product.Seral.area.overmature.CWHvm_FDC_HW_L.CC,10,100,10,0.0,10000.0,1.0,1.0,3.502000093460083,0.0,0.0
product.Seral.area.overmature.CWHvm_FDC_HW_L.CC,11,110,10,0.0,10000.0,1.0,1.0,0.0,0.0,0.0
product.Seral.area.overmature.CWHvm_FDC_HW_L.CC,12,120,10,0.0,10000.0,1.0,1.0,0.0,0.0,0.0
product.Seral.area.overmature.CWHvm_FDC_HW_L.CC,13,130,10,0.0,10000.0,1.0,1.0,1.1230000257492065,0.0,0.0
product.Seral.area.overmature.CWHvm_FDC_HW_L.CC,14,140,10,0.0,10000.0,1.0,1.0,0.0,0.0,0.0
product.Seral.area.overmature.CWHvm_FDC_HW_L.CC,15,150,10,0.0,10000.0,1.0,1.0,0.0,0.0,0.0
product.Seral.area.overmature.CWHvm_FDC_HW_L.CC,16,160,10,0.0,10000.0,1.0,1.0,5.164999961853027,0.0,0.0
product.Seral.area.overmature.CWHvm_FDC_HW_L.CC,17,170,10,0.0,10000.0,1.0,1.0,0.0,0.0,0.0
product.Seral.area.overmature.CWHvm_FDC_HW_L.CC,18,180,10,0.0,10000.0,1.0,1.0,0.0,0.0,0.0
product.Seral.area.overmature.CWHvm_FDC_HW_L.CC,19,190,10,0.0,10000.0,1.0,1.0,0.0,0.0,0.0
product.Seral.area.overmature.CWHvm_FDC_HW_L.CC,20,200,10,0.0,10000.0,1.0,1.0,0.0,0.0,0.0
product.Seral.area.overmature.CWHvm_FDC_HW_L.CC,21,210,10,0.0,10000.0,1.0,1.0,79.14600372314453,0.0,0.0
product.Seral.area.overmature.CWHvm_FDC_HW_L.CC,22,220,10,0.0,10000.0,1.0,1.0,0.0,0.0,0.0
product.Seral.area.overmature.CWHvm_FDC_HW_L.CC,23,230,10,0.0,10000.0,1.0,1.0,0.0,0.0,0.0
product.Seral.area.overmature.CWHvm_FDC_HW_L.CC,24,240,10,0.0,10000.0,1.0,1.0,0.0,0.0,0.0
product.Seral.area.overmature.CWHvm_FDC_HW_L.CC,25,250,10,0.0,10000.0,1.0,1.0,0.0,0.0,0.0
product.Seral.area.overmature.CWHvm_FDC_HW_L.CC,26,260,10,0.0,10000.0,1.0,1.0,0.0,0.0,0.0
product.Seral.area.overmature.CWHvm_FDC_HW_L.CC,27,270,10,0.0,10000.0,1.0,1.0,0.6340000033378601,0.0,0.0
product.Seral.area.overmature.CWHvm_FDC_HW_L.CC,28,280,10,0.0,10000.0,1.0,1.0,0.0,0.0,0.0
product.Seral.area.overmature.CWHvm_FDC_HW_L.CC,29,290,10,0.0,10000.0,1.0,1.0,2.6070001125335693,0.0,0.0
product.Seral.area.overmature.CWHvm_FDC_HW_L.CC,30,300,10,0.0,10000.0,1.0,1.0,0.0,0.0,0.0
product.Seral.area.overmature.CWHvm_FDC_HW_M.CC,0,0,10,0.0,10000.0,1.0,1.0,0.0,0.0,0.0
product.Seral.area.overmature.CWHvm_FDC_HW_M.CC,1,10,10,0.0,10000.0,1.0,1.0,0.0,0.0,0.0
product.Seral.area.overmature.CWHvm_FDC_HW_M.CC,2,20,10,0.0,10000.0,1.0,1.0,0.0,0.0,0.0
product.Seral.area.overmature.CWHvm_FDC_HW_M.CC,3,30,10,0.0,10000.0,1.0,1.0,0.0,0.0,0.0
product.Seral.area.overmature.CWHvm_FDC_HW_M.CC,4,40,10,0.0,10000.0,1.0,1.0,0.0,0.0,0.0
product.Seral.area.overmature.CWHvm_FDC_HW_M.CC,5,50,10,0.0,10000.0,1.0,1.0,0.0,0.0,0.0
product.Seral.area.overmature.CWHvm_FDC_HW_M.CC,6,60,10,0.0,10000.0,1.0,1.0,0.0,0.0,0.0
product.Seral.area.overmature.CWHvm_FDC_HW_M.CC,7,70,10,0.0,10000.0,1.0,1.0,0.0,0.0,0.0
product.Seral.area.overmature.CWHvm_FDC_HW_M.CC,8,80,10,0.0,10000.0,1.0,1.0,0.0,0.0,0.0
product.Seral.area.overmature.CWHvm_FDC_HW_M.CC,9,90,10,0.0,10000.0,1.0,1.0,0.0,0.0,0.0
product.Seral.area.overmature.CWHvm_FDC_HW_M.CC,10,100,10,0.0,10000.0,1.0,1.0,0.0,0.0,0.0
product.Seral.area.overmature.CWHvm_FDC_HW_M.CC,11,110,10,0.0,10000.0,1.0,1.0,0.0,0.0,0.0
product.Seral.area.overmature.CWHvm_FDC_HW_M.CC,12,120,10,0.0,10000.0,1.0,1.0,0.0,0.0,0.0
product.Seral.area.overmature.CWHvm_FDC_HW_M.CC,13,130,10,0.0,10000.0,1.0,1.0,0.0,0.0,0.0
product.Seral.area.overmature.CWHvm_FDC_HW_M.CC,14,140,10,0.0,10000.0,1.0,1.0,0.0,0.0,0.0
product.Seral.area.overmature.CWHvm_FDC_HW_M.CC,15,150,10,0.0,10000.0,1.0,1.0,0.0,0.0,0.0
product.Seral.area.overmature.CWHvm_FDC_HW_M.CC,16,160,10,0.0,10000.0,1.0,1.0,0.0,0.0,0.0
product.Seral.area.overmature.CWHvm_FDC_HW_M.CC,17,170,10,0.0,10000.0,1.0,1.0,0.0,0.0,0.0
product.Seral.area.overmature.CWHvm_FDC_HW_M.CC,18,180,10,0.0,10000.0,1.0,1.0,0.0,0.0,0.0
product.Seral.area.overmature.CWHvm_FDC_HW_M.CC,19,190,10,0.0,10000.0,1.0,1.0,0.0,0.0,0.0
product.Seral.area.overmature.CWHvm_FDC_HW_M.CC,20,200,10,0.0,10000.0,1.0,1.0,0.0,0.0,0.0
product.Seral.area.overmature.CWHvm_FDC_HW_M.CC,21,210,10,0.0,10000.0,1.0,1.0,0.0,0.0,0.0
product.Seral.area.overmature.CWHvm_FDC_HW_M.CC,22,220,10,0.0,10000.0,1.0,1.0,22.23900032043457,0.0,0.0
product.Seral.area.overmature.CWHvm_FDC_HW_M.CC,23,230,10,0.0,10000.0,1.0,1.0,0.0,0.0,0.0
product.Seral.area.overmature.CWHvm_FDC_HW_M.CC,24,240,10,0.0,10000.0,1.0,1.0,0.0,0.0,0.0
product.Seral.area.overmature.CWHvm_FDC_HW_M.CC,25,250,10,0.0,10000.0,1.0,1.0,0.0,0.0,0.0
product.Seral.area.overmature.CWHvm_FDC_HW_M.CC,26,260,10,0.0,10000.0,1.0,1.0,0.0,0.0,0.0
product.Seral.area.overmature.CWHvm_FDC_HW_M.CC,27,270,10,0.0,10000.0,1.0,1.0,0.0,0.0,0.0
product.Seral.area.overmature.CWHvm_FDC_HW_M.CC,28,280,10,0.0,10000.0,1.0,1.0,0.0,0.0,0.0
product.Seral.area.overmature.CWHvm_FDC_HW_M.CC,29,290,10,0.0,10000.0,1.0,1.0,0.0,0.0,0.0
product.Seral.area.overmature.CWHvm_FDC_HW_M.CC,30,300,10,0.0,10000.0,1.0,1.0,0.0,0.0,0.0
product.Seral.area.overmature.CWHvm_HW_BA_M.CC,0,0,10,0.0,10000.0,1.0,1.0,0.0,0.0,0.0
product.Seral.area.overmature.CWHvm_HW_BA_M.CC,1,10,10,0.0,10000.0,1.0,1.0,0.0,0.0,0.0
product.Seral.area.overmature.CWHvm_HW_BA_M.CC,2,20,10,0.0,10000.0,1.0,1.0,0.0,0.0,0.0
product.Seral.area.overmature.CWHvm_HW_BA_M.CC,3,30,10,0.0,10000.0,1.0,1.0,0.0,0.0,0.0
product.Seral.area.overmature.CWHvm_HW_BA_M.CC,4,40,10,0.0,10000.0,1.0,1.0,0.0,0.0,0.0
product.Seral.area.overmature.CWHvm_HW_BA_M.CC,5,50,10,0.0,10000.0,1.0,1.0,3.0280001163482666,0.0,0.0
product.Seral.area.overmature.CWHvm_HW_BA_M.CC,6,60,10,0.0,10000.0,1.0,1.0,0.0,0.0,0.0
product.Seral.area.overmature.CWHvm_HW_BA_M.CC,7,70,10,0.0,10000.0,1.0,1.0,2.2660000324249268,0.0,0.0
product.Seral.area.overmature.CWHvm_HW_BA_M.CC,8,80,10,0.0,10000.0,1.0,1.0,0.0,0.0,0.0
product.Seral.area.overmature.CWHvm_HW_BA_M.CC,9,90,10,0.0,10000.0,1.0,1.0,0.0,0.0,0.0
product.Seral.area.overmature.CWHvm_HW_BA_M.CC,10,100,10,0.0,10000.0,1.0,1.0,0.0,0.0,0.0
product.Seral.area.overmature.CWHvm_HW_BA_M.CC,11,110,10,0.0,10000.0,1.0,1.0,0.0,0.0,0.0
product.Seral.area.overmature.CWHvm_HW_BA_M.CC,12,120,10,0.0,10000.0,1.0,1.0,0.0,0.0,0.0
product.Seral.area.overmature.CWHvm_HW_BA_M.CC,13,130,10,0.0,10000.0,1.0,1.0,0.0,0.0,0.0
product.Seral.area.overmature.CWHvm_HW_BA_M.CC,14,140,10,0.0,10000.0,1.0,1.0,0.0,0.0,0.0
product.Seral.area.overmature.CWHvm_HW_BA_M.CC,15,150,10,0.0,10000.0,1.0,1.0,0.0,0.0,0.0
product.Seral.area.overmature.CWHvm_HW_BA_M.CC,16,160,10,0.0,10000.0,1.0,1.0,0.0,0.0,0.0
product.Seral.area.overmature.CWHvm_HW_BA_M.CC,17,170,10,0.0,10000.0,1.0,1.0,0.0,0.0,0.0
product.Seral.area.overmature.CWHvm_HW_BA_M.CC,18,180,10,0.0,10000.0,1.0,1.0,0.0,0.0,0.0
product.Seral.area.overmature.CWHvm_HW_BA_M.CC,19,190,10,0.0,10000.0,1.0,1.0,0.0,0.0,0.0
product.Seral.area.overmature.CWHvm_HW_BA_M.CC,20,200,10,0.0,10000.0,1.0,1.0,0.0,0.0,0.0
product.Seral.area.overmature.CWHvm_HW_BA_M.CC,21,210,10,0.0,10000.0,1.0,1.0,0.0,0.0,0.0
product.Seral.area.overmature.CWHvm_HW_BA_M.CC,22,220,10,0.0,10000.0,1.0,1.0,0.0,0.0,0.0
product.Seral.area.overmature.CWHvm_HW_BA_M.CC,23,230,10,0.0,10000.0,1.0,1.0,0.0,0.0,0.0
product.Seral.area.overmature.CWHvm_HW_BA_M.CC,24,240,10,0.0,10000.0,1.0,1.0,0.0,0.0,0.0
product.Seral.area.overmature.CWHvm_HW_BA_M.CC,25,250,10,0.0,10000.0,1.0,1.0,0.0,0.0,0.0
product.Seral.area.overmature.CWHvm_HW_BA_M.CC,26,260,10,0.0,10000.0,1.0,1.0,0.0,0.0,0.0
product.Seral.area.overmature.CWHvm_HW_BA_M.CC,27,270,10,0.0,10000.0,1.0,1.0,0.0,0.0,0.0
product.Seral.area.overmature.CWHvm_HW_BA_M.CC,28,280,10,0.0,10000.0,1.0,1.0,0.0,0.0,0.0
product.Seral.area.overmature.CWHvm_HW_BA_M.CC,29,290,10,0.0,10000.0,1.0,1.0,0.0,0.0,0.0
product.Seral.area.overmature.CWHvm_HW_BA_M.CC,30,300,10,0.0,10000.0,1.0,1.0,0.0,0.0,0.0
product.Seral.area.overmature.CWHvm_HW_CW_H.CC,0,0,10,0.0,10000.0,1.0,1.0,0.0,0.0,0.0
product.Seral.area.overmature.CWHvm_HW_CW_H.CC,1,10,10,0.0,10000.0,1.0,1.0,0.0,0.0,0.0
product.Seral.area.overmature.CWHvm_HW_CW_H.CC,2,20,10,0.0,10000.0,1.0,1.0,0.0,0.0,0.0
product.Seral.area.overmature.CWHvm_HW_CW_H.CC,3,30,10,0.0,10000.0,1.0,1.0,0.0,0.0,0.0
product.Seral.area.overmature.CWHvm_HW_CW_H.CC,4,40,10,0.0,10000.0,1.0,1.0,0.0,0.0,0.0
product.Seral.area.overmature.CWHvm_HW_CW_H.CC,5,50,10,0.0,10000.0,1.0,1.0,0.0,0.0,0.0
product.Seral.area.overmature.CWHvm_HW_CW_H.CC,6,60,10,0.0,10000.0,1.0,1.0,0.0,0.0,0.0
product.Seral.area.overmature.CWHvm_HW_CW_H.CC,7,70,10,0.0,10000.0,1.0,1.0,0.0,0.0,0.0
product.Seral.area.overmature.CWHvm_HW_CW_H.CC,8,80,10,0.0,10000.0,1.0,1.0,0.0,0.0,0.0
product.Seral.area.overmature.CWHvm_HW_CW_H.CC,9,90,10,0.0,10000.0,1.0,1.0,0.0,0.0,0.0
product.Seral.area.overmature.CWHvm_HW_CW_H.CC,10,100,10,0.0,10000.0,1.0,1.0,0.0,0.0,0.0
product.Seral.area.overmature.CWHvm_HW_CW_H.CC,11,110,10,0.0,10000.0,1.0,1.0,2.309000015258789,0.0,0.0
product.Seral.area.overmature.CWHvm_HW_CW_H.CC,12,120,10,0.0,10000.0,1.0,1.0,0.0,0.0,0.0
product.Seral.area.overmature.CWHvm_HW_CW_H.CC,13,130,10,0.0,10000.0,1.0,1.0,0.0,0.0,0.0
product.Seral.area.overmature.CWHvm_HW_CW_H.CC,14,140,10,0.0,10000.0,1.0,1.0,0.0,0.0,0.0
product.Seral.area.overmature.CWHvm_HW_CW_H.CC,15,150,10,0.0,10000.0,1.0,1.0,2.813999891281128,0.0,0.0
product.Seral.area.overmature.CWHvm_HW_CW_H.CC,16,160,10,0.0,10000.0,1.0,1.0,0.0,0.0,0.0
product.Seral.area.overmature.CWHvm_HW_CW_H.CC,17,170,10,0.0,10000.0,1.0,1.0,0.0,0.0,0.0
product.Seral.area.overmature.CWHvm_HW_CW_H.CC,18,180,10,0.0,10000.0,1.0,1.0,0.0,0.0,0.0
product.Seral.area.overmature.CWHvm_HW_CW_H.CC,19,190,10,0.0,10000.0,1.0,1.0,0.0,0.0,0.0
product.Seral.area.overmature.CWHvm_HW_CW_H.CC,20,200,10,0.0,10000.0,1.0,1.0,0.0,0.0,0.0
product.Seral.area.overmature.CWHvm_HW_CW_H.CC,21,210,10,0.0,10000.0,1.0,1.0,0.0,0.0,0.0
product.Seral.area.overmature.CWHvm_HW_CW_H.CC,22,220,10,0.0,10000.0,1.0,1.0,0.0,0.0,0.0
product.Seral.area.overmature.CWHvm_HW_CW_H.CC,23,230,10,0.0,10000.0,1.0,1.0,0.0,0.0,0.0
product.Seral.area.overmature.CWHvm_HW_CW_H.CC,24,240,10,0.0,10000.0,1.0,1.0,0.0,0.0,0.0
product.Seral.area.overmature.CWHvm_HW_CW_H.CC,25,250,10,0.0,10000.0,1.0,1.0,0.0,0.0,0.0
product.Seral.area.overmature.CWHvm_HW_CW_H.CC,26,260,10,0.0,10000.0,1.0,1.0,3.3499999046325684,0.0,0.0
product.Seral.area.overmature.CWHvm_HW_CW_H.CC,27,270,10,0.0,10000.0,1.0,1.0,2.621000051498413,0.0,0.0
product.Seral.area.overmature.CWHvm_HW_CW_H.CC,28,280,10,0.0,10000.0,1.0,1.0,0.0,0.0,0.0
product.Seral.area.overmature.CWHvm_HW_CW_H.CC,29,290,10,0.0,10000.0,1.0,1.0,0.0,0.0,0.0
product.Seral.area.overmature.CWHvm_HW_CW_H.CC,30,300,10,0.0,10000.0,1.0,1.0,0.0,0.0,0.0
product.Seral.area.overmature.CWHvm_HW_CW_L.CC,0,0,10,0.0,10000.0,1.0,1.0,0.0,0.0,0.0
product.Seral.area.overmature.CWHvm_HW_CW_L.CC,1,10,10,0.0,10000.0,1.0,1.0,0.0,0.0,0.0
product.Seral.area.overmature.CWHvm_HW_CW_L.CC,2,20,10,0.0,10000.0,1.0,1.0,0.0,0.0,0.0
product.Seral.area.overmature.CWHvm_HW_CW_L.CC,3,30,10,0.0,10000.0,1.0,1.0,0.0,0.0,0.0
product.Seral.area.overmature.CWHvm_HW_CW_L.CC,4,40,10,0.0,10000.0,1.0,1.0,0.0,0.0,0.0
product.Seral.area.overmature.CWHvm_HW_CW_L.CC,5,50,10,0.0,10000.0,1.0,1.0,0.0,0.0,0.0
product.Seral.area.overmature.CWHvm_HW_CW_L.CC,6,60,10,0.0,10000.0,1.0,1.0,3.882999897003174,0.0,0.0
product.Seral.area.overmature.CWHvm_HW_CW_L.CC,7,70,10,0.0,10000.0,1.0,1.0,0.0,0.0,0.0
product.Seral.area.overmature.CWHvm_HW_CW_L.CC,8,80,10,0.0,10000.0,1.0,1.0,0.0,0.0,0.0
product.Seral.area.overmature.CWHvm_HW_CW_L.CC,9,90,10,0.0,10000.0,1.0,1.0,0.0,0.0,0.0
product.Seral.area.overmature.CWHvm_HW_CW_L.CC,10,100,10,0.0,10000.0,1.0,1.0,0.0,0.0,0.0
product.Seral.area.overmature.CWHvm_HW_CW_L.CC,11,110,10,0.0,10000.0,1.0,1.0,0.0,0.0,0.0
product.Seral.area.overmature.CWHvm_HW_CW_L.CC,12,120,10,0.0,10000.0,1.0,1.0,0.0,0.0,0.0
product.Seral.area.overmature.CWHvm_HW_CW_L.CC,13,130,10,0.0,10000.0,1.0,1.0,0.0,0.0,0.0
product.Seral.area.overmature.CWHvm_HW_CW_L.CC,14,140,10,0.0,10000.0,1.0,1.0,0.0,0.0,0.0
product.Seral.area.overmature.CWHvm_HW_CW_L.CC,15,150,10,0.0,10000.0,1.0,1.0,0.0,0.0,0.0
product.Seral.area.overmature.CWHvm_HW_CW_L.CC,16,160,10,0.0,10000.0,1.0,1.0,0.0,0.0,0.0
product.Seral.area.overmature.CWHvm_HW_CW_L.CC,17,170,10,0.0,10000.0,1.0,1.0,0.0,0.0,0.0
product.Seral.area.overmature.CWHvm_HW_CW_L.CC,18,180,10,0.0,10000.0,1.0,1.0,3.9800000190734863,0.0,0.0
product.Seral.area.overmature.CWHvm_HW_CW_L.CC,19,190,10,0.0,10000.0,1.0,1.0,0.0,0.0,0.0
product.Seral.area.overmature.CWHvm_HW_CW_L.CC,20,200,10,0.0,10000.0,1.0,1.0,0.0,0.0,0.0
product.Seral.area.overmature.CWHvm_HW_CW_L.CC,21,210,10,0.0,10000.0,1.0,1.0,0.0,0.0,0.0
product.Seral.area.overmature.CWHvm_HW_CW_L.CC,22,220,10,0.0,10000.0,1.0,1.0,0.0,0.0,0.0
product.Seral.area.overmature.CWHvm_HW_CW_L.CC,23,230,10,0.0,10000.0,1.0,1.0,0.0,0.0,0.0
product.Seral.area.overmature.CWHvm_HW_CW_L.CC,24,240,10,0.0,10000.0,1.0,1.0,0.0,0.0,0.0
product.Seral.area.overmature.CWHvm_HW_CW_L.CC,25,250,10,0.0,10000.0,1.0,1.0,2.063999891281128,0.0,0.0
product.Seral.area.overmature.CWHvm_HW_CW_L.CC,26,260,10,0.0,10000.0,1.0,1.0,0.0,0.0,0.0
product.Seral.area.overmature.CWHvm_HW_CW_L.CC,27,270,10,0.0,10000.0,1.0,1.0,0.0,0.0,0.0
product.Seral.area.overmature.CWHvm_HW_CW_L.CC,28,280,10,0.0,10000.0,1.0,1.0,0.0,0.0,0.0
product.Seral.area.overmature.CWHvm_HW_CW_L.CC,29,290,10,0.0,10000.0,1.0,1.0,0.0,0.0,0.0
product.Seral.area.overmature.CWHvm_HW_CW_L.CC,30,300,10,0.0,10000.0,1.0,1.0,0.0,0.0,0.0
product.Seral.area.overmature.CWHvm_HW_CW_M.CC,0,0,10,0.0,10000.0,1.0,1.0,0.0,0.0,0.0
product.Seral.area.overmature.CWHvm_HW_CW_M.CC,1,10,10,0.0,10000.0,1.0,1.0,0.0,0.0,0.0
product.Seral.area.overmature.CWHvm_HW_CW_M.CC,2,20,10,0.0,10000.0,1.0,1.0,0.0,0.0,0.0
product.Seral.area.overmature.CWHvm_HW_CW_M.CC,3,30,10,0.0,10000.0,1.0,1.0,1.6770000457763672,0.0,0.0
product.Seral.area.overmature.CWHvm_HW_CW_M.CC,4,40,10,0.0,10000.0,1.0,1.0,4.366000175476074,0.0,0.0
product.Seral.area.overmature.CWHvm_HW_CW_M.CC,5,50,10,0.0,10000.0,1.0,1.0,0.0,0.0,0.0
product.Seral.area.overmature.CWHvm_HW_CW_M.CC,6,60,10,0.0,10000.0,1.0,1.0,0.0,0.0,0.0
product.Seral.area.overmature.CWHvm_HW_CW_M.CC,7,70,10,0.0,10000.0,1.0,1.0,0.0,0.0,0.0
product.Seral.area.overmature.CWHvm_HW_CW_M.CC,8,80,10,0.0,10000.0,1.0,1.0,0.0,0.0,0.0
product.Seral.area.overmature.CWHvm_HW_CW_M.CC,9,90,10,0.0,10000.0,1.0,1.0,0.0,0.0,0.0
product.Seral.area.overmature.CWHvm_HW_CW_M.CC,10,100,10,0.0,10000.0,1.0,1.0,0.0,0.0,0.0
product.Seral.area.overmature.CWHvm_HW_CW_M.CC,11,110,10,0.0,10000.0,1.0,1.0,0.0,0.0,0.0
product.Seral.area.overmature.CWHvm_HW_CW_M.CC,12,120,10,0.0,10000.0,1.0,1.0,0.0,0.0,0.0
product.Seral.area.overmature.CWHvm_HW_CW_M.CC,13,130,10,0.0,10000.0,1.0,1.0,0.0,0.0,0.0
product.Seral.area.overmature.CWHvm_HW_CW_M.CC,14,140,10,0.0,10000.0,1.0,1.0,11.67199993133545,0.0,0.0
product.Seral.area.overmature.CWHvm_HW_CW_M.CC,15,150,10,0.0,10000.0,1.0,1.0,0.0,0.0,0.0
product.Seral.area.overmature.CWHvm_HW_CW_M.CC,16,160,10,0.0,10000.0,1.0,1.0,1.9329999685287476,0.0,0.0
product.Seral.area.overmature.CWHvm_HW_CW_M.CC,17,170,10,0.0,10000.0,1.0,1.0,0.0,0.0,0.0
product.Seral.area.overmature.CWHvm_HW_CW_M.CC,18,180,10,0.0,10000.0,1.0,1.0,0.0,0.0,0.0
product.Seral.area.overmature.CWHvm_HW_CW_M.CC,19,190,10,0.0,10000.0,1.0,1.0,0.0,0.0,0.0
product.Seral.area.overmature.CWHvm_HW_CW_M.CC,20,200,10,0.0,10000.0,1.0,1.0,0.0,0.0,0.0
product.Seral.area.overmature.CWHvm_HW_CW_M.CC,21,210,10,0.0,10000.0,1.0,1.0,0.0,0.0,0.0
product.Seral.area.overmature.CWHvm_HW_CW_M.CC,22,220,10,0.0,10000.0,1.0,1.0,0.0,0.0,0.0
product.Seral.area.overmature.CWHvm_HW_CW_M.CC,23,230,10,0.0,10000.0,1.0,1.0,0.0,0.0,0.0
product.Seral.area.overmature.CWHvm_HW_CW_M.CC,24,240,10,0.0,10000.0,1.0,1.0,1.6740000247955322,0.0,0.0
product.Seral.area.overmature.CWHvm_HW_CW_M.CC,25,250,10,0.0,10000.0,1.0,1.0,0.0,0.0,0.0
product.Seral.area.overmature.CWHvm_HW_CW_M.CC,26,260,10,0.0,10000.0,1.0,1.0,1.065999984741211,0.0,0.0
product.Seral.area.overmature.CWHvm_HW_CW_M.CC,27,270,10,0.0,10000.0,1.0,1.0,0.0,0.0,0.0
product.Seral.area.overmature.CWHvm_HW_CW_M.CC,28,280,10,0.0,10000.0,1.0,1.0,0.0,0.0,0.0
product.Seral.area.overmature.CWHvm_HW_CW_M.CC,29,290,10,0.0,10000.0,1.0,1.0,5.224999904632568,0.0,0.0
product.Seral.area.overmature.CWHvm_HW_CW_M.CC,30,300,10,0.0,10000.0,1.0,1.0,0.0,0.0,0.0
product.Seral.area.overmature.CWHvm_HW_FDC_H.CC,0,0,10,0.0,10000.0,1.0,1.0,0.0,0.0,0.0
product.Seral.area.overmature.CWHvm_HW_FDC_H.CC,1,10,10,0.0,10000.0,1.0,1.0,0.0,0.0,0.0
product.Seral.area.overmature.CWHvm_HW_FDC_H.CC,2,20,10,0.0,10000.0,1.0,1.0,0.0,0.0,0.0
product.Seral.area.overmature.CWHvm_HW_FDC_H.CC,3,30,10,0.0,10000.0,1.0,1.0,0.0,0.0,0.0
product.Seral.area.overmature.CWHvm_HW_FDC_H.CC,4,40,10,0.0,10000.0,1.0,1.0,0.0,0.0,0.0
product.Seral.area.overmature.CWHvm_HW_FDC_H.CC,5,50,10,0.0,10000.0,1.0,1.0,0.0,0.0,0.0
product.Seral.area.overmature.CWHvm_HW_FDC_H.CC,6,60,10,0.0,10000.0,1.0,1.0,0.0,0.0,0.0
product.Seral.area.overmature.CWHvm_HW_FDC_H.CC,7,70,10,0.0,10000.0,1.0,1.0,0.0,0.0,0.0
product.Seral.area.overmature.CWHvm_HW_FDC_H.CC,8,80,10,0.0,10000.0,1.0,1.0,0.0,0.0,0.0
product.Seral.area.overmature.CWHvm_HW_FDC_H.CC,9,90,10,0.0,10000.0,1.0,1.0,0.0,0.0,0.0
product.Seral.area.overmature.CWHvm_HW_FDC_H.CC,10,100,10,0.0,10000.0,1.0,1.0,0.0,0.0,0.0
product.Seral.area.overmature.CWHvm_HW_FDC_H.CC,11,110,10,0.0,10000.0,1.0,1.0,0.0,0.0,0.0
product.Seral.area.overmature.CWHvm_HW_FDC_H.CC,12,120,10,0.0,10000.0,1.0,1.0,0.0,0.0,0.0
product.Seral.area.overmature.CWHvm_HW_FDC_H.CC,13,130,10,0.0,10000.0,1.0,1.0,0.0,0.0,0.0
product.Seral.area.overmature.CWHvm_HW_FDC_H.CC,14,140,10,0.0,10000.0,1.0,1.0,0.0,0.0,0.0
product.Seral.area.overmature.CWHvm_HW_FDC_H.CC,15,150,10,0.0,10000.0,1.0,1.0,30.783000946044922,0.0,0.0
product.Seral.area.overmature.CWHvm_HW_FDC_H.CC,16,160,10,0.0,10000.0,1.0,1.0,7.355999946594238,0.0,0.0
product.Seral.area.overmature.CWHvm_HW_FDC_H.CC,17,170,10,0.0,10000.0,1.0,1.0,0.0,0.0,0.0
product.Seral.area.overmature.CWHvm_HW_FDC_H.CC,18,180,10,0.0,10000.0,1.0,1.0,0.0,0.0,0.0
product.Seral.area.overmature.CWHvm_HW_FDC_H.CC,19,190,10,0.0,10000.0,1.0,1.0,0.0,0.0,0.0
product.Seral.area.overmature.CWHvm_HW_FDC_H.CC,20,200,10,0.0,10000.0,1.0,1.0,0.0,0.0,0.0
product.Seral.area.overmature.CWHvm_HW_FDC_H.CC,21,210,10,0.0,10000.0,1.0,1.0,0.0,0.0,0.0
product.Seral.area.overmature.CWHvm_HW_FDC_H.CC,22,220,10,0.0,10000.0,1.0,1.0,0.0,0.0,0.0
product.Seral.area.overmature.CWHvm_HW_FDC_H.CC,23,230,10,0.0,10000.0,1.0,1.0,0.0,0.0,0.0
product.Seral.area.overmature.CWHvm_HW_FDC_H.CC,24,240,10,0.0,10000.0,1.0,1.0,0.0,0.0,0.0
product.Seral.area.overmature.CWHvm_HW_FDC_H.CC,25,250,10,0.0,10000.0,1.0,1.0,0.0,0.0,0.0
product.Seral.area.overmature.CWHvm_HW_FDC_H.CC,26,260,10,0.0,10000.0,1.0,1.0,28.18000030517578,0.0,0.0
product.Seral.area.overmature.CWHvm_HW_FDC_H.CC,27,270,10,0.0,10000.0,1.0,1.0,0.0,0.0,0.0
product.Seral.area.overmature.CWHvm_HW_FDC_H.CC,28,280,10,0.0,10000.0,1.0,1.0,19.57900047302246,0.0,0.0
product.Seral.area.overmature.CWHvm_HW_FDC_H.CC,29,290,10,0.0,10000.0,1.0,1.0,0.0,0.0,0.0
product.Seral.area.overmature.CWHvm_HW_FDC_H.CC,30,300,10,0.0,10000.0,1.0,1.0,0.0,0.0,0.0
product.Seral.area.overmature.CWHvm_HW_FDC_L.CC,0,0,10,0.0,10000.0,1.0,1.0,0.0,0.0,0.0
product.Seral.area.overmature.CWHvm_HW_FDC_L.CC,1,10,10,0.0,10000.0,1.0,1.0,0.0,0.0,0.0
product.Seral.area.overmature.CWHvm_HW_FDC_L.CC,2,20,10,0.0,10000.0,1.0,1.0,0.0,0.0,0.0
product.Seral.area.overmature.CWHvm_HW_FDC_L.CC,3,30,10,0.0,10000.0,1.0,1.0,0.0,0.0,0.0
product.Seral.area.overmature.CWHvm_HW_FDC_L.CC,4,40,10,0.0,10000.0,1.0,1.0,0.0,0.0,0.0
product.Seral.area.overmature.CWHvm_HW_FDC_L.CC,5,50,10,0.0,10000.0,1.0,1.0,0.0,0.0,0.0
product.Seral.area.overmature.CWHvm_HW_FDC_L.CC,6,60,10,0.0,10000.0,1.0,1.0,0.0,0.0,0.0
product.Seral.area.overmature.CWHvm_HW_FDC_L.CC,7,70,10,0.0,10000.0,1.0,1.0,0.0,0.0,0.0
product.Seral.area.overmature.CWHvm_HW_FDC_L.CC,8,80,10,0.0,10000.0,1.0,1.0,0.0,0.0,0.0
product.Seral.area.overmature.CWHvm_HW_FDC_L.CC,9,90,10,0.0,10000.0,1.0,1.0,0.0,0.0,0.0
product.Seral.area.overmature.CWHvm_HW_FDC_L.CC,10,100,10,0.0,10000.0,1.0,1.0,0.0,0.0,0.0
product.Seral.area.overmature.CWHvm_HW_FDC_L.CC,11,110,10,0.0,10000.0,1.0,1.0,0.0,0.0,0.0
product.Seral.area.overmature.CWHvm_HW_FDC_L.CC,12,120,10,0.0,10000.0,1.0,1.0,0.0,0.0,0.0
product.Seral.area.overmature.CWHvm_HW_FDC_L.CC,13,130,10,0.0,10000.0,1.0,1.0,0.0,0.0,0.0
product.Seral.area.overmature.CWHvm_HW_FDC_L.CC,14,140,10,0.0,10000.0,1.0,1.0,6.4029998779296875,0.0,0.0
product.Seral.area.overmature.CWHvm_HW_FDC_L.CC,15,150,10,0.0,10000.0,1.0,1.0,0.0,0.0,0.0
product.Seral.area.overmature.CWHvm_HW_FDC_L.CC,16,160,10,0.0,10000.0,1.0,1.0,0.0,0.0,0.0
product.Seral.area.overmature.CWHvm_HW_FDC_L.CC,17,170,10,0.0,10000.0,1.0,1.0,0.0,0.0,0.0
product.Seral.area.overmature.CWHvm_HW_FDC_L.CC,18,180,10,0.0,10000.0,1.0,1.0,0.0,0.0,0.0
product.Seral.area.overmature.CWHvm_HW_FDC_L.CC,19,190,10,0.0,10000.0,1.0,1.0,0.0,0.0,0.0
product.Seral.area.overmature.CWHvm_HW_FDC_L.CC,20,200,10,0.0,10000.0,1.0,1.0,0.0,0.0,0.0
product.Seral.area.overmature.CWHvm_HW_FDC_L.CC,21,210,10,0.0,10000.0,1.0,1.0,0.0,0.0,0.0
product.Seral.area.overmature.CWHvm_HW_FDC_L.CC,22,220,10,0.0,10000.0,1.0,1.0,0.0,0.0,0.0
product.Seral.area.overmature.CWHvm_HW_FDC_L.CC,23,230,10,0.0,10000.0,1.0,1.0,5.298999786376953,0.0,0.0
product.Seral.area.overmature.CWHvm_HW_FDC_L.CC,24,240,10,0.0,10000.0,1.0,1.0,0.0,0.0,0.0
product.Seral.area.overmature.CWHvm_HW_FDC_L.CC,25,250,10,0.0,10000.0,1.0,1.0,3.890000104904175,0.0,0.0
product.Seral.area.overmature.CWHvm_HW_FDC_L.CC,26,260,10,0.0,10000.0,1.0,1.0,3.390000104904175,0.0,0.0
product.Seral.area.overmature.CWHvm_HW_FDC_L.CC,27,270,10,0.0,10000.0,1.0,1.0,0.0,0.0,0.0
product.Seral.area.overmature.CWHvm_HW_FDC_L.CC,28,280,10,0.0,10000.0,1.0,1.0,3.0869998931884766,0.0,0.0
product.Seral.area.overmature.CWHvm_HW_FDC_L.CC,29,290,10,0.0,10000.0,1.0,1.0,0.0,0.0,0.0
product.Seral.area.overmature.CWHvm_HW_FDC_L.CC,30,300,10,0.0,10000.0,1.0,1.0,6.4029998779296875,0.0,0.0
product.Seral.area.overmature.CWHvm_HW_SS_M.CC,0,0,10,0.0,10000.0,1.0,1.0,0.0,0.0,0.0
product.Seral.area.overmature.CWHvm_HW_SS_M.CC,1,10,10,0.0,10000.0,1.0,1.0,0.0,0.0,0.0
product.Seral.area.overmature.CWHvm_HW_SS_M.CC,2,20,10,0.0,10000.0,1.0,1.0,0.0,0.0,0.0
product.Seral.area.overmature.CWHvm_HW_SS_M.CC,3,30,10,0.0,10000.0,1.0,1.0,0.0,0.0,0.0
product.Seral.area.overmature.CWHvm_HW_SS_M.CC,4,40,10,0.0,10000.0,1.0,1.0,0.0,0.0,0.0
product.Seral.area.overmature.CWHvm_HW_SS_M.CC,5,50,10,0.0,10000.0,1.0,1.0,0.0,0.0,0.0
product.Seral.area.overmature.CWHvm_HW_SS_M.CC,6,60,10,0.0,10000.0,1.0,1.0,0.0,0.0,0.0
product.Seral.area.overmature.CWHvm_HW_SS_M.CC,7,70,10,0.0,10000.0,1.0,1.0,0.0,0.0,0.0
product.Seral.area.overmature.CWHvm_HW_SS_M.CC,8,80,10,0.0,10000.0,1.0,1.0,0.0,0.0,0.0
product.Seral.area.overmature.CWHvm_HW_SS_M.CC,9,90,10,0.0,10000.0,1.0,1.0,0.0,0.0,0.0
product.Seral.area.overmature.CWHvm_HW_SS_M.CC,10,100,10,0.0,10000.0,1.0,1.0,0.0,0.0,0.0
product.Seral.area.overmature.CWHvm_HW_SS_M.CC,11,110,10,0.0,10000.0,1.0,1.0,0.0,0.0,0.0
product.Seral.area.overmature.CWHvm_HW_SS_M.CC,12,120,10,0.0,10000.0,1.0,1.0,0.0,0.0,0.0
product.Seral.area.overmature.CWHvm_HW_SS_M.CC,13,130,10,0.0,10000.0,1.0,1.0,0.0,0.0,0.0
product.Seral.area.overmature.CWHvm_HW_SS_M.CC,14,140,10,0.0,10000.0,1.0,1.0,0.0,0.0,0.0
product.Seral.area.overmature.CWHvm_HW_SS_M.CC,15,150,10,0.0,10000.0,1.0,1.0,0.0,0.0,0.0
product.Seral.area.overmature.CWHvm_HW_SS_M.CC,16,160,10,0.0,10000.0,1.0,1.0,0.0,0.0,0.0
product.Seral.area.overmature.CWHvm_HW_SS_M.CC,17,170,10,0.0,10000.0,1.0,1.0,0.0,0.0,0.0
product.Seral.area.overmature.CWHvm_HW_SS_M.CC,18,180,10,0.0,10000.0,1.0,1.0,0.0,0.0,0.0
product.Seral.area.overmature.CWHvm_HW_SS_M.CC,19,190,10,0.0,10000.0,1.0,1.0,0.0,0.0,0.0
product.Seral.area.overmature.CWHvm_HW_SS_M.CC,20,200,10,0.0,10000.0,1.0,1.0,0.0,0.0,0.0
product.Seral.area.overmature.CWHvm_HW_SS_M.CC,21,210,10,0.0,10000.0,1.0,1.0,0.0,0.0,0.0
product.Seral.area.overmature.CWHvm_HW_SS_M.CC,22,220,10,0.0,10000.0,1.0,1.0,0.0,0.0,0.0
product.Seral.area.overmature.CWHvm_HW_SS_M.CC,23,230,10,0.0,10000.0,1.0,1.0,0.0,0.0,0.0
product.Seral.area.overmature.CWHvm_HW_SS_M.CC,24,240,10,0.0,10000.0,1.0,1.0,0.0,0.0,0.0
product.Seral.area.overmature.CWHvm_HW_SS_M.CC,25,250,10,0.0,10000.0,1.0,1.0,0.0,0.0,0.0
product.Seral.area.overmature.CWHvm_HW_SS_M.CC,26,260,10,0.0,10000.0,1.0,1.0,0.0,0.0,0.0
product.Seral.area.overmature.CWHvm_HW_SS_M.CC,27,270,10,0.0,10000.0,1.0,1.0,0.0,0.0,0.0
product.Seral.area.overmature.CWHvm_HW_SS_M.CC,28,280,10,0.0,10000.0,1.0,1.0,0.0,0.0,0.0
product.Seral.area.overmature.CWHvm_HW_SS_M.CC,29,290,10,0.0,10000.0,1.0,1.0,0.0,0.0,0.0
product.Seral.area.overmature.CWHvm_HW_SS_M.CC,30,300,10,0.0,10000.0,1.0,1.0,0.0,0.0,0.0
product.Seral.area.regenerating.CWHvm_CW_HW_M.CC,0,0,10,0.0,10000.0,1.0,1.0,0.0,0.0,0.0
product.Seral.area.regenerating.CWHvm_CW_HW_M.CC,1,10,10,0.0,10000.0,1.0,1.0,0.0,0.0,0.0
product.Seral.area.regenerating.CWHvm_CW_HW_M.CC,2,20,10,0.0,10000.0,1.0,1.0,0.0,0.0,0.0
product.Seral.area.regenerating.CWHvm_CW_HW_M.CC,3,30,10,0.0,10000.0,1.0,1.0,0.0,0.0,0.0
product.Seral.area.regenerating.CWHvm_CW_HW_M.CC,4,40,10,0.0,10000.0,1.0,1.0,0.0,0.0,0.0
product.Seral.area.regenerating.CWHvm_CW_HW_M.CC,5,50,10,0.0,10000.0,1.0,1.0,0.0,0.0,0.0
product.Seral.area.regenerating.CWHvm_CW_HW_M.CC,6,60,10,0.0,10000.0,1.0,1.0,0.0,0.0,0.0
product.Seral.area.regenerating.CWHvm_CW_HW_M.CC,7,70,10,0.0,10000.0,1.0,1.0,0.0,0.0,0.0
product.Seral.area.regenerating.CWHvm_CW_HW_M.CC,8,80,10,0.0,10000.0,1.0,1.0,0.0,0.0,0.0
product.Seral.area.regenerating.CWHvm_CW_HW_M.CC,9,90,10,0.0,10000.0,1.0,1.0,0.0,0.0,0.0
product.Seral.area.regenerating.CWHvm_CW_HW_M.CC,10,100,10,0.0,10000.0,1.0,1.0,0.0,0.0,0.0
product.Seral.area.regenerating.CWHvm_CW_HW_M.CC,11,110,10,0.0,10000.0,1.0,1.0,0.0,0.0,0.0
product.Seral.area.regenerating.CWHvm_CW_HW_M.CC,12,120,10,0.0,10000.0,1.0,1.0,0.0,0.0,0.0
product.Seral.area.regenerating.CWHvm_CW_HW_M.CC,13,130,10,0.0,10000.0,1.0,1.0,0.0,0.0,0.0
product.Seral.area.regenerating.CWHvm_CW_HW_M.CC,14,140,10,0.0,10000.0,1.0,1.0,0.0,0.0,0.0
product.Seral.area.regenerating.CWHvm_CW_HW_M.CC,15,150,10,0.0,10000.0,1.0,1.0,0.0,0.0,0.0
product.Seral.area.regenerating.CWHvm_CW_HW_M.CC,16,160,10,0.0,10000.0,1.0,1.0,0.0,0.0,0.0
product.Seral.area.regenerating.CWHvm_CW_HW_M.CC,17,170,10,0.0,10000.0,1.0,1.0,0.0,0.0,0.0
product.Seral.area.regenerating.CWHvm_CW_HW_M.CC,18,180,10,0.0,10000.0,1.0,1.0,0.0,0.0,0.0
product.Seral.area.regenerating.CWHvm_CW_HW_M.CC,19,190,10,0.0,10000.0,1.0,1.0,0.0,0.0,0.0
product.Seral.area.regenerating.CWHvm_CW_HW_M.CC,20,200,10,0.0,10000.0,1.0,1.0,0.0,0.0,0.0
product.Seral.area.regenerating.CWHvm_CW_HW_M.CC,21,210,10,0.0,10000.0,1.0,1.0,0.0,0.0,0.0
product.Seral.area.regenerating.CWHvm_CW_HW_M.CC,22,220,10,0.0,10000.0,1.0,1.0,0.0,0.0,0.0
product.Seral.area.regenerating.CWHvm_CW_HW_M.CC,23,230,10,0.0,10000.0,1.0,1.0,0.0,0.0,0.0
product.Seral.area.regenerating.CWHvm_CW_HW_M.CC,24,240,10,0.0,10000.0,1.0,1.0,0.0,0.0,0.0
product.Seral.area.regenerating.CWHvm_CW_HW_M.CC,25,250,10,0.0,10000.0,1.0,1.0,0.0,0.0,0.0
product.Seral.area.regenerating.CWHvm_CW_HW_M.CC,26,260,10,0.0,10000.0,1.0,1.0,0.0,0.0,0.0
product.Seral.area.regenerating.CWHvm_CW_HW_M.CC,27,270,10,0.0,10000.0,1.0,1.0,0.0,0.0,0.0
product.Seral.area.regenerating.CWHvm_CW_HW_M.CC,28,280,10,0.0,10000.0,1.0,1.0,0.0,0.0,0.0
product.Seral.area.regenerating.CWHvm_CW_HW_M.CC,29,290,10,0.0,10000.0,1.0,1.0,0.0,0.0,0.0
product.Seral.area.regenerating.CWHvm_CW_HW_M.CC,30,300,10,0.0,10000.0,1.0,1.0,0.0,0.0,0.0
product.Seral.area.regenerating.CWHvm_DR_HW_M.CC,0,0,10,0.0,10000.0,1.0,1.0,0.0,0.0,0.0
product.Seral.area.regenerating.CWHvm_DR_HW_M.CC,1,10,10,0.0,10000.0,1.0,1.0,0.0,0.0,0.0
product.Seral.area.regenerating.CWHvm_DR_HW_M.CC,2,20,10,0.0,10000.0,1.0,1.0,0.0,0.0,0.0
product.Seral.area.regenerating.CWHvm_DR_HW_M.CC,3,30,10,0.0,10000.0,1.0,1.0,0.0,0.0,0.0
product.Seral.area.regenerating.CWHvm_DR_HW_M.CC,4,40,10,0.0,10000.0,1.0,1.0,0.0,0.0,0.0
product.Seral.area.regenerating.CWHvm_DR_HW_M.CC,5,50,10,0.0,10000.0,1.0,1.0,0.0,0.0,0.0
product.Seral.area.regenerating.CWHvm_DR_HW_M.CC,6,60,10,0.0,10000.0,1.0,1.0,0.0,0.0,0.0
product.Seral.area.regenerating.CWHvm_DR_HW_M.CC,7,70,10,0.0,10000.0,1.0,1.0,0.0,0.0,0.0
product.Seral.area.regenerating.CWHvm_DR_HW_M.CC,8,80,10,0.0,10000.0,1.0,1.0,0.0,0.0,0.0
product.Seral.area.regenerating.CWHvm_DR_HW_M.CC,9,90,10,0.0,10000.0,1.0,1.0,0.0,0.0,0.0
product.Seral.area.regenerating.CWHvm_DR_HW_M.CC,10,100,10,0.0,10000.0,1.0,1.0,0.0,0.0,0.0
product.Seral.area.regenerating.CWHvm_DR_HW_M.CC,11,110,10,0.0,10000.0,1.0,1.0,0.0,0.0,0.0
product.Seral.area.regenerating.CWHvm_DR_HW_M.CC,12,120,10,0.0,10000.0,1.0,1.0,0.0,0.0,0.0
product.Seral.area.regenerating.CWHvm_DR_HW_M.CC,13,130,10,0.0,10000.0,1.0,1.0,0.0,0.0,0.0
product.Seral.area.regenerating.CWHvm_DR_HW_M.CC,14,140,10,0.0,10000.0,1.0,1.0,0.0,0.0,0.0
product.Seral.area.regenerating.CWHvm_DR_HW_M.CC,15,150,10,0.0,10000.0,1.0,1.0,0.0,0.0,0.0
product.Seral.area.regenerating.CWHvm_DR_HW_M.CC,16,160,10,0.0,10000.0,1.0,1.0,0.0,0.0,0.0
product.Seral.area.regenerating.CWHvm_DR_HW_M.CC,17,170,10,0.0,10000.0,1.0,1.0,0.0,0.0,0.0
product.Seral.area.regenerating.CWHvm_DR_HW_M.CC,18,180,10,0.0,10000.0,1.0,1.0,0.0,0.0,0.0
product.Seral.area.regenerating.CWHvm_DR_HW_M.CC,19,190,10,0.0,10000.0,1.0,1.0,0.0,0.0,0.0
product.Seral.area.regenerating.CWHvm_DR_HW_M.CC,20,200,10,0.0,10000.0,1.0,1.0,0.0,0.0,0.0
product.Seral.area.regenerating.CWHvm_DR_HW_M.CC,21,210,10,0.0,10000.0,1.0,1.0,0.0,0.0,0.0
product.Seral.area.regenerating.CWHvm_DR_HW_M.CC,22,220,10,0.0,10000.0,1.0,1.0,0.0,0.0,0.0
product.Seral.area.regenerating.CWHvm_DR_HW_M.CC,23,230,10,0.0,10000.0,1.0,1.0,0.0,0.0,0.0
product.Seral.area.regenerating.CWHvm_DR_HW_M.CC,24,240,10,0.0,10000.0,1.0,1.0,0.0,0.0,0.0
product.Seral.area.regenerating.CWHvm_DR_HW_M.CC,25,250,10,0.0,10000.0,1.0,1.0,0.0,0.0,0.0
product.Seral.area.regenerating.CWHvm_DR_HW_M.CC,26,260,10,0.0,10000.0,1.0,1.0,0.0,0.0,0.0
product.Seral.area.regenerating.CWHvm_DR_HW_M.CC,27,270,10,0.0,10000.0,1.0,1.0,0.0,0.0,0.0
product.Seral.area.regenerating.CWHvm_DR_HW_M.CC,28,280,10,0.0,10000.0,1.0,1.0,0.0,0.0,0.0
product.Seral.area.regenerating.CWHvm_DR_HW_M.CC,29,290,10,0.0,10000.0,1.0,1.0,0.0,0.0,0.0
product.Seral.area.regenerating.CWHvm_DR_HW_M.CC,30,300,10,0.0,10000.0,1.0,1.0,0.0,0.0,0.0
product.Seral.area.regenerating.CWHvm_FDC_HW_H.CC,0,0,10,0.0,10000.0,1.0,1.0,0.0,0.0,0.0
product.Seral.area.regenerating.CWHvm_FDC_HW_H.CC,1,10,10,0.0,10000.0,1.0,1.0,0.0,0.0,0.0
product.Seral.area.regenerating.CWHvm_FDC_HW_H.CC,2,20,10,0.0,10000.0,1.0,1.0,0.0,0.0,0.0
product.Seral.area.regenerating.CWHvm_FDC_HW_H.CC,3,30,10,0.0,10000.0,1.0,1.0,0.0,0.0,0.0
product.Seral.area.regenerating.CWHvm_FDC_HW_H.CC,4,40,10,0.0,10000.0,1.0,1.0,0.0,0.0,0.0
product.Seral.area.regenerating.CWHvm_FDC_HW_H.CC,5,50,10,0.0,10000.0,1.0,1.0,0.0,0.0,0.0
product.Seral.area.regenerating.CWHvm_FDC_HW_H.CC,6,60,10,0.0,10000.0,1.0,1.0,0.0,0.0,0.0
product.Seral.area.regenerating.CWHvm_FDC_HW_H.CC,7,70,10,0.0,10000.0,1.0,1.0,0.0,0.0,0.0
product.Seral.area.regenerating.CWHvm_FDC_HW_H.CC,8,80,10,0.0,10000.0,1.0,1.0,0.0,0.0,0.0
product.Seral.area.regenerating.CWHvm_FDC_HW_H.CC,9,90,10,0.0,10000.0,1.0,1.0,0.0,0.0,0.0
product.Seral.area.regenerating.CWHvm_FDC_HW_H.CC,10,100,10,0.0,10000.0,1.0,1.0,0.0,0.0,0.0
product.Seral.area.regenerating.CWHvm_FDC_HW_H.CC,11,110,10,0.0,10000.0,1.0,1.0,0.0,0.0,0.0
product.Seral.area.regenerating.CWHvm_FDC_HW_H.CC,12,120,10,0.0,10000.0,1.0,1.0,0.0,0.0,0.0
product.Seral.area.regenerating.CWHvm_FDC_HW_H.CC,13,130,10,0.0,10000.0,1.0,1.0,0.0,0.0,0.0
product.Seral.area.regenerating.CWHvm_FDC_HW_H.CC,14,140,10,0.0,10000.0,1.0,1.0,0.0,0.0,0.0
product.Seral.area.regenerating.CWHvm_FDC_HW_H.CC,15,150,10,0.0,10000.0,1.0,1.0,0.0,0.0,0.0
product.Seral.area.regenerating.CWHvm_FDC_HW_H.CC,16,160,10,0.0,10000.0,1.0,1.0,0.0,0.0,0.0
product.Seral.area.regenerating.CWHvm_FDC_HW_H.CC,17,170,10,0.0,10000.0,1.0,1.0,0.0,0.0,0.0
product.Seral.area.regenerating.CWHvm_FDC_HW_H.CC,18,180,10,0.0,10000.0,1.0,1.0,0.0,0.0,0.0
product.Seral.area.regenerating.CWHvm_FDC_HW_H.CC,19,190,10,0.0,10000.0,1.0,1.0,0.0,0.0,0.0
product.Seral.area.regenerating.CWHvm_FDC_HW_H.CC,20,200,10,0.0,10000.0,1.0,1.0,0.0,0.0,0.0
product.Seral.area.regenerating.CWHvm_FDC_HW_H.CC,21,210,10,0.0,10000.0,1.0,1.0,0.0,0.0,0.0
product.Seral.area.regenerating.CWHvm_FDC_HW_H.CC,22,220,10,0.0,10000.0,1.0,1.0,0.0,0.0,0.0
product.Seral.area.regenerating.CWHvm_FDC_HW_H.CC,23,230,10,0.0,10000.0,1.0,1.0,0.0,0.0,0.0
product.Seral.area.regenerating.CWHvm_FDC_HW_H.CC,24,240,10,0.0,10000.0,1.0,1.0,0.0,0.0,0.0
product.Seral.area.regenerating.CWHvm_FDC_HW_H.CC,25,250,10,0.0,10000.0,1.0,1.0,0.0,0.0,0.0
product.Seral.area.regenerating.CWHvm_FDC_HW_H.CC,26,260,10,0.0,10000.0,1.0,1.0,0.0,0.0,0.0
product.Seral.area.regenerating.CWHvm_FDC_HW_H.CC,27,270,10,0.0,10000.0,1.0,1.0,0.0,0.0,0.0
product.Seral.area.regenerating.CWHvm_FDC_HW_H.CC,28,280,10,0.0,10000.0,1.0,1.0,0.0,0.0,0.0
product.Seral.area.regenerating.CWHvm_FDC_HW_H.CC,29,290,10,0.0,10000.0,1.0,1.0,0.0,0.0,0.0
product.Seral.area.regenerating.CWHvm_FDC_HW_H.CC,30,300,10,0.0,10000.0,1.0,1.0,0.0,0.0,0.0
product.Seral.area.regenerating.CWHvm_FDC_HW_L.CC,0,0,10,0.0,10000.0,1.0,1.0,0.0,0.0,0.0
product.Seral.area.regenerating.CWHvm_FDC_HW_L.CC,1,10,10,0.0,10000.0,1.0,1.0,0.0,0.0,0.0
product.Seral.area.regenerating.CWHvm_FDC_HW_L.CC,2,20,10,0.0,10000.0,1.0,1.0,0.0,0.0,0.0
product.Seral.area.regenerating.CWHvm_FDC_HW_L.CC,3,30,10,0.0,10000.0,1.0,1.0,0.0,0.0,0.0
product.Seral.area.regenerating.CWHvm_FDC_HW_L.CC,4,40,10,0.0,10000.0,1.0,1.0,0.0,0.0,0.0
product.Seral.area.regenerating.CWHvm_FDC_HW_L.CC,5,50,10,0.0,10000.0,1.0,1.0,0.0,0.0,0.0
product.Seral.area.regenerating.CWHvm_FDC_HW_L.CC,6,60,10,0.0,10000.0,1.0,1.0,0.0,0.0,0.0
product.Seral.area.regenerating.CWHvm_FDC_HW_L.CC,7,70,10,0.0,10000.0,1.0,1.0,0.0,0.0,0.0
product.Seral.area.regenerating.CWHvm_FDC_HW_L.CC,8,80,10,0.0,10000.0,1.0,1.0,0.0,0.0,0.0
product.Seral.area.regenerating.CWHvm_FDC_HW_L.CC,9,90,10,0.0,10000.0,1.0,1.0,0.0,0.0,0.0
product.Seral.area.regenerating.CWHvm_FDC_HW_L.CC,10,100,10,0.0,10000.0,1.0,1.0,0.0,0.0,0.0
product.Seral.area.regenerating.CWHvm_FDC_HW_L.CC,11,110,10,0.0,10000.0,1.0,1.0,0.0,0.0,0.0
product.Seral.area.regenerating.CWHvm_FDC_HW_L.CC,12,120,10,0.0,10000.0,1.0,1.0,0.0,0.0,0.0
product.Seral.area.regenerating.CWHvm_FDC_HW_L.CC,13,130,10,0.0,10000.0,1.0,1.0,0.0,0.0,0.0
product.Seral.area.regenerating.CWHvm_FDC_HW_L.CC,14,140,10,0.0,10000.0,1.0,1.0,0.0,0.0,0.0
product.Seral.area.regenerating.CWHvm_FDC_HW_L.CC,15,150,10,0.0,10000.0,1.0,1.0,0.0,0.0,0.0
product.Seral.area.regenerating.CWHvm_FDC_HW_L.CC,16,160,10,0.0,10000.0,1.0,1.0,0.0,0.0,0.0
product.Seral.area.regenerating.CWHvm_FDC_HW_L.CC,17,170,10,0.0,10000.0,1.0,1.0,0.0,0.0,0.0
product.Seral.area.regenerating.CWHvm_FDC_HW_L.CC,18,180,10,0.0,10000.0,1.0,1.0,0.0,0.0,0.0
product.Seral.area.regenerating.CWHvm_FDC_HW_L.CC,19,190,10,0.0,10000.0,1.0,1.0,0.0,0.0,0.0
product.Seral.area.regenerating.CWHvm_FDC_HW_L.CC,20,200,10,0.0,10000.0,1.0,1.0,0.0,0.0,0.0
product.Seral.area.regenerating.CWHvm_FDC_HW_L.CC,21,210,10,0.0,10000.0,1.0,1.0,0.0,0.0,0.0
product.Seral.area.regenerating.CWHvm_FDC_HW_L.CC,22,220,10,0.0,10000.0,1.0,1.0,0.0,0.0,0.0
product.Seral.area.regenerating.CWHvm_FDC_HW_L.CC,23,230,10,0.0,10000.0,1.0,1.0,0.0,0.0,0.0
product.Seral.area.regenerating.CWHvm_FDC_HW_L.CC,24,240,10,0.0,10000.0,1.0,1.0,0.0,0.0,0.0
product.Seral.area.regenerating.CWHvm_FDC_HW_L.CC,25,250,10,0.0,10000.0,1.0,1.0,0.0,0.0,0.0
product.Seral.area.regenerating.CWHvm_FDC_HW_L.CC,26,260,10,0.0,10000.0,1.0,1.0,0.0,0.0,0.0
product.Seral.area.regenerating.CWHvm_FDC_HW_L.CC,27,270,10,0.0,10000.0,1.0,1.0,0.0,0.0,0.0
product.Seral.area.regenerating.CWHvm_FDC_HW_L.CC,28,280,10,0.0,10000.0,1.0,1.0,0.0,0.0,0.0
product.Seral.area.regenerating.CWHvm_FDC_HW_L.CC,29,290,10,0.0,10000.0,1.0,1.0,0.0,0.0,0.0
product.Seral.area.regenerating.CWHvm_FDC_HW_L.CC,30,300,10,0.0,10000.0,1.0,1.0,0.0,0.0,0.0
product.Seral.area.regenerating.CWHvm_FDC_HW_M.CC,0,0,10,0.0,10000.0,1.0,1.0,0.0,0.0,0.0
product.Seral.area.regenerating.CWHvm_FDC_HW_M.CC,1,10,10,0.0,10000.0,1.0,1.0,0.0,0.0,0.0
product.Seral.area.regenerating.CWHvm_FDC_HW_M.CC,2,20,10,0.0,10000.0,1.0,1.0,0.0,0.0,0.0
product.Seral.area.regenerating.CWHvm_FDC_HW_M.CC,3,30,10,0.0,10000.0,1.0,1.0,0.0,0.0,0.0
product.Seral.area.regenerating.CWHvm_FDC_HW_M.CC,4,40,10,0.0,10000.0,1.0,1.0,0.0,0.0,0.0
product.Seral.area.regenerating.CWHvm_FDC_HW_M.CC,5,50,10,0.0,10000.0,1.0,1.0,0.0,0.0,0.0
product.Seral.area.regenerating.CWHvm_FDC_HW_M.CC,6,60,10,0.0,10000.0,1.0,1.0,0.0,0.0,0.0
product.Seral.area.regenerating.CWHvm_FDC_HW_M.CC,7,70,10,0.0,10000.0,1.0,1.0,0.0,0.0,0.0
product.Seral.area.regenerating.CWHvm_FDC_HW_M.CC,8,80,10,0.0,10000.0,1.0,1.0,0.0,0.0,0.0
product.Seral.area.regenerating.CWHvm_FDC_HW_M.CC,9,90,10,0.0,10000.0,1.0,1.0,0.0,0.0,0.0
product.Seral.area.regenerating.CWHvm_FDC_HW_M.CC,10,100,10,0.0,10000.0,1.0,1.0,0.0,0.0,0.0
product.Seral.area.regenerating.CWHvm_FDC_HW_M.CC,11,110,10,0.0,10000.0,1.0,1.0,0.0,0.0,0.0
product.Seral.area.regenerating.CWHvm_FDC_HW_M.CC,12,120,10,0.0,10000.0,1.0,1.0,0.0,0.0,0.0
product.Seral.area.regenerating.CWHvm_FDC_HW_M.CC,13,130,10,0.0,10000.0,1.0,1.0,0.0,0.0,0.0
product.Seral.area.regenerating.CWHvm_FDC_HW_M.CC,14,140,10,0.0,10000.0,1.0,1.0,0.0,0.0,0.0
product.Seral.area.regenerating.CWHvm_FDC_HW_M.CC,15,150,10,0.0,10000.0,1.0,1.0,0.0,0.0,0.0
product.Seral.area.regenerating.CWHvm_FDC_HW_M.CC,16,160,10,0.0,10000.0,1.0,1.0,0.0,0.0,0.0
product.Seral.area.regenerating.CWHvm_FDC_HW_M.CC,17,170,10,0.0,10000.0,1.0,1.0,0.0,0.0,0.0
product.Seral.area.regenerating.CWHvm_FDC_HW_M.CC,18,180,10,0.0,10000.0,1.0,1.0,0.0,0.0,0.0
product.Seral.area.regenerating.CWHvm_FDC_HW_M.CC,19,190,10,0.0,10000.0,1.0,1.0,0.0,0.0,0.0
product.Seral.area.regenerating.CWHvm_FDC_HW_M.CC,20,200,10,0.0,10000.0,1.0,1.0,0.0,0.0,0.0
product.Seral.area.regenerating.CWHvm_FDC_HW_M.CC,21,210,10,0.0,10000.0,1.0,1.0,0.0,0.0,0.0
product.Seral.area.regenerating.CWHvm_FDC_HW_M.CC,22,220,10,0.0,10000.0,1.0,1.0,0.0,0.0,0.0
product.Seral.area.regenerating.CWHvm_FDC_HW_M.CC,23,230,10,0.0,10000.0,1.0,1.0,0.0,0.0,0.0
product.Seral.area.regenerating.CWHvm_FDC_HW_M.CC,24,240,10,0.0,10000.0,1.0,1.0,0.0,0.0,0.0
product.Seral.area.regenerating.CWHvm_FDC_HW_M.CC,25,250,10,0.0,10000.0,1.0,1.0,0.0,0.0,0.0
product.Seral.area.regenerating.CWHvm_FDC_HW_M.CC,26,260,10,0.0,10000.0,1.0,1.0,0.0,0.0,0.0
product.Seral.area.regenerating.CWHvm_FDC_HW_M.CC,27,270,10,0.0,10000.0,1.0,1.0,0.0,0.0,0.0
product.Seral.area.regenerating.CWHvm_FDC_HW_M.CC,28,280,10,0.0,10000.0,1.0,1.0,0.0,0.0,0.0
product.Seral.area.regenerating.CWHvm_FDC_HW_M.CC,29,290,10,0.0,10000.0,1.0,1.0,0.0,0.0,0.0
product.Seral.area.regenerating.CWHvm_FDC_HW_M.CC,30,300,10,0.0,10000.0,1.0,1.0,0.0,0.0,0.0
product.Seral.area.regenerating.CWHvm_HW_BA_M.CC,0,0,10,0.0,10000.0,1.0,1.0,0.0,0.0,0.0
product.Seral.area.regenerating.CWHvm_HW_BA_M.CC,1,10,10,0.0,10000.0,1.0,1.0,0.0,0.0,0.0
product.Seral.area.regenerating.CWHvm_HW_BA_M.CC,2,20,10,0.0,10000.0,1.0,1.0,0.0,0.0,0.0
product.Seral.area.regenerating.CWHvm_HW_BA_M.CC,3,30,10,0.0,10000.0,1.0,1.0,0.0,0.0,0.0
product.Seral.area.regenerating.CWHvm_HW_BA_M.CC,4,40,10,0.0,10000.0,1.0,1.0,0.0,0.0,0.0
product.Seral.area.regenerating.CWHvm_HW_BA_M.CC,5,50,10,0.0,10000.0,1.0,1.0,0.0,0.0,0.0
product.Seral.area.regenerating.CWHvm_HW_BA_M.CC,6,60,10,0.0,10000.0,1.0,1.0,0.0,0.0,0.0
product.Seral.area.regenerating.CWHvm_HW_BA_M.CC,7,70,10,0.0,10000.0,1.0,1.0,0.0,0.0,0.0
product.Seral.area.regenerating.CWHvm_HW_BA_M.CC,8,80,10,0.0,10000.0,1.0,1.0,0.0,0.0,0.0
product.Seral.area.regenerating.CWHvm_HW_BA_M.CC,9,90,10,0.0,10000.0,1.0,1.0,0.0,0.0,0.0
product.Seral.area.regenerating.CWHvm_HW_BA_M.CC,10,100,10,0.0,10000.0,1.0,1.0,0.0,0.0,0.0
product.Seral.area.regenerating.CWHvm_HW_BA_M.CC,11,110,10,0.0,10000.0,1.0,1.0,0.0,0.0,0.0
product.Seral.area.regenerating.CWHvm_HW_BA_M.CC,12,120,10,0.0,10000.0,1.0,1.0,0.0,0.0,0.0
product.Seral.area.regenerating.CWHvm_HW_BA_M.CC,13,130,10,0.0,10000.0,1.0,1.0,0.0,0.0,0.0
product.Seral.area.regenerating.CWHvm_HW_BA_M.CC,14,140,10,0.0,10000.0,1.0,1.0,0.0,0.0,0.0
product.Seral.area.regenerating.CWHvm_HW_BA_M.CC,15,150,10,0.0,10000.0,1.0,1.0,0.0,0.0,0.0
product.Seral.area.regenerating.CWHvm_HW_BA_M.CC,16,160,10,0.0,10000.0,1.0,1.0,0.0,0.0,0.0
product.Seral.area.regenerating.CWHvm_HW_BA_M.CC,17,170,10,0.0,10000.0,1.0,1.0,0.0,0.0,0.0
product.Seral.area.regenerating.CWHvm_HW_BA_M.CC,18,180,10,0.0,10000.0,1.0,1.0,0.0,0.0,0.0
product.Seral.area.regenerating.CWHvm_HW_BA_M.CC,19,190,10,0.0,10000.0,1.0,1.0,0.0,0.0,0.0
product.Seral.area.regenerating.CWHvm_HW_BA_M.CC,20,200,10,0.0,10000.0,1.0,1.0,0.0,0.0,0.0
product.Seral.area.regenerating.CWHvm_HW_BA_M.CC,21,210,10,0.0,10000.0,1.0,1.0,0.0,0.0,0.0
product.Seral.area.regenerating.CWHvm_HW_BA_M.CC,22,220,10,0.0,10000.0,1.0,1.0,0.0,0.0,0.0
product.Seral.area.regenerating.CWHvm_HW_BA_M.CC,23,230,10,0.0,10000.0,1.0,1.0,0.0,0.0,0.0
product.Seral.area.regenerating.CWHvm_HW_BA_M.CC,24,240,10,0.0,10000.0,1.0,1.0,0.0,0.0,0.0
product.Seral.area.regenerating.CWHvm_HW_BA_M.CC,25,250,10,0.0,10000.0,1.0,1.0,0.0,0.0,0.0
product.Seral.area.regenerating.CWHvm_HW_BA_M.CC,26,260,10,0.0,10000.0,1.0,1.0,0.0,0.0,0.0
product.Seral.area.regenerating.CWHvm_HW_BA_M.CC,27,270,10,0.0,10000.0,1.0,1.0,0.0,0.0,0.0
product.Seral.area.regenerating.CWHvm_HW_BA_M.CC,28,280,10,0.0,10000.0,1.0,1.0,0.0,0.0,0.0
product.Seral.area.regenerating.CWHvm_HW_BA_M.CC,29,290,10,0.0,10000.0,1.0,1.0,0.0,0.0,0.0
product.Seral.area.regenerating.CWHvm_HW_BA_M.CC,30,300,10,0.0,10000.0,1.0,1.0,0.0,0.0,0.0
product.Seral.area.regenerating.CWHvm_HW_CW_H.CC,0,0,10,0.0,10000.0,1.0,1.0,0.0,0.0,0.0
product.Seral.area.regenerating.CWHvm_HW_CW_H.CC,1,10,10,0.0,10000.0,1.0,1.0,0.0,0.0,0.0
product.Seral.area.regenerating.CWHvm_HW_CW_H.CC,2,20,10,0.0,10000.0,1.0,1.0,0.0,0.0,0.0
product.Seral.area.regenerating.CWHvm_HW_CW_H.CC,3,30,10,0.0,10000.0,1.0,1.0,0.0,0.0,0.0
product.Seral.area.regenerating.CWHvm_HW_CW_H.CC,4,40,10,0.0,10000.0,1.0,1.0,0.0,0.0,0.0
product.Seral.area.regenerating.CWHvm_HW_CW_H.CC,5,50,10,0.0,10000.0,1.0,1.0,0.0,0.0,0.0
product.Seral.area.regenerating.CWHvm_HW_CW_H.CC,6,60,10,0.0,10000.0,1.0,1.0,0.0,0.0,0.0
product.Seral.area.regenerating.CWHvm_HW_CW_H.CC,7,70,10,0.0,10000.0,1.0,1.0,0.0,0.0,0.0
product.Seral.area.regenerating.CWHvm_HW_CW_H.CC,8,80,10,0.0,10000.0,1.0,1.0,0.0,0.0,0.0
product.Seral.area.regenerating.CWHvm_HW_CW_H.CC,9,90,10,0.0,10000.0,1.0,1.0,0.0,0.0,0.0
product.Seral.area.regenerating.CWHvm_HW_CW_H.CC,10,100,10,0.0,10000.0,1.0,1.0,0.0,0.0,0.0
product.Seral.area.regenerating.CWHvm_HW_CW_H.CC,11,110,10,0.0,10000.0,1.0,1.0,0.0,0.0,0.0
product.Seral.area.regenerating.CWHvm_HW_CW_H.CC,12,120,10,0.0,10000.0,1.0,1.0,0.0,0.0,0.0
product.Seral.area.regenerating.CWHvm_HW_CW_H.CC,13,130,10,0.0,10000.0,1.0,1.0,0.0,0.0,0.0
product.Seral.area.regenerating.CWHvm_HW_CW_H.CC,14,140,10,0.0,10000.0,1.0,1.0,0.0,0.0,0.0
product.Seral.area.regenerating.CWHvm_HW_CW_H.CC,15,150,10,0.0,10000.0,1.0,1.0,0.0,0.0,0.0
product.Seral.area.regenerating.CWHvm_HW_CW_H.CC,16,160,10,0.0,10000.0,1.0,1.0,0.0,0.0,0.0
product.Seral.area.regenerating.CWHvm_HW_CW_H.CC,17,170,10,0.0,10000.0,1.0,1.0,0.0,0.0,0.0
product.Seral.area.regenerating.CWHvm_HW_CW_H.CC,18,180,10,0.0,10000.0,1.0,1.0,0.0,0.0,0.0
product.Seral.area.regenerating.CWHvm_HW_CW_H.CC,19,190,10,0.0,10000.0,1.0,1.0,0.0,0.0,0.0
product.Seral.area.regenerating.CWHvm_HW_CW_H.CC,20,200,10,0.0,10000.0,1.0,1.0,0.0,0.0,0.0
product.Seral.area.regenerating.CWHvm_HW_CW_H.CC,21,210,10,0.0,10000.0,1.0,1.0,0.0,0.0,0.0
product.Seral.area.regenerating.CWHvm_HW_CW_H.CC,22,220,10,0.0,10000.0,1.0,1.0,0.0,0.0,0.0
product.Seral.area.regenerating.CWHvm_HW_CW_H.CC,23,230,10,0.0,10000.0,1.0,1.0,0.0,0.0,0.0
product.Seral.area.regenerating.CWHvm_HW_CW_H.CC,24,240,10,0.0,10000.0,1.0,1.0,0.0,0.0,0.0
product.Seral.area.regenerating.CWHvm_HW_CW_H.CC,25,250,10,0.0,10000.0,1.0,1.0,0.0,0.0,0.0
product.Seral.area.regenerating.CWHvm_HW_CW_H.CC,26,260,10,0.0,10000.0,1.0,1.0,0.0,0.0,0.0
product.Seral.area.regenerating.CWHvm_HW_CW_H.CC,27,270,10,0.0,10000.0,1.0,1.0,0.0,0.0,0.0
product.Seral.area.regenerating.CWHvm_HW_CW_H.CC,28,280,10,0.0,10000.0,1.0,1.0,0.0,0.0,0.0
product.Seral.area.regenerating.CWHvm_HW_CW_H.CC,29,290,10,0.0,10000.0,1.0,1.0,0.0,0.0,0.0
product.Seral.area.regenerating.CWHvm_HW_CW_H.CC,30,300,10,0.0,10000.0,1.0,1.0,0.0,0.0,0.0
product.Seral.area.regenerating.CWHvm_HW_CW_L.CC,0,0,10,0.0,10000.0,1.0,1.0,0.0,0.0,0.0
product.Seral.area.regenerating.CWHvm_HW_CW_L.CC,1,10,10,0.0,10000.0,1.0,1.0,0.0,0.0,0.0
product.Seral.area.regenerating.CWHvm_HW_CW_L.CC,2,20,10,0.0,10000.0,1.0,1.0,0.0,0.0,0.0
product.Seral.area.regenerating.CWHvm_HW_CW_L.CC,3,30,10,0.0,10000.0,1.0,1.0,0.0,0.0,0.0
product.Seral.area.regenerating.CWHvm_HW_CW_L.CC,4,40,10,0.0,10000.0,1.0,1.0,0.0,0.0,0.0
product.Seral.area.regenerating.CWHvm_HW_CW_L.CC,5,50,10,0.0,10000.0,1.0,1.0,0.0,0.0,0.0
product.Seral.area.regenerating.CWHvm_HW_CW_L.CC,6,60,10,0.0,10000.0,1.0,1.0,0.0,0.0,0.0
product.Seral.area.regenerating.CWHvm_HW_CW_L.CC,7,70,10,0.0,10000.0,1.0,1.0,0.0,0.0,0.0
product.Seral.area.regenerating.CWHvm_HW_CW_L.CC,8,80,10,0.0,10000.0,1.0,1.0,0.0,0.0,0.0
product.Seral.area.regenerating.CWHvm_HW_CW_L.CC,9,90,10,0.0,10000.0,1.0,1.0,0.0,0.0,0.0
product.Seral.area.regenerating.CWHvm_HW_CW_L.CC,10,100,10,0.0,10000.0,1.0,1.0,0.0,0.0,0.0
product.Seral.area.regenerating.CWHvm_HW_CW_L.CC,11,110,10,0.0,10000.0,1.0,1.0,0.0,0.0,0.0
product.Seral.area.regenerating.CWHvm_HW_CW_L.CC,12,120,10,0.0,10000.0,1.0,1.0,0.0,0.0,0.0
product.Seral.area.regenerating.CWHvm_HW_CW_L.CC,13,130,10,0.0,10000.0,1.0,1.0,0.0,0.0,0.0
product.Seral.area.regenerating.CWHvm_HW_CW_L.CC,14,140,10,0.0,10000.0,1.0,1.0,0.0,0.0,0.0
product.Seral.area.regenerating.CWHvm_HW_CW_L.CC,15,150,10,0.0,10000.0,1.0,1.0,0.0,0.0,0.0
product.Seral.area.regenerating.CWHvm_HW_CW_L.CC,16,160,10,0.0,10000.0,1.0,1.0,0.0,0.0,0.0
product.Seral.area.regenerating.CWHvm_HW_CW_L.CC,17,170,10,0.0,10000.0,1.0,1.0,0.0,0.0,0.0
product.Seral.area.regenerating.CWHvm_HW_CW_L.CC,18,180,10,0.0,10000.0,1.0,1.0,0.0,0.0,0.0
product.Seral.area.regenerating.CWHvm_HW_CW_L.CC,19,190,10,0.0,10000.0,1.0,1.0,0.0,0.0,0.0
product.Seral.area.regenerating.CWHvm_HW_CW_L.CC,20,200,10,0.0,10000.0,1.0,1.0,0.0,0.0,0.0
product.Seral.area.regenerating.CWHvm_HW_CW_L.CC,21,210,10,0.0,10000.0,1.0,1.0,0.0,0.0,0.0
product.Seral.area.regenerating.CWHvm_HW_CW_L.CC,22,220,10,0.0,10000.0,1.0,1.0,0.0,0.0,0.0
product.Seral.area.regenerating.CWHvm_HW_CW_L.CC,23,230,10,0.0,10000.0,1.0,1.0,0.0,0.0,0.0
product.Seral.area.regenerating.CWHvm_HW_CW_L.CC,24,240,10,0.0,10000.0,1.0,1.0,0.0,0.0,0.0
product.Seral.area.regenerating.CWHvm_HW_CW_L.CC,25,250,10,0.0,10000.0,1.0,1.0,0.0,0.0,0.0
product.Seral.area.regenerating.CWHvm_HW_CW_L.CC,26,260,10,0.0,10000.0,1.0,1.0,0.0,0.0,0.0
product.Seral.area.regenerating.CWHvm_HW_CW_L.CC,27,270,10,0.0,10000.0,1.0,1.0,0.0,0.0,0.0
product.Seral.area.regenerating.CWHvm_HW_CW_L.CC,28,280,10,0.0,10000.0,1.0,1.0,0.0,0.0,0.0
product.Seral.area.regenerating.CWHvm_HW_CW_L.CC,29,290,10,0.0,10000.0,1.0,1.0,0.0,0.0,0.0
product.Seral.area.regenerating.CWHvm_HW_CW_L.CC,30,300,10,0.0,10000.0,1.0,1.0,0.0,0.0,0.0
product.Seral.area.regenerating.CWHvm_HW_CW_M.CC,0,0,10,0.0,10000.0,1.0,1.0,0.0,0.0,0.0
product.Seral.area.regenerating.CWHvm_HW_CW_M.CC,1,10,10,0.0,10000.0,1.0,1.0,0.0,0.0,0.0
product.Seral.area.regenerating.CWHvm_HW_CW_M.CC,2,20,10,0.0,10000.0,1.0,1.0,0.0,0.0,0.0
product.Seral.area.regenerating.CWHvm_HW_CW_M.CC,3,30,10,0.0,10000.0,1.0,1.0,0.0,0.0,0.0
product.Seral.area.regenerating.CWHvm_HW_CW_M.CC,4,40,10,0.0,10000.0,1.0,1.0,0.0,0.0,0.0
product.Seral.area.regenerating.CWHvm_HW_CW_M.CC,5,50,10,0.0,10000.0,1.0,1.0,0.0,0.0,0.0
product.Seral.area.regenerating.CWHvm_HW_CW_M.CC,6,60,10,0.0,10000.0,1.0,1.0,0.0,0.0,0.0
product.Seral.area.regenerating.CWHvm_HW_CW_M.CC,7,70,10,0.0,10000.0,1.0,1.0,0.0,0.0,0.0
product.Seral.area.regenerating.CWHvm_HW_CW_M.CC,8,80,10,0.0,10000.0,1.0,1.0,0.0,0.0,0.0
product.Seral.area.regenerating.CWHvm_HW_CW_M.CC,9,90,10,0.0,10000.0,1.0,1.0,0.0,0.0,0.0
product.Seral.area.regenerating.CWHvm_HW_CW_M.CC,10,100,10,0.0,10000.0,1.0,1.0,0.0,0.0,0.0
product.Seral.area.regenerating.CWHvm_HW_CW_M.CC,11,110,10,0.0,10000.0,1.0,1.0,0.0,0.0,0.0
product.Seral.area.regenerating.CWHvm_HW_CW_M.CC,12,120,10,0.0,10000.0,1.0,1.0,0.0,0.0,0.0
product.Seral.area.regenerating.CWHvm_HW_CW_M.CC,13,130,10,0.0,10000.0,1.0,1.0,0.0,0.0,0.0
product.Seral.area.regenerating.CWHvm_HW_CW_M.CC,14,140,10,0.0,10000.0,1.0,1.0,0.0,0.0,0.0
product.Seral.area.regenerating.CWHvm_HW_CW_M.CC,15,150,10,0.0,10000.0,1.0,1.0,0.0,0.0,0.0
product.Seral.area.regenerating.CWHvm_HW_CW_M.CC,16,160,10,0.0,10000.0,1.0,1.0,0.0,0.0,0.0
product.Seral.area.regenerating.CWHvm_HW_CW_M.CC,17,170,10,0.0,10000.0,1.0,1.0,0.0,0.0,0.0
product.Seral.area.regenerating.CWHvm_HW_CW_M.CC,18,180,10,0.0,10000.0,1.0,1.0,0.0,0.0,0.0
product.Seral.area.regenerating.CWHvm_HW_CW_M.CC,19,190,10,0.0,10000.0,1.0,1.0,0.0,0.0,0.0
product.Seral.area.regenerating.CWHvm_HW_CW_M.CC,20,200,10,0.0,10000.0,1.0,1.0,0.0,0.0,0.0
product.Seral.area.regenerating.CWHvm_HW_CW_M.CC,21,210,10,0.0,10000.0,1.0,1.0,0.0,0.0,0.0
product.Seral.area.regenerating.CWHvm_HW_CW_M.CC,22,220,10,0.0,10000.0,1.0,1.0,0.0,0.0,0.0
product.Seral.area.regenerating.CWHvm_HW_CW_M.CC,23,230,10,0.0,10000.0,1.0,1.0,0.0,0.0,0.0
product.Seral.area.regenerating.CWHvm_HW_CW_M.CC,24,240,10,0.0,10000.0,1.0,1.0,0.0,0.0,0.0
product.Seral.area.regenerating.CWHvm_HW_CW_M.CC,25,250,10,0.0,10000.0,1.0,1.0,0.0,0.0,0.0
product.Seral.area.regenerating.CWHvm_HW_CW_M.CC,26,260,10,0.0,10000.0,1.0,1.0,0.0,0.0,0.0
product.Seral.area.regenerating.CWHvm_HW_CW_M.CC,27,270,10,0.0,10000.0,1.0,1.0,0.0,0.0,0.0
product.Seral.area.regenerating.CWHvm_HW_CW_M.CC,28,280,10,0.0,10000.0,1.0,1.0,0.0,0.0,0.0
product.Seral.area.regenerating.CWHvm_HW_CW_M.CC,29,290,10,0.0,10000.0,1.0,1.0,0.0,0.0,0.0
product.Seral.area.regenerating.CWHvm_HW_CW_M.CC,30,300,10,0.0,10000.0,1.0,1.0,0.0,0.0,0.0
product.Seral.area.regenerating.CWHvm_HW_FDC_H.CC,0,0,10,0.0,10000.0,1.0,1.0,0.0,0.0,0.0
product.Seral.area.regenerating.CWHvm_HW_FDC_H.CC,1,10,10,0.0,10000.0,1.0,1.0,0.0,0.0,0.0
product.Seral.area.regenerating.CWHvm_HW_FDC_H.CC,2,20,10,0.0,10000.0,1.0,1.0,0.0,0.0,0.0
product.Seral.area.regenerating.CWHvm_HW_FDC_H.CC,3,30,10,0.0,10000.0,1.0,1.0,0.0,0.0,0.0
product.Seral.area.regenerating.CWHvm_HW_FDC_H.CC,4,40,10,0.0,10000.0,1.0,1.0,0.0,0.0,0.0
product.Seral.area.regenerating.CWHvm_HW_FDC_H.CC,5,50,10,0.0,10000.0,1.0,1.0,0.0,0.0,0.0
product.Seral.area.regenerating.CWHvm_HW_FDC_H.CC,6,60,10,0.0,10000.0,1.0,1.0,0.0,0.0,0.0
product.Seral.area.regenerating.CWHvm_HW_FDC_H.CC,7,70,10,0.0,10000.0,1.0,1.0,0.0,0.0,0.0
product.Seral.area.regenerating.CWHvm_HW_FDC_H.CC,8,80,10,0.0,10000.0,1.0,1.0,0.0,0.0,0.0
product.Seral.area.regenerating.CWHvm_HW_FDC_H.CC,9,90,10,0.0,10000.0,1.0,1.0,0.0,0.0,0.0
product.Seral.area.regenerating.CWHvm_HW_FDC_H.CC,10,100,10,0.0,10000.0,1.0,1.0,0.0,0.0,0.0
product.Seral.area.regenerating.CWHvm_HW_FDC_H.CC,11,110,10,0.0,10000.0,1.0,1.0,0.0,0.0,0.0
product.Seral.area.regenerating.CWHvm_HW_FDC_H.CC,12,120,10,0.0,10000.0,1.0,1.0,0.0,0.0,0.0
product.Seral.area.regenerating.CWHvm_HW_FDC_H.CC,13,130,10,0.0,10000.0,1.0,1.0,0.0,0.0,0.0
product.Seral.area.regenerating.CWHvm_HW_FDC_H.CC,14,140,10,0.0,10000.0,1.0,1.0,0.0,0.0,0.0
product.Seral.area.regenerating.CWHvm_HW_FDC_H.CC,15,150,10,0.0,10000.0,1.0,1.0,0.0,0.0,0.0
product.Seral.area.regenerating.CWHvm_HW_FDC_H.CC,16,160,10,0.0,10000.0,1.0,1.0,0.0,0.0,0.0
product.Seral.area.regenerating.CWHvm_HW_FDC_H.CC,17,170,10,0.0,10000.0,1.0,1.0,0.0,0.0,0.0
product.Seral.area.regenerating.CWHvm_HW_FDC_H.CC,18,180,10,0.0,10000.0,1.0,1.0,0.0,0.0,0.0
product.Seral.area.regenerating.CWHvm_HW_FDC_H.CC,19,190,10,0.0,10000.0,1.0,1.0,0.0,0.0,0.0
product.Seral.area.regenerating.CWHvm_HW_FDC_H.CC,20,200,10,0.0,10000.0,1.0,1.0,0.0,0.0,0.0
product.Seral.area.regenerating.CWHvm_HW_FDC_H.CC,21,210,10,0.0,10000.0,1.0,1.0,0.0,0.0,0.0
product.Seral.area.regenerating.CWHvm_HW_FDC_H.CC,22,220,10,0.0,10000.0,1.0,1.0,0.0,0.0,0.0
product.Seral.area.regenerating.CWHvm_HW_FDC_H.CC,23,230,10,0.0,10000.0,1.0,1.0,0.0,0.0,0.0
product.Seral.area.regenerating.CWHvm_HW_FDC_H.CC,24,240,10,0.0,10000.0,1.0,1.0,0.0,0.0,0.0
product.Seral.area.regenerating.CWHvm_HW_FDC_H.CC,25,250,10,0.0,10000.0,1.0,1.0,0.0,0.0,0.0
product.Seral.area.regenerating.CWHvm_HW_FDC_H.CC,26,260,10,0.0,10000.0,1.0,1.0,0.0,0.0,0.0
product.Seral.area.regenerating.CWHvm_HW_FDC_H.CC,27,270,10,0.0,10000.0,1.0,1.0,0.0,0.0,0.0
product.Seral.area.regenerating.CWHvm_HW_FDC_H.CC,28,280,10,0.0,10000.0,1.0,1.0,0.0,0.0,0.0
product.Seral.area.regenerating.CWHvm_HW_FDC_H.CC,29,290,10,0.0,10000.0,1.0,1.0,0.0,0.0,0.0
product.Seral.area.regenerating.CWHvm_HW_FDC_H.CC,30,300,10,0.0,10000.0,1.0,1.0,0.0,0.0,0.0
product.Seral.area.regenerating.CWHvm_HW_FDC_L.CC,0,0,10,0.0,10000.0,1.0,1.0,0.0,0.0,0.0
product.Seral.area.regenerating.CWHvm_HW_FDC_L.CC,1,10,10,0.0,10000.0,1.0,1.0,0.0,0.0,0.0
product.Seral.area.regenerating.CWHvm_HW_FDC_L.CC,2,20,10,0.0,10000.0,1.0,1.0,0.0,0.0,0.0
product.Seral.area.regenerating.CWHvm_HW_FDC_L.CC,3,30,10,0.0,10000.0,1.0,1.0,0.0,0.0,0.0
product.Seral.area.regenerating.CWHvm_HW_FDC_L.CC,4,40,10,0.0,10000.0,1.0,1.0,0.0,0.0,0.0
product.Seral.area.regenerating.CWHvm_HW_FDC_L.CC,5,50,10,0.0,10000.0,1.0,1.0,0.0,0.0,0.0
product.Seral.area.regenerating.CWHvm_HW_FDC_L.CC,6,60,10,0.0,10000.0,1.0,1.0,0.0,0.0,0.0
product.Seral.area.regenerating.CWHvm_HW_FDC_L.CC,7,70,10,0.0,10000.0,1.0,1.0,0.0,0.0,0.0
product.Seral.area.regenerating.CWHvm_HW_FDC_L.CC,8,80,10,0.0,10000.0,1.0,1.0,0.0,0.0,0.0
product.Seral.area.regenerating.CWHvm_HW_FDC_L.CC,9,90,10,0.0,10000.0,1.0,1.0,0.0,0.0,0.0
product.Seral.area.regenerating.CWHvm_HW_FDC_L.CC,10,100,10,0.0,10000.0,1.0,1.0,0.0,0.0,0.0
product.Seral.area.regenerating.CWHvm_HW_FDC_L.CC,11,110,10,0.0,10000.0,1.0,1.0,0.0,0.0,0.0
product.Seral.area.regenerating.CWHvm_HW_FDC_L.CC,12,120,10,0.0,10000.0,1.0,1.0,0.0,0.0,0.0
product.Seral.area.regenerating.CWHvm_HW_FDC_L.CC,13,130,10,0.0,10000.0,1.0,1.0,0.0,0.0,0.0
product.Seral.area.regenerating.CWHvm_HW_FDC_L.CC,14,140,10,0.0,10000.0,1.0,1.0,0.0,0.0,0.0
product.Seral.area.regenerating.CWHvm_HW_FDC_L.CC,15,150,10,0.0,10000.0,1.0,1.0,0.0,0.0,0.0
product.Seral.area.regenerating.CWHvm_HW_FDC_L.CC,16,160,10,0.0,10000.0,1.0,1.0,0.0,0.0,0.0
product.Seral.area.regenerating.CWHvm_HW_FDC_L.CC,17,170,10,0.0,10000.0,1.0,1.0,0.0,0.0,0.0
product.Seral.area.regenerating.CWHvm_HW_FDC_L.CC,18,180,10,0.0,10000.0,1.0,1.0,0.0,0.0,0.0
product.Seral.area.regenerating.CWHvm_HW_FDC_L.CC,19,190,10,0.0,10000.0,1.0,1.0,0.0,0.0,0.0
product.Seral.area.regenerating.CWHvm_HW_FDC_L.CC,20,200,10,0.0,10000.0,1.0,1.0,0.0,0.0,0.0
product.Seral.area.regenerating.CWHvm_HW_FDC_L.CC,21,210,10,0.0,10000.0,1.0,1.0,0.0,0.0,0.0
product.Seral.area.regenerating.CWHvm_HW_FDC_L.CC,22,220,10,0.0,10000.0,1.0,1.0,0.0,0.0,0.0
product.Seral.area.regenerating.CWHvm_HW_FDC_L.CC,23,230,10,0.0,10000.0,1.0,1.0,0.0,0.0,0.0
product.Seral.area.regenerating.CWHvm_HW_FDC_L.CC,24,240,10,0.0,10000.0,1.0,1.0,0.0,0.0,0.0
product.Seral.area.regenerating.CWHvm_HW_FDC_L.CC,25,250,10,0.0,10000.0,1.0,1.0,0.0,0.0,0.0
product.Seral.area.regenerating.CWHvm_HW_FDC_L.CC,26,260,10,0.0,10000.0,1.0,1.0,0.0,0.0,0.0
product.Seral.area.regenerating.CWHvm_HW_FDC_L.CC,27,270,10,0.0,10000.0,1.0,1.0,0.0,0.0,0.0
product.Seral.area.regenerating.CWHvm_HW_FDC_L.CC,28,280,10,0.0,10000.0,1.0,1.0,0.0,0.0,0.0
product.Seral.area.regenerating.CWHvm_HW_FDC_L.CC,29,290,10,0.0,10000.0,1.0,1.0,0.0,0.0,0.0
product.Seral.area.regenerating.CWHvm_HW_FDC_L.CC,30,300,10,0.0,10000.0,1.0,1.0,0.0,0.0,0.0
product.Seral.area.regenerating.CWHvm_HW_SS_M.CC,0,0,10,0.0,10000.0,1.0,1.0,0.0,0.0,0.0
product.Seral.area.regenerating.CWHvm_HW_SS_M.CC,1,10,10,0.0,10000.0,1.0,1.0,0.0,0.0,0.0
product.Seral.area.regenerating.CWHvm_HW_SS_M.CC,2,20,10,0.0,10000.0,1.0,1.0,0.0,0.0,0.0
product.Seral.area.regenerating.CWHvm_HW_SS_M.CC,3,30,10,0.0,10000.0,1.0,1.0,0.0,0.0,0.0
product.Seral.area.regenerating.CWHvm_HW_SS_M.CC,4,40,10,0.0,10000.0,1.0,1.0,0.0,0.0,0.0
product.Seral.area.regenerating.CWHvm_HW_SS_M.CC,5,50,10,0.0,10000.0,1.0,1.0,0.0,0.0,0.0
product.Seral.area.regenerating.CWHvm_HW_SS_M.CC,6,60,10,0.0,10000.0,1.0,1.0,0.0,0.0,0.0
product.Seral.area.regenerating.CWHvm_HW_SS_M.CC,7,70,10,0.0,10000.0,1.0,1.0,0.0,0.0,0.0
product.Seral.area.regenerating.CWHvm_HW_SS_M.CC,8,80,10,0.0,10000.0,1.0,1.0,0.0,0.0,0.0
product.Seral.area.regenerating.CWHvm_HW_SS_M.CC,9,90,10,0.0,10000.0,1.0,1.0,0.0,0.0,0.0
product.Seral.area.regenerating.CWHvm_HW_SS_M.CC,10,100,10,0.0,10000.0,1.0,1.0,0.0,0.0,0.0
product.Seral.area.regenerating.CWHvm_HW_SS_M.CC,11,110,10,0.0,10000.0,1.0,1.0,0.0,0.0,0.0
product.Seral.area.regenerating.CWHvm_HW_SS_M.CC,12,120,10,0.0,10000.0,1.0,1.0,0.0,0.0,0.0
product.Seral.area.regenerating.CWHvm_HW_SS_M.CC,13,130,10,0.0,10000.0,1.0,1.0,0.0,0.0,0.0
product.Seral.area.regenerating.CWHvm_HW_SS_M.CC,14,140,10,0.0,10000.0,1.0,1.0,0.0,0.0,0.0
product.Seral.area.regenerating.CWHvm_HW_SS_M.CC,15,150,10,0.0,10000.0,1.0,1.0,0.0,0.0,0.0
product.Seral.area.regenerating.CWHvm_HW_SS_M.CC,16,160,10,0.0,10000.0,1.0,1.0,0.0,0.0,0.0
product.Seral.area.regenerating.CWHvm_HW_SS_M.CC,17,170,10,0.0,10000.0,1.0,1.0,0.0,0.0,0.0
product.Seral.area.regenerating.CWHvm_HW_SS_M.CC,18,180,10,0.0,10000.0,1.0,1.0,0.0,0.0,0.0
product.Seral.area.regenerating.CWHvm_HW_SS_M.CC,19,190,10,0.0,10000.0,1.0,1.0,0.0,0.0,0.0
product.Seral.area.regenerating.CWHvm_HW_SS_M.CC,20,200,10,0.0,10000.0,1.0,1.0,0.0,0.0,0.0
product.Seral.area.regenerating.CWHvm_HW_SS_M.CC,21,210,10,0.0,10000.0,1.0,1.0,0.0,0.0,0.0
product.Seral.area.regenerating.CWHvm_HW_SS_M.CC,22,220,10,0.0,10000.0,1.0,1.0,0.0,0.0,0.0
product.Seral.area.regenerating.CWHvm_HW_SS_M.CC,23,230,10,0.0,10000.0,1.0,1.0,0.0,0.0,0.0
product.Seral.area.regenerating.CWHvm_HW_SS_M.CC,24,240,10,0.0,10000.0,1.0,1.0,0.0,0.0,0.0
product.Seral.area.regenerating.CWHvm_HW_SS_M.CC,25,250,10,0.0,10000.0,1.0,1.0,0.0,0.0,0.0
product.Seral.area.regenerating.CWHvm_HW_SS_M.CC,26,260,10,0.0,10000.0,1.0,1.0,0.0,0.0,0.0
product.Seral.area.regenerating.CWHvm_HW_SS_M.CC,27,270,10,0.0,10000.0,1.0,1.0,0.0,0.0,0.0
product.Seral.area.regenerating.CWHvm_HW_SS_M.CC,28,280,10,0.0,10000.0,1.0,1.0,0.0,0.0,0.0
product.Seral.area.regenerating.CWHvm_HW_SS_M.CC,29,290,10,0.0,10000.0,1.0,1.0,0.0,0.0,0.0
product.Seral.area.regenerating.CWHvm_HW_SS_M.CC,30,300,10,0.0,10000.0,1.0,1.0,0.0,0.0,0.0
product.Seral.area.young.CWHvm_CW_HW_M.CC,0,0,10,0.0,10000.0,1.0,1.0,0.0,0.0,0.0
product.Seral.area.young.CWHvm_CW_HW_M.CC,1,10,10,0.0,10000.0,1.0,1.0,0.0,0.0,0.0
product.Seral.area.young.CWHvm_CW_HW_M.CC,2,20,10,0.0,10000.0,1.0,1.0,0.0,0.0,0.0
product.Seral.area.young.CWHvm_CW_HW_M.CC,3,30,10,0.0,10000.0,1.0,1.0,0.0,0.0,0.0
product.Seral.area.young.CWHvm_CW_HW_M.CC,4,40,10,0.0,10000.0,1.0,1.0,0.0,0.0,0.0
product.Seral.area.young.CWHvm_CW_HW_M.CC,5,50,10,0.0,10000.0,1.0,1.0,0.0,0.0,0.0
product.Seral.area.young.CWHvm_CW_HW_M.CC,6,60,10,0.0,10000.0,1.0,1.0,0.0,0.0,0.0
product.Seral.area.young.CWHvm_CW_HW_M.CC,7,70,10,0.0,10000.0,1.0,1.0,0.0,0.0,0.0
product.Seral.area.young.CWHvm_CW_HW_M.CC,8,80,10,0.0,10000.0,1.0,1.0,0.0,0.0,0.0
product.Seral.area.young.CWHvm_CW_HW_M.CC,9,90,10,0.0,10000.0,1.0,1.0,0.0,0.0,0.0
product.Seral.area.young.CWHvm_CW_HW_M.CC,10,100,10,0.0,10000.0,1.0,1.0,0.0,0.0,0.0
product.Seral.area.young.CWHvm_CW_HW_M.CC,11,110,10,0.0,10000.0,1.0,1.0,0.0,0.0,0.0
product.Seral.area.young.CWHvm_CW_HW_M.CC,12,120,10,0.0,10000.0,1.0,1.0,0.0,0.0,0.0
product.Seral.area.young.CWHvm_CW_HW_M.CC,13,130,10,0.0,10000.0,1.0,1.0,0.0,0.0,0.0
product.Seral.area.young.CWHvm_CW_HW_M.CC,14,140,10,0.0,10000.0,1.0,1.0,0.0,0.0,0.0
product.Seral.area.young.CWHvm_CW_HW_M.CC,15,150,10,0.0,10000.0,1.0,1.0,0.0,0.0,0.0
product.Seral.area.young.CWHvm_CW_HW_M.CC,16,160,10,0.0,10000.0,1.0,1.0,0.0,0.0,0.0
product.Seral.area.young.CWHvm_CW_HW_M.CC,17,170,10,0.0,10000.0,1.0,1.0,0.0,0.0,0.0
product.Seral.area.young.CWHvm_CW_HW_M.CC,18,180,10,0.0,10000.0,1.0,1.0,0.0,0.0,0.0
product.Seral.area.young.CWHvm_CW_HW_M.CC,19,190,10,0.0,10000.0,1.0,1.0,0.0,0.0,0.0
product.Seral.area.young.CWHvm_CW_HW_M.CC,20,200,10,0.0,10000.0,1.0,1.0,0.0,0.0,0.0
product.Seral.area.young.CWHvm_CW_HW_M.CC,21,210,10,0.0,10000.0,1.0,1.0,0.0,0.0,0.0
product.Seral.area.young.CWHvm_CW_HW_M.CC,22,220,10,0.0,10000.0,1.0,1.0,0.0,0.0,0.0
product.Seral.area.young.CWHvm_CW_HW_M.CC,23,230,10,0.0,10000.0,1.0,1.0,0.0,0.0,0.0
product.Seral.area.young.CWHvm_CW_HW_M.CC,24,240,10,0.0,10000.0,1.0,1.0,0.0,0.0,0.0
product.Seral.area.young.CWHvm_CW_HW_M.CC,25,250,10,0.0,10000.0,1.0,1.0,0.0,0.0,0.0
product.Seral.area.young.CWHvm_CW_HW_M.CC,26,260,10,0.0,10000.0,1.0,1.0,0.0,0.0,0.0
product.Seral.area.young.CWHvm_CW_HW_M.CC,27,270,10,0.0,10000.0,1.0,1.0,0.0,0.0,0.0
product.Seral.area.young.CWHvm_CW_HW_M.CC,28,280,10,0.0,10000.0,1.0,1.0,0.0,0.0,0.0
product.Seral.area.young.CWHvm_CW_HW_M.CC,29,290,10,0.0,10000.0,1.0,1.0,0.0,0.0,0.0
product.Seral.area.young.CWHvm_CW_HW_M.CC,30,300,10,0.0,10000.0,1.0,1.0,0.0,0.0,0.0
product.Seral.area.young.CWHvm_DR_HW_M.CC,0,0,10,0.0,10000.0,1.0,1.0,0.0,0.0,0.0
product.Seral.area.young.CWHvm_DR_HW_M.CC,1,10,10,0.0,10000.0,1.0,1.0,0.0,0.0,0.0
product.Seral.area.young.CWHvm_DR_HW_M.CC,2,20,10,0.0,10000.0,1.0,1.0,0.0,0.0,0.0
product.Seral.area.young.CWHvm_DR_HW_M.CC,3,30,10,0.0,10000.0,1.0,1.0,0.0,0.0,0.0
product.Seral.area.young.CWHvm_DR_HW_M.CC,4,40,10,0.0,10000.0,1.0,1.0,0.0,0.0,0.0
product.Seral.area.young.CWHvm_DR_HW_M.CC,5,50,10,0.0,10000.0,1.0,1.0,0.0,0.0,0.0
product.Seral.area.young.CWHvm_DR_HW_M.CC,6,60,10,0.0,10000.0,1.0,1.0,0.0,0.0,0.0
product.Seral.area.young.CWHvm_DR_HW_M.CC,7,70,10,0.0,10000.0,1.0,1.0,0.0,0.0,0.0
product.Seral.area.young.CWHvm_DR_HW_M.CC,8,80,10,0.0,10000.0,1.0,1.0,0.0,0.0,0.0
product.Seral.area.young.CWHvm_DR_HW_M.CC,9,90,10,0.0,10000.0,1.0,1.0,0.0,0.0,0.0
product.Seral.area.young.CWHvm_DR_HW_M.CC,10,100,10,0.0,10000.0,1.0,1.0,0.0,0.0,0.0
product.Seral.area.young.CWHvm_DR_HW_M.CC,11,110,10,0.0,10000.0,1.0,1.0,0.0,0.0,0.0
product.Seral.area.young.CWHvm_DR_HW_M.CC,12,120,10,0.0,10000.0,1.0,1.0,0.0,0.0,0.0
product.Seral.area.young.CWHvm_DR_HW_M.CC,13,130,10,0.0,10000.0,1.0,1.0,0.0,0.0,0.0
product.Seral.area.young.CWHvm_DR_HW_M.CC,14,140,10,0.0,10000.0,1.0,1.0,0.0,0.0,0.0
product.Seral.area.young.CWHvm_DR_HW_M.CC,15,150,10,0.0,10000.0,1.0,1.0,0.0,0.0,0.0
product.Seral.area.young.CWHvm_DR_HW_M.CC,16,160,10,0.0,10000.0,1.0,1.0,0.0,0.0,0.0
product.Seral.area.young.CWHvm_DR_HW_M.CC,17,170,10,0.0,10000.0,1.0,1.0,0.0,0.0,0.0
product.Seral.area.young.CWHvm_DR_HW_M.CC,18,180,10,0.0,10000.0,1.0,1.0,0.0,0.0,0.0
product.Seral.area.young.CWHvm_DR_HW_M.CC,19,190,10,0.0,10000.0,1.0,1.0,0.0,0.0,0.0
product.Seral.area.young.CWHvm_DR_HW_M.CC,20,200,10,0.0,10000.0,1.0,1.0,0.0,0.0,0.0
product.Seral.area.young.CWHvm_DR_HW_M.CC,21,210,10,0.0,10000.0,1.0,1.0,0.0,0.0,0.0
product.Seral.area.young.CWHvm_DR_HW_M.CC,22,220,10,0.0,10000.0,1.0,1.0,0.0,0.0,0.0
product.Seral.area.young.CWHvm_DR_HW_M.CC,23,230,10,0.0,10000.0,1.0,1.0,0.0,0.0,0.0
product.Seral.area.young.CWHvm_DR_HW_M.CC,24,240,10,0.0,10000.0,1.0,1.0,0.0,0.0,0.0
product.Seral.area.young.CWHvm_DR_HW_M.CC,25,250,10,0.0,10000.0,1.0,1.0,0.0,0.0,0.0
product.Seral.area.young.CWHvm_DR_HW_M.CC,26,260,10,0.0,10000.0,1.0,1.0,0.0,0.0,0.0
product.Seral.area.young.CWHvm_DR_HW_M.CC,27,270,10,0.0,10000.0,1.0,1.0,0.0,0.0,0.0
product.Seral.area.young.CWHvm_DR_HW_M.CC,28,280,10,0.0,10000.0,1.0,1.0,0.0,0.0,0.0
product.Seral.area.young.CWHvm_DR_HW_M.CC,29,290,10,0.0,10000.0,1.0,1.0,0.0,0.0,0.0
product.Seral.area.young.CWHvm_DR_HW_M.CC,30,300,10,0.0,10000.0,1.0,1.0,0.0,0.0,0.0
product.Seral.area.young.CWHvm_FDC_HW_H.CC,0,0,10,0.0,10000.0,1.0,1.0,0.0,0.0,0.0
product.Seral.area.young.CWHvm_FDC_HW_H.CC,1,10,10,0.0,10000.0,1.0,1.0,0.0,0.0,0.0
product.Seral.area.young.CWHvm_FDC_HW_H.CC,2,20,10,0.0,10000.0,1.0,1.0,0.0,0.0,0.0
product.Seral.area.young.CWHvm_FDC_HW_H.CC,3,30,10,0.0,10000.0,1.0,1.0,0.0,0.0,0.0
product.Seral.area.young.CWHvm_FDC_HW_H.CC,4,40,10,0.0,10000.0,1.0,1.0,0.0,0.0,0.0
product.Seral.area.young.CWHvm_FDC_HW_H.CC,5,50,10,0.0,10000.0,1.0,1.0,0.0,0.0,0.0
product.Seral.area.young.CWHvm_FDC_HW_H.CC,6,60,10,0.0,10000.0,1.0,1.0,0.0,0.0,0.0
product.Seral.area.young.CWHvm_FDC_HW_H.CC,7,70,10,0.0,10000.0,1.0,1.0,0.0,0.0,0.0
product.Seral.area.young.CWHvm_FDC_HW_H.CC,8,80,10,0.0,10000.0,1.0,1.0,0.0,0.0,0.0
product.Seral.area.young.CWHvm_FDC_HW_H.CC,9,90,10,0.0,10000.0,1.0,1.0,0.0,0.0,0.0
product.Seral.area.young.CWHvm_FDC_HW_H.CC,10,100,10,0.0,10000.0,1.0,1.0,0.0,0.0,0.0
product.Seral.area.young.CWHvm_FDC_HW_H.CC,11,110,10,0.0,10000.0,1.0,1.0,0.0,0.0,0.0
product.Seral.area.young.CWHvm_FDC_HW_H.CC,12,120,10,0.0,10000.0,1.0,1.0,0.0,0.0,0.0
product.Seral.area.young.CWHvm_FDC_HW_H.CC,13,130,10,0.0,10000.0,1.0,1.0,0.0,0.0,0.0
product.Seral.area.young.CWHvm_FDC_HW_H.CC,14,140,10,0.0,10000.0,1.0,1.0,0.0,0.0,0.0
product.Seral.area.young.CWHvm_FDC_HW_H.CC,15,150,10,0.0,10000.0,1.0,1.0,0.0,0.0,0.0
product.Seral.area.young.CWHvm_FDC_HW_H.CC,16,160,10,0.0,10000.0,1.0,1.0,0.0,0.0,0.0
product.Seral.area.young.CWHvm_FDC_HW_H.CC,17,170,10,0.0,10000.0,1.0,1.0,0.0,0.0,0.0
product.Seral.area.young.CWHvm_FDC_HW_H.CC,18,180,10,0.0,10000.0,1.0,1.0,0.0,0.0,0.0
product.Seral.area.young.CWHvm_FDC_HW_H.CC,19,190,10,0.0,10000.0,1.0,1.0,0.0,0.0,0.0
product.Seral.area.young.CWHvm_FDC_HW_H.CC,20,200,10,0.0,10000.0,1.0,1.0,0.0,0.0,0.0
product.Seral.area.young.CWHvm_FDC_HW_H.CC,21,210,10,0.0,10000.0,1.0,1.0,0.0,0.0,0.0
product.Seral.area.young.CWHvm_FDC_HW_H.CC,22,220,10,0.0,10000.0,1.0,1.0,0.0,0.0,0.0
product.Seral.area.young.CWHvm_FDC_HW_H.CC,23,230,10,0.0,10000.0,1.0,1.0,0.0,0.0,0.0
product.Seral.area.young.CWHvm_FDC_HW_H.CC,24,240,10,0.0,10000.0,1.0,1.0,0.0,0.0,0.0
product.Seral.area.young.CWHvm_FDC_HW_H.CC,25,250,10,0.0,10000.0,1.0,1.0,0.0,0.0,0.0
product.Seral.area.young.CWHvm_FDC_HW_H.CC,26,260,10,0.0,10000.0,1.0,1.0,0.0,0.0,0.0
product.Seral.area.young.CWHvm_FDC_HW_H.CC,27,270,10,0.0,10000.0,1.0,1.0,0.0,0.0,0.0
product.Seral.area.young.CWHvm_FDC_HW_H.CC,28,280,10,0.0,10000.0,1.0,1.0,0.0,0.0,0.0
product.Seral.area.young.CWHvm_FDC_HW_H.CC,29,290,10,0.0,10000.0,1.0,1.0,0.0,0.0,0.0
product.Seral.area.young.CWHvm_FDC_HW_H.CC,30,300,10,0.0,10000.0,1.0,1.0,0.0,0.0,0.0
product.Seral.area.young.CWHvm_FDC_HW_L.CC,0,0,10,0.0,10000.0,1.0,1.0,0.0,0.0,0.0
product.Seral.area.young.CWHvm_FDC_HW_L.CC,1,10,10,0.0,10000.0,1.0,1.0,0.0,0.0,0.0
product.Seral.area.young.CWHvm_FDC_HW_L.CC,2,20,10,0.0,10000.0,1.0,1.0,0.0,0.0,0.0
product.Seral.area.young.CWHvm_FDC_HW_L.CC,3,30,10,0.0,10000.0,1.0,1.0,0.0,0.0,0.0
product.Seral.area.young.CWHvm_FDC_HW_L.CC,4,40,10,0.0,10000.0,1.0,1.0,0.0,0.0,0.0
product.Seral.area.young.CWHvm_FDC_HW_L.CC,5,50,10,0.0,10000.0,1.0,1.0,0.0,0.0,0.0
product.Seral.area.young.CWHvm_FDC_HW_L.CC,6,60,10,0.0,10000.0,1.0,1.0,0.0,0.0,0.0
product.Seral.area.young.CWHvm_FDC_HW_L.CC,7,70,10,0.0,10000.0,1.0,1.0,0.0,0.0,0.0
product.Seral.area.young.CWHvm_FDC_HW_L.CC,8,80,10,0.0,10000.0,1.0,1.0,0.0,0.0,0.0
product.Seral.area.young.CWHvm_FDC_HW_L.CC,9,90,10,0.0,10000.0,1.0,1.0,0.0,0.0,0.0
product.Seral.area.young.CWHvm_FDC_HW_L.CC,10,100,10,0.0,10000.0,1.0,1.0,0.0,0.0,0.0
product.Seral.area.young.CWHvm_FDC_HW_L.CC,11,110,10,0.0,10000.0,1.0,1.0,0.0,0.0,0.0
product.Seral.area.young.CWHvm_FDC_HW_L.CC,12,120,10,0.0,10000.0,1.0,1.0,0.0,0.0,0.0
product.Seral.area.young.CWHvm_FDC_HW_L.CC,13,130,10,0.0,10000.0,1.0,1.0,0.0,0.0,0.0
product.Seral.area.young.CWHvm_FDC_HW_L.CC,14,140,10,0.0,10000.0,1.0,1.0,0.0,0.0,0.0
product.Seral.area.young.CWHvm_FDC_HW_L.CC,15,150,10,0.0,10000.0,1.0,1.0,0.0,0.0,0.0
product.Seral.area.young.CWHvm_FDC_HW_L.CC,16,160,10,0.0,10000.0,1.0,1.0,0.0,0.0,0.0
product.Seral.area.young.CWHvm_FDC_HW_L.CC,17,170,10,0.0,10000.0,1.0,1.0,0.0,0.0,0.0
product.Seral.area.young.CWHvm_FDC_HW_L.CC,18,180,10,0.0,10000.0,1.0,1.0,0.0,0.0,0.0
product.Seral.area.young.CWHvm_FDC_HW_L.CC,19,190,10,0.0,10000.0,1.0,1.0,0.0,0.0,0.0
product.Seral.area.young.CWHvm_FDC_HW_L.CC,20,200,10,0.0,10000.0,1.0,1.0,0.0,0.0,0.0
product.Seral.area.young.CWHvm_FDC_HW_L.CC,21,210,10,0.0,10000.0,1.0,1.0,0.0,0.0,0.0
product.Seral.area.young.CWHvm_FDC_HW_L.CC,22,220,10,0.0,10000.0,1.0,1.0,0.0,0.0,0.0
product.Seral.area.young.CWHvm_FDC_HW_L.CC,23,230,10,0.0,10000.0,1.0,1.0,0.0,0.0,0.0
product.Seral.area.young.CWHvm_FDC_HW_L.CC,24,240,10,0.0,10000.0,1.0,1.0,0.0,0.0,0.0
product.Seral.area.young.CWHvm_FDC_HW_L.CC,25,250,10,0.0,10000.0,1.0,1.0,0.0,0.0,0.0
product.Seral.area.young.CWHvm_FDC_HW_L.CC,26,260,10,0.0,10000.0,1.0,1.0,0.0,0.0,0.0
product.Seral.area.young.CWHvm_FDC_HW_L.CC,27,270,10,0.0,10000.0,1.0,1.0,0.0,0.0,0.0
product.Seral.area.young.CWHvm_FDC_HW_L.CC,28,280,10,0.0,10000.0,1.0,1.0,0.0,0.0,0.0
product.Seral.area.young.CWHvm_FDC_HW_L.CC,29,290,10,0.0,10000.0,1.0,1.0,0.0,0.0,0.0
product.Seral.area.young.CWHvm_FDC_HW_L.CC,30,300,10,0.0,10000.0,1.0,1.0,0.0,0.0,0.0
product.Seral.area.young.CWHvm_FDC_HW_M.CC,0,0,10,0.0,10000.0,1.0,1.0,0.0,0.0,0.0
product.Seral.area.young.CWHvm_FDC_HW_M.CC,1,10,10,0.0,10000.0,1.0,1.0,0.0,0.0,0.0
product.Seral.area.young.CWHvm_FDC_HW_M.CC,2,20,10,0.0,10000.0,1.0,1.0,0.0,0.0,0.0
product.Seral.area.young.CWHvm_FDC_HW_M.CC,3,30,10,0.0,10000.0,1.0,1.0,0.0,0.0,0.0
product.Seral.area.young.CWHvm_FDC_HW_M.CC,4,40,10,0.0,10000.0,1.0,1.0,0.0,0.0,0.0
product.Seral.area.young.CWHvm_FDC_HW_M.CC,5,50,10,0.0,10000.0,1.0,1.0,0.0,0.0,0.0
product.Seral.area.young.CWHvm_FDC_HW_M.CC,6,60,10,0.0,10000.0,1.0,1.0,0.0,0.0,0.0
product.Seral.area.young.CWHvm_FDC_HW_M.CC,7,70,10,0.0,10000.0,1.0,1.0,0.0,0.0,0.0
product.Seral.area.young.CWHvm_FDC_HW_M.CC,8,80,10,0.0,10000.0,1.0,1.0,0.0,0.0,0.0
product.Seral.area.young.CWHvm_FDC_HW_M.CC,9,90,10,0.0,10000.0,1.0,1.0,0.0,0.0,0.0
product.Seral.area.young.CWHvm_FDC_HW_M.CC,10,100,10,0.0,10000.0,1.0,1.0,0.0,0.0,0.0
product.Seral.area.young.CWHvm_FDC_HW_M.CC,11,110,10,0.0,10000.0,1.0,1.0,0.0,0.0,0.0
product.Seral.area.young.CWHvm_FDC_HW_M.CC,12,120,10,0.0,10000.0,1.0,1.0,0.0,0.0,0.0
product.Seral.area.young.CWHvm_FDC_HW_M.CC,13,130,10,0.0,10000.0,1.0,1.0,0.0,0.0,0.0
product.Seral.area.young.CWHvm_FDC_HW_M.CC,14,140,10,0.0,10000.0,1.0,1.0,0.0,0.0,0.0
product.Seral.area.young.CWHvm_FDC_HW_M.CC,15,150,10,0.0,10000.0,1.0,1.0,0.0,0.0,0.0
product.Seral.area.young.CWHvm_FDC_HW_M.CC,16,160,10,0.0,10000.0,1.0,1.0,0.0,0.0,0.0
product.Seral.area.young.CWHvm_FDC_HW_M.CC,17,170,10,0.0,10000.0,1.0,1.0,0.0,0.0,0.0
product.Seral.area.young.CWHvm_FDC_HW_M.CC,18,180,10,0.0,10000.0,1.0,1.0,0.0,0.0,0.0
product.Seral.area.young.CWHvm_FDC_HW_M.CC,19,190,10,0.0,10000.0,1.0,1.0,0.0,0.0,0.0
product.Seral.area.young.CWHvm_FDC_HW_M.CC,20,200,10,0.0,10000.0,1.0,1.0,0.0,0.0,0.0
product.Seral.area.young.CWHvm_FDC_HW_M.CC,21,210,10,0.0,10000.0,1.0,1.0,0.0,0.0,0.0
product.Seral.area.young.CWHvm_FDC_HW_M.CC,22,220,10,0.0,10000.0,1.0,1.0,0.0,0.0,0.0
product.Seral.area.young.CWHvm_FDC_HW_M.CC,23,230,10,0.0,10000.0,1.0,1.0,0.0,0.0,0.0
product.Seral.area.young.CWHvm_FDC_HW_M.CC,24,240,10,0.0,10000.0,1.0,1.0,0.0,0.0,0.0
product.Seral.area.young.CWHvm_FDC_HW_M.CC,25,250,10,0.0,10000.0,1.0,1.0,0.0,0.0,0.0
product.Seral.area.young.CWHvm_FDC_HW_M.CC,26,260,10,0.0,10000.0,1.0,1.0,0.0,0.0,0.0
product.Seral.area.young.CWHvm_FDC_HW_M.CC,27,270,10,0.0,10000.0,1.0,1.0,0.0,0.0,0.0
product.Seral.area.young.CWHvm_FDC_HW_M.CC,28,280,10,0.0,10000.0,1.0,1.0,0.0,0.0,0.0
product.Seral.area.young.CWHvm_FDC_HW_M.CC,29,290,10,0.0,10000.0,1.0,1.0,0.0,0.0,0.0
product.Seral.area.young.CWHvm_FDC_HW_M.CC,30,300,10,0.0,10000.0,1.0,1.0,0.0,0.0,0.0
product.Seral.area.young.CWHvm_HW_BA_M.CC,0,0,10,0.0,10000.0,1.0,1.0,0.0,0.0,0.0
product.Seral.area.young.CWHvm_HW_BA_M.CC,1,10,10,0.0,10000.0,1.0,1.0,0.0,0.0,0.0
product.Seral.area.young.CWHvm_HW_BA_M.CC,2,20,10,0.0,10000.0,1.0,1.0,0.0,0.0,0.0
product.Seral.area.young.CWHvm_HW_BA_M.CC,3,30,10,0.0,10000.0,1.0,1.0,0.0,0.0,0.0
product.Seral.area.young.CWHvm_HW_BA_M.CC,4,40,10,0.0,10000.0,1.0,1.0,0.0,0.0,0.0
product.Seral.area.young.CWHvm_HW_BA_M.CC,5,50,10,0.0,10000.0,1.0,1.0,0.0,0.0,0.0
product.Seral.area.young.CWHvm_HW_BA_M.CC,6,60,10,0.0,10000.0,1.0,1.0,0.0,0.0,0.0
product.Seral.area.young.CWHvm_HW_BA_M.CC,7,70,10,0.0,10000.0,1.0,1.0,0.0,0.0,0.0
product.Seral.area.young.CWHvm_HW_BA_M.CC,8,80,10,0.0,10000.0,1.0,1.0,0.0,0.0,0.0
product.Seral.area.young.CWHvm_HW_BA_M.CC,9,90,10,0.0,10000.0,1.0,1.0,0.0,0.0,0.0
product.Seral.area.young.CWHvm_HW_BA_M.CC,10,100,10,0.0,10000.0,1.0,1.0,0.0,0.0,0.0
product.Seral.area.young.CWHvm_HW_BA_M.CC,11,110,10,0.0,10000.0,1.0,1.0,0.0,0.0,0.0
product.Seral.area.young.CWHvm_HW_BA_M.CC,12,120,10,0.0,10000.0,1.0,1.0,0.0,0.0,0.0
product.Seral.area.young.CWHvm_HW_BA_M.CC,13,130,10,0.0,10000.0,1.0,1.0,0.0,0.0,0.0
product.Seral.area.young.CWHvm_HW_BA_M.CC,14,140,10,0.0,10000.0,1.0,1.0,0.0,0.0,0.0
product.Seral.area.young.CWHvm_HW_BA_M.CC,15,150,10,0.0,10000.0,1.0,1.0,0.0,0.0,0.0
product.Seral.area.young.CWHvm_HW_BA_M.CC,16,160,10,0.0,10000.0,1.0,1.0,0.0,0.0,0.0
product.Seral.area.young.CWHvm_HW_BA_M.CC,17,170,10,0.0,10000.0,1.0,1.0,0.0,0.0,0.0
product.Seral.area.young.CWHvm_HW_BA_M.CC,18,180,10,0.0,10000.0,1.0,1.0,0.0,0.0,0.0
product.Seral.area.young.CWHvm_HW_BA_M.CC,19,190,10,0.0,10000.0,1.0,1.0,0.0,0.0,0.0
product.Seral.area.young.CWHvm_HW_BA_M.CC,20,200,10,0.0,10000.0,1.0,1.0,0.0,0.0,0.0
product.Seral.area.young.CWHvm_HW_BA_M.CC,21,210,10,0.0,10000.0,1.0,1.0,0.0,0.0,0.0
product.Seral.area.young.CWHvm_HW_BA_M.CC,22,220,10,0.0,10000.0,1.0,1.0,0.0,0.0,0.0
product.Seral.area.young.CWHvm_HW_BA_M.CC,23,230,10,0.0,10000.0,1.0,1.0,0.0,0.0,0.0
product.Seral.area.young.CWHvm_HW_BA_M.CC,24,240,10,0.0,10000.0,1.0,1.0,0.0,0.0,0.0
product.Seral.area.young.CWHvm_HW_BA_M.CC,25,250,10,0.0,10000.0,1.0,1.0,0.0,0.0,0.0
product.Seral.area.young.CWHvm_HW_BA_M.CC,26,260,10,0.0,10000.0,1.0,1.0,0.0,0.0,0.0
product.Seral.area.young.CWHvm_HW_BA_M.CC,27,270,10,0.0,10000.0,1.0,1.0,0.0,0.0,0.0
product.Seral.area.young.CWHvm_HW_BA_M.CC,28,280,10,0.0,10000.0,1.0,1.0,0.0,0.0,0.0
product.Seral.area.young.CWHvm_HW_BA_M.CC,29,290,10,0.0,10000.0,1.0,1.0,0.0,0.0,0.0
product.Seral.area.young.CWHvm_HW_BA_M.CC,30,300,10,0.0,10000.0,1.0,1.0,0.0,0.0,0.0
product.Seral.area.young.CWHvm_HW_CW_H.CC,0,0,10,0.0,10000.0,1.0,1.0,0.0,0.0,0.0
product.Seral.area.young.CWHvm_HW_CW_H.CC,1,10,10,0.0,10000.0,1.0,1.0,0.0,0.0,0.0
product.Seral.area.young.CWHvm_HW_CW_H.CC,2,20,10,0.0,10000.0,1.0,1.0,0.0,0.0,0.0
product.Seral.area.young.CWHvm_HW_CW_H.CC,3,30,10,0.0,10000.0,1.0,1.0,0.0,0.0,0.0
product.Seral.area.young.CWHvm_HW_CW_H.CC,4,40,10,0.0,10000.0,1.0,1.0,0.0,0.0,0.0
product.Seral.area.young.CWHvm_HW_CW_H.CC,5,50,10,0.0,10000.0,1.0,1.0,0.0,0.0,0.0
product.Seral.area.young.CWHvm_HW_CW_H.CC,6,60,10,0.0,10000.0,1.0,1.0,0.0,0.0,0.0
product.Seral.area.young.CWHvm_HW_CW_H.CC,7,70,10,0.0,10000.0,1.0,1.0,0.0,0.0,0.0
product.Seral.area.young.CWHvm_HW_CW_H.CC,8,80,10,0.0,10000.0,1.0,1.0,0.0,0.0,0.0
product.Seral.area.young.CWHvm_HW_CW_H.CC,9,90,10,0.0,10000.0,1.0,1.0,0.0,0.0,0.0
product.Seral.area.young.CWHvm_HW_CW_H.CC,10,100,10,0.0,10000.0,1.0,1.0,0.0,0.0,0.0
product.Seral.area.young.CWHvm_HW_CW_H.CC,11,110,10,0.0,10000.0,1.0,1.0,0.0,0.0,0.0
product.Seral.area.young.CWHvm_HW_CW_H.CC,12,120,10,0.0,10000.0,1.0,1.0,0.0,0.0,0.0
product.Seral.area.young.CWHvm_HW_CW_H.CC,13,130,10,0.0,10000.0,1.0,1.0,0.0,0.0,0.0
product.Seral.area.young.CWHvm_HW_CW_H.CC,14,140,10,0.0,10000.0,1.0,1.0,0.0,0.0,0.0
product.Seral.area.young.CWHvm_HW_CW_H.CC,15,150,10,0.0,10000.0,1.0,1.0,0.0,0.0,0.0
product.Seral.area.young.CWHvm_HW_CW_H.CC,16,160,10,0.0,10000.0,1.0,1.0,0.0,0.0,0.0
product.Seral.area.young.CWHvm_HW_CW_H.CC,17,170,10,0.0,10000.0,1.0,1.0,0.0,0.0,0.0
product.Seral.area.young.CWHvm_HW_CW_H.CC,18,180,10,0.0,10000.0,1.0,1.0,0.0,0.0,0.0
product.Seral.area.young.CWHvm_HW_CW_H.CC,19,190,10,0.0,10000.0,1.0,1.0,0.0,0.0,0.0
product.Seral.area.young.CWHvm_HW_CW_H.CC,20,200,10,0.0,10000.0,1.0,1.0,0.0,0.0,0.0
product.Seral.area.young.CWHvm_HW_CW_H.CC,21,210,10,0.0,10000.0,1.0,1.0,0.0,0.0,0.0
product.Seral.area.young.CWHvm_HW_CW_H.CC,22,220,10,0.0,10000.0,1.0,1.0,0.0,0.0,0.0
product.Seral.area.young.CWHvm_HW_CW_H.CC,23,230,10,0.0,10000.0,1.0,1.0,0.0,0.0,0.0
product.Seral.area.young.CWHvm_HW_CW_H.CC,24,240,10,0.0,10000.0,1.0,1.0,0.0,0.0,0.0
product.Seral.area.young.CWHvm_HW_CW_H.CC,25,250,10,0.0,10000.0,1.0,1.0,0.0,0.0,0.0
product.Seral.area.young.CWHvm_HW_CW_H.CC,26,260,10,0.0,10000.0,1.0,1.0,0.0,0.0,0.0
product.Seral.area.young.CWHvm_HW_CW_H.CC,27,270,10,0.0,10000.0,1.0,1.0,0.0,0.0,0.0
product.Seral.area.young.CWHvm_HW_CW_H.CC,28,280,10,0.0,10000.0,1.0,1.0,0.0,0.0,0.0
product.Seral.area.young.CWHvm_HW_CW_H.CC,29,290,10,0.0,10000.0,1.0,1.0,0.0,0.0,0.0
product.Seral.area.young.CWHvm_HW_CW_H.CC,30,300,10,0.0,10000.0,1.0,1.0,0.0,0.0,0.0
product.Seral.area.young.CWHvm_HW_CW_L.CC,0,0,10,0.0,10000.0,1.0,1.0,0.0,0.0,0.0
product.Seral.area.young.CWHvm_HW_CW_L.CC,1,10,10,0.0,10000.0,1.0,1.0,0.0,0.0,0.0
product.Seral.area.young.CWHvm_HW_CW_L.CC,2,20,10,0.0,10000.0,1.0,1.0,0.0,0.0,0.0
product.Seral.area.young.CWHvm_HW_CW_L.CC,3,30,10,0.0,10000.0,1.0,1.0,0.0,0.0,0.0
product.Seral.area.young.CWHvm_HW_CW_L.CC,4,40,10,0.0,10000.0,1.0,1.0,0.0,0.0,0.0
product.Seral.area.young.CWHvm_HW_CW_L.CC,5,50,10,0.0,10000.0,1.0,1.0,0.0,0.0,0.0
product.Seral.area.young.CWHvm_HW_CW_L.CC,6,60,10,0.0,10000.0,1.0,1.0,0.0,0.0,0.0
product.Seral.area.young.CWHvm_HW_CW_L.CC,7,70,10,0.0,10000.0,1.0,1.0,0.0,0.0,0.0
product.Seral.area.young.CWHvm_HW_CW_L.CC,8,80,10,0.0,10000.0,1.0,1.0,0.0,0.0,0.0
product.Seral.area.young.CWHvm_HW_CW_L.CC,9,90,10,0.0,10000.0,1.0,1.0,0.0,0.0,0.0
product.Seral.area.young.CWHvm_HW_CW_L.CC,10,100,10,0.0,10000.0,1.0,1.0,0.0,0.0,0.0
product.Seral.area.young.CWHvm_HW_CW_L.CC,11,110,10,0.0,10000.0,1.0,1.0,0.0,0.0,0.0
product.Seral.area.young.CWHvm_HW_CW_L.CC,12,120,10,0.0,10000.0,1.0,1.0,0.0,0.0,0.0
product.Seral.area.young.CWHvm_HW_CW_L.CC,13,130,10,0.0,10000.0,1.0,1.0,0.0,0.0,0.0
product.Seral.area.young.CWHvm_HW_CW_L.CC,14,140,10,0.0,10000.0,1.0,1.0,0.0,0.0,0.0
product.Seral.area.young.CWHvm_HW_CW_L.CC,15,150,10,0.0,10000.0,1.0,1.0,0.0,0.0,0.0
product.Seral.area.young.CWHvm_HW_CW_L.CC,16,160,10,0.0,10000.0,1.0,1.0,0.0,0.0,0.0
product.Seral.area.young.CWHvm_HW_CW_L.CC,17,170,10,0.0,10000.0,1.0,1.0,0.0,0.0,0.0
product.Seral.area.young.CWHvm_HW_CW_L.CC,18,180,10,0.0,10000.0,1.0,1.0,0.0,0.0,0.0
product.Seral.area.young.CWHvm_HW_CW_L.CC,19,190,10,0.0,10000.0,1.0,1.0,0.0,0.0,0.0
product.Seral.area.young.CWHvm_HW_CW_L.CC,20,200,10,0.0,10000.0,1.0,1.0,0.0,0.0,0.0
product.Seral.area.young.CWHvm_HW_CW_L.CC,21,210,10,0.0,10000.0,1.0,1.0,0.0,0.0,0.0
product.Seral.area.young.CWHvm_HW_CW_L.CC,22,220,10,0.0,10000.0,1.0,1.0,0.0,0.0,0.0
product.Seral.area.young.CWHvm_HW_CW_L.CC,23,230,10,0.0,10000.0,1.0,1.0,0.0,0.0,0.0
product.Seral.area.young.CWHvm_HW_CW_L.CC,24,240,10,0.0,10000.0,1.0,1.0,0.0,0.0,0.0
product.Seral.area.young.CWHvm_HW_CW_L.CC,25,250,10,0.0,10000.0,1.0,1.0,0.0,0.0,0.0
product.Seral.area.young.CWHvm_HW_CW_L.CC,26,260,10,0.0,10000.0,1.0,1.0,0.0,0.0,0.0
product.Seral.area.young.CWHvm_HW_CW_L.CC,27,270,10,0.0,10000.0,1.0,1.0,0.0,0.0,0.0
product.Seral.area.young.CWHvm_HW_CW_L.CC,28,280,10,0.0,10000.0,1.0,1.0,0.0,0.0,0.0
product.Seral.area.young.CWHvm_HW_CW_L.CC,29,290,10,0.0,10000.0,1.0,1.0,0.0,0.0,0.0
product.Seral.area.young.CWHvm_HW_CW_L.CC,30,300,10,0.0,10000.0,1.0,1.0,0.0,0.0,0.0
product.Seral.area.young.CWHvm_HW_CW_M.CC,0,0,10,0.0,10000.0,1.0,1.0,0.0,0.0,0.0
product.Seral.area.young.CWHvm_HW_CW_M.CC,1,10,10,0.0,10000.0,1.0,1.0,0.0,0.0,0.0
product.Seral.area.young.CWHvm_HW_CW_M.CC,2,20,10,0.0,10000.0,1.0,1.0,0.0,0.0,0.0
product.Seral.area.young.CWHvm_HW_CW_M.CC,3,30,10,0.0,10000.0,1.0,1.0,0.0,0.0,0.0
product.Seral.area.young.CWHvm_HW_CW_M.CC,4,40,10,0.0,10000.0,1.0,1.0,0.0,0.0,0.0
product.Seral.area.young.CWHvm_HW_CW_M.CC,5,50,10,0.0,10000.0,1.0,1.0,0.0,0.0,0.0
product.Seral.area.young.CWHvm_HW_CW_M.CC,6,60,10,0.0,10000.0,1.0,1.0,0.0,0.0,0.0
product.Seral.area.young.CWHvm_HW_CW_M.CC,7,70,10,0.0,10000.0,1.0,1.0,0.0,0.0,0.0
product.Seral.area.young.CWHvm_HW_CW_M.CC,8,80,10,0.0,10000.0,1.0,1.0,0.0,0.0,0.0
product.Seral.area.young.CWHvm_HW_CW_M.CC,9,90,10,0.0,10000.0,1.0,1.0,0.0,0.0,0.0
product.Seral.area.young.CWHvm_HW_CW_M.CC,10,100,10,0.0,10000.0,1.0,1.0,0.0,0.0,0.0
product.Seral.area.young.CWHvm_HW_CW_M.CC,11,110,10,0.0,10000.0,1.0,1.0,0.0,0.0,0.0
product.Seral.area.young.CWHvm_HW_CW_M.CC,12,120,10,0.0,10000.0,1.0,1.0,0.0,0.0,0.0
product.Seral.area.young.CWHvm_HW_CW_M.CC,13,130,10,0.0,10000.0,1.0,1.0,0.0,0.0,0.0
product.Seral.area.young.CWHvm_HW_CW_M.CC,14,140,10,0.0,10000.0,1.0,1.0,0.0,0.0,0.0
product.Seral.area.young.CWHvm_HW_CW_M.CC,15,150,10,0.0,10000.0,1.0,1.0,0.0,0.0,0.0
product.Seral.area.young.CWHvm_HW_CW_M.CC,16,160,10,0.0,10000.0,1.0,1.0,0.0,0.0,0.0
product.Seral.area.young.CWHvm_HW_CW_M.CC,17,170,10,0.0,10000.0,1.0,1.0,0.0,0.0,0.0
product.Seral.area.young.CWHvm_HW_CW_M.CC,18,180,10,0.0,10000.0,1.0,1.0,0.0,0.0,0.0
product.Seral.area.young.CWHvm_HW_CW_M.CC,19,190,10,0.0,10000.0,1.0,1.0,0.0,0.0,0.0
product.Seral.area.young.CWHvm_HW_CW_M.CC,20,200,10,0.0,10000.0,1.0,1.0,0.0,0.0,0.0
product.Seral.area.young.CWHvm_HW_CW_M.CC,21,210,10,0.0,10000.0,1.0,1.0,0.0,0.0,0.0
product.Seral.area.young.CWHvm_HW_CW_M.CC,22,220,10,0.0,10000.0,1.0,1.0,0.0,0.0,0.0
product.Seral.area.young.CWHvm_HW_CW_M.CC,23,230,10,0.0,10000.0,1.0,1.0,0.0,0.0,0.0
product.Seral.area.young.CWHvm_HW_CW_M.CC,24,240,10,0.0,10000.0,1.0,1.0,0.0,0.0,0.0
product.Seral.area.young.CWHvm_HW_CW_M.CC,25,250,10,0.0,10000.0,1.0,1.0,0.0,0.0,0.0
product.Seral.area.young.CWHvm_HW_CW_M.CC,26,260,10,0.0,10000.0,1.0,1.0,0.0,0.0,0.0
product.Seral.area.young.CWHvm_HW_CW_M.CC,27,270,10,0.0,10000.0,1.0,1.0,0.0,0.0,0.0
product.Seral.area.young.CWHvm_HW_CW_M.CC,28,280,10,0.0,10000.0,1.0,1.0,0.0,0.0,0.0
product.Seral.area.young.CWHvm_HW_CW_M.CC,29,290,10,0.0,10000.0,1.0,1.0,0.0,0.0,0.0
product.Seral.area.young.CWHvm_HW_CW_M.CC,30,300,10,0.0,10000.0,1.0,1.0,0.0,0.0,0.0
product.Seral.area.young.CWHvm_HW_FDC_H.CC,0,0,10,0.0,10000.0,1.0,1.0,0.0,0.0,0.0
product.Seral.area.young.CWHvm_HW_FDC_H.CC,1,10,10,0.0,10000.0,1.0,1.0,0.0,0.0,0.0
product.Seral.area.young.CWHvm_HW_FDC_H.CC,2,20,10,0.0,10000.0,1.0,1.0,0.0,0.0,0.0
product.Seral.area.young.CWHvm_HW_FDC_H.CC,3,30,10,0.0,10000.0,1.0,1.0,0.0,0.0,0.0
product.Seral.area.young.CWHvm_HW_FDC_H.CC,4,40,10,0.0,10000.0,1.0,1.0,0.0,0.0,0.0
product.Seral.area.young.CWHvm_HW_FDC_H.CC,5,50,10,0.0,10000.0,1.0,1.0,0.0,0.0,0.0
product.Seral.area.young.CWHvm_HW_FDC_H.CC,6,60,10,0.0,10000.0,1.0,1.0,0.0,0.0,0.0
product.Seral.area.young.CWHvm_HW_FDC_H.CC,7,70,10,0.0,10000.0,1.0,1.0,0.0,0.0,0.0
product.Seral.area.young.CWHvm_HW_FDC_H.CC,8,80,10,0.0,10000.0,1.0,1.0,0.0,0.0,0.0
product.Seral.area.young.CWHvm_HW_FDC_H.CC,9,90,10,0.0,10000.0,1.0,1.0,0.0,0.0,0.0
product.Seral.area.young.CWHvm_HW_FDC_H.CC,10,100,10,0.0,10000.0,1.0,1.0,0.0,0.0,0.0
product.Seral.area.young.CWHvm_HW_FDC_H.CC,11,110,10,0.0,10000.0,1.0,1.0,0.0,0.0,0.0
product.Seral.area.young.CWHvm_HW_FDC_H.CC,12,120,10,0.0,10000.0,1.0,1.0,0.0,0.0,0.0
product.Seral.area.young.CWHvm_HW_FDC_H.CC,13,130,10,0.0,10000.0,1.0,1.0,0.0,0.0,0.0
product.Seral.area.young.CWHvm_HW_FDC_H.CC,14,140,10,0.0,10000.0,1.0,1.0,0.0,0.0,0.0
product.Seral.area.young.CWHvm_HW_FDC_H.CC,15,150,10,0.0,10000.0,1.0,1.0,0.0,0.0,0.0
product.Seral.area.young.CWHvm_HW_FDC_H.CC,16,160,10,0.0,10000.0,1.0,1.0,0.0,0.0,0.0
product.Seral.area.young.CWHvm_HW_FDC_H.CC,17,170,10,0.0,10000.0,1.0,1.0,0.0,0.0,0.0
product.Seral.area.young.CWHvm_HW_FDC_H.CC,18,180,10,0.0,10000.0,1.0,1.0,0.0,0.0,0.0
product.Seral.area.young.CWHvm_HW_FDC_H.CC,19,190,10,0.0,10000.0,1.0,1.0,0.0,0.0,0.0
product.Seral.area.young.CWHvm_HW_FDC_H.CC,20,200,10,0.0,10000.0,1.0,1.0,0.0,0.0,0.0
product.Seral.area.young.CWHvm_HW_FDC_H.CC,21,210,10,0.0,10000.0,1.0,1.0,0.0,0.0,0.0
product.Seral.area.young.CWHvm_HW_FDC_H.CC,22,220,10,0.0,10000.0,1.0,1.0,0.0,0.0,0.0
product.Seral.area.young.CWHvm_HW_FDC_H.CC,23,230,10,0.0,10000.0,1.0,1.0,0.0,0.0,0.0
product.Seral.area.young.CWHvm_HW_FDC_H.CC,24,240,10,0.0,10000.0,1.0,1.0,0.0,0.0,0.0
product.Seral.area.young.CWHvm_HW_FDC_H.CC,25,250,10,0.0,10000.0,1.0,1.0,0.0,0.0,0.0
product.Seral.area.young.CWHvm_HW_FDC_H.CC,26,260,10,0.0,10000.0,1.0,1.0,0.0,0.0,0.0
product.Seral.area.young.CWHvm_HW_FDC_H.CC,27,270,10,0.0,10000.0,1.0,1.0,0.0,0.0,0.0
product.Seral.area.young.CWHvm_HW_FDC_H.CC,28,280,10,0.0,10000.0,1.0,1.0,0.0,0.0,0.0
product.Seral.area.young.CWHvm_HW_FDC_H.CC,29,290,10,0.0,10000.0,1.0,1.0,0.0,0.0,0.0
product.Seral.area.young.CWHvm_HW_FDC_H.CC,30,300,10,0.0,10000.0,1.0,1.0,0.0,0.0,0.0
product.Seral.area.young.CWHvm_HW_FDC_L.CC,0,0,10,0.0,10000.0,1.0,1.0,0.0,0.0,0.0
product.Seral.area.young.CWHvm_HW_FDC_L.CC,1,10,10,0.0,10000.0,1.0,1.0,0.0,0.0,0.0
product.Seral.area.young.CWHvm_HW_FDC_L.CC,2,20,10,0.0,10000.0,1.0,1.0,0.0,0.0,0.0
product.Seral.area.young.CWHvm_HW_FDC_L.CC,3,30,10,0.0,10000.0,1.0,1.0,0.0,0.0,0.0
product.Seral.area.young.CWHvm_HW_FDC_L.CC,4,40,10,0.0,10000.0,1.0,1.0,0.0,0.0,0.0
product.Seral.area.young.CWHvm_HW_FDC_L.CC,5,50,10,0.0,10000.0,1.0,1.0,0.0,0.0,0.0
product.Seral.area.young.CWHvm_HW_FDC_L.CC,6,60,10,0.0,10000.0,1.0,1.0,0.0,0.0,0.0
product.Seral.area.young.CWHvm_HW_FDC_L.CC,7,70,10,0.0,10000.0,1.0,1.0,0.0,0.0,0.0
product.Seral.area.young.CWHvm_HW_FDC_L.CC,8,80,10,0.0,10000.0,1.0,1.0,0.0,0.0,0.0
product.Seral.area.young.CWHvm_HW_FDC_L.CC,9,90,10,0.0,10000.0,1.0,1.0,0.0,0.0,0.0
product.Seral.area.young.CWHvm_HW_FDC_L.CC,10,100,10,0.0,10000.0,1.0,1.0,0.0,0.0,0.0
product.Seral.area.young.CWHvm_HW_FDC_L.CC,11,110,10,0.0,10000.0,1.0,1.0,0.0,0.0,0.0
product.Seral.area.young.CWHvm_HW_FDC_L.CC,12,120,10,0.0,10000.0,1.0,1.0,0.0,0.0,0.0
product.Seral.area.young.CWHvm_HW_FDC_L.CC,13,130,10,0.0,10000.0,1.0,1.0,0.0,0.0,0.0
product.Seral.area.young.CWHvm_HW_FDC_L.CC,14,140,10,0.0,10000.0,1.0,1.0,0.0,0.0,0.0
product.Seral.area.young.CWHvm_HW_FDC_L.CC,15,150,10,0.0,10000.0,1.0,1.0,0.0,0.0,0.0
product.Seral.area.young.CWHvm_HW_FDC_L.CC,16,160,10,0.0,10000.0,1.0,1.0,0.0,0.0,0.0
product.Seral.area.young.CWHvm_HW_FDC_L.CC,17,170,10,0.0,10000.0,1.0,1.0,0.0,0.0,0.0
product.Seral.area.young.CWHvm_HW_FDC_L.CC,18,180,10,0.0,10000.0,1.0,1.0,0.0,0.0,0.0
product.Seral.area.young.CWHvm_HW_FDC_L.CC,19,190,10,0.0,10000.0,1.0,1.0,0.0,0.0,0.0
product.Seral.area.young.CWHvm_HW_FDC_L.CC,20,200,10,0.0,10000.0,1.0,1.0,0.0,0.0,0.0
product.Seral.area.young.CWHvm_HW_FDC_L.CC,21,210,10,0.0,10000.0,1.0,1.0,0.0,0.0,0.0
product.Seral.area.young.CWHvm_HW_FDC_L.CC,22,220,10,0.0,10000.0,1.0,1.0,0.0,0.0,0.0
product.Seral.area.young.CWHvm_HW_FDC_L.CC,23,230,10,0.0,10000.0,1.0,1.0,0.0,0.0,0.0
product.Seral.area.young.CWHvm_HW_FDC_L.CC,24,240,10,0.0,10000.0,1.0,1.0,0.0,0.0,0.0
product.Seral.area.young.CWHvm_HW_FDC_L.CC,25,250,10,0.0,10000.0,1.0,1.0,0.0,0.0,0.0
product.Seral.area.young.CWHvm_HW_FDC_L.CC,26,260,10,0.0,10000.0,1.0,1.0,0.0,0.0,0.0
product.Seral.area.young.CWHvm_HW_FDC_L.CC,27,270,10,0.0,10000.0,1.0,1.0,0.0,0.0,0.0
product.Seral.area.young.CWHvm_HW_FDC_L.CC,28,280,10,0.0,10000.0,1.0,1.0,0.0,0.0,0.0
product.Seral.area.young.CWHvm_HW_FDC_L.CC,29,290,10,0.0,10000.0,1.0,1.0,0.0,0.0,0.0
product.Seral.area.young.CWHvm_HW_FDC_L.CC,30,300,10,0.0,10000.0,1.0,1.0,0.0,0.0,0.0
product.Seral.area.young.CWHvm_HW_SS_M.CC,0,0,10,0.0,10000.0,1.0,1.0,0.0,0.0,0.0
product.Seral.area.young.CWHvm_HW_SS_M.CC,1,10,10,0.0,10000.0,1.0,1.0,0.0,0.0,0.0
product.Seral.area.young.CWHvm_HW_SS_M.CC,2,20,10,0.0,10000.0,1.0,1.0,0.0,0.0,0.0
product.Seral.area.young.CWHvm_HW_SS_M.CC,3,30,10,0.0,10000.0,1.0,1.0,0.0,0.0,0.0
product.Seral.area.young.CWHvm_HW_SS_M.CC,4,40,10,0.0,10000.0,1.0,1.0,0.0,0.0,0.0
product.Seral.area.young.CWHvm_HW_SS_M.CC,5,50,10,0.0,10000.0,1.0,1.0,0.0,0.0,0.0
product.Seral.area.young.CWHvm_HW_SS_M.CC,6,60,10,0.0,10000.0,1.0,1.0,0.0,0.0,0.0
product.Seral.area.young.CWHvm_HW_SS_M.CC,7,70,10,0.0,10000.0,1.0,1.0,0.0,0.0,0.0
product.Seral.area.young.CWHvm_HW_SS_M.CC,8,80,10,0.0,10000.0,1.0,1.0,0.0,0.0,0.0
product.Seral.area.young.CWHvm_HW_SS_M.CC,9,90,10,0.0,10000.0,1.0,1.0,0.0,0.0,0.0
product.Seral.area.young.CWHvm_HW_SS_M.CC,10,100,10,0.0,10000.0,1.0,1.0,0.0,0.0,0.0
product.Seral.area.young.CWHvm_HW_SS_M.CC,11,110,10,0.0,10000.0,1.0,1.0,0.0,0.0,0.0
product.Seral.area.young.CWHvm_HW_SS_M.CC,12,120,10,0.0,10000.0,1.0,1.0,0.0,0.0,0.0
product.Seral.area.young.CWHvm_HW_SS_M.CC,13,130,10,0.0,10000.0,1.0,1.0,0.0,0.0,0.0
product.Seral.area.young.CWHvm_HW_SS_M.CC,14,140,10,0.0,10000.0,1.0,1.0,0.0,0.0,0.0
product.Seral.area.young.CWHvm_HW_SS_M.CC,15,150,10,0.0,10000.0,1.0,1.0,0.0,0.0,0.0
product.Seral.area.young.CWHvm_HW_SS_M.CC,16,160,10,0.0,10000.0,1.0,1.0,0.0,0.0,0.0
product.Seral.area.young.CWHvm_HW_SS_M.CC,17,170,10,0.0,10000.0,1.0,1.0,0.0,0.0,0.0
product.Seral.area.young.CWHvm_HW_SS_M.CC,18,180,10,0.0,10000.0,1.0,1.0,0.0,0.0,0.0
product.Seral.area.young.CWHvm_HW_SS_M.CC,19,190,10,0.0,10000.0,1.0,1.0,0.0,0.0,0.0
product.Seral.area.young.CWHvm_HW_SS_M.CC,20,200,10,0.0,10000.0,1.0,1.0,0.0,0.0,0.0
product.Seral.area.young.CWHvm_HW_SS_M.CC,21,210,10,0.0,10000.0,1.0,1.0,0.0,0.0,0.0
product.Seral.area.young.CWHvm_HW_SS_M.CC,22,220,10,0.0,10000.0,1.0,1.0,0.0,0.0,0.0
product.Seral.area.young.CWHvm_HW_SS_M.CC,23,230,10,0.0,10000.0,1.0,1.0,0.0,0.0,0.0
product.Seral.area.young.CWHvm_HW_SS_M.CC,24,240,10,0.0,10000.0,1.0,1.0,0.0,0.0,0.0
product.Seral.area.young.CWHvm_HW_SS_M.CC,25,250,10,0.0,10000.0,1.0,1.0,0.0,0.0,0.0
product.Seral.area.young.CWHvm_HW_SS_M.CC,26,260,10,0.0,10000.0,1.0,1.0,0.0,0.0,0.0
product.Seral.area.young.CWHvm_HW_SS_M.CC,27,270,10,0.0,10000.0,1.0,1.0,0.0,0.0,0.0
product.Seral.area.young.CWHvm_HW_SS_M.CC,28,280,10,0.0,10000.0,1.0,1.0,0.0,0.0,0.0
product.Seral.area.young.CWHvm_HW_SS_M.CC,29,290,10,0.0,10000.0,1.0,1.0,0.0,0.0,0.0
product.Seral.area.young.CWHvm_HW_SS_M.CC,30,300,10,0.0,10000.0,1.0,1.0,0.0,0.0,0.0
product.SpeciesProp.managed.CW,0,0,10,0.0,10000.0,1.0,1.0,0.0,0.0,0.0
product.SpeciesProp.managed.CW,1,10,10,0.0,10000.0,1.0,1.0,8.760000228881836,0.0,0.0
product.SpeciesProp.managed.CW,2,20,10,0.0,10000.0,1.0,1.0,8.880999565124512,0.0,0.0
product.SpeciesProp.managed.CW,3,30,10,0.0,10000.0,1.0,1.0,12.935999870300293,0.0,0.0
product.SpeciesProp.managed.CW,4,40,10,0.0,10000.0,1.0,1.0,14.944999694824219,0.0,0.0
product.SpeciesProp.managed.CW,5,50,10,0.0,10000.0,1.0,1.0,9.906999588012695,0.0,0.0
product.SpeciesProp.managed.CW,6,60,10,0.0,10000.0,1.0,1.0,12.112000465393066,0.0,0.0
product.SpeciesProp.managed.CW,7,70,10,0.0,10000.0,1.0,1.0,7.144000053405762,0.0,0.0
product.SpeciesProp.managed.CW,8,80,10,0.0,10000.0,1.0,1.0,6.007999897003174,0.0,0.0
product.SpeciesProp.managed.CW,9,90,10,0.0,10000.0,1.0,1.0,15.630000114440918,0.0,0.0
product.SpeciesProp.managed.CW,10,100,10,0.0,10000.0,1.0,1.0,15.4350004196167,0.0,0.0
product.SpeciesProp.managed.CW,11,110,10,0.0,10000.0,1.0,1.0,15.432000160217285,0.0,0.0
product.SpeciesProp.managed.CW,12,120,10,0.0,10000.0,1.0,1.0,18.173999786376953,0.0,0.0
product.SpeciesProp.managed.CW,13,130,10,0.0,10000.0,1.0,1.0,12.015999794006348,0.0,0.0
product.SpeciesProp.managed.CW,14,140,10,0.0,10000.0,1.0,1.0,12.470999717712402,0.0,0.0
product.SpeciesProp.managed.CW,15,150,10,0.0,10000.0,1.0,1.0,8.166000366210938,0.0,0.0
product.SpeciesProp.managed.CW,16,160,10,0.0,10000.0,1.0,1.0,13.982999801635742,0.0,0.0
product.SpeciesProp.managed.CW,17,170,10,0.0,10000.0,1.0,1.0,16.63800048828125,0.0,0.0
product.SpeciesProp.managed.CW,18,180,10,0.0,10000.0,1.0,1.0,16.472000122070312,0.0,0.0
product.SpeciesProp.managed.CW,19,190,10,0.0,10000.0,1.0,1.0,13.717000007629395,0.0,0.0
product.SpeciesProp.managed.CW,20,200,10,0.0,10000.0,1.0,1.0,20.584999084472656,0.0,0.0
product.SpeciesProp.managed.CW,21,210,10,0.0,10000.0,1.0,1.0,14.802000045776367,0.0,0.0
product.SpeciesProp.managed.CW,22,220,10,0.0,10000.0,1.0,1.0,11.137999534606934,0.0,0.0
product.SpeciesProp.managed.CW,23,230,10,0.0,10000.0,1.0,1.0,16.05299949645996,0.0,0.0
product.SpeciesProp.managed.CW,24,240,10,0.0,10000.0,1.0,1.0,18.450000762939453,0.0,0.0
product.SpeciesProp.managed.CW,25,250,10,0.0,10000.0,1.0,1.0,17.040000915527344,0.0,0.0
product.SpeciesProp.managed.CW,26,260,10,0.0,10000.0,1.0,1.0,11.27400016784668,0.0,0.0
product.SpeciesProp.managed.CW,27,270,10,0.0,10000.0,1.0,1.0,17.655000686645508,0.0,0.0
product.SpeciesProp.managed.CW,28,280,10,0.0,10000.0,1.0,1.0,13.789999961853027,0.0,0.0
product.SpeciesProp.managed.CW,29,290,10,0.0,10000.0,1.0,1.0,14.317000389099121,0.0,0.0
product.SpeciesProp.managed.CW,30,300,10,0.0,10000.0,1.0,1.0,16.850000381469727,0.0,0.0
product.SpeciesProp.managed.FDC,0,0,10,0.0,10000.0,1.0,1.0,0.0,0.0,0.0
product.SpeciesProp.managed.FDC,1,10,10,0.0,10000.0,1.0,1.0,35.04100036621094,0.0,0.0
product.SpeciesProp.managed.FDC,2,20,10,0.0,10000.0,1.0,1.0,11.895999908447266,0.0,0.0
product.SpeciesProp.managed.FDC,3,30,10,0.0,10000.0,1.0,1.0,36.80500030517578,0.0,0.0
product.SpeciesProp.managed.FDC,4,40,10,0.0,10000.0,1.0,1.0,25.711999893188477,0.0,0.0
product.SpeciesProp.managed.FDC,5,50,10,0.0,10000.0,1.0,1.0,7.552999973297119,0.0,0.0
product.SpeciesProp.managed.FDC,6,60,10,0.0,10000.0,1.0,1.0,38.012001037597656,0.0,0.0
product.SpeciesProp.managed.FDC,7,70,10,0.0,10000.0,1.0,1.0,8.848999977111816,0.0,0.0
product.SpeciesProp.managed.FDC,8,80,10,0.0,10000.0,1.0,1.0,17.708999633789062,0.0,0.0
product.SpeciesProp.managed.FDC,9,90,10,0.0,10000.0,1.0,1.0,48.39099884033203,0.0,0.0
product.SpeciesProp.managed.FDC,10,100,10,0.0,10000.0,1.0,1.0,11.291999816894531,0.0,0.0
product.SpeciesProp.managed.FDC,11,110,10,0.0,10000.0,1.0,1.0,29.97800064086914,0.0,0.0
product.SpeciesProp.managed.FDC,12,120,10,0.0,10000.0,1.0,1.0,33.2130012512207,0.0,0.0
product.SpeciesProp.managed.FDC,13,130,10,0.0,10000.0,1.0,1.0,10.866999626159668,0.0,0.0
product.SpeciesProp.managed.FDC,14,140,10,0.0,10000.0,1.0,1.0,9.333000183105469,0.0,0.0
product.SpeciesProp.managed.FDC,15,150,10,0.0,10000.0,1.0,1.0,15.211000442504883,0.0,0.0
product.SpeciesProp.managed.FDC,16,160,10,0.0,10000.0,1.0,1.0,40.279998779296875,0.0,0.0
product.SpeciesProp.managed.FDC,17,170,10,0.0,10000.0,1.0,1.0,39.124000549316406,0.0,0.0
product.SpeciesProp.managed.FDC,18,180,10,0.0,10000.0,1.0,1.0,25.966999053955078,0.0,0.0
product.SpeciesProp.managed.FDC,19,190,10,0.0,10000.0,1.0,1.0,42.930999755859375,0.0,0.0
product.SpeciesProp.managed.FDC,20,200,10,0.0,10000.0,1.0,1.0,11.866999626159668,0.0,0.0
product.SpeciesProp.managed.FDC,21,210,10,0.0,10000.0,1.0,1.0,52.04899978637695,0.0,0.0
product.SpeciesProp.managed.FDC,22,220,10,0.0,10000.0,1.0,1.0,28.77899932861328,0.0,0.0
product.SpeciesProp.managed.FDC,23,230,10,0.0,10000.0,1.0,1.0,58.797000885009766,0.0,0.0
product.SpeciesProp.managed.FDC,24,240,10,0.0,10000.0,1.0,1.0,37.89899826049805,0.0,0.0
product.SpeciesProp.managed.FDC,25,250,10,0.0,10000.0,1.0,1.0,17.405000686645508,0.0,0.0
product.SpeciesProp.managed.FDC,26,260,10,0.0,10000.0,1.0,1.0,15.449999809265137,0.0,0.0
product.SpeciesProp.managed.FDC,27,270,10,0.0,10000.0,1.0,1.0,23.388999938964844,0.0,0.0
product.SpeciesProp.managed.FDC,28,280,10,0.0,10000.0,1.0,1.0,12.470999717712402,0.0,0.0
product.SpeciesProp.managed.FDC,29,290,10,0.0,10000.0,1.0,1.0,24.99799919128418,0.0,0.0
product.SpeciesProp.managed.FDC,30,300,10,0.0,10000.0,1.0,1.0,41.374000549316406,0.0,0.0
product.SpeciesProp.managed.HW,0,0,10,0.0,10000.0,1.0,1.0,0.0,0.0,0.0
product.SpeciesProp.managed.HW,1,10,10,0.0,10000.0,1.0,1.0,14.600000381469727,0.0,0.0
product.SpeciesProp.managed.HW,2,20,10,0.0,10000.0,1.0,1.0,27.878000259399414,0.0,0.0
product.SpeciesProp.managed.HW,3,30,10,0.0,10000.0,1.0,1.0,31.364999771118164,0.0,0.0
product.SpeciesProp.managed.HW,4,40,10,0.0,10000.0,1.0,1.0,43.67300033569336,0.0,0.0
product.SpeciesProp.managed.HW,5,50,10,0.0,10000.0,1.0,1.0,33.310001373291016,0.0,0.0
product.SpeciesProp.managed.HW,6,60,10,0.0,10000.0,1.0,1.0,25.652999877929688,0.0,0.0
product.SpeciesProp.managed.HW,7,70,10,0.0,10000.0,1.0,1.0,22.238000869750977,0.0,0.0
product.SpeciesProp.managed.HW,8,80,10,0.0,10000.0,1.0,1.0,13.326000213623047,0.0,0.0
product.SpeciesProp.managed.HW,9,90,10,0.0,10000.0,1.0,1.0,33.70000076293945,0.0,0.0
product.SpeciesProp.managed.HW,10,100,10,0.0,10000.0,1.0,1.0,52.849998474121094,0.0,0.0
product.SpeciesProp.managed.HW,11,110,10,0.0,10000.0,1.0,1.0,44.45000076293945,0.0,0.0
product.SpeciesProp.managed.HW,12,120,10,0.0,10000.0,1.0,1.0,53.07099914550781,0.0,0.0
product.SpeciesProp.managed.HW,13,130,10,0.0,10000.0,1.0,1.0,39.507999420166016,0.0,0.0
product.SpeciesProp.managed.HW,14,140,10,0.0,10000.0,1.0,1.0,42.02799987792969,0.0,0.0
product.SpeciesProp.managed.HW,15,150,10,0.0,10000.0,1.0,1.0,22.7549991607666,0.0,0.0
product.SpeciesProp.managed.HW,16,160,10,0.0,10000.0,1.0,1.0,31.843000411987305,0.0,0.0
product.SpeciesProp.managed.HW,17,170,10,0.0,10000.0,1.0,1.0,42.090999603271484,0.0,0.0
product.SpeciesProp.managed.HW,18,180,10,0.0,10000.0,1.0,1.0,48.36399841308594,0.0,0.0
product.SpeciesProp.managed.HW,19,190,10,0.0,10000.0,1.0,1.0,34.01599884033203,0.0,0.0
product.SpeciesProp.managed.HW,20,200,10,0.0,10000.0,1.0,1.0,71.68499755859375,0.0,0.0
product.SpeciesProp.managed.HW,21,210,10,0.0,10000.0,1.0,1.0,28.416000366210938,0.0,0.0
product.SpeciesProp.managed.HW,22,220,10,0.0,10000.0,1.0,1.0,26.826000213623047,0.0,0.0
product.SpeciesProp.managed.HW,23,230,10,0.0,10000.0,1.0,1.0,29.591999053955078,0.0,0.0
product.SpeciesProp.managed.HW,24,240,10,0.0,10000.0,1.0,1.0,49.55400085449219,0.0,0.0
product.SpeciesProp.managed.HW,25,250,10,0.0,10000.0,1.0,1.0,54.983001708984375,0.0,0.0
product.SpeciesProp.managed.HW,26,260,10,0.0,10000.0,1.0,1.0,35.27199935913086,0.0,0.0
product.SpeciesProp.managed.HW,27,270,10,0.0,10000.0,1.0,1.0,54.50899887084961,0.0,0.0
product.SpeciesProp.managed.HW,28,280,10,0.0,10000.0,1.0,1.0,46.981998443603516,0.0,0.0
product.SpeciesProp.managed.HW,29,290,10,0.0,10000.0,1.0,1.0,41.683998107910156,0.0,0.0
product.SpeciesProp.managed.HW,30,300,10,0.0,10000.0,1.0,1.0,43.016998291015625,0.0,0.0
product.Treated.managed.CWHvm_CW_HW_M.CC,0,0,10,0.0,10000.0,1.0,1.0,0.0,0.0,0.0
product.Treated.managed.CWHvm_CW_HW_M.CC,1,10,10,0.0,10000.0,1.0,1.0,1.4229999780654907,0.0,0.0
product.Treated.managed.CWHvm_CW_HW_M.CC,2,20,10,0.0,10000.0,1.0,1.0,0.0,0.0,0.0
product.Treated.managed.CWHvm_CW_HW_M.CC,3,30,10,0.0,10000.0,1.0,1.0,0.0,0.0,0.0
product.Treated.managed.CWHvm_CW_HW_M.CC,4,40,10,0.0,10000.0,1.0,1.0,0.0,0.0,0.0
product.Treated.managed.CWHvm_CW_HW_M.CC,5,50,10,0.0,10000.0,1.0,1.0,0.0,0.0,0.0
product.Treated.managed.CWHvm_CW_HW_M.CC,6,60,10,0.0,10000.0,1.0,1.0,0.0,0.0,0.0
product.Treated.managed.CWHvm_CW_HW_M.CC,7,70,10,0.0,10000.0,1.0,1.0,23.218000411987305,0.0,0.0
product.Treated.managed.CWHvm_CW_HW_M.CC,8,80,10,0.0,10000.0,1.0,1.0,0.0,0.0,0.0
product.Treated.managed.CWHvm_CW_HW_M.CC,9,90,10,0.0,10000.0,1.0,1.0,0.0,0.0,0.0
product.Treated.managed.CWHvm_CW_HW_M.CC,10,100,10,0.0,10000.0,1.0,1.0,0.0,0.0,0.0
product.Treated.managed.CWHvm_CW_HW_M.CC,11,110,10,0.0,10000.0,1.0,1.0,0.0,0.0,0.0
product.Treated.managed.CWHvm_CW_HW_M.CC,12,120,10,0.0,10000.0,1.0,1.0,0.0,0.0,0.0
product.Treated.managed.CWHvm_CW_HW_M.CC,13,130,10,0.0,10000.0,1.0,1.0,0.9950000047683716,0.0,0.0
product.Treated.managed.CWHvm_CW_HW_M.CC,14,140,10,0.0,10000.0,1.0,1.0,6.505000114440918,0.0,0.0
product.Treated.managed.CWHvm_CW_HW_M.CC,15,150,10,0.0,10000.0,1.0,1.0,2.24399995803833,0.0,0.0
product.Treated.managed.CWHvm_CW_HW_M.CC,16,160,10,0.0,10000.0,1.0,1.0,0.0,0.0,0.0
product.Treated.managed.CWHvm_CW_HW_M.CC,17,170,10,0.0,10000.0,1.0,1.0,0.0,0.0,0.0
product.Treated.managed.CWHvm_CW_HW_M.CC,18,180,10,0.0,10000.0,1.0,1.0,0.0,0.0,0.0
product.Treated.managed.CWHvm_CW_HW_M.CC,19,190,10,0.0,10000.0,1.0,1.0,2.7049999237060547,0.0,0.0
product.Treated.managed.CWHvm_CW_HW_M.CC,20,200,10,0.0,10000.0,1.0,1.0,23.218000411987305,0.0,0.0
product.Treated.managed.CWHvm_CW_HW_M.CC,21,210,10,0.0,10000.0,1.0,1.0,0.0,0.0,0.0
product.Treated.managed.CWHvm_CW_HW_M.CC,22,220,10,0.0,10000.0,1.0,1.0,0.0,0.0,0.0
product.Treated.managed.CWHvm_CW_HW_M.CC,23,230,10,0.0,10000.0,1.0,1.0,0.0,0.0,0.0
product.Treated.managed.CWHvm_CW_HW_M.CC,24,240,10,0.0,10000.0,1.0,1.0,0.9950000047683716,0.0,0.0
product.Treated.managed.CWHvm_CW_HW_M.CC,25,250,10,0.0,10000.0,1.0,1.0,0.0,0.0,0.0
product.Treated.managed.CWHvm_CW_HW_M.CC,26,260,10,0.0,10000.0,1.0,1.0,0.42800000309944153,0.0,0.0
product.Treated.managed.CWHvm_CW_HW_M.CC,27,270,10,0.0,10000.0,1.0,1.0,6.505000114440918,0.0,0.0
product.Treated.managed.CWHvm_CW_HW_M.CC,28,280,10,0.0,10000.0,1.0,1.0,2.4549999237060547,0.0,0.0
product.Treated.managed.CWHvm_CW_HW_M.CC,29,290,10,0.0,10000.0,1.0,1.0,0.0,0.0,0.0
product.Treated.managed.CWHvm_CW_HW_M.CC,30,300,10,0.0,10000.0,1.0,1.0,0.0,0.0,0.0
product.Treated.managed.CWHvm_DR_HW_M.CC,0,0,10,0.0,10000.0,1.0,1.0,0.0,0.0,0.0
product.Treated.managed.CWHvm_DR_HW_M.CC,1,10,10,0.0,10000.0,1.0,1.0,0.0,0.0,0.0
product.Treated.managed.CWHvm_DR_HW_M.CC,2,20,10,0.0,10000.0,1.0,1.0,3.6700000762939453,0.0,0.0
product.Treated.managed.CWHvm_DR_HW_M.CC,3,30,10,0.0,10000.0,1.0,1.0,10.37600040435791,0.0,0.0
product.Treated.managed.CWHvm_DR_HW_M.CC,4,40,10,0.0,10000.0,1.0,1.0,4.855000019073486,0.0,0.0
product.Treated.managed.CWHvm_DR_HW_M.CC,5,50,10,0.0,10000.0,1.0,1.0,0.0,0.0,0.0
product.Treated.managed.CWHvm_DR_HW_M.CC,6,60,10,0.0,10000.0,1.0,1.0,0.0,0.0,0.0
product.Treated.managed.CWHvm_DR_HW_M.CC,7,70,10,0.0,10000.0,1.0,1.0,0.0,0.0,0.0
product.Treated.managed.CWHvm_DR_HW_M.CC,8,80,10,0.0,10000.0,1.0,1.0,0.0,0.0,0.0
product.Treated.managed.CWHvm_DR_HW_M.CC,9,90,10,0.0,10000.0,1.0,1.0,1.3289999961853027,0.0,0.0
product.Treated.managed.CWHvm_DR_HW_M.CC,10,100,10,0.0,10000.0,1.0,1.0,3.6700000762939453,0.0,0.0
product.Treated.managed.CWHvm_DR_HW_M.CC,11,110,10,0.0,10000.0,1.0,1.0,11.039999961853027,0.0,0.0
product.Treated.managed.CWHvm_DR_HW_M.CC,12,120,10,0.0,10000.0,1.0,1.0,11.008999824523926,0.0,0.0
product.Treated.managed.CWHvm_DR_HW_M.CC,13,130,10,0.0,10000.0,1.0,1.0,0.0,0.0,0.0
product.Treated.managed.CWHvm_DR_HW_M.CC,14,140,10,0.0,10000.0,1.0,1.0,0.0,0.0,0.0
product.Treated.managed.CWHvm_DR_HW_M.CC,15,150,10,0.0,10000.0,1.0,1.0,0.0,0.0,0.0
product.Treated.managed.CWHvm_DR_HW_M.CC,16,160,10,0.0,10000.0,1.0,1.0,1.7869999408721924,0.0,0.0
product.Treated.managed.CWHvm_DR_HW_M.CC,17,170,10,0.0,10000.0,1.0,1.0,0.0,0.0,0.0
product.Treated.managed.CWHvm_DR_HW_M.CC,18,180,10,0.0,10000.0,1.0,1.0,0.0,0.0,0.0
product.Treated.managed.CWHvm_DR_HW_M.CC,19,190,10,0.0,10000.0,1.0,1.0,25.716999053955078,0.0,0.0
product.Treated.managed.CWHvm_DR_HW_M.CC,20,200,10,0.0,10000.0,1.0,1.0,2.4240000247955322,0.0,0.0
product.Treated.managed.CWHvm_DR_HW_M.CC,21,210,10,0.0,10000.0,1.0,1.0,0.0,0.0,0.0
product.Treated.managed.CWHvm_DR_HW_M.CC,22,220,10,0.0,10000.0,1.0,1.0,0.0,0.0,0.0
product.Treated.managed.CWHvm_DR_HW_M.CC,23,230,10,0.0,10000.0,1.0,1.0,0.0,0.0,0.0
product.Treated.managed.CWHvm_DR_HW_M.CC,24,240,10,0.0,10000.0,1.0,1.0,0.0,0.0,0.0
product.Treated.managed.CWHvm_DR_HW_M.CC,25,250,10,0.0,10000.0,1.0,1.0,0.0,0.0,0.0
product.Treated.managed.CWHvm_DR_HW_M.CC,26,260,10,0.0,10000.0,1.0,1.0,4.999000072479248,0.0,0.0
product.Treated.managed.CWHvm_DR_HW_M.CC,27,270,10,0.0,10000.0,1.0,1.0,1.7979999780654907,0.0,0.0
product.Treated.managed.CWHvm_DR_HW_M.CC,28,280,10,0.0,10000.0,1.0,1.0,8.57800006866455,0.0,0.0
product.Treated.managed.CWHvm_DR_HW_M.CC,29,290,10,0.0,10000.0,1.0,1.0,4.855000019073486,0.0,0.0
product.Treated.managed.CWHvm_DR_HW_M.CC,30,300,10,0.0,10000.0,1.0,1.0,6.817999839782715,0.0,0.0
product.Treated.managed.CWHvm_FDC_HW_H.CC,0,0,10,0.0,10000.0,1.0,1.0,0.0,0.0,0.0
product.Treated.managed.CWHvm_FDC_HW_H.CC,1,10,10,0.0,10000.0,1.0,1.0,18.916000366210938,0.0,0.0
product.Treated.managed.CWHvm_FDC_HW_H.CC,2,20,10,0.0,10000.0,1.0,1.0,7.392000198364258,0.0,0.0
product.Treated.managed.CWHvm_FDC_HW_H.CC,3,30,10,0.0,10000.0,1.0,1.0,0.0,0.0,0.0
product.Treated.managed.CWHvm_FDC_HW_H.CC,4,40,10,0.0,10000.0,1.0,1.0,0.0,0.0,0.0
product.Treated.managed.CWHvm_FDC_HW_H.CC,5,50,10,0.0,10000.0,1.0,1.0,1.3580000400543213,0.0,0.0
product.Treated.managed.CWHvm_FDC_HW_H.CC,6,60,10,0.0,10000.0,1.0,1.0,55.77000045776367,0.0,0.0
product.Treated.managed.CWHvm_FDC_HW_H.CC,7,70,10,0.0,10000.0,1.0,1.0,5.8979997634887695,0.0,0.0
product.Treated.managed.CWHvm_FDC_HW_H.CC,8,80,10,0.0,10000.0,1.0,1.0,0.0,0.0,0.0
product.Treated.managed.CWHvm_FDC_HW_H.CC,9,90,10,0.0,10000.0,1.0,1.0,7.392000198364258,0.0,0.0
product.Treated.managed.CWHvm_FDC_HW_H.CC,10,100,10,0.0,10000.0,1.0,1.0,0.0,0.0,0.0
product.Treated.managed.CWHvm_FDC_HW_H.CC,11,110,10,0.0,10000.0,1.0,1.0,0.0,0.0,0.0
product.Treated.managed.CWHvm_FDC_HW_H.CC,12,120,10,0.0,10000.0,1.0,1.0,24.81399917602539,0.0,0.0
product.Treated.managed.CWHvm_FDC_HW_H.CC,13,130,10,0.0,10000.0,1.0,1.0,0.0,0.0,0.0
product.Treated.managed.CWHvm_FDC_HW_H.CC,14,140,10,0.0,10000.0,1.0,1.0,5.8979997634887695,0.0,0.0
product.Treated.managed.CWHvm_FDC_HW_H.CC,15,150,10,0.0,10000.0,1.0,1.0,0.0,0.0,0.0
product.Treated.managed.CWHvm_FDC_HW_H.CC,16,160,10,0.0,10000.0,1.0,1.0,7.392000198364258,0.0,0.0
product.Treated.managed.CWHvm_FDC_HW_H.CC,17,170,10,0.0,10000.0,1.0,1.0,0.0,0.0,0.0
product.Treated.managed.CWHvm_FDC_HW_H.CC,18,180,10,0.0,10000.0,1.0,1.0,24.81399917602539,0.0,0.0
product.Treated.managed.CWHvm_FDC_HW_H.CC,19,190,10,0.0,10000.0,1.0,1.0,17.0939998626709,0.0,0.0
product.Treated.managed.CWHvm_FDC_HW_H.CC,20,200,10,0.0,10000.0,1.0,1.0,0.0,0.0,0.0
product.Treated.managed.CWHvm_FDC_HW_H.CC,21,210,10,0.0,10000.0,1.0,1.0,5.8979997634887695,0.0,0.0
product.Treated.managed.CWHvm_FDC_HW_H.CC,22,220,10,0.0,10000.0,1.0,1.0,20.849000930786133,0.0,0.0
product.Treated.managed.CWHvm_FDC_HW_H.CC,23,230,10,0.0,10000.0,1.0,1.0,0.0,0.0,0.0
product.Treated.managed.CWHvm_FDC_HW_H.CC,24,240,10,0.0,10000.0,1.0,1.0,26.308000564575195,0.0,0.0
product.Treated.managed.CWHvm_FDC_HW_H.CC,25,250,10,0.0,10000.0,1.0,1.0,5.8979997634887695,0.0,0.0
product.Treated.managed.CWHvm_FDC_HW_H.CC,26,260,10,0.0,10000.0,1.0,1.0,0.0,0.0,0.0
product.Treated.managed.CWHvm_FDC_HW_H.CC,27,270,10,0.0,10000.0,1.0,1.0,0.0,0.0,0.0
product.Treated.managed.CWHvm_FDC_HW_H.CC,28,280,10,0.0,10000.0,1.0,1.0,0.0,0.0,0.0
product.Treated.managed.CWHvm_FDC_HW_H.CC,29,290,10,0.0,10000.0,1.0,1.0,13.890999794006348,0.0,0.0
product.Treated.managed.CWHvm_FDC_HW_H.CC,30,300,10,0.0,10000.0,1.0,1.0,26.308000564575195,0.0,0.0
product.Treated.managed.CWHvm_FDC_HW_L.CC,0,0,10,0.0,10000.0,1.0,1.0,0.0,0.0,0.0
product.Treated.managed.CWHvm_FDC_HW_L.CC,1,10,10,0.0,10000.0,1.0,1.0,0.0,0.0,0.0
product.Treated.managed.CWHvm_FDC_HW_L.CC,2,20,10,0.0,10000.0,1.0,1.0,0.0,0.0,0.0
product.Treated.managed.CWHvm_FDC_HW_L.CC,3,30,10,0.0,10000.0,1.0,1.0,12.5,0.0,0.0
product.Treated.managed.CWHvm_FDC_HW_L.CC,4,40,10,0.0,10000.0,1.0,1.0,0.0,0.0,0.0
product.Treated.managed.CWHvm_FDC_HW_L.CC,5,50,10,0.0,10000.0,1.0,1.0,13.116999626159668,0.0,0.0
product.Treated.managed.CWHvm_FDC_HW_L.CC,6,60,10,0.0,10000.0,1.0,1.0,5.0980000495910645,0.0,0.0
product.Treated.managed.CWHvm_FDC_HW_L.CC,7,70,10,0.0,10000.0,1.0,1.0,2.6070001125335693,0.0,0.0
product.Treated.managed.CWHvm_FDC_HW_L.CC,8,80,10,0.0,10000.0,1.0,1.0,0.0,0.0,0.0
product.Treated.managed.CWHvm_FDC_HW_L.CC,9,90,10,0.0,10000.0,1.0,1.0,0.0,0.0,0.0
product.Treated.managed.CWHvm_FDC_HW_L.CC,10,100,10,0.0,10000.0,1.0,1.0,3.502000093460083,0.0,0.0
product.Treated.managed.CWHvm_FDC_HW_L.CC,11,110,10,0.0,10000.0,1.0,1.0,0.0,0.0,0.0
product.Treated.managed.CWHvm_FDC_HW_L.CC,12,120,10,0.0,10000.0,1.0,1.0,7.51200008392334,0.0,0.0
product.Treated.managed.CWHvm_FDC_HW_L.CC,13,130,10,0.0,10000.0,1.0,1.0,1.1230000257492065,0.0,0.0
product.Treated.managed.CWHvm_FDC_HW_L.CC,14,140,10,0.0,10000.0,1.0,1.0,0.0,0.0,0.0
product.Treated.managed.CWHvm_FDC_HW_L.CC,15,150,10,0.0,10000.0,1.0,1.0,21.19300079345703,0.0,0.0
product.Treated.managed.CWHvm_FDC_HW_L.CC,16,160,10,0.0,10000.0,1.0,1.0,5.164999961853027,0.0,0.0
product.Treated.managed.CWHvm_FDC_HW_L.CC,17,170,10,0.0,10000.0,1.0,1.0,0.0,0.0,0.0
product.Treated.managed.CWHvm_FDC_HW_L.CC,18,180,10,0.0,10000.0,1.0,1.0,0.0,0.0,0.0
product.Treated.managed.CWHvm_FDC_HW_L.CC,19,190,10,0.0,10000.0,1.0,1.0,0.0,0.0,0.0
product.Treated.managed.CWHvm_FDC_HW_L.CC,20,200,10,0.0,10000.0,1.0,1.0,0.0,0.0,0.0
product.Treated.managed.CWHvm_FDC_HW_L.CC,21,210,10,0.0,10000.0,1.0,1.0,79.14600372314453,0.0,0.0
product.Treated.managed.CWHvm_FDC_HW_L.CC,22,220,10,0.0,10000.0,1.0,1.0,1.1230000257492065,0.0,0.0
product.Treated.managed.CWHvm_FDC_HW_L.CC,23,230,10,0.0,10000.0,1.0,1.0,3.502000093460083,0.0,0.0
product.Treated.managed.CWHvm_FDC_HW_L.CC,24,240,10,0.0,10000.0,1.0,1.0,7.51200008392334,0.0,0.0
product.Treated.managed.CWHvm_FDC_HW_L.CC,25,250,10,0.0,10000.0,1.0,1.0,8.760000228881836,0.0,0.0
product.Treated.managed.CWHvm_FDC_HW_L.CC,26,260,10,0.0,10000.0,1.0,1.0,12.5,0.0,0.0
product.Treated.managed.CWHvm_FDC_HW_L.CC,27,270,10,0.0,10000.0,1.0,1.0,5.73199987411499,0.0,0.0
product.Treated.managed.CWHvm_FDC_HW_L.CC,28,280,10,0.0,10000.0,1.0,1.0,0.0,0.0,0.0
product.Treated.managed.CWHvm_FDC_HW_L.CC,29,290,10,0.0,10000.0,1.0,1.0,2.6070001125335693,0.0,0.0
product.Treated.managed.CWHvm_FDC_HW_L.CC,30,300,10,0.0,10000.0,1.0,1.0,0.0,0.0,0.0
product.Treated.managed.CWHvm_FDC_HW_M.CC,0,0,10,0.0,10000.0,1.0,1.0,0.0,0.0,0.0
product.Treated.managed.CWHvm_FDC_HW_M.CC,1,10,10,0.0,10000.0,1.0,1.0,39.48500061035156,0.0,0.0
product.Treated.managed.CWHvm_FDC_HW_M.CC,2,20,10,0.0,10000.0,1.0,1.0,2.2639999389648438,0.0,0.0
product.Treated.managed.CWHvm_FDC_HW_M.CC,3,30,10,0.0,10000.0,1.0,1.0,44.935001373291016,0.0,0.0
product.Treated.managed.CWHvm_FDC_HW_M.CC,4,40,10,0.0,10000.0,1.0,1.0,28.736000061035156,0.0,0.0
product.Treated.managed.CWHvm_FDC_HW_M.CC,5,50,10,0.0,10000.0,1.0,1.0,9.256999969482422,0.0,0.0
product.Treated.managed.CWHvm_FDC_HW_M.CC,6,60,10,0.0,10000.0,1.0,1.0,0.0,0.0,0.0
product.Treated.managed.CWHvm_FDC_HW_M.CC,7,70,10,0.0,10000.0,1.0,1.0,7.443999767303467,0.0,0.0
product.Treated.managed.CWHvm_FDC_HW_M.CC,8,80,10,0.0,10000.0,1.0,1.0,36.79199981689453,0.0,0.0
product.Treated.managed.CWHvm_FDC_HW_M.CC,9,90,10,0.0,10000.0,1.0,1.0,68.25399780273438,0.0,0.0
product.Treated.managed.CWHvm_FDC_HW_M.CC,10,100,10,0.0,10000.0,1.0,1.0,2.2639999389648438,0.0,0.0
product.Treated.managed.CWHvm_FDC_HW_M.CC,11,110,10,0.0,10000.0,1.0,1.0,28.736000061035156,0.0,0.0
product.Treated.managed.CWHvm_FDC_HW_M.CC,12,120,10,0.0,10000.0,1.0,1.0,0.0,0.0,0.0
product.Treated.managed.CWHvm_FDC_HW_M.CC,13,130,10,0.0,10000.0,1.0,1.0,9.256999969482422,0.0,0.0
product.Treated.managed.CWHvm_FDC_HW_M.CC,14,140,10,0.0,10000.0,1.0,1.0,0.0,0.0,0.0
product.Treated.managed.CWHvm_FDC_HW_M.CC,15,150,10,0.0,10000.0,1.0,1.0,0.0,0.0,0.0
product.Treated.managed.CWHvm_FDC_HW_M.CC,16,160,10,0.0,10000.0,1.0,1.0,48.63399887084961,0.0,0.0
product.Treated.managed.CWHvm_FDC_HW_M.CC,17,170,10,0.0,10000.0,1.0,1.0,58.67599868774414,0.0,0.0
product.Treated.managed.CWHvm_FDC_HW_M.CC,18,180,10,0.0,10000.0,1.0,1.0,8.956999778747559,0.0,0.0
product.Treated.managed.CWHvm_FDC_HW_M.CC,19,190,10,0.0,10000.0,1.0,1.0,19.77899932861328,0.0,0.0
product.Treated.managed.CWHvm_FDC_HW_M.CC,20,200,10,0.0,10000.0,1.0,1.0,0.0,0.0,0.0
product.Treated.managed.CWHvm_FDC_HW_M.CC,21,210,10,0.0,10000.0,1.0,1.0,0.0,0.0,0.0
product.Treated.managed.CWHvm_FDC_HW_M.CC,22,220,10,0.0,10000.0,1.0,1.0,22.23900032043457,0.0,0.0
product.Treated.managed.CWHvm_FDC_HW_M.CC,23,230,10,0.0,10000.0,1.0,1.0,93.2040023803711,0.0,0.0
product.Treated.managed.CWHvm_FDC_HW_M.CC,24,240,10,0.0,10000.0,1.0,1.0,20.798999786376953,0.0,0.0
product.Treated.managed.CWHvm_FDC_HW_M.CC,25,250,10,0.0,10000.0,1.0,1.0,2.2639999389648438,0.0,0.0
product.Treated.managed.CWHvm_FDC_HW_M.CC,26,260,10,0.0,10000.0,1.0,1.0,0.0,0.0,0.0
product.Treated.managed.CWHvm_FDC_HW_M.CC,27,270,10,0.0,10000.0,1.0,1.0,19.77899932861328,0.0,0.0
product.Treated.managed.CWHvm_FDC_HW_M.CC,28,280,10,0.0,10000.0,1.0,1.0,0.0,0.0,0.0
product.Treated.managed.CWHvm_FDC_HW_M.CC,29,290,10,0.0,10000.0,1.0,1.0,11.47700023651123,0.0,0.0
product.Treated.managed.CWHvm_FDC_HW_M.CC,30,300,10,0.0,10000.0,1.0,1.0,28.007999420166016,0.0,0.0
product.Treated.managed.CWHvm_HW_BA_M.CC,0,0,10,0.0,10000.0,1.0,1.0,0.0,0.0,0.0
product.Treated.managed.CWHvm_HW_BA_M.CC,1,10,10,0.0,10000.0,1.0,1.0,0.0,0.0,0.0
product.Treated.managed.CWHvm_HW_BA_M.CC,2,20,10,0.0,10000.0,1.0,1.0,0.0,0.0,0.0
product.Treated.managed.CWHvm_HW_BA_M.CC,3,30,10,0.0,10000.0,1.0,1.0,0.0,0.0,0.0
product.Treated.managed.CWHvm_HW_BA_M.CC,4,40,10,0.0,10000.0,1.0,1.0,0.0,0.0,0.0
product.Treated.managed.CWHvm_HW_BA_M.CC,5,50,10,0.0,10000.0,1.0,1.0,7.182000160217285,0.0,0.0
product.Treated.managed.CWHvm_HW_BA_M.CC,6,60,10,0.0,10000.0,1.0,1.0,0.0,0.0,0.0
product.Treated.managed.CWHvm_HW_BA_M.CC,7,70,10,0.0,10000.0,1.0,1.0,2.2660000324249268,0.0,0.0
product.Treated.managed.CWHvm_HW_BA_M.CC,8,80,10,0.0,10000.0,1.0,1.0,17.753999710083008,0.0,0.0
product.Treated.managed.CWHvm_HW_BA_M.CC,9,90,10,0.0,10000.0,1.0,1.0,0.0,0.0,0.0
product.Treated.managed.CWHvm_HW_BA_M.CC,10,100,10,0.0,10000.0,1.0,1.0,0.0,0.0,0.0
product.Treated.managed.CWHvm_HW_BA_M.CC,11,110,10,0.0,10000.0,1.0,1.0,0.0,0.0,0.0
product.Treated.managed.CWHvm_HW_BA_M.CC,12,120,10,0.0,10000.0,1.0,1.0,0.0,0.0,0.0
product.Treated.managed.CWHvm_HW_BA_M.CC,13,130,10,0.0,10000.0,1.0,1.0,0.0,0.0,0.0
product.Treated.managed.CWHvm_HW_BA_M.CC,14,140,10,0.0,10000.0,1.0,1.0,0.0,0.0,0.0
product.Treated.managed.CWHvm_HW_BA_M.CC,15,150,10,0.0,10000.0,1.0,1.0,0.0,0.0,0.0
product.Treated.managed.CWHvm_HW_BA_M.CC,16,160,10,0.0,10000.0,1.0,1.0,0.0,0.0,0.0
product.Treated.managed.CWHvm_HW_BA_M.CC,17,170,10,0.0,10000.0,1.0,1.0,2.2660000324249268,0.0,0.0
product.Treated.managed.CWHvm_HW_BA_M.CC,18,180,10,0.0,10000.0,1.0,1.0,0.0,0.0,0.0
product.Treated.managed.CWHvm_HW_BA_M.CC,19,190,10,0.0,10000.0,1.0,1.0,0.0,0.0,0.0
product.Treated.managed.CWHvm_HW_BA_M.CC,20,200,10,0.0,10000.0,1.0,1.0,7.182000160217285,0.0,0.0
product.Treated.managed.CWHvm_HW_BA_M.CC,21,210,10,0.0,10000.0,1.0,1.0,0.0,0.0,0.0
product.Treated.managed.CWHvm_HW_BA_M.CC,22,220,10,0.0,10000.0,1.0,1.0,0.0,0.0,0.0
product.Treated.managed.CWHvm_HW_BA_M.CC,23,230,10,0.0,10000.0,1.0,1.0,0.0,0.0,0.0
product.Treated.managed.CWHvm_HW_BA_M.CC,24,240,10,0.0,10000.0,1.0,1.0,0.0,0.0,0.0
product.Treated.managed.CWHvm_HW_BA_M.CC,25,250,10,0.0,10000.0,1.0,1.0,0.0,0.0,0.0
product.Treated.managed.CWHvm_HW_BA_M.CC,26,260,10,0.0,10000.0,1.0,1.0,2.2660000324249268,0.0,0.0
product.Treated.managed.CWHvm_HW_BA_M.CC,27,270,10,0.0,10000.0,1.0,1.0,0.0,0.0,0.0
product.Treated.managed.CWHvm_HW_BA_M.CC,28,280,10,0.0,10000.0,1.0,1.0,0.0,0.0,0.0
product.Treated.managed.CWHvm_HW_BA_M.CC,29,290,10,0.0,10000.0,1.0,1.0,4.1539998054504395,0.0,0.0
product.Treated.managed.CWHvm_HW_BA_M.CC,30,300,10,0.0,10000.0,1.0,1.0,0.0,0.0,0.0
product.Treated.managed.CWHvm_HW_CW_H.CC,0,0,10,0.0,10000.0,1.0,1.0,0.0,0.0,0.0
product.Treated.managed.CWHvm_HW_CW_H.CC,1,10,10,0.0,10000.0,1.0,1.0,14.854000091552734,0.0,0.0
product.Treated.managed.CWHvm_HW_CW_H.CC,2,20,10,0.0,10000.0,1.0,1.0,11.994999885559082,0.0,0.0
product.Treated.managed.CWHvm_HW_CW_H.CC,3,30,10,0.0,10000.0,1.0,1.0,3.3499999046325684,0.0,0.0
product.Treated.managed.CWHvm_HW_CW_H.CC,4,40,10,0.0,10000.0,1.0,1.0,0.0,0.0,0.0
product.Treated.managed.CWHvm_HW_CW_H.CC,5,50,10,0.0,10000.0,1.0,1.0,3.743000030517578,0.0,0.0
product.Treated.managed.CWHvm_HW_CW_H.CC,6,60,10,0.0,10000.0,1.0,1.0,2.752000093460083,0.0,0.0
product.Treated.managed.CWHvm_HW_CW_H.CC,7,70,10,0.0,10000.0,1.0,1.0,16.26300048828125,0.0,0.0
product.Treated.managed.CWHvm_HW_CW_H.CC,8,80,10,0.0,10000.0,1.0,1.0,0.0,0.0,0.0
product.Treated.managed.CWHvm_HW_CW_H.CC,9,90,10,0.0,10000.0,1.0,1.0,14.854000091552734,0.0,0.0
product.Treated.managed.CWHvm_HW_CW_H.CC,10,100,10,0.0,10000.0,1.0,1.0,0.0,0.0,0.0
product.Treated.managed.CWHvm_HW_CW_H.CC,11,110,10,0.0,10000.0,1.0,1.0,2.309000015258789,0.0,0.0
product.Treated.managed.CWHvm_HW_CW_H.CC,12,120,10,0.0,10000.0,1.0,1.0,11.994999885559082,0.0,0.0
product.Treated.managed.CWHvm_HW_CW_H.CC,13,130,10,0.0,10000.0,1.0,1.0,3.743000030517578,0.0,0.0
product.Treated.managed.CWHvm_HW_CW_H.CC,14,140,10,0.0,10000.0,1.0,1.0,0.0,0.0,0.0
product.Treated.managed.CWHvm_HW_CW_H.CC,15,150,10,0.0,10000.0,1.0,1.0,2.813999891281128,0.0,0.0
product.Treated.managed.CWHvm_HW_CW_H.CC,16,160,10,0.0,10000.0,1.0,1.0,0.0,0.0,0.0
product.Treated.managed.CWHvm_HW_CW_H.CC,17,170,10,0.0,10000.0,1.0,1.0,0.0,0.0,0.0
product.Treated.managed.CWHvm_HW_CW_H.CC,18,180,10,0.0,10000.0,1.0,1.0,0.0,0.0,0.0
product.Treated.managed.CWHvm_HW_CW_H.CC,19,190,10,0.0,10000.0,1.0,1.0,14.854000091552734,0.0,0.0
product.Treated.managed.CWHvm_HW_CW_H.CC,20,200,10,0.0,10000.0,1.0,1.0,0.0,0.0,0.0
product.Treated.managed.CWHvm_HW_CW_H.CC,21,210,10,0.0,10000.0,1.0,1.0,2.309000015258789,0.0,0.0
product.Treated.managed.CWHvm_HW_CW_H.CC,22,220,10,0.0,10000.0,1.0,1.0,15.73799991607666,0.0,0.0
product.Treated.managed.CWHvm_HW_CW_H.CC,23,230,10,0.0,10000.0,1.0,1.0,0.0,0.0,0.0
product.Treated.managed.CWHvm_HW_CW_H.CC,24,240,10,0.0,10000.0,1.0,1.0,2.752000093460083,0.0,0.0
product.Treated.managed.CWHvm_HW_CW_H.CC,25,250,10,0.0,10000.0,1.0,1.0,13.642000198364258,0.0,0.0
product.Treated.managed.CWHvm_HW_CW_H.CC,26,260,10,0.0,10000.0,1.0,1.0,3.3499999046325684,0.0,0.0
product.Treated.managed.CWHvm_HW_CW_H.CC,27,270,10,0.0,10000.0,1.0,1.0,17.475000381469727,0.0,0.0
product.Treated.managed.CWHvm_HW_CW_H.CC,28,280,10,0.0,10000.0,1.0,1.0,0.0,0.0,0.0
product.Treated.managed.CWHvm_HW_CW_H.CC,29,290,10,0.0,10000.0,1.0,1.0,2.309000015258789,0.0,0.0
product.Treated.managed.CWHvm_HW_CW_H.CC,30,300,10,0.0,10000.0,1.0,1.0,11.994999885559082,0.0,0.0
product.Treated.managed.CWHvm_HW_CW_L.CC,0,0,10,0.0,10000.0,1.0,1.0,0.0,0.0,0.0
product.Treated.managed.CWHvm_HW_CW_L.CC,1,10,10,0.0,10000.0,1.0,1.0,0.0,0.0,0.0
product.Treated.managed.CWHvm_HW_CW_L.CC,2,20,10,0.0,10000.0,1.0,1.0,2.063999891281128,0.0,0.0
product.Treated.managed.CWHvm_HW_CW_L.CC,3,30,10,0.0,10000.0,1.0,1.0,3.056999921798706,0.0,0.0
product.Treated.managed.CWHvm_HW_CW_L.CC,4,40,10,0.0,10000.0,1.0,1.0,0.0,0.0,0.0
product.Treated.managed.CWHvm_HW_CW_L.CC,5,50,10,0.0,10000.0,1.0,1.0,0.0,0.0,0.0
product.Treated.managed.CWHvm_HW_CW_L.CC,6,60,10,0.0,10000.0,1.0,1.0,3.882999897003174,0.0,0.0
product.Treated.managed.CWHvm_HW_CW_L.CC,7,70,10,0.0,10000.0,1.0,1.0,0.0,0.0,0.0
product.Treated.managed.CWHvm_HW_CW_L.CC,8,80,10,0.0,10000.0,1.0,1.0,0.0,0.0,0.0
product.Treated.managed.CWHvm_HW_CW_L.CC,9,90,10,0.0,10000.0,1.0,1.0,0.0,0.0,0.0
product.Treated.managed.CWHvm_HW_CW_L.CC,10,100,10,0.0,10000.0,1.0,1.0,0.0,0.0,0.0
product.Treated.managed.CWHvm_HW_CW_L.CC,11,110,10,0.0,10000.0,1.0,1.0,0.0,0.0,0.0
product.Treated.managed.CWHvm_HW_CW_L.CC,12,120,10,0.0,10000.0,1.0,1.0,0.0,0.0,0.0
product.Treated.managed.CWHvm_HW_CW_L.CC,13,130,10,0.0,10000.0,1.0,1.0,0.0,0.0,0.0
product.Treated.managed.CWHvm_HW_CW_L.CC,14,140,10,0.0,10000.0,1.0,1.0,0.0,0.0,0.0
product.Treated.managed.CWHvm_HW_CW_L.CC,15,150,10,0.0,10000.0,1.0,1.0,0.0,0.0,0.0
product.Treated.managed.CWHvm_HW_CW_L.CC,16,160,10,0.0,10000.0,1.0,1.0,3.056999921798706,0.0,0.0
product.Treated.managed.CWHvm_HW_CW_L.CC,17,170,10,0.0,10000.0,1.0,1.0,3.882999897003174,0.0,0.0
product.Treated.managed.CWHvm_HW_CW_L.CC,18,180,10,0.0,10000.0,1.0,1.0,3.9800000190734863,0.0,0.0
product.Treated.managed.CWHvm_HW_CW_L.CC,19,190,10,0.0,10000.0,1.0,1.0,0.0,0.0,0.0
product.Treated.managed.CWHvm_HW_CW_L.CC,20,200,10,0.0,10000.0,1.0,1.0,0.0,0.0,0.0
product.Treated.managed.CWHvm_HW_CW_L.CC,21,210,10,0.0,10000.0,1.0,1.0,0.0,0.0,0.0
product.Treated.managed.CWHvm_HW_CW_L.CC,22,220,10,0.0,10000.0,1.0,1.0,0.0,0.0,0.0
product.Treated.managed.CWHvm_HW_CW_L.CC,23,230,10,0.0,10000.0,1.0,1.0,0.0,0.0,0.0
product.Treated.managed.CWHvm_HW_CW_L.CC,24,240,10,0.0,10000.0,1.0,1.0,0.0,0.0,0.0
product.Treated.managed.CWHvm_HW_CW_L.CC,25,250,10,0.0,10000.0,1.0,1.0,2.063999891281128,0.0,0.0
product.Treated.managed.CWHvm_HW_CW_L.CC,26,260,10,0.0,10000.0,1.0,1.0,0.0,0.0,0.0
product.Treated.managed.CWHvm_HW_CW_L.CC,27,270,10,0.0,10000.0,1.0,1.0,3.056999921798706,0.0,0.0
product.Treated.managed.CWHvm_HW_CW_L.CC,28,280,10,0.0,10000.0,1.0,1.0,0.0,0.0,0.0
product.Treated.managed.CWHvm_HW_CW_L.CC,29,290,10,0.0,10000.0,1.0,1.0,0.0,0.0,0.0
product.Treated.managed.CWHvm_HW_CW_L.CC,30,300,10,0.0,10000.0,1.0,1.0,0.0,0.0,0.0
product.Treated.managed.CWHvm_HW_CW_M.CC,0,0,10,0.0,10000.0,1.0,1.0,0.0,0.0,0.0
product.Treated.managed.CWHvm_HW_CW_M.CC,1,10,10,0.0,10000.0,1.0,1.0,5.2729997634887695,0.0,0.0
product.Treated.managed.CWHvm_HW_CW_M.CC,2,20,10,0.0,10000.0,1.0,1.0,1.6740000247955322,0.0,0.0
product.Treated.managed.CWHvm_HW_CW_M.CC,3,30,10,0.0,10000.0,1.0,1.0,1.6770000457763672,0.0,0.0
product.Treated.managed.CWHvm_HW_CW_M.CC,4,40,10,0.0,10000.0,1.0,1.0,4.366000175476074,0.0,0.0
product.Treated.managed.CWHvm_HW_CW_M.CC,5,50,10,0.0,10000.0,1.0,1.0,1.065999984741211,0.0,0.0
product.Treated.managed.CWHvm_HW_CW_M.CC,6,60,10,0.0,10000.0,1.0,1.0,0.0,0.0,0.0
product.Treated.managed.CWHvm_HW_CW_M.CC,7,70,10,0.0,10000.0,1.0,1.0,4.97599983215332,0.0,0.0
product.Treated.managed.CWHvm_HW_CW_M.CC,8,80,10,0.0,10000.0,1.0,1.0,0.0,0.0,0.0
product.Treated.managed.CWHvm_HW_CW_M.CC,9,90,10,0.0,10000.0,1.0,1.0,0.0,0.0,0.0
product.Treated.managed.CWHvm_HW_CW_M.CC,10,100,10,0.0,10000.0,1.0,1.0,0.0,0.0,0.0
product.Treated.managed.CWHvm_HW_CW_M.CC,11,110,10,0.0,10000.0,1.0,1.0,0.0,0.0,0.0
product.Treated.managed.CWHvm_HW_CW_M.CC,12,120,10,0.0,10000.0,1.0,1.0,5.2729997634887695,0.0,0.0
product.Treated.managed.CWHvm_HW_CW_M.CC,13,130,10,0.0,10000.0,1.0,1.0,0.0,0.0,0.0
product.Treated.managed.CWHvm_HW_CW_M.CC,14,140,10,0.0,10000.0,1.0,1.0,11.67199993133545,0.0,0.0
product.Treated.managed.CWHvm_HW_CW_M.CC,15,150,10,0.0,10000.0,1.0,1.0,6.043000221252441,0.0,0.0
product.Treated.managed.CWHvm_HW_CW_M.CC,16,160,10,0.0,10000.0,1.0,1.0,1.9329999685287476,0.0,0.0
product.Treated.managed.CWHvm_HW_CW_M.CC,17,170,10,0.0,10000.0,1.0,1.0,0.0,0.0,0.0
product.Treated.managed.CWHvm_HW_CW_M.CC,18,180,10,0.0,10000.0,1.0,1.0,0.5649999976158142,0.0,0.0
product.Treated.managed.CWHvm_HW_CW_M.CC,19,190,10,0.0,10000.0,1.0,1.0,0.0,0.0,0.0
product.Treated.managed.CWHvm_HW_CW_M.CC,20,200,10,0.0,10000.0,1.0,1.0,0.0,0.0,0.0
product.Treated.managed.CWHvm_HW_CW_M.CC,21,210,10,0.0,10000.0,1.0,1.0,0.0,0.0,0.0
product.Treated.managed.CWHvm_HW_CW_M.CC,22,220,10,0.0,10000.0,1.0,1.0,0.0,0.0,0.0
product.Treated.managed.CWHvm_HW_CW_M.CC,23,230,10,0.0,10000.0,1.0,1.0,0.0,0.0,0.0
product.Treated.managed.CWHvm_HW_CW_M.CC,24,240,10,0.0,10000.0,1.0,1.0,1.6740000247955322,0.0,0.0
product.Treated.managed.CWHvm_HW_CW_M.CC,25,250,10,0.0,10000.0,1.0,1.0,9.684000015258789,0.0,0.0
product.Treated.managed.CWHvm_HW_CW_M.CC,26,260,10,0.0,10000.0,1.0,1.0,1.9040000438690186,0.0,0.0
product.Treated.managed.CWHvm_HW_CW_M.CC,27,270,10,0.0,10000.0,1.0,1.0,0.0,0.0,0.0
product.Treated.managed.CWHvm_HW_CW_M.CC,28,280,10,0.0,10000.0,1.0,1.0,15.199999809265137,0.0,0.0
product.Treated.managed.CWHvm_HW_CW_M.CC,29,290,10,0.0,10000.0,1.0,1.0,7.1579999923706055,0.0,0.0
product.Treated.managed.CWHvm_HW_CW_M.CC,30,300,10,0.0,10000.0,1.0,1.0,0.5649999976158142,0.0,0.0
product.Treated.managed.CWHvm_HW_FDC_H.CC,0,0,10,0.0,10000.0,1.0,1.0,0.0,0.0,0.0
product.Treated.managed.CWHvm_HW_FDC_H.CC,1,10,10,0.0,10000.0,1.0,1.0,0.0,0.0,0.0
product.Treated.managed.CWHvm_HW_FDC_H.CC,2,20,10,0.0,10000.0,1.0,1.0,56.459999084472656,0.0,0.0
product.Treated.managed.CWHvm_HW_FDC_H.CC,3,30,10,0.0,10000.0,1.0,1.0,21.474000930786133,0.0,0.0
product.Treated.managed.CWHvm_HW_FDC_H.CC,4,40,10,0.0,10000.0,1.0,1.0,38.02000045776367,0.0,0.0
product.Treated.managed.CWHvm_HW_FDC_H.CC,5,50,10,0.0,10000.0,1.0,1.0,29.440000534057617,0.0,0.0
product.Treated.managed.CWHvm_HW_FDC_H.CC,6,60,10,0.0,10000.0,1.0,1.0,0.0,0.0,0.0
product.Treated.managed.CWHvm_HW_FDC_H.CC,7,70,10,0.0,10000.0,1.0,1.0,21.506000518798828,0.0,0.0
product.Treated.managed.CWHvm_HW_FDC_H.CC,8,80,10,0.0,10000.0,1.0,1.0,19.95800018310547,0.0,0.0
product.Treated.managed.CWHvm_HW_FDC_H.CC,9,90,10,0.0,10000.0,1.0,1.0,5.892000198364258,0.0,0.0
product.Treated.managed.CWHvm_HW_FDC_H.CC,10,100,10,0.0,10000.0,1.0,1.0,54.138999938964844,0.0,0.0
product.Treated.managed.CWHvm_HW_FDC_H.CC,11,110,10,0.0,10000.0,1.0,1.0,46.5620002746582,0.0,0.0
product.Treated.managed.CWHvm_HW_FDC_H.CC,12,120,10,0.0,10000.0,1.0,1.0,16.006000518798828,0.0,0.0
product.Treated.managed.CWHvm_HW_FDC_H.CC,13,130,10,0.0,10000.0,1.0,1.0,41.51300048828125,0.0,0.0
product.Treated.managed.CWHvm_HW_FDC_H.CC,14,140,10,0.0,10000.0,1.0,1.0,25.77400016784668,0.0,0.0
product.Treated.managed.CWHvm_HW_FDC_H.CC,15,150,10,0.0,10000.0,1.0,1.0,35.768001556396484,0.0,0.0
product.Treated.managed.CWHvm_HW_FDC_H.CC,16,160,10,0.0,10000.0,1.0,1.0,17.9689998626709,0.0,0.0
product.Treated.managed.CWHvm_HW_FDC_H.CC,17,170,10,0.0,10000.0,1.0,1.0,33.027000427246094,0.0,0.0
product.Treated.managed.CWHvm_HW_FDC_H.CC,18,180,10,0.0,10000.0,1.0,1.0,36.95899963378906,0.0,0.0
product.Treated.managed.CWHvm_HW_FDC_H.CC,19,190,10,0.0,10000.0,1.0,1.0,13.220999717712402,0.0,0.0
product.Treated.managed.CWHvm_HW_FDC_H.CC,20,200,10,0.0,10000.0,1.0,1.0,51.51300048828125,0.0,0.0
product.Treated.managed.CWHvm_HW_FDC_H.CC,21,210,10,0.0,10000.0,1.0,1.0,0.0,0.0,0.0
product.Treated.managed.CWHvm_HW_FDC_H.CC,22,220,10,0.0,10000.0,1.0,1.0,5.8470001220703125,0.0,0.0
product.Treated.managed.CWHvm_HW_FDC_H.CC,23,230,10,0.0,10000.0,1.0,1.0,4.013999938964844,0.0,0.0
product.Treated.managed.CWHvm_HW_FDC_H.CC,24,240,10,0.0,10000.0,1.0,1.0,16.29199981689453,0.0,0.0
product.Treated.managed.CWHvm_HW_FDC_H.CC,25,250,10,0.0,10000.0,1.0,1.0,25.511999130249023,0.0,0.0
product.Treated.managed.CWHvm_HW_FDC_H.CC,26,260,10,0.0,10000.0,1.0,1.0,35.5359992980957,0.0,0.0
product.Treated.managed.CWHvm_HW_FDC_H.CC,27,270,10,0.0,10000.0,1.0,1.0,41.20500183105469,0.0,0.0
product.Treated.managed.CWHvm_HW_FDC_H.CC,28,280,10,0.0,10000.0,1.0,1.0,46.380001068115234,0.0,0.0
product.Treated.managed.CWHvm_HW_FDC_H.CC,29,290,10,0.0,10000.0,1.0,1.0,35.18600082397461,0.0,0.0
product.Treated.managed.CWHvm_HW_FDC_H.CC,30,300,10,0.0,10000.0,1.0,1.0,2.5269999504089355,0.0,0.0
product.Treated.managed.CWHvm_HW_FDC_L.CC,0,0,10,0.0,10000.0,1.0,1.0,0.0,0.0,0.0
product.Treated.managed.CWHvm_HW_FDC_L.CC,1,10,10,0.0,10000.0,1.0,1.0,16.22100067138672,0.0,0.0
product.Treated.managed.CWHvm_HW_FDC_L.CC,2,20,10,0.0,10000.0,1.0,1.0,2.5739998817443848,0.0,0.0
product.Treated.managed.CWHvm_HW_FDC_L.CC,3,30,10,0.0,10000.0,1.0,1.0,7.2270002365112305,0.0,0.0
product.Treated.managed.CWHvm_HW_FDC_L.CC,4,40,10,0.0,10000.0,1.0,1.0,9.140999794006348,0.0,0.0
product.Treated.managed.CWHvm_HW_FDC_L.CC,5,50,10,0.0,10000.0,1.0,1.0,19.490999221801758,0.0,0.0
product.Treated.managed.CWHvm_HW_FDC_L.CC,6,60,10,0.0,10000.0,1.0,1.0,17.99799919128418,0.0,0.0
product.Treated.managed.CWHvm_HW_FDC_L.CC,7,70,10,0.0,10000.0,1.0,1.0,2.0989999771118164,0.0,0.0
product.Treated.managed.CWHvm_HW_FDC_L.CC,8,80,10,0.0,10000.0,1.0,1.0,0.0,0.0,0.0
product.Treated.managed.CWHvm_HW_FDC_L.CC,9,90,10,0.0,10000.0,1.0,1.0,3.0460000038146973,0.0,0.0
product.Treated.managed.CWHvm_HW_FDC_L.CC,10,100,10,0.0,10000.0,1.0,1.0,0.0,0.0,0.0
product.Treated.managed.CWHvm_HW_FDC_L.CC,11,110,10,0.0,10000.0,1.0,1.0,3.5190000534057617,0.0,0.0
product.Treated.managed.CWHvm_HW_FDC_L.CC,12,120,10,0.0,10000.0,1.0,1.0,24.270000457763672,0.0,0.0
product.Treated.managed.CWHvm_HW_FDC_L.CC,13,130,10,0.0,10000.0,1.0,1.0,5.875999927520752,0.0,0.0
product.Treated.managed.CWHvm_HW_FDC_L.CC,14,140,10,0.0,10000.0,1.0,1.0,32.05799865722656,0.0,0.0
product.Treated.managed.CWHvm_HW_FDC_L.CC,15,150,10,0.0,10000.0,1.0,1.0,0.0,0.0,0.0
product.Treated.managed.CWHvm_HW_FDC_L.CC,16,160,10,0.0,10000.0,1.0,1.0,2.0989999771118164,0.0,0.0
product.Treated.managed.CWHvm_HW_FDC_L.CC,17,170,10,0.0,10000.0,1.0,1.0,0.0,0.0,0.0
product.Treated.managed.CWHvm_HW_FDC_L.CC,18,180,10,0.0,10000.0,1.0,1.0,0.0,0.0,0.0
product.Treated.managed.CWHvm_HW_FDC_L.CC,19,190,10,0.0,10000.0,1.0,1.0,0.0,0.0,0.0
product.Treated.managed.CWHvm_HW_FDC_L.CC,20,200,10,0.0,10000.0,1.0,1.0,16.22100067138672,0.0,0.0
product.Treated.managed.CWHvm_HW_FDC_L.CC,21,210,10,0.0,10000.0,1.0,1.0,6.9019999504089355,0.0,0.0
product.Treated.managed.CWHvm_HW_FDC_L.CC,22,220,10,0.0,10000.0,1.0,1.0,0.9480000138282776,0.0,0.0
product.Treated.managed.CWHvm_HW_FDC_L.CC,23,230,10,0.0,10000.0,1.0,1.0,9.020000457763672,0.0,0.0
product.Treated.managed.CWHvm_HW_FDC_L.CC,24,240,10,0.0,10000.0,1.0,1.0,29.57200050354004,0.0,0.0
product.Treated.managed.CWHvm_HW_FDC_L.CC,25,250,10,0.0,10000.0,1.0,1.0,5.988999843597412,0.0,0.0
product.Treated.managed.CWHvm_HW_FDC_L.CC,26,260,10,0.0,10000.0,1.0,1.0,4.401000022888184,0.0,0.0
product.Treated.managed.CWHvm_HW_FDC_L.CC,27,270,10,0.0,10000.0,1.0,1.0,0.0,0.0,0.0
product.Treated.managed.CWHvm_HW_FDC_L.CC,28,280,10,0.0,10000.0,1.0,1.0,3.0869998931884766,0.0,0.0
product.Treated.managed.CWHvm_HW_FDC_L.CC,29,290,10,0.0,10000.0,1.0,1.0,0.0,0.0,0.0
product.Treated.managed.CWHvm_HW_FDC_L.CC,30,300,10,0.0,10000.0,1.0,1.0,31.41900062561035,0.0,0.0
product.Treated.managed.CWHvm_HW_SS_M.CC,0,0,10,0.0,10000.0,1.0,1.0,0.0,0.0,0.0
product.Treated.managed.CWHvm_HW_SS_M.CC,1,10,10,0.0,10000.0,1.0,1.0,19.506000518798828,0.0,0.0
product.Treated.managed.CWHvm_HW_SS_M.CC,2,20,10,0.0,10000.0,1.0,1.0,0.0,0.0,0.0
product.Treated.managed.CWHvm_HW_SS_M.CC,3,30,10,0.0,10000.0,1.0,1.0,1.0080000162124634,0.0,0.0
product.Treated.managed.CWHvm_HW_SS_M.CC,4,40,10,0.0,10000.0,1.0,1.0,3.578000068664551,0.0,0.0
product.Treated.managed.CWHvm_HW_SS_M.CC,5,50,10,0.0,10000.0,1.0,1.0,0.0,0.0,0.0
product.Treated.managed.CWHvm_HW_SS_M.CC,6,60,10,0.0,10000.0,1.0,1.0,0.0,0.0,0.0
product.Treated.managed.CWHvm_HW_SS_M.CC,7,70,10,0.0,10000.0,1.0,1.0,0.0,0.0,0.0
product.Treated.managed.CWHvm_HW_SS_M.CC,8,80,10,0.0,10000.0,1.0,1.0,0.0,0.0,0.0
product.Treated.managed.CWHvm_HW_SS_M.CC,9,90,10,0.0,10000.0,1.0,1.0,0.0,0.0,0.0
product.Treated.managed.CWHvm_HW_SS_M.CC,10,100,10,0.0,10000.0,1.0,1.0,19.506000518798828,0.0,0.0
product.Treated.managed.CWHvm_HW_SS_M.CC,11,110,10,0.0,10000.0,1.0,1.0,0.0,0.0,0.0
product.Treated.managed.CWHvm_HW_SS_M.CC,12,120,10,0.0,10000.0,1.0,1.0,3.578000068664551,0.0,0.0
product.Treated.managed.CWHvm_HW_SS_M.CC,13,130,10,0.0,10000.0,1.0,1.0,1.0080000162124634,0.0,0.0
product.Treated.managed.CWHvm_HW_SS_M.CC,14,140,10,0.0,10000.0,1.0,1.0,0.0,0.0,0.0
product.Treated.managed.CWHvm_HW_SS_M.CC,15,150,10,0.0,10000.0,1.0,1.0,0.0,0.0,0.0
product.Treated.managed.CWHvm_HW_SS_M.CC,16,160,10,0.0,10000.0,1.0,1.0,0.0,0.0,0.0
product.Treated.managed.CWHvm_HW_SS_M.CC,17,170,10,0.0,10000.0,1.0,1.0,0.0,0.0,0.0
product.Treated.managed.CWHvm_HW_SS_M.CC,18,180,10,0.0,10000.0,1.0,1.0,19.506000518798828,0.0,0.0
product.Treated.managed.CWHvm_HW_SS_M.CC,19,190,10,0.0,10000.0,1.0,1.0,0.0,0.0,0.0
product.Treated.managed.CWHvm_HW_SS_M.CC,20,200,10,0.0,10000.0,1.0,1.0,3.578000068664551,0.0,0.0
product.Treated.managed.CWHvm_HW_SS_M.CC,21,210,10,0.0,10000.0,1.0,1.0,1.0080000162124634,0.0,0.0
product.Treated.managed.CWHvm_HW_SS_M.CC,22,220,10,0.0,10000.0,1.0,1.0,0.0,0.0,0.0
product.Treated.managed.CWHvm_HW_SS_M.CC,23,230,10,0.0,10000.0,1.0,1.0,0.0,0.0,0.0
product.Treated.managed.CWHvm_HW_SS_M.CC,24,240,10,0.0,10000.0,1.0,1.0,0.0,0.0,0.0
product.Treated.managed.CWHvm_HW_SS_M.CC,25,250,10,0.0,10000.0,1.0,1.0,19.506000518798828,0.0,0.0
product.Treated.managed.CWHvm_HW_SS_M.CC,26,260,10,0.0,10000.0,1.0,1.0,0.0,0.0,0.0
product.Treated.managed.CWHvm_HW_SS_M.CC,27,270,10,0.0,10000.0,1.0,1.0,0.0,0.0,0.0
product.Treated.managed.CWHvm_HW_SS_M.CC,28,280,10,0.0,10000.0,1.0,1.0,0.0,0.0,0.0
product.Treated.managed.CWHvm_HW_SS_M.CC,29,290,10,0.0,10000.0,1.0,1.0,4.585999965667725,0.0,0.0
product.Treated.managed.CWHvm_HW_SS_M.CC,30,300,10,0.0,10000.0,1.0,1.0,0.0,0.0,0.0
product.Treated.managed.CC,0,0,10,0.0,10000.0,1.0,1.0,0.0,0.0,0.0
product.Treated.managed.CC,1,10,10,0.0,10000.0,1.0,1.0,115.6780014038086,0.0,0.0
product.Treated.managed.CC,2,20,10,0.0,10000.0,1.0,1.0,88.09300231933594,0.0,0.0
product.Treated.managed.CC,3,30,10,0.0,10000.0,1.0,1.0,105.60399627685547,0.0,0.0
product.Treated.managed.CC,4,40,10,0.0,10000.0,1.0,1.0,88.69599914550781,0.0,0.0
product.Treated.managed.CC,5,50,10,0.0,10000.0,1.0,1.0,84.65399932861328,0.0,0.0
product.Treated.managed.CC,6,60,10,0.0,10000.0,1.0,1.0,85.5009994506836,0.0,0.0
product.Treated.managed.CC,7,70,10,0.0,10000.0,1.0,1.0,86.2770004272461,0.0,0.0
product.Treated.managed.CC,8,80,10,0.0,10000.0,1.0,1.0,74.50399780273438,0.0,0.0
product.Treated.managed.CC,9,90,10,0.0,10000.0,1.0,1.0,100.76699829101562,0.0,0.0
product.Treated.managed.CC,10,100,10,0.0,10000.0,1.0,1.0,83.08100128173828,0.0,0.0
product.Treated.managed.CC,11,110,10,0.0,10000.0,1.0,1.0,92.16600036621094,0.0,0.0
product.Treated.managed.CC,12,120,10,0.0,10000.0,1.0,1.0,104.45700073242188,0.0,0.0
product.Treated.managed.CC,13,130,10,0.0,10000.0,1.0,1.0,63.51499938964844,0.0,0.0
product.Treated.managed.CC,14,140,10,0.0,10000.0,1.0,1.0,81.90699768066406,0.0,0.0
product.Treated.managed.CC,15,150,10,0.0,10000.0,1.0,1.0,68.06199645996094,0.0,0.0
product.Treated.managed.CC,16,160,10,0.0,10000.0,1.0,1.0,88.03600311279297,0.0,0.0
product.Treated.managed.CC,17,170,10,0.0,10000.0,1.0,1.0,97.85199737548828,0.0,0.0
product.Treated.managed.CC,18,180,10,0.0,10000.0,1.0,1.0,94.78099822998047,0.0,0.0
product.Treated.managed.CC,19,190,10,0.0,10000.0,1.0,1.0,93.37000274658203,0.0,0.0
product.Treated.managed.CC,20,200,10,0.0,10000.0,1.0,1.0,104.13600158691406,0.0,0.0
product.Treated.managed.CC,21,210,10,0.0,10000.0,1.0,1.0,95.26300048828125,0.0,0.0
product.Treated.managed.CC,22,220,10,0.0,10000.0,1.0,1.0,66.74400329589844,0.0,0.0
product.Treated.managed.CC,23,230,10,0.0,10000.0,1.0,1.0,109.73999786376953,0.0,0.0
product.Treated.managed.CC,24,240,10,0.0,10000.0,1.0,1.0,105.90399932861328,0.0,0.0
product.Treated.managed.CC,25,250,10,0.0,10000.0,1.0,1.0,93.31900024414062,0.0,0.0
product.Treated.managed.CC,26,260,10,0.0,10000.0,1.0,1.0,65.38400268554688,0.0,0.0
product.Treated.managed.CC,27,270,10,0.0,10000.0,1.0,1.0,95.5510025024414,0.0,0.0
product.Treated.managed.CC,28,280,10,0.0,10000.0,1.0,1.0,75.69999694824219,0.0,0.0
product.Treated.managed.CC,29,290,10,0.0,10000.0,1.0,1.0,86.2229995727539,0.0,0.0
product.Treated.managed.CC,30,300,10,0.0,10000.0,1.0,1.0,107.63999938964844,0.0,0.0
product.Yield.managed.CW,0,0,10,0.0,10000.0,1.0,1.0,0.0,0.0,0.0
product.Yield.managed.CW,1,10,10,0.0,10000.0,1.0,1.0,7201.3251953125,0.0,0.0
product.Yield.managed.CW,2,20,10,0.0,10000.0,1.0,1.0,9128.8232421875,0.0,0.0
product.Yield.managed.CW,3,30,10,0.0,10000.0,1.0,1.0,12652.91015625,0.0,0.0
product.Yield.managed.CW,4,40,10,0.0,10000.0,1.0,1.0,17044.78125,0.0,0.0
product.Yield.managed.CW,5,50,10,0.0,10000.0,1.0,1.0,10753.826171875,0.0,0.0
product.Yield.managed.CW,6,60,10,0.0,10000.0,1.0,1.0,14332.4423828125,0.0,0.0
product.Yield.managed.CW,7,70,10,0.0,10000.0,1.0,1.0,4718.453125,0.0,0.0
product.Yield.managed.CW,8,80,10,0.0,10000.0,1.0,1.0,7191.2939453125,0.0,0.0
product.Yield.managed.CW,9,90,10,0.0,10000.0,1.0,1.0,15372.0263671875,0.0,0.0
product.Yield.managed.CW,10,100,10,0.0,10000.0,1.0,1.0,18922.439453125,0.0,0.0
product.Yield.managed.CW,11,110,10,0.0,10000.0,1.0,1.0,17003.70703125,0.0,0.0
product.Yield.managed.CW,12,120,10,0.0,10000.0,1.0,1.0,17713.88671875,0.0,0.0
product.Yield.managed.CW,13,130,10,0.0,10000.0,1.0,1.0,19229.9453125,0.0,0.0
product.Yield.managed.CW,14,140,10,0.0,10000.0,1.0,1.0,14937.6806640625,0.0,0.0
product.Yield.managed.CW,15,150,10,0.0,10000.0,1.0,1.0,10451.404296875,0.0,0.0
product.Yield.managed.CW,16,160,10,0.0,10000.0,1.0,1.0,16230.41796875,0.0,0.0
product.Yield.managed.CW,17,170,10,0.0,10000.0,1.0,1.0,16937.8046875,0.0,0.0
product.Yield.managed.CW,18,180,10,0.0,10000.0,1.0,1.0,17859.66796875,0.0,0.0
product.Yield.managed.CW,19,190,10,0.0,10000.0,1.0,1.0,15286.205078125,0.0,0.0
product.Yield.managed.CW,20,200,10,0.0,10000.0,1.0,1.0,19815.25390625,0.0,0.0
product.Yield.managed.CW,21,210,10,0.0,10000.0,1.0,1.0,15488.50390625,0.0,0.0
product.Yield.managed.CW,22,220,10,0.0,10000.0,1.0,1.0,16009.712890625,0.0,0.0
product.Yield.managed.CW,23,230,10,0.0,10000.0,1.0,1.0,14152.5029296875,0.0,0.0
product.Yield.managed.CW,24,240,10,0.0,10000.0,1.0,1.0,17510.04296875,0.0,0.0
product.Yield.managed.CW,25,250,10,0.0,10000.0,1.0,1.0,18043.416015625,0.0,0.0
product.Yield.managed.CW,26,260,10,0.0,10000.0,1.0,1.0,18195.345703125,0.0,0.0
product.Yield.managed.CW,27,270,10,0.0,10000.0,1.0,1.0,18575.12890625,0.0,0.0
product.Yield.managed.CW,28,280,10,0.0,10000.0,1.0,1.0,19086.193359375,0.0,0.0
product.Yield.managed.CW,29,290,10,0.0,10000.0,1.0,1.0,16720.71484375,0.0,0.0
product.Yield.managed.CW,30,300,10,0.0,10000.0,1.0,1.0,14944.8291015625,0.0,0.0
product.Yield.managed.FDC,0,0,10,0.0,10000.0,1.0,1.0,0.0,0.0,0.0
product.Yield.managed.FDC,1,10,10,0.0,10000.0,1.0,1.0,28807.63671875,0.0,0.0
product.Yield.managed.FDC,2,20,10,0.0,10000.0,1.0,1.0,11022.92578125,0.0,0.0
product.Yield.managed.FDC,3,30,10,0.0,10000.0,1.0,1.0,33731.03515625,0.0,0.0
product.Yield.managed.FDC,4,40,10,0.0,10000.0,1.0,1.0,27335.853515625,0.0,0.0
product.Yield.managed.FDC,5,50,10,0.0,10000.0,1.0,1.0,7501.55712890625,0.0,0.0
product.Yield.managed.FDC,6,60,10,0.0,10000.0,1.0,1.0,47496.01171875,0.0,0.0
product.Yield.managed.FDC,7,70,10,0.0,10000.0,1.0,1.0,9013.8896484375,0.0,0.0
product.Yield.managed.FDC,8,80,10,0.0,10000.0,1.0,1.0,17920.41796875,0.0,0.0
product.Yield.managed.FDC,9,90,10,0.0,10000.0,1.0,1.0,47597.8515625,0.0,0.0
product.Yield.managed.FDC,10,100,10,0.0,10000.0,1.0,1.0,12320.822265625,0.0,0.0
product.Yield.managed.FDC,11,110,10,0.0,10000.0,1.0,1.0,29050.3359375,0.0,0.0
product.Yield.managed.FDC,12,120,10,0.0,10000.0,1.0,1.0,29695.62890625,0.0,0.0
product.Yield.managed.FDC,13,130,10,0.0,10000.0,1.0,1.0,15127.2021484375,0.0,0.0
product.Yield.managed.FDC,14,140,10,0.0,10000.0,1.0,1.0,11201.9736328125,0.0,0.0
product.Yield.managed.FDC,15,150,10,0.0,10000.0,1.0,1.0,12747.3017578125,0.0,0.0
product.Yield.managed.FDC,16,160,10,0.0,10000.0,1.0,1.0,42389.87109375,0.0,0.0
product.Yield.managed.FDC,17,170,10,0.0,10000.0,1.0,1.0,40615.2890625,0.0,0.0
product.Yield.managed.FDC,18,180,10,0.0,10000.0,1.0,1.0,25214.384765625,0.0,0.0
product.Yield.managed.FDC,19,190,10,0.0,10000.0,1.0,1.0,46100.42578125,0.0,0.0
product.Yield.managed.FDC,20,200,10,0.0,10000.0,1.0,1.0,11115.916015625,0.0,0.0
product.Yield.managed.FDC,21,210,10,0.0,10000.0,1.0,1.0,55113.17578125,0.0,0.0
product.Yield.managed.FDC,22,220,10,0.0,10000.0,1.0,1.0,49903.76953125,0.0,0.0
product.Yield.managed.FDC,23,230,10,0.0,10000.0,1.0,1.0,50847.87109375,0.0,0.0
product.Yield.managed.FDC,24,240,10,0.0,10000.0,1.0,1.0,34914.36328125,0.0,0.0
product.Yield.managed.FDC,25,250,10,0.0,10000.0,1.0,1.0,16633.6875,0.0,0.0
product.Yield.managed.FDC,26,260,10,0.0,10000.0,1.0,1.0,15687.00390625,0.0,0.0
product.Yield.managed.FDC,27,270,10,0.0,10000.0,1.0,1.0,23718.912109375,0.0,0.0
product.Yield.managed.FDC,28,280,10,0.0,10000.0,1.0,1.0,13248.7880859375,0.0,0.0
product.Yield.managed.FDC,29,290,10,0.0,10000.0,1.0,1.0,28097.587890625,0.0,0.0
product.Yield.managed.FDC,30,300,10,0.0,10000.0,1.0,1.0,36867.1015625,0.0,0.0
product.Yield.managed.HW,0,0,10,0.0,10000.0,1.0,1.0,0.0,0.0,0.0
product.Yield.managed.HW,1,10,10,0.0,10000.0,1.0,1.0,12003.3798828125,0.0,0.0
product.Yield.managed.HW,2,20,10,0.0,10000.0,1.0,1.0,28958.4453125,0.0,0.0
product.Yield.managed.HW,3,30,10,0.0,10000.0,1.0,1.0,31122.109375,0.0,0.0
product.Yield.managed.HW,4,40,10,0.0,10000.0,1.0,1.0,50406.21875,0.0,0.0
product.Yield.managed.HW,5,50,10,0.0,10000.0,1.0,1.0,36523.546875,0.0,0.0
product.Yield.managed.HW,6,60,10,0.0,10000.0,1.0,1.0,29030.908203125,0.0,0.0
product.Yield.managed.HW,7,70,10,0.0,10000.0,1.0,1.0,13027.73046875,0.0,0.0
product.Yield.managed.HW,8,80,10,0.0,10000.0,1.0,1.0,17663.08984375,0.0,0.0
product.Yield.managed.HW,9,90,10,0.0,10000.0,1.0,1.0,33171.0625,0.0,0.0
product.Yield.managed.HW,10,100,10,0.0,10000.0,1.0,1.0,65179.8359375,0.0,0.0
product.Yield.managed.HW,11,110,10,0.0,10000.0,1.0,1.0,50790.76953125,0.0,0.0
product.Yield.managed.HW,12,120,10,0.0,10000.0,1.0,1.0,52601.62890625,0.0,0.0
product.Yield.managed.HW,13,130,10,0.0,10000.0,1.0,1.0,64421.54296875,0.0,0.0
product.Yield.managed.HW,14,140,10,0.0,10000.0,1.0,1.0,50323.2265625,0.0,0.0
product.Yield.managed.HW,15,150,10,0.0,10000.0,1.0,1.0,32639.50390625,0.0,0.0
product.Yield.managed.HW,16,160,10,0.0,10000.0,1.0,1.0,39278.25,0.0,0.0
product.Yield.managed.HW,17,170,10,0.0,10000.0,1.0,1.0,42442.2421875,0.0,0.0
product.Yield.managed.HW,18,180,10,0.0,10000.0,1.0,1.0,53973.94140625,0.0,0.0
product.Yield.managed.HW,19,190,10,0.0,10000.0,1.0,1.0,36728.66796875,0.0,0.0
product.Yield.managed.HW,20,200,10,0.0,10000.0,1.0,1.0,69068.140625,0.0,0.0
product.Yield.managed.HW,21,210,10,0.0,10000.0,1.0,1.0,29396.005859375,0.0,0.0
product.Yield.managed.HW,22,220,10,0.0,10000.0,1.0,1.0,34088.75,0.0,0.0
product.Yield.managed.HW,23,230,10,0.0,10000.0,1.0,1.0,26603.423828125,0.0,0.0
product.Yield.managed.HW,24,240,10,0.0,10000.0,1.0,1.0,47575.9453125,0.0,0.0
product.Yield.managed.HW,25,250,10,0.0,10000.0,1.0,1.0,59160.82421875,0.0,0.0
product.Yield.managed.HW,26,260,10,0.0,10000.0,1.0,1.0,60770.9375,0.0,0.0
product.Yield.managed.HW,27,270,10,0.0,10000.0,1.0,1.0,57707.03515625,0.0,0.0
product.Yield.managed.HW,28,280,10,0.0,10000.0,1.0,1.0,65947.796875,0.0,0.0
product.Yield.managed.HW,29,290,10,0.0,10000.0,1.0,1.0,48936.3203125,0.0,0.0
product.Yield.managed.HW,30,300,10,0.0,10000.0,1.0,1.0,38045.8359375,0.0,0.0
product.Yield.managed.Total,0,0,10,10000.0,10000.0,1.0,1.0,0.0,0.0,0.0
product.Yield.managed.Total,1,10,10,100000.0,100000.0,1.0,1.0,100021.8671875,0.0,2.1867
product.Yield.managed.Total,2,20,10,100000.0,100000.0,1.0,1.0,99996.6796875,0.0,0.33180000000000004
product.Yield.managed.Total,3,30,10,100000.0,100000.0,1.0,1.0,99996.9296875,0.0,0.3074
product.Yield.managed.Total,4,40,10,100000.0,100000.0,1.0,1.0,99995.8515625,0.0,0.41470000000000007
product.Yield.managed.Total,5,50,10,100000.0,100000.0,1.0,1.0,100005.4453125,0.0,0.5443000000000001
product.Yield.managed.Total,6,60,10,100000.0,100000.0,1.0,1.0,100002.2421875,0.0,0.2242
product.Yield.managed.Total,7,70,10,100000.0,100000.0,1.0,1.0,100007.40625,0.0,0.7406000000000001
product.Yield.managed.Total,8,80,10,100000.0,100000.0,1.0,1.0,100077.078125,0.0,7.707900000000001
product.Yield.managed.Total,9,90,10,100000.0,100000.0,1.0,1.0,100006.15625,0.0,0.6159
product.Yield.managed.Total,10,100,10,100000.0,100000.0,1.0,1.0,100017.578125,0.0,1.7580000000000002
product.Yield.managed.Total,11,110,10,100000.0,100000.0,1.0,1.0,100002.6328125,0.0,0.2634
product.Yield.managed.Total,12,120,10,100000.0,100000.0,1.0,1.0,100011.1484375,0.0,1.1148
product.Yield.managed.Total,13,130,10,100000.0,100000.0,1.0,1.0,100004.3125,0.0,0.4312
product.Yield.managed.Total,14,140,10,100000.0,100000.0,1.0,1.0,99999.6875,0.0,0.0313
product.Yield.managed.Total,15,150,10,100000.0,100000.0,1.0,1.0,100002.1640625,0.0,0.2162
product.Yield.managed.Total,16,160,10,100000.0,100000.0,1.0,1.0,100000.8125,0.0,0.08140000000000001
product.Yield.managed.Total,17,170,10,100000.0,100000.0,1.0,1.0,99995.34375,0.0,0.4659
product.Yield.managed.Total,18,180,10,100000.0,100000.0,1.0,1.0,100002.46875,0.0,0.2465
product.Yield.managed.Total,19,190,10,100000.0,100000.0,1.0,1.0,100007.0546875,0.0,0.7054
product.Yield.managed.Total,20,200,10,100000.0,100000.0,1.0,1.0,99999.3125,0.0,0.069
product.Yield.managed.Total,21,210,10,100000.0,100000.0,1.0,1.0,99997.6171875,0.0,0.23850000000000005
product.Yield.managed.Total,22,220,10,100000.0,100000.0,1.0,1.0,100002.234375,0.0,0.22340000000000002
product.Yield.managed.Total,23,230,10,100000.0,100000.0,1.0,1.0,99998.15625,0.0,0.1844
product.Yield.managed.Total,24,240,10,100000.0,100000.0,1.0,1.0,100000.3515625,0.0,0.0355
product.Yield.managed.Total,25,250,10,100000.0,100000.0,1.0,1.0,100000.90625,0.0,0.09060000000000001
product.Yield.managed.Total,26,260,10,100000.0,100000.0,1.0,1.0,100000.046875,0.0,0.005000000000000001
product.Yield.managed.Total,27,270,10,100000.0,100000.0,1.0,1.0,100001.078125,0.0,0.1075
product.Yield.managed.Total,28,280,10,100000.0,100000.0,1.0,1.0,100000.1875,0.0,0.0189
product.Yield.managed.Total,29,290,10,100000.0,100000.0,1.0,1.0,99999.4140625,0.0,0.0583
product.Yield.managed.Total,30,300,10,100000.0,100000.0,1.0,1.0,100000.6015625,0.0,0.060200000000000004
value.grevenue.CW,0,0,10,0.0,10000.0,1.0,1.0,0.0,0.0,0.0
value.grevenue.CW,1,10,10,0.0,10000.0,1.0,1.0,1830216.75,0.0,0.0
value.grevenue.CW,2,20,10,0.0,10000.0,1.0,1.0,2320090.25,0.0,0.0
value.grevenue.CW,3,30,10,0.0,10000.0,1.0,1.0,3215737.0,0.0,0.0
value.grevenue.CW,4,40,10,0.0,10000.0,1.0,1.0,4331931.0,0.0,0.0
value.grevenue.CW,5,50,10,0.0,10000.0,1.0,1.0,2733084.75,0.0,0.0
value.grevenue.CW,6,60,10,0.0,10000.0,1.0,1.0,3642590.0,0.0,0.0
value.grevenue.CW,7,70,10,0.0,10000.0,1.0,1.0,1199194.75,0.0,0.0
value.grevenue.CW,8,80,10,0.0,10000.0,1.0,1.0,1827667.375,0.0,0.0
value.grevenue.CW,9,90,10,0.0,10000.0,1.0,1.0,3906800.25,0.0,0.0
value.grevenue.CW,10,100,10,0.0,10000.0,1.0,1.0,4809138.0,0.0,0.0
value.grevenue.CW,11,110,10,0.0,10000.0,1.0,1.0,4321492.0,0.0,0.0
value.grevenue.CW,12,120,10,0.0,10000.0,1.0,1.0,4501984.5,0.0,0.0
value.grevenue.CW,13,130,10,0.0,10000.0,1.0,1.0,4887290.5,0.0,0.0
value.grevenue.CW,14,140,10,0.0,10000.0,1.0,1.0,3796411.5,0.0,0.0
value.grevenue.CW,15,150,10,0.0,10000.0,1.0,1.0,2656224.25,0.0,0.0
value.grevenue.CW,16,160,10,0.0,10000.0,1.0,1.0,4124960.75,0.0,0.0
value.grevenue.CW,17,170,10,0.0,10000.0,1.0,1.0,4304743.0,0.0,0.0
value.grevenue.CW,18,180,10,0.0,10000.0,1.0,1.0,4539034.5,0.0,0.0
value.grevenue.CW,19,190,10,0.0,10000.0,1.0,1.0,3884989.0,0.0,0.0
value.grevenue.CW,20,200,10,0.0,10000.0,1.0,1.0,5036046.5,0.0,0.0
value.grevenue.CW,21,210,10,0.0,10000.0,1.0,1.0,3936403.25,0.0,0.0
value.grevenue.CW,22,220,10,0.0,10000.0,1.0,1.0,4068868.5,0.0,0.0
value.grevenue.CW,23,230,10,0.0,10000.0,1.0,1.0,3596858.5,0.0,0.0
value.grevenue.CW,24,240,10,0.0,10000.0,1.0,1.0,4450177.0,0.0,0.0
value.grevenue.CW,25,250,10,0.0,10000.0,1.0,1.0,4585734.0,0.0,0.0
value.grevenue.CW,26,260,10,0.0,10000.0,1.0,1.0,4624347.0,0.0,0.0
value.grevenue.CW,27,270,10,0.0,10000.0,1.0,1.0,4720868.5,0.0,0.0
value.grevenue.CW,28,280,10,0.0,10000.0,1.0,1.0,4850756.0,0.0,0.0
value.grevenue.CW,29,290,10,0.0,10000.0,1.0,1.0,4249569.5,0.0,0.0
value.grevenue.CW,30,300,10,0.0,10000.0,1.0,1.0,3798228.25,0.0,0.0
value.grevenue.FDC,0,0,10,0.0,10000.0,1.0,1.0,0.0,0.0,0.0
value.grevenue.FDC,1,10,10,0.0,10000.0,1.0,1.0,3262176.75,0.0,0.0
value.grevenue.FDC,2,20,10,0.0,10000.0,1.0,1.0,1248236.125,0.0,0.0
value.grevenue.FDC,3,30,10,0.0,10000.0,1.0,1.0,3819702.25,0.0,0.0
value.grevenue.FDC,4,40,10,0.0,10000.0,1.0,1.0,3095512.0,0.0,0.0
value.grevenue.FDC,5,50,10,0.0,10000.0,1.0,1.0,849476.3125,0.0,0.0
value.grevenue.FDC,6,60,10,0.0,10000.0,1.0,1.0,5378448.0,0.0,0.0
value.grevenue.FDC,7,70,10,0.0,10000.0,1.0,1.0,1020732.875,0.0,0.0
value.grevenue.FDC,8,80,10,0.0,10000.0,1.0,1.0,2029308.0,0.0,0.0
value.grevenue.FDC,9,90,10,0.0,10000.0,1.0,1.0,5389980.5,0.0,0.0
value.grevenue.FDC,10,100,10,0.0,10000.0,1.0,1.0,1395209.875,0.0,0.0
value.grevenue.FDC,11,110,10,0.0,10000.0,1.0,1.0,3289659.75,0.0,0.0
value.grevenue.FDC,12,120,10,0.0,10000.0,1.0,1.0,3362733.0,0.0,0.0
value.grevenue.FDC,13,130,10,0.0,10000.0,1.0,1.0,1713004.375,0.0,0.0
value.grevenue.FDC,14,140,10,0.0,10000.0,1.0,1.0,1268511.5,0.0,0.0
value.grevenue.FDC,15,150,10,0.0,10000.0,1.0,1.0,1443504.5,0.0,0.0
value.grevenue.FDC,16,160,10,0.0,10000.0,1.0,1.0,4800229.0,0.0,0.0
value.grevenue.FDC,17,170,10,0.0,10000.0,1.0,1.0,4599275.0,0.0,0.0
value.grevenue.FDC,18,180,10,0.0,10000.0,1.0,1.0,2855276.75,0.0,0.0
value.grevenue.FDC,19,190,10,0.0,10000.0,1.0,1.0,5220412.0,0.0,0.0
value.grevenue.FDC,20,200,10,0.0,10000.0,1.0,1.0,1258766.25,0.0,0.0
value.grevenue.FDC,21,210,10,0.0,10000.0,1.0,1.0,6241016.0,0.0,0.0
value.grevenue.FDC,22,220,10,0.0,10000.0,1.0,1.0,5651103.0,0.0,0.0
value.grevenue.FDC,23,230,10,0.0,10000.0,1.0,1.0,5758012.5,0.0,0.0
value.grevenue.FDC,24,240,10,0.0,10000.0,1.0,1.0,3953702.25,0.0,0.0
value.grevenue.FDC,25,250,10,0.0,10000.0,1.0,1.0,1883598.625,0.0,0.0
value.grevenue.FDC,26,260,10,0.0,10000.0,1.0,1.0,1776396.25,0.0,0.0
value.grevenue.FDC,27,270,10,0.0,10000.0,1.0,1.0,2685929.5,0.0,0.0
value.grevenue.FDC,28,280,10,0.0,10000.0,1.0,1.0,1500292.75,0.0,0.0
value.grevenue.FDC,29,290,10,0.0,10000.0,1.0,1.0,3181770.75,0.0,0.0
value.grevenue.FDC,30,300,10,0.0,10000.0,1.0,1.0,4174830.5,0.0,0.0
value.grevenue.HW,0,0,10,0.0,10000.0,1.0,1.0,0.0,0.0,0.0
value.grevenue.HW,1,10,10,0.0,10000.0,1.0,1.0,958710.0,0.0,0.0
value.grevenue.HW,2,20,10,0.0,10000.0,1.0,1.0,2312911.0,0.0,0.0
value.grevenue.HW,3,30,10,0.0,10000.0,1.0,1.0,2485723.0,0.0,0.0
value.grevenue.HW,4,40,10,0.0,10000.0,1.0,1.0,4025945.0,0.0,0.0
value.grevenue.HW,5,50,10,0.0,10000.0,1.0,1.0,2917135.75,0.0,0.0
value.grevenue.HW,6,60,10,0.0,10000.0,1.0,1.0,2318698.75,0.0,0.0
value.grevenue.HW,7,70,10,0.0,10000.0,1.0,1.0,1040524.8125,0.0,0.0
value.grevenue.HW,8,80,10,0.0,10000.0,1.0,1.0,1410751.0,0.0,0.0
value.grevenue.HW,9,90,10,0.0,10000.0,1.0,1.0,2649373.0,0.0,0.0
value.grevenue.HW,10,100,10,0.0,10000.0,1.0,1.0,5205913.5,0.0,0.0
value.grevenue.HW,11,110,10,0.0,10000.0,1.0,1.0,4056658.75,0.0,0.0
value.grevenue.HW,12,120,10,0.0,10000.0,1.0,1.0,4201292.5,0.0,0.0
value.grevenue.HW,13,130,10,0.0,10000.0,1.0,1.0,5145349.0,0.0,0.0
value.grevenue.HW,14,140,10,0.0,10000.0,1.0,1.0,4019316.0,0.0,0.0
value.grevenue.HW,15,150,10,0.0,10000.0,1.0,1.0,2606917.25,0.0,0.0
value.grevenue.HW,16,160,10,0.0,10000.0,1.0,1.0,3137153.75,0.0,0.0
value.grevenue.HW,17,170,10,0.0,10000.0,1.0,1.0,3389862.0,0.0,0.0
value.grevenue.HW,18,180,10,0.0,10000.0,1.0,1.0,4310899.0,0.0,0.0
value.grevenue.HW,19,190,10,0.0,10000.0,1.0,1.0,2933518.75,0.0,0.0
value.grevenue.HW,20,200,10,0.0,10000.0,1.0,1.0,5516472.5,0.0,0.0
value.grevenue.HW,21,210,10,0.0,10000.0,1.0,1.0,2347859.0,0.0,0.0
value.grevenue.HW,22,220,10,0.0,10000.0,1.0,1.0,2722668.5,0.0,0.0
value.grevenue.HW,23,230,10,0.0,10000.0,1.0,1.0,2124815.5,0.0,0.0
value.grevenue.HW,24,240,10,0.0,10000.0,1.0,1.0,3799891.0,0.0,0.0
value.grevenue.HW,25,250,10,0.0,10000.0,1.0,1.0,4725175.0,0.0,0.0
value.grevenue.HW,26,260,10,0.0,10000.0,1.0,1.0,4853775.0,0.0,0.0
value.grevenue.HW,27,270,10,0.0,10000.0,1.0,1.0,4609061.0,0.0,0.0
value.grevenue.HW,28,280,10,0.0,10000.0,1.0,1.0,5267250.5,0.0,0.0
value.grevenue.HW,29,290,10,0.0,10000.0,1.0,1.0,3908544.0,0.0,0.0
value.grevenue.HW,30,300,10,0.0,10000.0,1.0,1.0,3038721.0,0.0,0.0
value.grevenue.total,0,0,10,0.0,10000.0,1.0,1.0,0.0,0.0,0.0
value.grevenue.total,1,10,10,0.0,10000.0,1.0,1.0,6051103.5,0.0,0.0
value.grevenue.total,2,20,10,0.0,10000.0,1.0,1.0,5881237.5,0.0,0.0
value.grevenue.total,3,30,10,0.0,10000.0,1.0,1.0,9521162.0,0.0,0.0
value.grevenue.total,4,40,10,0.0,10000.0,1.0,1.0,1.1453388E7,0.0,0.0
value.grevenue.total,5,50,10,0.0,10000.0,1.0,1.0,6499697.0,0.0,0.0
value.grevenue.total,6,60,10,0.0,10000.0,1.0,1.0,1.1339737E7,0.0,0.0
value.grevenue.total,7,70,10,0.0,10000.0,1.0,1.0,3260452.5,0.0,0.0
value.grevenue.total,8,80,10,0.0,10000.0,1.0,1.0,5267726.5,0.0,0.0
value.grevenue.total,9,90,10,0.0,10000.0,1.0,1.0,1.1946154E7,0.0,0.0
value.grevenue.total,10,100,10,0.0,10000.0,1.0,1.0,1.1410261E7,0.0,0.0
value.grevenue.total,11,110,10,0.0,10000.0,1.0,1.0,1.1667811E7,0.0,0.0
value.grevenue.total,12,120,10,0.0,10000.0,1.0,1.0,1.206601E7,0.0,0.0
value.grevenue.total,13,130,10,0.0,10000.0,1.0,1.0,1.1745644E7,0.0,0.0
value.grevenue.total,14,140,10,0.0,10000.0,1.0,1.0,9084239.0,0.0,0.0
value.grevenue.total,15,150,10,0.0,10000.0,1.0,1.0,6706646.0,0.0,0.0
value.grevenue.total,16,160,10,0.0,10000.0,1.0,1.0,1.2062343E7,0.0,0.0
value.grevenue.total,17,170,10,0.0,10000.0,1.0,1.0,1.229388E7,0.0,0.0
value.grevenue.total,18,180,10,0.0,10000.0,1.0,1.0,1.170521E7,0.0,0.0
value.grevenue.total,19,190,10,0.0,10000.0,1.0,1.0,1.203892E7,0.0,0.0
value.grevenue.total,20,200,10,0.0,10000.0,1.0,1.0,1.1811286E7,0.0,0.0
value.grevenue.total,21,210,10,0.0,10000.0,1.0,1.0,1.2525278E7,0.0,0.0
value.grevenue.total,22,220,10,0.0,10000.0,1.0,1.0,1.244264E7,0.0,0.0
value.grevenue.total,23,230,10,0.0,10000.0,1.0,1.0,1.1479687E7,0.0,0.0
value.grevenue.total,24,240,10,0.0,10000.0,1.0,1.0,1.220377E7,0.0,0.0
value.grevenue.total,25,250,10,0.0,10000.0,1.0,1.0,1.1194508E7,0.0,0.0
value.grevenue.total,26,260,10,0.0,10000.0,1.0,1.0,1.1254518E7,0.0,0.0
value.grevenue.total,27,270,10,0.0,10000.0,1.0,1.0,1.2015859E7,0.0,0.0
value.grevenue.total,28,280,10,0.0,10000.0,1.0,1.0,1.16183E7,0.0,0.0
value.grevenue.total,29,290,10,0.0,10000.0,1.0,1.0,1.1339884E7,0.0,0.0
value.grevenue.total,30,300,10,0.0,10000.0,1.0,1.0,1.101178E7,0.0,0.0
value.harvcost.total,0,0,10,0.0,10000.0,1.0,1.0,0.0,0.0,0.0
value.harvcost.total,1,10,10,0.0,10000.0,1.0,1.0,8751913.0,0.0,0.0
value.harvcost.total,2,20,10,0.0,10000.0,1.0,1.0,8749710.0,0.0,0.0
value.harvcost.total,3,30,10,0.0,10000.0,1.0,1.0,8749731.0,0.0,0.0
value.harvcost.total,4,40,10,0.0,10000.0,1.0,1.0,8749637.0,0.0,0.0
value.harvcost.total,5,50,10,0.0,10000.0,1.0,1.0,8750476.0,0.0,0.0
value.harvcost.total,6,60,10,0.0,10000.0,1.0,1.0,8750196.0,0.0,0.0
value.harvcost.total,7,70,10,0.0,10000.0,1.0,1.0,8750648.0,0.0,0.0
value.harvcost.total,8,80,10,0.0,10000.0,1.0,1.0,8756744.0,0.0,0.0
value.harvcost.total,9,90,10,0.0,10000.0,1.0,1.0,8750539.0,0.0,0.0
value.harvcost.total,10,100,10,0.0,10000.0,1.0,1.0,8751538.0,0.0,0.0
value.harvcost.total,11,110,10,0.0,10000.0,1.0,1.0,8750230.0,0.0,0.0
value.harvcost.total,12,120,10,0.0,10000.0,1.0,1.0,8750975.0,0.0,0.0
value.harvcost.total,13,130,10,0.0,10000.0,1.0,1.0,8750377.0,0.0,0.0
value.harvcost.total,14,140,10,0.0,10000.0,1.0,1.0,8749973.0,0.0,0.0
value.harvcost.total,15,150,10,0.0,10000.0,1.0,1.0,8750189.0,0.0,0.0
value.harvcost.total,16,160,10,0.0,10000.0,1.0,1.0,8750071.0,0.0,0.0
value.harvcost.total,17,170,10,0.0,10000.0,1.0,1.0,8749592.0,0.0,0.0
value.harvcost.total,18,180,10,0.0,10000.0,1.0,1.0,8750216.0,0.0,0.0
value.harvcost.total,19,190,10,0.0,10000.0,1.0,1.0,8750617.0,0.0,0.0
value.harvcost.total,20,200,10,0.0,10000.0,1.0,1.0,8749940.0,0.0,0.0
value.harvcost.total,21,210,10,0.0,10000.0,1.0,1.0,8749791.0,0.0,0.0
value.harvcost.total,22,220,10,0.0,10000.0,1.0,1.0,8750195.0,0.0,0.0
value.harvcost.total,23,230,10,0.0,10000.0,1.0,1.0,8749839.0,0.0,0.0
value.harvcost.total,24,240,10,0.0,10000.0,1.0,1.0,8750031.0,0.0,0.0
value.harvcost.total,25,250,10,0.0,10000.0,1.0,1.0,8750079.0,0.0,0.0
value.harvcost.total,26,260,10,0.0,10000.0,1.0,1.0,8750004.0,0.0,0.0
value.harvcost.total,27,270,10,0.0,10000.0,1.0,1.0,8750094.0,0.0,0.0
value.harvcost.total,28,280,10,0.0,10000.0,1.0,1.0,8750017.0,0.0,0.0
value.harvcost.total,29,290,10,0.0,10000.0,1.0,1.0,8749949.0,0.0,0.0
value.harvcost.total,30,300,10,0.0,10000.0,1.0,1.0,8750053.0,0.0,0.0
value.nrevenue.total,0,0,10,0.0,10000.0,1.0,1.0,0.0,0.0,0.0
value.nrevenue.total,1,10,10,0.0,10000.0,1.0,1.0,-2716749.5,0.0,0.0
value.nrevenue.total,2,20,10,0.0,10000.0,1.0,1.0,-2886095.25,0.0,0.0
value.nrevenue.total,3,30,10,0.0,10000.0,1.0,1.0,744809.4375,0.0,0.0
value.nrevenue.total,4,40,10,0.0,10000.0,1.0,1.0,2670170.5,0.0,0.0
value.nrevenue.total,5,50,10,0.0,10000.0,1.0,1.0,-2270792.0,0.0,0.0
value.nrevenue.total,6,60,10,0.0,10000.0,1.0,1.0,2558870.0,0.0,0.0
value.nrevenue.total,7,70,10,0.0,10000.0,1.0,1.0,-5499587.0,0.0,0.0
value.nrevenue.total,8,80,10,0.0,10000.0,1.0,1.0,-3503776.5,0.0,0.0
value.nrevenue.total,9,90,10,0.0,10000.0,1.0,1.0,3162977.0,0.0,0.0
value.nrevenue.total,10,100,10,0.0,10000.0,1.0,1.0,2623443.5,0.0,0.0
value.nrevenue.total,11,110,10,0.0,10000.0,1.0,1.0,2883388.0,0.0,0.0
value.nrevenue.total,12,120,10,0.0,10000.0,1.0,1.0,3279687.25,0.0,0.0
value.nrevenue.total,13,130,10,0.0,10000.0,1.0,1.0,2959294.5,0.0,0.0
value.nrevenue.total,14,140,10,0.0,10000.0,1.0,1.0,306383.59375,0.0,0.0
value.nrevenue.total,15,150,10,0.0,10000.0,1.0,1.0,-2063575.625,0.0,0.0
value.nrevenue.total,16,160,10,0.0,10000.0,1.0,1.0,3278603.25,0.0,0.0
value.nrevenue.total,17,170,10,0.0,10000.0,1.0,1.0,3509694.0,0.0,0.0
value.nrevenue.total,18,180,10,0.0,10000.0,1.0,1.0,2920397.0,0.0,0.0
value.nrevenue.total,19,190,10,0.0,10000.0,1.0,1.0,3254894.25,0.0,0.0
value.nrevenue.total,20,200,10,0.0,10000.0,1.0,1.0,3024635.5,0.0,0.0
value.nrevenue.total,21,210,10,0.0,10000.0,1.0,1.0,3741936.0,0.0,0.0
value.nrevenue.total,22,220,10,0.0,10000.0,1.0,1.0,3658517.25,0.0,0.0
value.nrevenue.total,23,230,10,0.0,10000.0,1.0,1.0,2699139.25,0.0,0.0
value.nrevenue.total,24,240,10,0.0,10000.0,1.0,1.0,3418732.5,0.0,0.0
value.nrevenue.total,25,250,10,0.0,10000.0,1.0,1.0,2410418.5,0.0,0.0
value.nrevenue.total,26,260,10,0.0,10000.0,1.0,1.0,2470143.25,0.0,0.0
value.nrevenue.total,27,270,10,0.0,10000.0,1.0,1.0,3229958.75,0.0,0.0
value.nrevenue.total,28,280,10,0.0,10000.0,1.0,1.0,2832388.75,0.0,0.0
value.nrevenue.total,29,290,10,0.0,10000.0,1.0,1.0,2556800.25,0.0,0.0
value.nrevenue.total,30,300,10,0.0,10000.0,1.0,1.0,2230695.5,0.0,0.0
value.stumpage.CW,0,0,10,0.0,10000.0,1.0,1.0,0.0,0.0,0.0
value.stumpage.CW,1,10,10,0.0,10000.0,1.0,1.0,3384.62109375,0.0,0.0
value.stumpage.CW,2,20,10,0.0,10000.0,1.0,1.0,4290.5439453125,0.0,0.0
value.stumpage.CW,3,30,10,0.0,10000.0,1.0,1.0,5946.86376953125,0.0,0.0
value.stumpage.CW,4,40,10,0.0,10000.0,1.0,1.0,8011.041015625,0.0,0.0
value.stumpage.CW,5,50,10,0.0,10000.0,1.0,1.0,5054.294921875,0.0,0.0
value.stumpage.CW,6,60,10,0.0,10000.0,1.0,1.0,6736.2451171875,0.0,0.0
value.stumpage.CW,7,70,10,0.0,10000.0,1.0,1.0,2217.6689453125,0.0,0.0
value.stumpage.CW,8,80,10,0.0,10000.0,1.0,1.0,3379.906982421875,0.0,0.0
value.stumpage.CW,9,90,10,0.0,10000.0,1.0,1.0,7224.84716796875,0.0,0.0
value.stumpage.CW,10,100,10,0.0,10000.0,1.0,1.0,8893.5400390625,0.0,0.0
value.stumpage.CW,11,110,10,0.0,10000.0,1.0,1.0,7991.73486328125,0.0,0.0
value.stumpage.CW,12,120,10,0.0,10000.0,1.0,1.0,8325.51953125,0.0,0.0
value.stumpage.CW,13,130,10,0.0,10000.0,1.0,1.0,9038.0712890625,0.0,0.0
value.stumpage.CW,14,140,10,0.0,10000.0,1.0,1.0,7020.7060546875,0.0,0.0
value.stumpage.CW,15,150,10,0.0,10000.0,1.0,1.0,4912.15380859375,0.0,0.0
value.stumpage.CW,16,160,10,0.0,10000.0,1.0,1.0,7628.2919921875,0.0,0.0
value.stumpage.CW,17,170,10,0.0,10000.0,1.0,1.0,7960.76318359375,0.0,0.0
value.stumpage.CW,18,180,10,0.0,10000.0,1.0,1.0,8394.037109375,0.0,0.0
value.stumpage.CW,19,190,10,0.0,10000.0,1.0,1.0,7184.5078125,0.0,0.0
value.stumpage.CW,20,200,10,0.0,10000.0,1.0,1.0,9313.1630859375,0.0,0.0
value.stumpage.CW,21,210,10,0.0,10000.0,1.0,1.0,7279.59423828125,0.0,0.0
value.stumpage.CW,22,220,10,0.0,10000.0,1.0,1.0,7524.56201171875,0.0,0.0
value.stumpage.CW,23,230,10,0.0,10000.0,1.0,1.0,6651.6728515625,0.0,0.0
value.stumpage.CW,24,240,10,0.0,10000.0,1.0,1.0,8229.7109375,0.0,0.0
value.stumpage.CW,25,250,10,0.0,10000.0,1.0,1.0,8480.3974609375,0.0,0.0
value.stumpage.CW,26,260,10,0.0,10000.0,1.0,1.0,8551.806640625,0.0,0.0
value.stumpage.CW,27,270,10,0.0,10000.0,1.0,1.0,8730.30078125,0.0,0.0
value.stumpage.CW,28,280,10,0.0,10000.0,1.0,1.0,8970.505859375,0.0,0.0
value.stumpage.CW,29,290,10,0.0,10000.0,1.0,1.0,7858.72607421875,0.0,0.0
value.stumpage.CW,30,300,10,0.0,10000.0,1.0,1.0,7024.06396484375,0.0,0.0
value.stumpage.FDC,0,0,10,0.0,10000.0,1.0,1.0,0.0,0.0,0.0
value.stumpage.FDC,1,10,10,0.0,10000.0,1.0,1.0,8354.212890625,0.0,0.0
value.stumpage.FDC,2,20,10,0.0,10000.0,1.0,1.0,3196.64306640625,0.0,0.0
value.stumpage.FDC,3,30,10,0.0,10000.0,1.0,1.0,9781.994140625,0.0,0.0
value.stumpage.FDC,4,40,10,0.0,10000.0,1.0,1.0,7927.39208984375,0.0,0.0
value.stumpage.FDC,5,50,10,0.0,10000.0,1.0,1.0,2175.447998046875,0.0,0.0
value.stumpage.FDC,6,60,10,0.0,10000.0,1.0,1.0,13773.837890625,0.0,0.0
value.stumpage.FDC,7,70,10,0.0,10000.0,1.0,1.0,2614.02490234375,0.0,0.0
value.stumpage.FDC,8,80,10,0.0,10000.0,1.0,1.0,5196.919921875,0.0,0.0
value.stumpage.FDC,9,90,10,0.0,10000.0,1.0,1.0,13803.3740234375,0.0,0.0
value.stumpage.FDC,10,100,10,0.0,10000.0,1.0,1.0,3573.032958984375,0.0,0.0
value.stumpage.FDC,11,110,10,0.0,10000.0,1.0,1.0,8424.5908203125,0.0,0.0
value.stumpage.FDC,12,120,10,0.0,10000.0,1.0,1.0,8611.7236328125,0.0,0.0
value.stumpage.FDC,13,130,10,0.0,10000.0,1.0,1.0,4386.8828125,0.0,0.0
value.stumpage.FDC,14,140,10,0.0,10000.0,1.0,1.0,3248.568115234375,0.0,0.0
value.stumpage.FDC,15,150,10,0.0,10000.0,1.0,1.0,3696.712890625,0.0,0.0
value.stumpage.FDC,16,160,10,0.0,10000.0,1.0,1.0,12293.0576171875,0.0,0.0
value.stumpage.FDC,17,170,10,0.0,10000.0,1.0,1.0,11778.4296875,0.0,0.0
value.stumpage.FDC,18,180,10,0.0,10000.0,1.0,1.0,7312.1630859375,0.0,0.0
value.stumpage.FDC,19,190,10,0.0,10000.0,1.0,1.0,13369.1162109375,0.0,0.0
value.stumpage.FDC,20,200,10,0.0,10000.0,1.0,1.0,3223.60888671875,0.0,0.0
value.stumpage.FDC,21,210,10,0.0,10000.0,1.0,1.0,15982.81640625,0.0,0.0
value.stumpage.FDC,22,220,10,0.0,10000.0,1.0,1.0,14472.0888671875,0.0,0.0
value.stumpage.FDC,23,230,10,0.0,10000.0,1.0,1.0,14745.87890625,0.0,0.0
value.stumpage.FDC,24,240,10,0.0,10000.0,1.0,1.0,10125.15625,0.0,0.0
value.stumpage.FDC,25,250,10,0.0,10000.0,1.0,1.0,4823.76318359375,0.0,0.0
value.stumpage.FDC,26,260,10,0.0,10000.0,1.0,1.0,4549.22607421875,0.0,0.0
value.stumpage.FDC,27,270,10,0.0,10000.0,1.0,1.0,6878.47705078125,0.0,0.0
value.stumpage.FDC,28,280,10,0.0,10000.0,1.0,1.0,3842.14306640625,0.0,0.0
value.stumpage.FDC,29,290,10,0.0,10000.0,1.0,1.0,8148.2900390625,0.0,0.0
value.stumpage.FDC,30,300,10,0.0,10000.0,1.0,1.0,10691.4541015625,0.0,0.0
value.stumpage.HW,0,0,10,0.0,10000.0,1.0,1.0,0.0,0.0,0.0
value.stumpage.HW,1,10,10,0.0,10000.0,1.0,1.0,4201.18115234375,0.0,0.0
value.stumpage.HW,2,20,10,0.0,10000.0,1.0,1.0,10135.451171875,0.0,0.0
value.stumpage.HW,3,30,10,0.0,10000.0,1.0,1.0,10892.734375,0.0,0.0
value.stumpage.HW,4,40,10,0.0,10000.0,1.0,1.0,17642.171875,0.0,0.0
value.stumpage.HW,5,50,10,0.0,10000.0,1.0,1.0,12783.236328125,0.0,0.0
value.stumpage.HW,6,60,10,0.0,10000.0,1.0,1.0,10160.81640625,0.0,0.0
value.stumpage.HW,7,70,10,0.0,10000.0,1.0,1.0,4559.7021484375,0.0,0.0
value.stumpage.HW,8,80,10,0.0,10000.0,1.0,1.0,6182.080078125,0.0,0.0
value.stumpage.HW,9,90,10,0.0,10000.0,1.0,1.0,11609.865234375,0.0,0.0
value.stumpage.HW,10,100,10,0.0,10000.0,1.0,1.0,22812.9375,0.0,0.0
value.stumpage.HW,11,110,10,0.0,10000.0,1.0,1.0,17776.76171875,0.0,0.0
value.stumpage.HW,12,120,10,0.0,10000.0,1.0,1.0,18410.5625,0.0,0.0
value.stumpage.HW,13,130,10,0.0,10000.0,1.0,1.0,22547.533203125,0.0,0.0
value.stumpage.HW,14,140,10,0.0,10000.0,1.0,1.0,17613.125,0.0,0.0
value.stumpage.HW,15,150,10,0.0,10000.0,1.0,1.0,11423.8193359375,0.0,0.0
value.stumpage.HW,16,160,10,0.0,10000.0,1.0,1.0,13747.3818359375,0.0,0.0
value.stumpage.HW,17,170,10,0.0,10000.0,1.0,1.0,14854.78125,0.0,0.0
value.stumpage.HW,18,180,10,0.0,10000.0,1.0,1.0,18890.87109375,0.0,0.0
value.stumpage.HW,19,190,10,0.0,10000.0,1.0,1.0,12855.0263671875,0.0,0.0
value.stumpage.HW,20,200,10,0.0,10000.0,1.0,1.0,24173.841796875,0.0,0.0
value.stumpage.HW,21,210,10,0.0,10000.0,1.0,1.0,10288.5986328125,0.0,0.0
value.stumpage.HW,22,220,10,0.0,10000.0,1.0,1.0,11931.0576171875,0.0,0.0
value.stumpage.HW,23,230,10,0.0,10000.0,1.0,1.0,9311.1943359375,0.0,0.0
value.stumpage.HW,24,240,10,0.0,10000.0,1.0,1.0,16651.572265625,0.0,0.0
value.stumpage.HW,25,250,10,0.0,10000.0,1.0,1.0,20706.28125,0.0,0.0
value.stumpage.HW,26,260,10,0.0,10000.0,1.0,1.0,21269.8203125,0.0,0.0
value.stumpage.HW,27,270,10,0.0,10000.0,1.0,1.0,20197.455078125,0.0,0.0
value.stumpage.HW,28,280,10,0.0,10000.0,1.0,1.0,23081.724609375,0.0,0.0
value.stumpage.HW,29,290,10,0.0,10000.0,1.0,1.0,17127.705078125,0.0,0.0
value.stumpage.HW,30,300,10,0.0,10000.0,1.0,1.0,13316.0341796875,0.0,0.0
value.stumpage.total,0,0,10,0.0,10000.0,1.0,1.0,0.0,0.0,0.0
value.stumpage.total,1,10,10,0.0,10000.0,1.0,1.0,15940.0146484375,0.0,0.0
value.stumpage.total,2,20,10,0.0,10000.0,1.0,1.0,17622.638671875,0.0,0.0
value.stumpage.total,3,30,10,0.0,10000.0,1.0,1.0,26621.591796875,0.0,0.0
value.stumpage.total,4,40,10,0.0,10000.0,1.0,1.0,33580.60546875,0.0,0.0
value.stumpage.total,5,50,10,0.0,10000.0,1.0,1.0,20012.978515625,0.0,0.0
value.stumpage.total,6,60,10,0.0,10000.0,1.0,1.0,30670.8984375,0.0,0.0
value.stumpage.total,7,70,10,0.0,10000.0,1.0,1.0,9391.396484375,0.0,0.0
value.stumpage.total,8,80,10,0.0,10000.0,1.0,1.0,14758.9072265625,0.0,0.0
value.stumpage.total,9,90,10,0.0,10000.0,1.0,1.0,32638.0859375,0.0,0.0
value.stumpage.total,10,100,10,0.0,10000.0,1.0,1.0,35279.51171875,0.0,0.0
value.stumpage.total,11,110,10,0.0,10000.0,1.0,1.0,34193.08984375,0.0,0.0
value.stumpage.total,12,120,10,0.0,10000.0,1.0,1.0,35347.8046875,0.0,0.0
value.stumpage.total,13,130,10,0.0,10000.0,1.0,1.0,35972.48828125,0.0,0.0
value.stumpage.total,14,140,10,0.0,10000.0,1.0,1.0,27882.3984375,0.0,0.0
value.stumpage.total,15,150,10,0.0,10000.0,1.0,1.0,20032.685546875,0.0,0.0
value.stumpage.total,16,160,10,0.0,10000.0,1.0,1.0,33668.73046875,0.0,0.0
value.stumpage.total,17,170,10,0.0,10000.0,1.0,1.0,34593.97265625,0.0,0.0
value.stumpage.total,18,180,10,0.0,10000.0,1.0,1.0,34597.0703125,0.0,0.0
value.stumpage.total,19,190,10,0.0,10000.0,1.0,1.0,33408.6484375,0.0,0.0
value.stumpage.total,20,200,10,0.0,10000.0,1.0,1.0,36710.61328125,0.0,0.0
value.stumpage.total,21,210,10,0.0,10000.0,1.0,1.0,33551.0078125,0.0,0.0
value.stumpage.total,22,220,10,0.0,10000.0,1.0,1.0,33927.7109375,0.0,0.0
value.stumpage.total,23,230,10,0.0,10000.0,1.0,1.0,30708.74609375,0.0,0.0
value.stumpage.total,24,240,10,0.0,10000.0,1.0,1.0,35006.4375,0.0,0.0
value.stumpage.total,25,250,10,0.0,10000.0,1.0,1.0,34010.44140625,0.0,0.0
value.stumpage.total,26,260,10,0.0,10000.0,1.0,1.0,34370.8515625,0.0,0.0
value.stumpage.total,27,270,10,0.0,10000.0,1.0,1.0,35806.234375,0.0,0.0
value.stumpage.total,28,280,10,0.0,10000.0,1.0,1.0,35894.37109375,0.0,0.0
value.stumpage.total,29,290,10,0.0,10000.0,1.0,1.0,33134.72265625,0.0,0.0
value.stumpage.total,30,300,10,0.0,10000.0,1.0,1.0,31031.552734375,0.0,0.0
Bike1_GrowingStock,0,0,10,0.0,10000.0,1.0,1.0,57558.00390625,0.0,0.0
Bike1_GrowingStock,1,10,10,0.0,10000.0,1.0,1.0,75992.3203125,0.0,0.0
Bike1_GrowingStock,2,20,10,0.0,10000.0,1.0,1.0,92508.1953125,0.0,0.0
Bike1_GrowingStock,3,30,10,0.0,10000.0,1.0,1.0,60683.4296875,0.0,0.0
Bike1_GrowingStock,4,40,10,0.0,10000.0,1.0,1.0,45150.26953125,0.0,0.0
Bike1_GrowingStock,5,50,10,0.0,10000.0,1.0,1.0,8225.931640625,0.0,0.0
Bike1_GrowingStock,6,60,10,0.0,10000.0,1.0,1.0,18201.796875,0.0,0.0
Bike1_GrowingStock,7,70,10,0.0,10000.0,1.0,1.0,34646.8828125,0.0,0.0
Bike1_GrowingStock,8,80,10,0.0,10000.0,1.0,1.0,53391.1015625,0.0,0.0
Bike1_GrowingStock,9,90,10,0.0,10000.0,1.0,1.0,34997.1796875,0.0,0.0
Bike1_GrowingStock,10,100,10,0.0,10000.0,1.0,1.0,45160.03125,0.0,0.0
Bike1_GrowingStock,11,110,10,0.0,10000.0,1.0,1.0,37483.28515625,0.0,0.0
Bike1_GrowingStock,12,120,10,0.0,10000.0,1.0,1.0,50502.5703125,0.0,0.0
Bike1_GrowingStock,13,130,10,0.0,10000.0,1.0,1.0,54938.4921875,0.0,0.0
Bike1_GrowingStock,14,140,10,0.0,10000.0,1.0,1.0,70438.96875,0.0,0.0
Bike1_GrowingStock,15,150,10,0.0,10000.0,1.0,1.0,82787.75,0.0,0.0
Bike1_GrowingStock,16,160,10,0.0,10000.0,1.0,1.0,97207.7578125,0.0,0.0
Bike1_GrowingStock,17,170,10,0.0,10000.0,1.0,1.0,61186.4765625,0.0,0.0
Bike1_GrowingStock,18,180,10,0.0,10000.0,1.0,1.0,68403.0234375,0.0,0.0
Bike1_GrowingStock,19,190,10,0.0,10000.0,1.0,1.0,55617.9296875,0.0,0.0
Bike1_GrowingStock,20,200,10,0.0,10000.0,1.0,1.0,66771.875,0.0,0.0
Bike1_GrowingStock,21,210,10,0.0,10000.0,1.0,1.0,80196.96875,0.0,0.0
Bike1_GrowingStock,22,220,10,0.0,10000.0,1.0,1.0,94766.96875,0.0,0.0
Bike1_GrowingStock,23,230,10,0.0,10000.0,1.0,1.0,70823.8828125,0.0,0.0
Bike1_GrowingStock,24,240,10,0.0,10000.0,1.0,1.0,76869.671875,0.0,0.0
Bike1_GrowingStock,25,250,10,0.0,10000.0,1.0,1.0,83041.8203125,0.0,0.0
Bike1_GrowingStock,26,260,10,0.0,10000.0,1.0,1.0,94975.7421875,0.0,0.0
Bike1_GrowingStock,27,270,10,0.0,10000.0,1.0,1.0,85003.609375,0.0,0.0
Bike1_GrowingStock,28,280,10,0.0,10000.0,1.0,1.0,51352.6484375,0.0,0.0
Bike1_GrowingStock,29,290,10,0.0,10000.0,1.0,1.0,62081.6171875,0.0,0.0
Bike1_GrowingStock,30,300,10,0.0,10000.0,1.0,1.0,75643.8046875,0.0,0.0
Bike1_HarvestVolume,0,0,10,0.0,10000.0,1.0,1.0,0.0,0.0,0.0
Bike1_HarvestVolume,1,10,10,0.0,10000.0,1.0,1.0,0.0,0.0,0.0
Bike1_HarvestVolume,2,20,10,0.0,10000.0,1.0,1.0,0.0,0.0,0.0
Bike1_HarvestVolume,3,30,10,0.0,10000.0,1.0,1.0,44414.65234375,0.0,0.0
Bike1_HarvestVolume,4,40,10,0.0,10000.0,1.0,1.0,22192.43359375,0.0,0.0
Bike1_HarvestVolume,5,50,10,0.0,10000.0,1.0,1.0,41539.83984375,0.0,0.0
Bike1_HarvestVolume,6,60,10,0.0,10000.0,1.0,1.0,0.0,0.0,0.0
Bike1_HarvestVolume,7,70,10,0.0,10000.0,1.0,1.0,0.0,0.0,0.0
Bike1_HarvestVolume,8,80,10,0.0,10000.0,1.0,1.0,0.0,0.0,0.0
Bike1_HarvestVolume,9,90,10,0.0,10000.0,1.0,1.0,35354.85546875,0.0,0.0
Bike1_HarvestVolume,10,100,10,0.0,10000.0,1.0,1.0,0.0,0.0,0.0
Bike1_HarvestVolume,11,110,10,0.0,10000.0,1.0,1.0,17791.2109375,0.0,0.0
Bike1_HarvestVolume,12,120,10,0.0,10000.0,1.0,1.0,0.0,0.0,0.0
Bike1_HarvestVolume,13,130,10,0.0,10000.0,1.0,1.0,10498.8271484375,0.0,0.0
Bike1_HarvestVolume,14,140,10,0.0,10000.0,1.0,1.0,0.0,0.0,0.0
Bike1_HarvestVolume,15,150,10,0.0,10000.0,1.0,1.0,2307.5849609375,0.0,0.0
Bike1_HarvestVolume,16,160,10,0.0,10000.0,1.0,1.0,0.0,0.0,0.0
Bike1_HarvestVolume,17,170,10,0.0,10000.0,1.0,1.0,46963.3671875,0.0,0.0
Bike1_HarvestVolume,18,180,10,0.0,10000.0,1.0,1.0,0.0,0.0,0.0
Bike1_HarvestVolume,19,190,10,0.0,10000.0,1.0,1.0,21232.7578125,0.0,0.0
Bike1_HarvestVolume,20,200,10,0.0,10000.0,1.0,1.0,0.0,0.0,0.0
Bike1_HarvestVolume,21,210,10,0.0,10000.0,1.0,1.0,0.0,0.0,0.0
Bike1_HarvestVolume,22,220,10,0.0,10000.0,1.0,1.0,0.0,0.0,0.0
Bike1_HarvestVolume,23,230,10,0.0,10000.0,1.0,1.0,34631.40625,0.0,0.0
Bike1_HarvestVolume,24,240,10,0.0,10000.0,1.0,1.0,0.0,0.0,0.0
Bike1_HarvestVolume,25,250,10,0.0,10000.0,1.0,1.0,2366.5869140625,0.0,0.0
Bike1_HarvestVolume,26,260,10,0.0,10000.0,1.0,1.0,0.0,0.0,0.0
Bike1_HarvestVolume,27,270,10,0.0,10000.0,1.0,1.0,21232.7578125,0.0,0.0
Bike1_HarvestVolume,28,280,10,0.0,10000.0,1.0,1.0,43560.9296875,0.0,0.0
Bike1_HarvestVolume,29,290,10,0.0,10000.0,1.0,1.0,0.0,0.0,0.0
Bike1_HarvestVolume,30,300,10,0.0,10000.0,1.0,1.0,0.0,0.0,0.0
Bike2_GrowingStock,0,0,10,0.0,10000.0,1.0,1.0,40252.0703125,0.0,0.0
Bike2_GrowingStock,1,10,10,0.0,10000.0,1.0,1.0,52411.6640625,0.0,0.0
Bike2_GrowingStock,2,20,10,0.0,10000.0,1.0,1.0,47116.140625,0.0,0.0
Bike2_GrowingStock,3,30,10,0.0,10000.0,1.0,1.0,54958.484375,0.0,0.0
Bike2_GrowingStock,4,40,10,0.0,10000.0,1.0,1.0,63086.1015625,0.0,0.0
Bike2_GrowingStock,5,50,10,0.0,10000.0,1.0,1.0,71814.8515625,0.0,0.0
Bike2_GrowingStock,6,60,10,0.0,10000.0,1.0,1.0,80273.734375,0.0,0.0
Bike2_GrowingStock,7,70,10,0.0,10000.0,1.0,1.0,88252.9453125,0.0,0.0
Bike2_GrowingStock,8,80,10,0.0,10000.0,1.0,1.0,95509.671875,0.0,0.0
Bike2_GrowingStock,9,90,10,0.0,10000.0,1.0,1.0,101893.921875,0.0,0.0
Bike2_GrowingStock,10,100,10,0.0,10000.0,1.0,1.0,89461.3203125,0.0,0.0
Bike2_GrowingStock,11,110,10,0.0,10000.0,1.0,1.0,88167.0703125,0.0,0.0
Bike2_GrowingStock,12,120,10,0.0,10000.0,1.0,1.0,87382.0546875,0.0,0.0
Bike2_GrowingStock,13,130,10,0.0,10000.0,1.0,1.0,92162.3125,0.0,0.0
Bike2_GrowingStock,14,140,10,0.0,10000.0,1.0,1.0,97271.421875,0.0,0.0
Bike2_GrowingStock,15,150,10,0.0,10000.0,1.0,1.0,102539.1328125,0.0,0.0
Bike2_GrowingStock,16,160,10,0.0,10000.0,1.0,1.0,107594.7734375,0.0,0.0
Bike2_GrowingStock,17,170,10,0.0,10000.0,1.0,1.0,96020.25,0.0,0.0
Bike2_GrowingStock,18,180,10,0.0,10000.0,1.0,1.0,98044.125,0.0,0.0
Bike2_GrowingStock,19,190,10,0.0,10000.0,1.0,1.0,100952.3046875,0.0,0.0
Bike2_GrowingStock,20,200,10,0.0,10000.0,1.0,1.0,105159.40625,0.0,0.0
Bike2_GrowingStock,21,210,10,0.0,10000.0,1.0,1.0,25556.142578125,0.0,0.0
Bike2_GrowingStock,22,220,10,0.0,10000.0,1.0,1.0,29340.08203125,0.0,0.0
Bike2_GrowingStock,23,230,10,0.0,10000.0,1.0,1.0,31537.271484375,0.0,0.0
Bike2_GrowingStock,24,240,10,0.0,10000.0,1.0,1.0,40215.71875,0.0,0.0
Bike2_GrowingStock,25,250,10,0.0,10000.0,1.0,1.0,50002.4453125,0.0,0.0
Bike2_GrowingStock,26,260,10,0.0,10000.0,1.0,1.0,59865.9609375,0.0,0.0
Bike2_GrowingStock,27,270,10,0.0,10000.0,1.0,1.0,47701.80078125,0.0,0.0
Bike2_GrowingStock,28,280,10,0.0,10000.0,1.0,1.0,55150.60546875,0.0,0.0
Bike2_GrowingStock,29,290,10,0.0,10000.0,1.0,1.0,63102.3046875,0.0,0.0
Bike2_GrowingStock,30,300,10,0.0,10000.0,1.0,1.0,66905.765625,0.0,0.0
Bike2_HarvestVolume,0,0,10,0.0,10000.0,1.0,1.0,0.0,0.0,0.0
Bike2_HarvestVolume,1,10,10,0.0,10000.0,1.0,1.0,0.0,0.0,0.0
Bike2_HarvestVolume,2,20,10,0.0,10000.0,1.0,1.0,15429.576171875,0.0,0.0
Bike2_HarvestVolume,3,30,10,0.0,10000.0,1.0,1.0,0.0,0.0,0.0
Bike2_HarvestVolume,4,40,10,0.0,10000.0,1.0,1.0,0.0,0.0,0.0
Bike2_HarvestVolume,5,50,10,0.0,10000.0,1.0,1.0,0.0,0.0,0.0
Bike2_HarvestVolume,6,60,10,0.0,10000.0,1.0,1.0,0.0,0.0,0.0
Bike2_HarvestVolume,7,70,10,0.0,10000.0,1.0,1.0,0.0,0.0,0.0
Bike2_HarvestVolume,8,80,10,0.0,10000.0,1.0,1.0,0.0,0.0,0.0
Bike2_HarvestVolume,9,90,10,0.0,10000.0,1.0,1.0,0.0,0.0,0.0
Bike2_HarvestVolume,10,100,10,0.0,10000.0,1.0,1.0,16596.71484375,0.0,0.0
Bike2_HarvestVolume,11,110,10,0.0,10000.0,1.0,1.0,4336.451171875,0.0,0.0
Bike2_HarvestVolume,12,120,10,0.0,10000.0,1.0,1.0,4767.90283203125,0.0,0.0
Bike2_HarvestVolume,13,130,10,0.0,10000.0,1.0,1.0,0.0,0.0,0.0
Bike2_HarvestVolume,14,140,10,0.0,10000.0,1.0,1.0,0.0,0.0,0.0
Bike2_HarvestVolume,15,150,10,0.0,10000.0,1.0,1.0,0.0,0.0,0.0
Bike2_HarvestVolume,16,160,10,0.0,10000.0,1.0,1.0,0.0,0.0,0.0
Bike2_HarvestVolume,17,170,10,0.0,10000.0,1.0,1.0,15196.1484375,0.0,0.0
Bike2_HarvestVolume,18,180,10,0.0,10000.0,1.0,1.0,0.0,0.0,0.0
Bike2_HarvestVolume,19,190,10,0.0,10000.0,1.0,1.0,0.0,0.0,0.0
Bike2_HarvestVolume,20,200,10,0.0,10000.0,1.0,1.0,0.0,0.0,0.0
Bike2_HarvestVolume,21,210,10,0.0,10000.0,1.0,1.0,83736.46875,0.0,0.0
Bike2_HarvestVolume,22,220,10,0.0,10000.0,1.0,1.0,0.0,0.0,0.0
Bike2_HarvestVolume,23,230,10,0.0,10000.0,1.0,1.0,3323.85595703125,0.0,0.0
Bike2_HarvestVolume,24,240,10,0.0,10000.0,1.0,1.0,0.0,0.0,0.0
Bike2_HarvestVolume,25,250,10,0.0,10000.0,1.0,1.0,0.0,0.0,0.0
Bike2_HarvestVolume,26,260,10,0.0,10000.0,1.0,1.0,0.0,0.0,0.0
Bike2_HarvestVolume,27,270,10,0.0,10000.0,1.0,1.0,20948.296875,0.0,0.0
Bike2_HarvestVolume,28,280,10,0.0,10000.0,1.0,1.0,0.0,0.0,0.0
Bike2_HarvestVolume,29,290,10,0.0,10000.0,1.0,1.0,0.0,0.0,0.0
Bike2_HarvestVolume,30,300,10,0.0,10000.0,1.0,1.0,4703.13720703125,0.0,0.0
Bike3_GrowingStock,0,0,10,0.0,10000.0,1.0,1.0,25502.892578125,0.0,0.0
Bike3_GrowingStock,1,10,10,0.0,10000.0,1.0,1.0,35155.8671875,0.0,0.0
Bike3_GrowingStock,2,20,10,0.0,10000.0,1.0,1.0,43981.08203125,0.0,0.0
Bike3_GrowingStock,3,30,10,0.0,10000.0,1.0,1.0,50533.5078125,0.0,0.0
Bike3_GrowingStock,4,40,10,0.0,10000.0,1.0,1.0,46826.34375,0.0,0.0
Bike3_GrowingStock,5,50,10,0.0,10000.0,1.0,1.0,51993.88671875,0.0,0.0
Bike3_GrowingStock,6,60,10,0.0,10000.0,1.0,1.0,57261.4375,0.0,0.0
Bike3_GrowingStock,7,70,10,0.0,10000.0,1.0,1.0,62647.79296875,0.0,0.0
Bike3_GrowingStock,8,80,10,0.0,10000.0,1.0,1.0,67923.1171875,0.0,0.0
Bike3_GrowingStock,9,90,10,0.0,10000.0,1.0,1.0,72645.0703125,0.0,0.0
Bike3_GrowingStock,10,100,10,0.0,10000.0,1.0,1.0,76720.265625,0.0,0.0
Bike3_GrowingStock,11,110,10,0.0,10000.0,1.0,1.0,70061.34375,0.0,0.0
Bike3_GrowingStock,12,120,10,0.0,10000.0,1.0,1.0,72289.6484375,0.0,0.0
Bike3_GrowingStock,13,130,10,0.0,10000.0,1.0,1.0,75253.4296875,0.0,0.0
Bike3_GrowingStock,14,140,10,0.0,10000.0,1.0,1.0,74877.75,0.0,0.0
Bike3_GrowingStock,15,150,10,0.0,10000.0,1.0,1.0,77863.28125,0.0,0.0
Bike3_GrowingStock,16,160,10,0.0,10000.0,1.0,1.0,80565.6328125,0.0,0.0
Bike3_GrowingStock,17,170,10,0.0,10000.0,1.0,1.0,83173.15625,0.0,0.0
Bike3_GrowingStock,18,180,10,0.0,10000.0,1.0,1.0,76282.3515625,0.0,0.0
Bike3_GrowingStock,19,190,10,0.0,10000.0,1.0,1.0,76341.015625,0.0,0.0
Bike3_GrowingStock,20,200,10,0.0,10000.0,1.0,1.0,78286.375,0.0,0.0
Bike3_GrowingStock,21,210,10,0.0,10000.0,1.0,1.0,80558.7109375,0.0,0.0
Bike3_GrowingStock,22,220,10,0.0,10000.0,1.0,1.0,82646.9140625,0.0,0.0
Bike3_GrowingStock,23,230,10,0.0,10000.0,1.0,1.0,84455.6484375,0.0,0.0
Bike3_GrowingStock,24,240,10,0.0,10000.0,1.0,1.0,78171.9375,0.0,0.0
Bike3_GrowingStock,25,250,10,0.0,10000.0,1.0,1.0,78373.515625,0.0,0.0
Bike3_GrowingStock,26,260,10,0.0,10000.0,1.0,1.0,16479.33984375,0.0,0.0
Bike3_GrowingStock,27,270,10,0.0,10000.0,1.0,1.0,14721.357421875,0.0,0.0
Bike3_GrowingStock,28,280,10,0.0,10000.0,1.0,1.0,20000.955078125,0.0,0.0
Bike3_GrowingStock,29,290,10,0.0,10000.0,1.0,1.0,27199.7578125,0.0,0.0
Bike3_GrowingStock,30,300,10,0.0,10000.0,1.0,1.0,34998.6484375,0.0,0.0
Bike3_HarvestVolume,0,0,10,0.0,10000.0,1.0,1.0,0.0,0.0,0.0
Bike3_HarvestVolume,1,10,10,0.0,10000.0,1.0,1.0,0.0,0.0,0.0
Bike3_HarvestVolume,2,20,10,0.0,10000.0,1.0,1.0,0.0,0.0,0.0
Bike3_HarvestVolume,3,30,10,0.0,10000.0,1.0,1.0,1013.81298828125,0.0,0.0
Bike3_HarvestVolume,4,40,10,0.0,10000.0,1.0,1.0,9724.095703125,0.0,0.0
Bike3_HarvestVolume,5,50,10,0.0,10000.0,1.0,1.0,0.0,0.0,0.0
Bike3_HarvestVolume,6,60,10,0.0,10000.0,1.0,1.0,0.0,0.0,0.0
Bike3_HarvestVolume,7,70,10,0.0,10000.0,1.0,1.0,0.0,0.0,0.0
Bike3_HarvestVolume,8,80,10,0.0,10000.0,1.0,1.0,0.0,0.0,0.0
Bike3_HarvestVolume,9,90,10,0.0,10000.0,1.0,1.0,0.0,0.0,0.0
Bike3_HarvestVolume,10,100,10,0.0,10000.0,1.0,1.0,0.0,0.0,0.0
Bike3_HarvestVolume,11,110,10,0.0,10000.0,1.0,1.0,9327.279296875,0.0,0.0
Bike3_HarvestVolume,12,120,10,0.0,10000.0,1.0,1.0,0.0,0.0,0.0
Bike3_HarvestVolume,13,130,10,0.0,10000.0,1.0,1.0,0.0,0.0,0.0
Bike3_HarvestVolume,14,140,10,0.0,10000.0,1.0,1.0,3417.76708984375,0.0,0.0
Bike3_HarvestVolume,15,150,10,0.0,10000.0,1.0,1.0,0.0,0.0,0.0
Bike3_HarvestVolume,16,160,10,0.0,10000.0,1.0,1.0,0.0,0.0,0.0
Bike3_HarvestVolume,17,170,10,0.0,10000.0,1.0,1.0,0.0,0.0,0.0
Bike3_HarvestVolume,18,180,10,0.0,10000.0,1.0,1.0,8472.3408203125,0.0,0.0
Bike3_HarvestVolume,19,190,10,0.0,10000.0,1.0,1.0,1066.4010009765625,0.0,0.0
Bike3_HarvestVolume,20,200,10,0.0,10000.0,1.0,1.0,0.0,0.0,0.0
Bike3_HarvestVolume,21,210,10,0.0,10000.0,1.0,1.0,0.0,0.0,0.0
Bike3_HarvestVolume,22,220,10,0.0,10000.0,1.0,1.0,0.0,0.0,0.0
Bike3_HarvestVolume,23,230,10,0.0,10000.0,1.0,1.0,0.0,0.0,0.0
Bike3_HarvestVolume,24,240,10,0.0,10000.0,1.0,1.0,7335.865234375,0.0,0.0
Bike3_HarvestVolume,25,250,10,0.0,10000.0,1.0,1.0,0.0,0.0,0.0
Bike3_HarvestVolume,26,260,10,0.0,10000.0,1.0,1.0,62895.38671875,0.0,0.0
Bike3_HarvestVolume,27,270,10,0.0,10000.0,1.0,1.0,4020.875,0.0,0.0
Bike3_HarvestVolume,28,280,10,0.0,10000.0,1.0,1.0,0.0,0.0,0.0
Bike3_HarvestVolume,29,290,10,0.0,10000.0,1.0,1.0,0.0,0.0,0.0
Bike3_HarvestVolume,30,300,10,0.0,10000.0,1.0,1.0,0.0,0.0,0.0
BikeTotal_GrowingStock,0,0,10,0.0,10000.0,1.0,1.0,123312.96875,0.0,0.0
BikeTotal_GrowingStock,1,10,10,0.0,10000.0,1.0,1.0,163559.859375,0.0,0.0
BikeTotal_GrowingStock,2,20,10,0.0,10000.0,1.0,1.0,183605.421875,0.0,0.0
BikeTotal_GrowingStock,3,30,10,0.0,10000.0,1.0,1.0,166175.421875,0.0,0.0
BikeTotal_GrowingStock,4,40,10,0.0,10000.0,1.0,1.0,155062.71875,0.0,0.0
BikeTotal_GrowingStock,5,50,10,0.0,10000.0,1.0,1.0,132034.671875,0.0,0.0
BikeTotal_GrowingStock,6,60,10,0.0,10000.0,1.0,1.0,155736.96875,0.0,0.0
BikeTotal_GrowingStock,7,70,10,0.0,10000.0,1.0,1.0,185547.625,0.0,0.0
BikeTotal_GrowingStock,8,80,10,0.0,10000.0,1.0,1.0,216823.890625,0.0,0.0
BikeTotal_GrowingStock,9,90,10,0.0,10000.0,1.0,1.0,209536.171875,0.0,0.0
BikeTotal_GrowingStock,10,100,10,0.0,10000.0,1.0,1.0,211341.609375,0.0,0.0
BikeTotal_GrowingStock,11,110,10,0.0,10000.0,1.0,1.0,195711.6875,0.0,0.0
BikeTotal_GrowingStock,12,120,10,0.0,10000.0,1.0,1.0,210174.28125,0.0,0.0
BikeTotal_GrowingStock,13,130,10,0.0,10000.0,1.0,1.0,222354.234375,0.0,0.0
BikeTotal_GrowingStock,14,140,10,0.0,10000.0,1.0,1.0,242588.140625,0.0,0.0
BikeTotal_GrowingStock,15,150,10,0.0,10000.0,1.0,1.0,263190.15625,0.0,0.0
BikeTotal_GrowingStock,16,160,10,0.0,10000.0,1.0,1.0,285368.15625,0.0,0.0
BikeTotal_GrowingStock,17,170,10,0.0,10000.0,1.0,1.0,240379.875,0.0,0.0
BikeTotal_GrowingStock,18,180,10,0.0,10000.0,1.0,1.0,242729.5,0.0,0.0
BikeTotal_GrowingStock,19,190,10,0.0,10000.0,1.0,1.0,232911.25,0.0,0.0
BikeTotal_GrowingStock,20,200,10,0.0,10000.0,1.0,1.0,250217.65625,0.0,0.0
BikeTotal_GrowingStock,21,210,10,0.0,10000.0,1.0,1.0,186311.828125,0.0,0.0
BikeTotal_GrowingStock,22,220,10,0.0,10000.0,1.0,1.0,206753.96875,0.0,0.0
BikeTotal_GrowingStock,23,230,10,0.0,10000.0,1.0,1.0,186816.796875,0.0,0.0
BikeTotal_GrowingStock,24,240,10,0.0,10000.0,1.0,1.0,195257.328125,0.0,0.0
BikeTotal_GrowingStock,25,250,10,0.0,10000.0,1.0,1.0,211417.78125,0.0,0.0
BikeTotal_GrowingStock,26,260,10,0.0,10000.0,1.0,1.0,171321.03125,0.0,0.0
BikeTotal_GrowingStock,27,270,10,0.0,10000.0,1.0,1.0,147426.765625,0.0,0.0
BikeTotal_GrowingStock,28,280,10,0.0,10000.0,1.0,1.0,126504.2109375,0.0,0.0
BikeTotal_GrowingStock,29,290,10,0.0,10000.0,1.0,1.0,152383.671875,0.0,0.0
BikeTotal_GrowingStock,30,300,10,0.0,10000.0,1.0,1.0,177548.21875,0.0,0.0
BikeTotal_HarvestVolume,0,0,10,0.0,10000.0,1.0,1.0,0.0,0.0,0.0
BikeTotal_HarvestVolume,1,10,10,0.0,10000.0,1.0,1.0,0.0,0.0,0.0
BikeTotal_HarvestVolume,2,20,10,0.0,10000.0,1.0,1.0,15429.576171875,0.0,0.0
BikeTotal_HarvestVolume,3,30,10,0.0,10000.0,1.0,1.0,45428.46484375,0.0,0.0
BikeTotal_HarvestVolume,4,40,10,0.0,10000.0,1.0,1.0,31916.529296875,0.0,0.0
BikeTotal_HarvestVolume,5,50,10,0.0,10000.0,1.0,1.0,41539.83984375,0.0,0.0
BikeTotal_HarvestVolume,6,60,10,0.0,10000.0,1.0,1.0,0.0,0.0,0.0
BikeTotal_HarvestVolume,7,70,10,0.0,10000.0,1.0,1.0,0.0,0.0,0.0
BikeTotal_HarvestVolume,8,80,10,0.0,10000.0,1.0,1.0,0.0,0.0,0.0
BikeTotal_HarvestVolume,9,90,10,0.0,10000.0,1.0,1.0,35354.85546875,0.0,0.0
BikeTotal_HarvestVolume,10,100,10,0.0,10000.0,1.0,1.0,16596.71484375,0.0,0.0
BikeTotal_HarvestVolume,11,110,10,0.0,10000.0,1.0,1.0,31454.94140625,0.0,0.0
BikeTotal_HarvestVolume,12,120,10,0.0,10000.0,1.0,1.0,4767.90283203125,0.0,0.0
BikeTotal_HarvestVolume,13,130,10,0.0,10000.0,1.0,1.0,10498.8271484375,0.0,0.0
BikeTotal_HarvestVolume,14,140,10,0.0,10000.0,1.0,1.0,3417.76708984375,0.0,0.0
BikeTotal_HarvestVolume,15,150,10,0.0,10000.0,1.0,1.0,2307.5849609375,0.0,0.0
BikeTotal_HarvestVolume,16,160,10,0.0,10000.0,1.0,1.0,0.0,0.0,0.0
BikeTotal_HarvestVolume,17,170,10,0.0,10000.0,1.0,1.0,62159.515625,0.0,0.0
BikeTotal_HarvestVolume,18,180,10,0.0,10000.0,1.0,1.0,8472.3408203125,0.0,0.0
BikeTotal_HarvestVolume,19,190,10,0.0,10000.0,1.0,1.0,22299.158203125,0.0,0.0
BikeTotal_HarvestVolume,20,200,10,0.0,10000.0,1.0,1.0,0.0,0.0,0.0
BikeTotal_HarvestVolume,21,210,10,0.0,10000.0,1.0,1.0,83736.46875,0.0,0.0
BikeTotal_HarvestVolume,22,220,10,0.0,10000.0,1.0,1.0,0.0,0.0,0.0
BikeTotal_HarvestVolume,23,230,10,0.0,10000.0,1.0,1.0,37955.26171875,0.0,0.0
BikeTotal_HarvestVolume,24,240,10,0.0,10000.0,1.0,1.0,7335.865234375,0.0,0.0
BikeTotal_HarvestVolume,25,250,10,0.0,10000.0,1.0,1.0,2366.5869140625,0.0,0.0
BikeTotal_HarvestVolume,26,260,10,0.0,10000.0,1.0,1.0,62895.38671875,0.0,0.0
BikeTotal_HarvestVolume,27,270,10,0.0,10000.0,1.0,1.0,46201.9296875,0.0,0.0
BikeTotal_HarvestVolume,28,280,10,0.0,10000.0,1.0,1.0,43560.9296875,0.0,0.0
BikeTotal_HarvestVolume,29,290,10,0.0,10000.0,1.0,1.0,0.0,0.0,0.0
BikeTotal_HarvestVolume,30,300,10,0.0,10000.0,1.0,1.0,4703.13720703125,0.0,0.0
Camp1_GrowingStock,0,0,10,0.0,10000.0,1.0,1.0,44412.6640625,0.0,0.0
Camp1_GrowingStock,1,10,10,0.0,10000.0,1.0,1.0,31784.53125,0.0,0.0
Camp1_GrowingStock,2,20,10,0.0,10000.0,1.0,1.0,39264.734375,0.0,0.0
Camp1_GrowingStock,3,30,10,0.0,10000.0,1.0,1.0,45100.08984375,0.0,0.0
Camp1_GrowingStock,4,40,10,0.0,10000.0,1.0,1.0,51361.41015625,0.0,0.0
Camp1_GrowingStock,5,50,10,0.0,10000.0,1.0,1.0,45160.39453125,0.0,0.0
Camp1_GrowingStock,6,60,10,0.0,10000.0,1.0,1.0,38843.421875,0.0,0.0
Camp1_GrowingStock,7,70,10,0.0,10000.0,1.0,1.0,46077.08984375,0.0,0.0
Camp1_GrowingStock,8,80,10,0.0,10000.0,1.0,1.0,25410.080078125,0.0,0.0
Camp1_GrowingStock,9,90,10,0.0,10000.0,1.0,1.0,29821.8359375,0.0,0.0
Camp1_GrowingStock,10,100,10,0.0,10000.0,1.0,1.0,34767.05078125,0.0,0.0
Camp1_GrowingStock,11,110,10,0.0,10000.0,1.0,1.0,45243.5078125,0.0,0.0
Camp1_GrowingStock,12,120,10,0.0,10000.0,1.0,1.0,51569.55859375,0.0,0.0
Camp1_GrowingStock,13,130,10,0.0,10000.0,1.0,1.0,61918.2265625,0.0,0.0
Camp1_GrowingStock,14,140,10,0.0,10000.0,1.0,1.0,46169.09765625,0.0,0.0
Camp1_GrowingStock,15,150,10,0.0,10000.0,1.0,1.0,47372.97265625,0.0,0.0
Camp1_GrowingStock,16,160,10,0.0,10000.0,1.0,1.0,23668.587890625,0.0,0.0
Camp1_GrowingStock,17,170,10,0.0,10000.0,1.0,1.0,29597.408203125,0.0,0.0
Camp1_GrowingStock,18,180,10,0.0,10000.0,1.0,1.0,31836.693359375,0.0,0.0
Camp1_GrowingStock,19,190,10,0.0,10000.0,1.0,1.0,37915.1328125,0.0,0.0
Camp1_GrowingStock,20,200,10,0.0,10000.0,1.0,1.0,48588.22265625,0.0,0.0
Camp1_GrowingStock,21,210,10,0.0,10000.0,1.0,1.0,59128.97265625,0.0,0.0
Camp1_GrowingStock,22,220,10,0.0,10000.0,1.0,1.0,69330.4453125,0.0,0.0
Camp1_GrowingStock,23,230,10,0.0,10000.0,1.0,1.0,49981.71484375,0.0,0.0
Camp1_GrowingStock,24,240,10,0.0,10000.0,1.0,1.0,39101.89453125,0.0,0.0
Camp1_GrowingStock,25,250,10,0.0,10000.0,1.0,1.0,39043.0234375,0.0,0.0
Camp1_GrowingStock,26,260,10,0.0,10000.0,1.0,1.0,45795.82421875,0.0,0.0
Camp1_GrowingStock,27,270,10,0.0,10000.0,1.0,1.0,52380.3203125,0.0,0.0
Camp1_GrowingStock,28,280,10,0.0,10000.0,1.0,1.0,57643.578125,0.0,0.0
Camp1_GrowingStock,29,290,10,0.0,10000.0,1.0,1.0,66579.7265625,0.0,0.0
Camp1_GrowingStock,30,300,10,0.0,10000.0,1.0,1.0,49010.80859375,0.0,0.0
Camp1_HarvestVolume,0,0,10,0.0,10000.0,1.0,1.0,0.0,0.0,0.0
Camp1_HarvestVolume,1,10,10,0.0,10000.0,1.0,1.0,21585.919921875,0.0,0.0
Camp1_HarvestVolume,2,20,10,0.0,10000.0,1.0,1.0,0.0,0.0,0.0
Camp1_HarvestVolume,3,30,10,0.0,10000.0,1.0,1.0,3650.364013671875,0.0,0.0
Camp1_HarvestVolume,4,40,10,0.0,10000.0,1.0,1.0,3640.908935546875,0.0,0.0
Camp1_HarvestVolume,5,50,10,0.0,10000.0,1.0,1.0,15659.5830078125,0.0,0.0
Camp1_HarvestVolume,6,60,10,0.0,10000.0,1.0,1.0,14042.8974609375,0.0,0.0
Camp1_HarvestVolume,7,70,10,0.0,10000.0,1.0,1.0,0.0,0.0,0.0
Camp1_HarvestVolume,8,80,10,0.0,10000.0,1.0,1.0,27286.70703125,0.0,0.0
Camp1_HarvestVolume,9,90,10,0.0,10000.0,1.0,1.0,1432.8909912109375,0.0,0.0
Camp1_HarvestVolume,10,100,10,0.0,10000.0,1.0,1.0,3116.6298828125,0.0,0.0
Camp1_HarvestVolume,11,110,10,0.0,10000.0,1.0,1.0,0.0,0.0,0.0
Camp1_HarvestVolume,12,120,10,0.0,10000.0,1.0,1.0,4720.76416015625,0.0,0.0
Camp1_HarvestVolume,13,130,10,0.0,10000.0,1.0,1.0,0.0,0.0,0.0
Camp1_HarvestVolume,14,140,10,0.0,10000.0,1.0,1.0,24220.724609375,0.0,0.0
Camp1_HarvestVolume,15,150,10,0.0,10000.0,1.0,1.0,6081.12109375,0.0,0.0
Camp1_HarvestVolume,16,160,10,0.0,10000.0,1.0,1.0,28875.33203125,0.0,0.0
Camp1_HarvestVolume,17,170,10,0.0,10000.0,1.0,1.0,0.0,0.0,0.0
Camp1_HarvestVolume,18,180,10,0.0,10000.0,1.0,1.0,7169.9228515625,0.0,0.0
Camp1_HarvestVolume,19,190,10,0.0,10000.0,1.0,1.0,4629.85888671875,0.0,0.0
Camp1_HarvestVolume,20,200,10,0.0,10000.0,1.0,1.0,0.0,0.0,0.0
Camp1_HarvestVolume,21,210,10,0.0,10000.0,1.0,1.0,0.0,0.0,0.0
Camp1_HarvestVolume,22,220,10,0.0,10000.0,1.0,1.0,0.0,0.0,0.0
Camp1_HarvestVolume,23,230,10,0.0,10000.0,1.0,1.0,28478.177734375,0.0,0.0
Camp1_HarvestVolume,24,240,10,0.0,10000.0,1.0,1.0,15091.544921875,0.0,0.0
Camp1_HarvestVolume,25,250,10,0.0,10000.0,1.0,1.0,4369.31298828125,0.0,0.0
Camp1_HarvestVolume,26,260,10,0.0,10000.0,1.0,1.0,775.14599609375,0.0,0.0
Camp1_HarvestVolume,27,270,10,0.0,10000.0,1.0,1.0,2290.462890625,0.0,0.0
Camp1_HarvestVolume,28,280,10,0.0,10000.0,1.0,1.0,4237.2900390625,0.0,0.0
Camp1_HarvestVolume,29,290,10,0.0,10000.0,1.0,1.0,0.0,0.0,0.0
Camp1_HarvestVolume,30,300,10,0.0,10000.0,1.0,1.0,24742.443359375,0.0,0.0
Camp2_GrowingStock,0,0,10,0.0,10000.0,1.0,1.0,39878.94140625,0.0,0.0
Camp2_GrowingStock,1,10,10,0.0,10000.0,1.0,1.0,52475.34765625,0.0,0.0
Camp2_GrowingStock,2,20,10,0.0,10000.0,1.0,1.0,61786.6171875,0.0,0.0
Camp2_GrowingStock,3,30,10,0.0,10000.0,1.0,1.0,71266.71875,0.0,0.0
Camp2_GrowingStock,4,40,10,0.0,10000.0,1.0,1.0,69058.5390625,0.0,0.0
Camp2_GrowingStock,5,50,10,0.0,10000.0,1.0,1.0,75514.765625,0.0,0.0
Camp2_GrowingStock,6,60,10,0.0,10000.0,1.0,1.0,82091.765625,0.0,0.0
Camp2_GrowingStock,7,70,10,0.0,10000.0,1.0,1.0,77244.984375,0.0,0.0
Camp2_GrowingStock,8,80,10,0.0,10000.0,1.0,1.0,83130.46875,0.0,0.0
Camp2_GrowingStock,9,90,10,0.0,10000.0,1.0,1.0,70237.3125,0.0,0.0
Camp2_GrowingStock,10,100,10,0.0,10000.0,1.0,1.0,62237.859375,0.0,0.0
Camp2_GrowingStock,11,110,10,0.0,10000.0,1.0,1.0,67327.1875,0.0,0.0
Camp2_GrowingStock,12,120,10,0.0,10000.0,1.0,1.0,73940.7109375,0.0,0.0
Camp2_GrowingStock,13,130,10,0.0,10000.0,1.0,1.0,68978.4140625,0.0,0.0
Camp2_GrowingStock,14,140,10,0.0,10000.0,1.0,1.0,74761.734375,0.0,0.0
Camp2_GrowingStock,15,150,10,0.0,10000.0,1.0,1.0,81018.703125,0.0,0.0
Camp2_GrowingStock,16,160,10,0.0,10000.0,1.0,1.0,75662.5859375,0.0,0.0
Camp2_GrowingStock,17,170,10,0.0,10000.0,1.0,1.0,71157.09375,0.0,0.0
Camp2_GrowingStock,18,180,10,0.0,10000.0,1.0,1.0,75075.3203125,0.0,0.0
Camp2_GrowingStock,19,190,10,0.0,10000.0,1.0,1.0,79816.6328125,0.0,0.0
Camp2_GrowingStock,20,200,10,0.0,10000.0,1.0,1.0,75695.1484375,0.0,0.0
Camp2_GrowingStock,21,210,10,0.0,10000.0,1.0,1.0,79835.1484375,0.0,0.0
Camp2_GrowingStock,22,220,10,0.0,10000.0,1.0,1.0,84060.703125,0.0,0.0
Camp2_GrowingStock,23,230,10,0.0,10000.0,1.0,1.0,88889.640625,0.0,0.0
Camp2_GrowingStock,24,240,10,0.0,10000.0,1.0,1.0,73771.1953125,0.0,0.0
Camp2_GrowingStock,25,250,10,0.0,10000.0,1.0,1.0,73581.2421875,0.0,0.0
Camp2_GrowingStock,26,260,10,0.0,10000.0,1.0,1.0,77056.2265625,0.0,0.0
Camp2_GrowingStock,27,270,10,0.0,10000.0,1.0,1.0,81152.2734375,0.0,0.0
Camp2_GrowingStock,28,280,10,0.0,10000.0,1.0,1.0,76253.6484375,0.0,0.0
Camp2_GrowingStock,29,290,10,0.0,10000.0,1.0,1.0,80128.421875,0.0,0.0
Camp2_GrowingStock,30,300,10,0.0,10000.0,1.0,1.0,84738.875,0.0,0.0
Camp2_HarvestVolume,0,0,10,0.0,10000.0,1.0,1.0,0.0,0.0,0.0
Camp2_HarvestVolume,1,10,10,0.0,10000.0,1.0,1.0,0.0,0.0,0.0
Camp2_HarvestVolume,2,20,10,0.0,10000.0,1.0,1.0,1745.1419677734375,0.0,0.0
Camp2_HarvestVolume,3,30,10,0.0,10000.0,1.0,1.0,0.0,0.0,0.0
Camp2_HarvestVolume,4,40,10,0.0,10000.0,1.0,1.0,9633.212890625,0.0,0.0
Camp2_HarvestVolume,5,50,10,0.0,10000.0,1.0,1.0,0.0,0.0,0.0
Camp2_HarvestVolume,6,60,10,0.0,10000.0,1.0,1.0,0.0,0.0,0.0
Camp2_HarvestVolume,7,70,10,0.0,10000.0,1.0,1.0,10793.8779296875,0.0,0.0
Camp2_HarvestVolume,8,80,10,0.0,10000.0,1.0,1.0,0.0,0.0,0.0
Camp2_HarvestVolume,9,90,10,0.0,10000.0,1.0,1.0,18935.83984375,0.0,0.0
Camp2_HarvestVolume,10,100,10,0.0,10000.0,1.0,1.0,12915.0068359375,0.0,0.0
Camp2_HarvestVolume,11,110,10,0.0,10000.0,1.0,1.0,0.0,0.0,0.0
Camp2_HarvestVolume,12,120,10,0.0,10000.0,1.0,1.0,0.0,0.0,0.0
Camp2_HarvestVolume,13,130,10,0.0,10000.0,1.0,1.0,10891.0556640625,0.0,0.0
Camp2_HarvestVolume,14,140,10,0.0,10000.0,1.0,1.0,0.0,0.0,0.0
Camp2_HarvestVolume,15,150,10,0.0,10000.0,1.0,1.0,0.0,0.0,0.0
Camp2_HarvestVolume,16,160,10,0.0,10000.0,1.0,1.0,10080.1669921875,0.0,0.0
Camp2_HarvestVolume,17,170,10,0.0,10000.0,1.0,1.0,8409.9248046875,0.0,0.0
Camp2_HarvestVolume,18,180,10,0.0,10000.0,1.0,1.0,0.0,0.0,0.0
Camp2_HarvestVolume,19,190,10,0.0,10000.0,1.0,1.0,0.0,0.0,0.0
Camp2_HarvestVolume,20,200,10,0.0,10000.0,1.0,1.0,9365.9951171875,0.0,0.0
Camp2_HarvestVolume,21,210,10,0.0,10000.0,1.0,1.0,0.0,0.0,0.0
Camp2_HarvestVolume,22,220,10,0.0,10000.0,1.0,1.0,0.0,0.0,0.0
Camp2_HarvestVolume,23,230,10,0.0,10000.0,1.0,1.0,0.0,0.0,0.0
Camp2_HarvestVolume,24,240,10,0.0,10000.0,1.0,1.0,18474.951171875,0.0,0.0
Camp2_HarvestVolume,25,250,10,0.0,10000.0,1.0,1.0,2458.257080078125,0.0,0.0
Camp2_HarvestVolume,26,260,10,0.0,10000.0,1.0,1.0,0.0,0.0,0.0
Camp2_HarvestVolume,27,270,10,0.0,10000.0,1.0,1.0,687.0910034179688,0.0,0.0
Camp2_HarvestVolume,28,280,10,0.0,10000.0,1.0,1.0,8831.55859375,0.0,0.0
Camp2_HarvestVolume,29,290,10,0.0,10000.0,1.0,1.0,0.0,0.0,0.0
Camp2_HarvestVolume,30,300,10,0.0,10000.0,1.0,1.0,0.0,0.0,0.0
Camp3_GrowingStock,0,0,10,0.0,10000.0,1.0,1.0,38322.22265625,0.0,0.0
Camp3_GrowingStock,1,10,10,0.0,10000.0,1.0,1.0,52219.15234375,0.0,0.0
Camp3_GrowingStock,2,20,10,0.0,10000.0,1.0,1.0,64819.70703125,0.0,0.0
Camp3_GrowingStock,3,30,10,0.0,10000.0,1.0,1.0,60974.11328125,0.0,0.0
Camp3_GrowingStock,4,40,10,0.0,10000.0,1.0,1.0,68690.625,0.0,0.0
Camp3_GrowingStock,5,50,10,0.0,10000.0,1.0,1.0,76622.4140625,0.0,0.0
Camp3_GrowingStock,6,60,10,0.0,10000.0,1.0,1.0,81106.3359375,0.0,0.0
Camp3_GrowingStock,7,70,10,0.0,10000.0,1.0,1.0,86084.0859375,0.0,0.0
Camp3_GrowingStock,8,80,10,0.0,10000.0,1.0,1.0,92948.6328125,0.0,0.0
Camp3_GrowingStock,9,90,10,0.0,10000.0,1.0,1.0,99348.8984375,0.0,0.0
Camp3_GrowingStock,10,100,10,0.0,10000.0,1.0,1.0,85797.40625,0.0,0.0
Camp3_GrowingStock,11,110,10,0.0,10000.0,1.0,1.0,89077.640625,0.0,0.0
Camp3_GrowingStock,12,120,10,0.0,10000.0,1.0,1.0,86436.890625,0.0,0.0
Camp3_GrowingStock,13,130,10,0.0,10000.0,1.0,1.0,91455.4921875,0.0,0.0
Camp3_GrowingStock,14,140,10,0.0,10000.0,1.0,1.0,96737.0703125,0.0,0.0
Camp3_GrowingStock,15,150,10,0.0,10000.0,1.0,1.0,98905.1796875,0.0,0.0
Camp3_GrowingStock,16,160,10,0.0,10000.0,1.0,1.0,98288.2421875,0.0,0.0
Camp3_GrowingStock,17,170,10,0.0,10000.0,1.0,1.0,87849.171875,0.0,0.0
Camp3_GrowingStock,18,180,10,0.0,10000.0,1.0,1.0,89369.390625,0.0,0.0
Camp3_GrowingStock,19,190,10,0.0,10000.0,1.0,1.0,88291.28125,0.0,0.0
Camp3_GrowingStock,20,200,10,0.0,10000.0,1.0,1.0,91914.0625,0.0,0.0
Camp3_GrowingStock,21,210,10,0.0,10000.0,1.0,1.0,96119.5546875,0.0,0.0
Camp3_GrowingStock,22,220,10,0.0,10000.0,1.0,1.0,21416.96484375,0.0,0.0
Camp3_GrowingStock,23,230,10,0.0,10000.0,1.0,1.0,26066.642578125,0.0,0.0
Camp3_GrowingStock,24,240,10,0.0,10000.0,1.0,1.0,26585.07421875,0.0,0.0
Camp3_GrowingStock,25,250,10,0.0,10000.0,1.0,1.0,18719.072265625,0.0,0.0
Camp3_GrowingStock,26,260,10,0.0,10000.0,1.0,1.0,28805.91015625,0.0,0.0
Camp3_GrowingStock,27,270,10,0.0,10000.0,1.0,1.0,36884.546875,0.0,0.0
Camp3_GrowingStock,28,280,10,0.0,10000.0,1.0,1.0,49236.63671875,0.0,0.0
Camp3_GrowingStock,29,290,10,0.0,10000.0,1.0,1.0,54374.30078125,0.0,0.0
Camp3_GrowingStock,30,300,10,0.0,10000.0,1.0,1.0,64626.55859375,0.0,0.0
Camp3_HarvestVolume,0,0,10,0.0,10000.0,1.0,1.0,0.0,0.0,0.0
Camp3_HarvestVolume,1,10,10,0.0,10000.0,1.0,1.0,0.0,0.0,0.0
Camp3_HarvestVolume,2,20,10,0.0,10000.0,1.0,1.0,0.0,0.0,0.0
Camp3_HarvestVolume,3,30,10,0.0,10000.0,1.0,1.0,13592.744140625,0.0,0.0
Camp3_HarvestVolume,4,40,10,0.0,10000.0,1.0,1.0,0.0,0.0,0.0
Camp3_HarvestVolume,5,50,10,0.0,10000.0,1.0,1.0,0.0,0.0,0.0
Camp3_HarvestVolume,6,60,10,0.0,10000.0,1.0,1.0,3355.488037109375,0.0,0.0
Camp3_HarvestVolume,7,70,10,0.0,10000.0,1.0,1.0,2278.5400390625,0.0,0.0
Camp3_HarvestVolume,8,80,10,0.0,10000.0,1.0,1.0,0.0,0.0,0.0
Camp3_HarvestVolume,9,90,10,0.0,10000.0,1.0,1.0,0.0,0.0,0.0
Camp3_HarvestVolume,10,100,10,0.0,10000.0,1.0,1.0,18006.560546875,0.0,0.0
Camp3_HarvestVolume,11,110,10,0.0,10000.0,1.0,1.0,0.0,0.0,0.0
Camp3_HarvestVolume,12,120,10,0.0,10000.0,1.0,1.0,6725.14990234375,0.0,0.0
Camp3_HarvestVolume,13,130,10,0.0,10000.0,1.0,1.0,0.0,0.0,0.0
Camp3_HarvestVolume,14,140,10,0.0,10000.0,1.0,1.0,0.0,0.0,0.0
Camp3_HarvestVolume,15,150,10,0.0,10000.0,1.0,1.0,2795.48388671875,0.0,0.0
Camp3_HarvestVolume,16,160,10,0.0,10000.0,1.0,1.0,5125.18994140625,0.0,0.0
Camp3_HarvestVolume,17,170,10,0.0,10000.0,1.0,1.0,14228.9091796875,0.0,0.0
Camp3_HarvestVolume,18,180,10,0.0,10000.0,1.0,1.0,388.2030029296875,0.0,0.0
Camp3_HarvestVolume,19,190,10,0.0,10000.0,1.0,1.0,3186.075927734375,0.0,0.0
Camp3_HarvestVolume,20,200,10,0.0,10000.0,1.0,1.0,0.0,0.0,0.0
Camp3_HarvestVolume,21,210,10,0.0,10000.0,1.0,1.0,0.0,0.0,0.0
Camp3_HarvestVolume,22,220,10,0.0,10000.0,1.0,1.0,79151.265625,0.0,0.0
Camp3_HarvestVolume,23,230,10,0.0,10000.0,1.0,1.0,0.0,0.0,0.0
Camp3_HarvestVolume,24,240,10,0.0,10000.0,1.0,1.0,5859.8017578125,0.0,0.0
Camp3_HarvestVolume,25,250,10,0.0,10000.0,1.0,1.0,17485.134765625,0.0,0.0
Camp3_HarvestVolume,26,260,10,0.0,10000.0,1.0,1.0,0.0,0.0,0.0
Camp3_HarvestVolume,27,270,10,0.0,10000.0,1.0,1.0,3953.52294921875,0.0,0.0
Camp3_HarvestVolume,28,280,10,0.0,10000.0,1.0,1.0,0.0,0.0,0.0
Camp3_HarvestVolume,29,290,10,0.0,10000.0,1.0,1.0,6323.78076171875,0.0,0.0
Camp3_HarvestVolume,30,300,10,0.0,10000.0,1.0,1.0,388.2030029296875,0.0,0.0
CampTotal_GrowingStock,0,0,10,0.0,10000.0,1.0,1.0,122613.8359375,0.0,0.0
CampTotal_GrowingStock,1,10,10,0.0,10000.0,1.0,1.0,136479.03125,0.0,0.0
CampTotal_GrowingStock,2,20,10,0.0,10000.0,1.0,1.0,165871.0625,0.0,0.0
CampTotal_GrowingStock,3,30,10,0.0,10000.0,1.0,1.0,177340.921875,0.0,0.0
CampTotal_GrowingStock,4,40,10,0.0,10000.0,1.0,1.0,189110.578125,0.0,0.0
CampTotal_GrowingStock,5,50,10,0.0,10000.0,1.0,1.0,197297.578125,0.0,0.0
CampTotal_GrowingStock,6,60,10,0.0,10000.0,1.0,1.0,202041.515625,0.0,0.0
CampTotal_GrowingStock,7,70,10,0.0,10000.0,1.0,1.0,209406.15625,0.0,0.0
CampTotal_GrowingStock,8,80,10,0.0,10000.0,1.0,1.0,201489.1875,0.0,0.0
CampTotal_GrowingStock,9,90,10,0.0,10000.0,1.0,1.0,199408.046875,0.0,0.0
CampTotal_GrowingStock,10,100,10,0.0,10000.0,1.0,1.0,182802.3125,0.0,0.0
CampTotal_GrowingStock,11,110,10,0.0,10000.0,1.0,1.0,201648.34375,0.0,0.0
CampTotal_GrowingStock,12,120,10,0.0,10000.0,1.0,1.0,211947.15625,0.0,0.0
CampTotal_GrowingStock,13,130,10,0.0,10000.0,1.0,1.0,222352.125,0.0,0.0
CampTotal_GrowingStock,14,140,10,0.0,10000.0,1.0,1.0,217667.90625,0.0,0.0
CampTotal_GrowingStock,15,150,10,0.0,10000.0,1.0,1.0,227296.84375,0.0,0.0
CampTotal_GrowingStock,16,160,10,0.0,10000.0,1.0,1.0,197619.40625,0.0,0.0
CampTotal_GrowingStock,17,170,10,0.0,10000.0,1.0,1.0,188603.671875,0.0,0.0
CampTotal_GrowingStock,18,180,10,0.0,10000.0,1.0,1.0,196281.40625,0.0,0.0
CampTotal_GrowingStock,19,190,10,0.0,10000.0,1.0,1.0,206023.046875,0.0,0.0
CampTotal_GrowingStock,20,200,10,0.0,10000.0,1.0,1.0,216197.421875,0.0,0.0
CampTotal_GrowingStock,21,210,10,0.0,10000.0,1.0,1.0,235083.671875,0.0,0.0
CampTotal_GrowingStock,22,220,10,0.0,10000.0,1.0,1.0,174808.125,0.0,0.0
CampTotal_GrowingStock,23,230,10,0.0,10000.0,1.0,1.0,164938.0,0.0,0.0
CampTotal_GrowingStock,24,240,10,0.0,10000.0,1.0,1.0,139458.171875,0.0,0.0
CampTotal_GrowingStock,25,250,10,0.0,10000.0,1.0,1.0,131343.34375,0.0,0.0
CampTotal_GrowingStock,26,260,10,0.0,10000.0,1.0,1.0,151657.96875,0.0,0.0
CampTotal_GrowingStock,27,270,10,0.0,10000.0,1.0,1.0,170417.140625,0.0,0.0
CampTotal_GrowingStock,28,280,10,0.0,10000.0,1.0,1.0,183133.859375,0.0,0.0
CampTotal_GrowingStock,29,290,10,0.0,10000.0,1.0,1.0,201082.453125,0.0,0.0
CampTotal_GrowingStock,30,300,10,0.0,10000.0,1.0,1.0,198376.25,0.0,0.0
CampTotal_HarvestVolume,0,0,10,0.0,10000.0,1.0,1.0,0.0,0.0,0.0
CampTotal_HarvestVolume,1,10,10,0.0,10000.0,1.0,1.0,21585.919921875,0.0,0.0
CampTotal_HarvestVolume,2,20,10,0.0,10000.0,1.0,1.0,1745.1419677734375,0.0,0.0
CampTotal_HarvestVolume,3,30,10,0.0,10000.0,1.0,1.0,17243.107421875,0.0,0.0
CampTotal_HarvestVolume,4,40,10,0.0,10000.0,1.0,1.0,13274.1220703125,0.0,0.0
CampTotal_HarvestVolume,5,50,10,0.0,10000.0,1.0,1.0,15659.5830078125,0.0,0.0
CampTotal_HarvestVolume,6,60,10,0.0,10000.0,1.0,1.0,17398.384765625,0.0,0.0
CampTotal_HarvestVolume,7,70,10,0.0,10000.0,1.0,1.0,13072.41796875,0.0,0.0
CampTotal_HarvestVolume,8,80,10,0.0,10000.0,1.0,1.0,27286.70703125,0.0,0.0
CampTotal_HarvestVolume,9,90,10,0.0,10000.0,1.0,1.0,20368.73046875,0.0,0.0
CampTotal_HarvestVolume,10,100,10,0.0,10000.0,1.0,1.0,34038.1953125,0.0,0.0
CampTotal_HarvestVolume,11,110,10,0.0,10000.0,1.0,1.0,0.0,0.0,0.0
CampTotal_HarvestVolume,12,120,10,0.0,10000.0,1.0,1.0,11445.9140625,0.0,0.0
CampTotal_HarvestVolume,13,130,10,0.0,10000.0,1.0,1.0,10891.0556640625,0.0,0.0
CampTotal_HarvestVolume,14,140,10,0.0,10000.0,1.0,1.0,24220.724609375,0.0,0.0
CampTotal_HarvestVolume,15,150,10,0.0,10000.0,1.0,1.0,8876.60546875,0.0,0.0
CampTotal_HarvestVolume,16,160,10,0.0,10000.0,1.0,1.0,44080.6875,0.0,0.0
CampTotal_HarvestVolume,17,170,10,0.0,10000.0,1.0,1.0,22638.833984375,0.0,0.0
CampTotal_HarvestVolume,18,180,10,0.0,10000.0,1.0,1.0,7558.1259765625,0.0,0.0
CampTotal_HarvestVolume,19,190,10,0.0,10000.0,1.0,1.0,7815.93505859375,0.0,0.0
CampTotal_HarvestVolume,20,200,10,0.0,10000.0,1.0,1.0,9365.9951171875,0.0,0.0
CampTotal_HarvestVolume,21,210,10,0.0,10000.0,1.0,1.0,0.0,0.0,0.0
CampTotal_HarvestVolume,22,220,10,0.0,10000.0,1.0,1.0,79151.265625,0.0,0.0
CampTotal_HarvestVolume,23,230,10,0.0,10000.0,1.0,1.0,28478.177734375,0.0,0.0
CampTotal_HarvestVolume,24,240,10,0.0,10000.0,1.0,1.0,39426.296875,0.0,0.0
CampTotal_HarvestVolume,25,250,10,0.0,10000.0,1.0,1.0,24312.703125,0.0,0.0
CampTotal_HarvestVolume,26,260,10,0.0,10000.0,1.0,1.0,775.14599609375,0.0,0.0
CampTotal_HarvestVolume,27,270,10,0.0,10000.0,1.0,1.0,6931.0771484375,0.0,0.0
CampTotal_HarvestVolume,28,280,10,0.0,10000.0,1.0,1.0,13068.8486328125,0.0,0.0
CampTotal_HarvestVolume,29,290,10,0.0,10000.0,1.0,1.0,6323.78076171875,0.0,0.0
CampTotal_HarvestVolume,30,300,10,0.0,10000.0,1.0,1.0,25130.646484375,0.0,0.0
ECO1_GrowingStock,0,0,10,0.0,10000.0,1.0,1.0,0.0,0.0,0.0
ECO1_GrowingStock,1,10,10,0.0,10000.0,1.0,1.0,0.0,0.0,0.0
ECO1_GrowingStock,2,20,10,0.0,10000.0,1.0,1.0,0.0,0.0,0.0
ECO1_GrowingStock,3,30,10,0.0,10000.0,1.0,1.0,0.0,0.0,0.0
ECO1_GrowingStock,4,40,10,0.0,10000.0,1.0,1.0,0.0,0.0,0.0
ECO1_GrowingStock,5,50,10,0.0,10000.0,1.0,1.0,0.0,0.0,0.0
ECO1_GrowingStock,6,60,10,0.0,10000.0,1.0,1.0,0.0,0.0,0.0
ECO1_GrowingStock,7,70,10,0.0,10000.0,1.0,1.0,0.0,0.0,0.0
ECO1_GrowingStock,8,80,10,0.0,10000.0,1.0,1.0,0.0,0.0,0.0
ECO1_GrowingStock,9,90,10,0.0,10000.0,1.0,1.0,0.0,0.0,0.0
ECO1_GrowingStock,10,100,10,0.0,10000.0,1.0,1.0,0.0,0.0,0.0
ECO1_GrowingStock,11,110,10,0.0,10000.0,1.0,1.0,0.0,0.0,0.0
ECO1_GrowingStock,12,120,10,0.0,10000.0,1.0,1.0,0.0,0.0,0.0
ECO1_GrowingStock,13,130,10,0.0,10000.0,1.0,1.0,0.0,0.0,0.0
ECO1_GrowingStock,14,140,10,0.0,10000.0,1.0,1.0,0.0,0.0,0.0
ECO1_GrowingStock,15,150,10,0.0,10000.0,1.0,1.0,0.0,0.0,0.0
ECO1_GrowingStock,16,160,10,0.0,10000.0,1.0,1.0,0.0,0.0,0.0
ECO1_GrowingStock,17,170,10,0.0,10000.0,1.0,1.0,0.0,0.0,0.0
ECO1_GrowingStock,18,180,10,0.0,10000.0,1.0,1.0,0.0,0.0,0.0
ECO1_GrowingStock,19,190,10,0.0,10000.0,1.0,1.0,0.0,0.0,0.0
ECO1_GrowingStock,20,200,10,0.0,10000.0,1.0,1.0,0.0,0.0,0.0
ECO1_GrowingStock,21,210,10,0.0,10000.0,1.0,1.0,0.0,0.0,0.0
ECO1_GrowingStock,22,220,10,0.0,10000.0,1.0,1.0,0.0,0.0,0.0
ECO1_GrowingStock,23,230,10,0.0,10000.0,1.0,1.0,0.0,0.0,0.0
ECO1_GrowingStock,24,240,10,0.0,10000.0,1.0,1.0,0.0,0.0,0.0
ECO1_GrowingStock,25,250,10,0.0,10000.0,1.0,1.0,0.0,0.0,0.0
ECO1_GrowingStock,26,260,10,0.0,10000.0,1.0,1.0,0.0,0.0,0.0
ECO1_GrowingStock,27,270,10,0.0,10000.0,1.0,1.0,0.0,0.0,0.0
ECO1_GrowingStock,28,280,10,0.0,10000.0,1.0,1.0,0.0,0.0,0.0
ECO1_GrowingStock,29,290,10,0.0,10000.0,1.0,1.0,0.0,0.0,0.0
ECO1_GrowingStock,30,300,10,0.0,10000.0,1.0,1.0,0.0,0.0,0.0
ECO1_HarvestVolume,0,0,10,0.0,10000.0,1.0,1.0,0.0,0.0,0.0
ECO1_HarvestVolume,1,10,10,0.0,10000.0,1.0,1.0,0.0,0.0,0.0
ECO1_HarvestVolume,2,20,10,0.0,10000.0,1.0,1.0,0.0,0.0,0.0
ECO1_HarvestVolume,3,30,10,0.0,10000.0,1.0,1.0,0.0,0.0,0.0
ECO1_HarvestVolume,4,40,10,0.0,10000.0,1.0,1.0,0.0,0.0,0.0
ECO1_HarvestVolume,5,50,10,0.0,10000.0,1.0,1.0,0.0,0.0,0.0
ECO1_HarvestVolume,6,60,10,0.0,10000.0,1.0,1.0,0.0,0.0,0.0
ECO1_HarvestVolume,7,70,10,0.0,10000.0,1.0,1.0,0.0,0.0,0.0
ECO1_HarvestVolume,8,80,10,0.0,10000.0,1.0,1.0,0.0,0.0,0.0
ECO1_HarvestVolume,9,90,10,0.0,10000.0,1.0,1.0,0.0,0.0,0.0
ECO1_HarvestVolume,10,100,10,0.0,10000.0,1.0,1.0,0.0,0.0,0.0
ECO1_HarvestVolume,11,110,10,0.0,10000.0,1.0,1.0,0.0,0.0,0.0
ECO1_HarvestVolume,12,120,10,0.0,10000.0,1.0,1.0,0.0,0.0,0.0
ECO1_HarvestVolume,13,130,10,0.0,10000.0,1.0,1.0,0.0,0.0,0.0
ECO1_HarvestVolume,14,140,10,0.0,10000.0,1.0,1.0,0.0,0.0,0.0
ECO1_HarvestVolume,15,150,10,0.0,10000.0,1.0,1.0,0.0,0.0,0.0
ECO1_HarvestVolume,16,160,10,0.0,10000.0,1.0,1.0,0.0,0.0,0.0
ECO1_HarvestVolume,17,170,10,0.0,10000.0,1.0,1.0,0.0,0.0,0.0
ECO1_HarvestVolume,18,180,10,0.0,10000.0,1.0,1.0,0.0,0.0,0.0
ECO1_HarvestVolume,19,190,10,0.0,10000.0,1.0,1.0,0.0,0.0,0.0
ECO1_HarvestVolume,20,200,10,0.0,10000.0,1.0,1.0,0.0,0.0,0.0
ECO1_HarvestVolume,21,210,10,0.0,10000.0,1.0,1.0,0.0,0.0,0.0
ECO1_HarvestVolume,22,220,10,0.0,10000.0,1.0,1.0,0.0,0.0,0.0
ECO1_HarvestVolume,23,230,10,0.0,10000.0,1.0,1.0,0.0,0.0,0.0
ECO1_HarvestVolume,24,240,10,0.0,10000.0,1.0,1.0,0.0,0.0,0.0
ECO1_HarvestVolume,25,250,10,0.0,10000.0,1.0,1.0,0.0,0.0,0.0
ECO1_HarvestVolume,26,260,10,0.0,10000.0,1.0,1.0,0.0,0.0,0.0
ECO1_HarvestVolume,27,270,10,0.0,10000.0,1.0,1.0,0.0,0.0,0.0
ECO1_HarvestVolume,28,280,10,0.0,10000.0,1.0,1.0,0.0,0.0,0.0
ECO1_HarvestVolume,29,290,10,0.0,10000.0,1.0,1.0,0.0,0.0,0.0
ECO1_HarvestVolume,30,300,10,0.0,10000.0,1.0,1.0,0.0,0.0,0.0
ECO2_GrowingStock,0,0,10,0.0,10000.0,1.0,1.0,0.0,0.0,0.0
ECO2_GrowingStock,1,10,10,0.0,10000.0,1.0,1.0,0.0,0.0,0.0
ECO2_GrowingStock,2,20,10,0.0,10000.0,1.0,1.0,0.0,0.0,0.0
ECO2_GrowingStock,3,30,10,0.0,10000.0,1.0,1.0,0.0,0.0,0.0
ECO2_GrowingStock,4,40,10,0.0,10000.0,1.0,1.0,0.0,0.0,0.0
ECO2_GrowingStock,5,50,10,0.0,10000.0,1.0,1.0,0.0,0.0,0.0
ECO2_GrowingStock,6,60,10,0.0,10000.0,1.0,1.0,0.0,0.0,0.0
ECO2_GrowingStock,7,70,10,0.0,10000.0,1.0,1.0,0.0,0.0,0.0
ECO2_GrowingStock,8,80,10,0.0,10000.0,1.0,1.0,0.0,0.0,0.0
ECO2_GrowingStock,9,90,10,0.0,10000.0,1.0,1.0,0.0,0.0,0.0
ECO2_GrowingStock,10,100,10,0.0,10000.0,1.0,1.0,0.0,0.0,0.0
ECO2_GrowingStock,11,110,10,0.0,10000.0,1.0,1.0,0.0,0.0,0.0
ECO2_GrowingStock,12,120,10,0.0,10000.0,1.0,1.0,0.0,0.0,0.0
ECO2_GrowingStock,13,130,10,0.0,10000.0,1.0,1.0,0.0,0.0,0.0
ECO2_GrowingStock,14,140,10,0.0,10000.0,1.0,1.0,0.0,0.0,0.0
ECO2_GrowingStock,15,150,10,0.0,10000.0,1.0,1.0,0.0,0.0,0.0
ECO2_GrowingStock,16,160,10,0.0,10000.0,1.0,1.0,0.0,0.0,0.0
ECO2_GrowingStock,17,170,10,0.0,10000.0,1.0,1.0,0.0,0.0,0.0
ECO2_GrowingStock,18,180,10,0.0,10000.0,1.0,1.0,0.0,0.0,0.0
ECO2_GrowingStock,19,190,10,0.0,10000.0,1.0,1.0,0.0,0.0,0.0
ECO2_GrowingStock,20,200,10,0.0,10000.0,1.0,1.0,0.0,0.0,0.0
ECO2_GrowingStock,21,210,10,0.0,10000.0,1.0,1.0,0.0,0.0,0.0
ECO2_GrowingStock,22,220,10,0.0,10000.0,1.0,1.0,0.0,0.0,0.0
ECO2_GrowingStock,23,230,10,0.0,10000.0,1.0,1.0,0.0,0.0,0.0
ECO2_GrowingStock,24,240,10,0.0,10000.0,1.0,1.0,0.0,0.0,0.0
ECO2_GrowingStock,25,250,10,0.0,10000.0,1.0,1.0,0.0,0.0,0.0
ECO2_GrowingStock,26,260,10,0.0,10000.0,1.0,1.0,0.0,0.0,0.0
ECO2_GrowingStock,27,270,10,0.0,10000.0,1.0,1.0,0.0,0.0,0.0
ECO2_GrowingStock,28,280,10,0.0,10000.0,1.0,1.0,0.0,0.0,0.0
ECO2_GrowingStock,29,290,10,0.0,10000.0,1.0,1.0,0.0,0.0,0.0
ECO2_GrowingStock,30,300,10,0.0,10000.0,1.0,1.0,0.0,0.0,0.0
ECO2_HarvestVolume,0,0,10,0.0,10000.0,1.0,1.0,0.0,0.0,0.0
ECO2_HarvestVolume,1,10,10,0.0,10000.0,1.0,1.0,0.0,0.0,0.0
ECO2_HarvestVolume,2,20,10,0.0,10000.0,1.0,1.0,0.0,0.0,0.0
ECO2_HarvestVolume,3,30,10,0.0,10000.0,1.0,1.0,0.0,0.0,0.0
ECO2_HarvestVolume,4,40,10,0.0,10000.0,1.0,1.0,0.0,0.0,0.0
ECO2_HarvestVolume,5,50,10,0.0,10000.0,1.0,1.0,0.0,0.0,0.0
ECO2_HarvestVolume,6,60,10,0.0,10000.0,1.0,1.0,0.0,0.0,0.0
ECO2_HarvestVolume,7,70,10,0.0,10000.0,1.0,1.0,0.0,0.0,0.0
ECO2_HarvestVolume,8,80,10,0.0,10000.0,1.0,1.0,0.0,0.0,0.0
ECO2_HarvestVolume,9,90,10,0.0,10000.0,1.0,1.0,0.0,0.0,0.0
ECO2_HarvestVolume,10,100,10,0.0,10000.0,1.0,1.0,0.0,0.0,0.0
ECO2_HarvestVolume,11,110,10,0.0,10000.0,1.0,1.0,0.0,0.0,0.0
ECO2_HarvestVolume,12,120,10,0.0,10000.0,1.0,1.0,0.0,0.0,0.0
ECO2_HarvestVolume,13,130,10,0.0,10000.0,1.0,1.0,0.0,0.0,0.0
ECO2_HarvestVolume,14,140,10,0.0,10000.0,1.0,1.0,0.0,0.0,0.0
ECO2_HarvestVolume,15,150,10,0.0,10000.0,1.0,1.0,0.0,0.0,0.0
ECO2_HarvestVolume,16,160,10,0.0,10000.0,1.0,1.0,0.0,0.0,0.0
ECO2_HarvestVolume,17,170,10,0.0,10000.0,1.0,1.0,0.0,0.0,0.0
ECO2_HarvestVolume,18,180,10,0.0,10000.0,1.0,1.0,0.0,0.0,0.0
ECO2_HarvestVolume,19,190,10,0.0,10000.0,1.0,1.0,0.0,0.0,0.0
ECO2_HarvestVolume,20,200,10,0.0,10000.0,1.0,1.0,0.0,0.0,0.0
ECO2_HarvestVolume,21,210,10,0.0,10000.0,1.0,1.0,0.0,0.0,0.0
ECO2_HarvestVolume,22,220,10,0.0,10000.0,1.0,1.0,0.0,0.0,0.0
ECO2_HarvestVolume,23,230,10,0.0,10000.0,1.0,1.0,0.0,0.0,0.0
ECO2_HarvestVolume,24,240,10,0.0,10000.0,1.0,1.0,0.0,0.0,0.0
ECO2_HarvestVolume,25,250,10,0.0,10000.0,1.0,1.0,0.0,0.0,0.0
ECO2_HarvestVolume,26,260,10,0.0,10000.0,1.0,1.0,0.0,0.0,0.0
ECO2_HarvestVolume,27,270,10,0.0,10000.0,1.0,1.0,0.0,0.0,0.0
ECO2_HarvestVolume,28,280,10,0.0,10000.0,1.0,1.0,0.0,0.0,0.0
ECO2_HarvestVolume,29,290,10,0.0,10000.0,1.0,1.0,0.0,0.0,0.0
ECO2_HarvestVolume,30,300,10,0.0,10000.0,1.0,1.0,0.0,0.0,0.0
ECO3_GrowingStock,0,0,10,0.0,10000.0,1.0,1.0,0.0,0.0,0.0
ECO3_GrowingStock,1,10,10,0.0,10000.0,1.0,1.0,0.0,0.0,0.0
ECO3_GrowingStock,2,20,10,0.0,10000.0,1.0,1.0,0.0,0.0,0.0
ECO3_GrowingStock,3,30,10,0.0,10000.0,1.0,1.0,0.0,0.0,0.0
ECO3_GrowingStock,4,40,10,0.0,10000.0,1.0,1.0,0.0,0.0,0.0
ECO3_GrowingStock,5,50,10,0.0,10000.0,1.0,1.0,0.0,0.0,0.0
ECO3_GrowingStock,6,60,10,0.0,10000.0,1.0,1.0,0.0,0.0,0.0
ECO3_GrowingStock,7,70,10,0.0,10000.0,1.0,1.0,0.0,0.0,0.0
ECO3_GrowingStock,8,80,10,0.0,10000.0,1.0,1.0,0.0,0.0,0.0
ECO3_GrowingStock,9,90,10,0.0,10000.0,1.0,1.0,0.0,0.0,0.0
ECO3_GrowingStock,10,100,10,0.0,10000.0,1.0,1.0,0.0,0.0,0.0
ECO3_GrowingStock,11,110,10,0.0,10000.0,1.0,1.0,0.0,0.0,0.0
ECO3_GrowingStock,12,120,10,0.0,10000.0,1.0,1.0,0.0,0.0,0.0
ECO3_GrowingStock,13,130,10,0.0,10000.0,1.0,1.0,0.0,0.0,0.0
ECO3_GrowingStock,14,140,10,0.0,10000.0,1.0,1.0,0.0,0.0,0.0
ECO3_GrowingStock,15,150,10,0.0,10000.0,1.0,1.0,0.0,0.0,0.0
ECO3_GrowingStock,16,160,10,0.0,10000.0,1.0,1.0,0.0,0.0,0.0
ECO3_GrowingStock,17,170,10,0.0,10000.0,1.0,1.0,0.0,0.0,0.0
ECO3_GrowingStock,18,180,10,0.0,10000.0,1.0,1.0,0.0,0.0,0.0
ECO3_GrowingStock,19,190,10,0.0,10000.0,1.0,1.0,0.0,0.0,0.0
ECO3_GrowingStock,20,200,10,0.0,10000.0,1.0,1.0,0.0,0.0,0.0
ECO3_GrowingStock,21,210,10,0.0,10000.0,1.0,1.0,0.0,0.0,0.0
ECO3_GrowingStock,22,220,10,0.0,10000.0,1.0,1.0,0.0,0.0,0.0
ECO3_GrowingStock,23,230,10,0.0,10000.0,1.0,1.0,0.0,0.0,0.0
ECO3_GrowingStock,24,240,10,0.0,10000.0,1.0,1.0,0.0,0.0,0.0
ECO3_GrowingStock,25,250,10,0.0,10000.0,1.0,1.0,0.0,0.0,0.0
ECO3_GrowingStock,26,260,10,0.0,10000.0,1.0,1.0,0.0,0.0,0.0
ECO3_GrowingStock,27,270,10,0.0,10000.0,1.0,1.0,0.0,0.0,0.0
ECO3_GrowingStock,28,280,10,0.0,10000.0,1.0,1.0,0.0,0.0,0.0
ECO3_GrowingStock,29,290,10,0.0,10000.0,1.0,1.0,0.0,0.0,0.0
ECO3_GrowingStock,30,300,10,0.0,10000.0,1.0,1.0,0.0,0.0,0.0
ECO3_HarvestVolume,0,0,10,0.0,10000.0,1.0,1.0,0.0,0.0,0.0
ECO3_HarvestVolume,1,10,10,0.0,10000.0,1.0,1.0,0.0,0.0,0.0
ECO3_HarvestVolume,2,20,10,0.0,10000.0,1.0,1.0,0.0,0.0,0.0
ECO3_HarvestVolume,3,30,10,0.0,10000.0,1.0,1.0,0.0,0.0,0.0
ECO3_HarvestVolume,4,40,10,0.0,10000.0,1.0,1.0,0.0,0.0,0.0
ECO3_HarvestVolume,5,50,10,0.0,10000.0,1.0,1.0,0.0,0.0,0.0
ECO3_HarvestVolume,6,60,10,0.0,10000.0,1.0,1.0,0.0,0.0,0.0
ECO3_HarvestVolume,7,70,10,0.0,10000.0,1.0,1.0,0.0,0.0,0.0
ECO3_HarvestVolume,8,80,10,0.0,10000.0,1.0,1.0,0.0,0.0,0.0
ECO3_HarvestVolume,9,90,10,0.0,10000.0,1.0,1.0,0.0,0.0,0.0
ECO3_HarvestVolume,10,100,10,0.0,10000.0,1.0,1.0,0.0,0.0,0.0
ECO3_HarvestVolume,11,110,10,0.0,10000.0,1.0,1.0,0.0,0.0,0.0
ECO3_HarvestVolume,12,120,10,0.0,10000.0,1.0,1.0,0.0,0.0,0.0
ECO3_HarvestVolume,13,130,10,0.0,10000.0,1.0,1.0,0.0,0.0,0.0
ECO3_HarvestVolume,14,140,10,0.0,10000.0,1.0,1.0,0.0,0.0,0.0
ECO3_HarvestVolume,15,150,10,0.0,10000.0,1.0,1.0,0.0,0.0,0.0
ECO3_HarvestVolume,16,160,10,0.0,10000.0,1.0,1.0,0.0,0.0,0.0
ECO3_HarvestVolume,17,170,10,0.0,10000.0,1.0,1.0,0.0,0.0,0.0
ECO3_HarvestVolume,18,180,10,0.0,10000.0,1.0,1.0,0.0,0.0,0.0
ECO3_HarvestVolume,19,190,10,0.0,10000.0,1.0,1.0,0.0,0.0,0.0
ECO3_HarvestVolume,20,200,10,0.0,10000.0,1.0,1.0,0.0,0.0,0.0
ECO3_HarvestVolume,21,210,10,0.0,10000.0,1.0,1.0,0.0,0.0,0.0
ECO3_HarvestVolume,22,220,10,0.0,10000.0,1.0,1.0,0.0,0.0,0.0
ECO3_HarvestVolume,23,230,10,0.0,10000.0,1.0,1.0,0.0,0.0,0.0
ECO3_HarvestVolume,24,240,10,0.0,10000.0,1.0,1.0,0.0,0.0,0.0
ECO3_HarvestVolume,25,250,10,0.0,10000.0,1.0,1.0,0.0,0.0,0.0
ECO3_HarvestVolume,26,260,10,0.0,10000.0,1.0,1.0,0.0,0.0,0.0
ECO3_HarvestVolume,27,270,10,0.0,10000.0,1.0,1.0,0.0,0.0,0.0
ECO3_HarvestVolume,28,280,10,0.0,10000.0,1.0,1.0,0.0,0.0,0.0
ECO3_HarvestVolume,29,290,10,0.0,10000.0,1.0,1.0,0.0,0.0,0.0
ECO3_HarvestVolume,30,300,10,0.0,10000.0,1.0,1.0,0.0,0.0,0.0
EcoTotal_GrowingStock,0,0,10,0.0,10000.0,1.0,1.0,0.0,0.0,0.0
EcoTotal_GrowingStock,1,10,10,0.0,10000.0,1.0,1.0,0.0,0.0,0.0
EcoTotal_GrowingStock,2,20,10,0.0,10000.0,1.0,1.0,0.0,0.0,0.0
EcoTotal_GrowingStock,3,30,10,0.0,10000.0,1.0,1.0,0.0,0.0,0.0
EcoTotal_GrowingStock,4,40,10,0.0,10000.0,1.0,1.0,0.0,0.0,0.0
EcoTotal_GrowingStock,5,50,10,0.0,10000.0,1.0,1.0,0.0,0.0,0.0
EcoTotal_GrowingStock,6,60,10,0.0,10000.0,1.0,1.0,0.0,0.0,0.0
EcoTotal_GrowingStock,7,70,10,0.0,10000.0,1.0,1.0,0.0,0.0,0.0
EcoTotal_GrowingStock,8,80,10,0.0,10000.0,1.0,1.0,0.0,0.0,0.0
EcoTotal_GrowingStock,9,90,10,0.0,10000.0,1.0,1.0,0.0,0.0,0.0
EcoTotal_GrowingStock,10,100,10,0.0,10000.0,1.0,1.0,0.0,0.0,0.0
EcoTotal_GrowingStock,11,110,10,0.0,10000.0,1.0,1.0,0.0,0.0,0.0
EcoTotal_GrowingStock,12,120,10,0.0,10000.0,1.0,1.0,0.0,0.0,0.0
EcoTotal_GrowingStock,13,130,10,0.0,10000.0,1.0,1.0,0.0,0.0,0.0
EcoTotal_GrowingStock,14,140,10,0.0,10000.0,1.0,1.0,0.0,0.0,0.0
EcoTotal_GrowingStock,15,150,10,0.0,10000.0,1.0,1.0,0.0,0.0,0.0
EcoTotal_GrowingStock,16,160,10,0.0,10000.0,1.0,1.0,0.0,0.0,0.0
EcoTotal_GrowingStock,17,170,10,0.0,10000.0,1.0,1.0,0.0,0.0,0.0
EcoTotal_GrowingStock,18,180,10,0.0,10000.0,1.0,1.0,0.0,0.0,0.0
EcoTotal_GrowingStock,19,190,10,0.0,10000.0,1.0,1.0,0.0,0.0,0.0
EcoTotal_GrowingStock,20,200,10,0.0,10000.0,1.0,1.0,0.0,0.0,0.0
EcoTotal_GrowingStock,21,210,10,0.0,10000.0,1.0,1.0,0.0,0.0,0.0
EcoTotal_GrowingStock,22,220,10,0.0,10000.0,1.0,1.0,0.0,0.0,0.0
EcoTotal_GrowingStock,23,230,10,0.0,10000.0,1.0,1.0,0.0,0.0,0.0
EcoTotal_GrowingStock,24,240,10,0.0,10000.0,1.0,1.0,0.0,0.0,0.0
EcoTotal_GrowingStock,25,250,10,0.0,10000.0,1.0,1.0,0.0,0.0,0.0
EcoTotal_GrowingStock,26,260,10,0.0,10000.0,1.0,1.0,0.0,0.0,0.0
EcoTotal_GrowingStock,27,270,10,0.0,10000.0,1.0,1.0,0.0,0.0,0.0
EcoTotal_GrowingStock,28,280,10,0.0,10000.0,1.0,1.0,0.0,0.0,0.0
EcoTotal_GrowingStock,29,290,10,0.0,10000.0,1.0,1.0,0.0,0.0,0.0
EcoTotal_GrowingStock,30,300,10,0.0,10000.0,1.0,1.0,0.0,0.0,0.0
EcoTotal_HarvestVolume,0,0,10,0.0,10000.0,1.0,1.0,0.0,0.0,0.0
EcoTotal_HarvestVolume,1,10,10,0.0,10000.0,1.0,1.0,0.0,0.0,0.0
EcoTotal_HarvestVolume,2,20,10,0.0,10000.0,1.0,1.0,0.0,0.0,0.0
EcoTotal_HarvestVolume,3,30,10,0.0,10000.0,1.0,1.0,0.0,0.0,0.0
EcoTotal_HarvestVolume,4,40,10,0.0,10000.0,1.0,1.0,0.0,0.0,0.0
EcoTotal_HarvestVolume,5,50,10,0.0,10000.0,1.0,1.0,0.0,0.0,0.0
EcoTotal_HarvestVolume,6,60,10,0.0,10000.0,1.0,1.0,0.0,0.0,0.0
EcoTotal_HarvestVolume,7,70,10,0.0,10000.0,1.0,1.0,0.0,0.0,0.0
EcoTotal_HarvestVolume,8,80,10,0.0,10000.0,1.0,1.0,0.0,0.0,0.0
EcoTotal_HarvestVolume,9,90,10,0.0,10000.0,1.0,1.0,0.0,0.0,0.0
EcoTotal_HarvestVolume,10,100,10,0.0,10000.0,1.0,1.0,0.0,0.0,0.0
EcoTotal_HarvestVolume,11,110,10,0.0,10000.0,1.0,1.0,0.0,0.0,0.0
EcoTotal_HarvestVolume,12,120,10,0.0,10000.0,1.0,1.0,0.0,0.0,0.0
EcoTotal_HarvestVolume,13,130,10,0.0,10000.0,1.0,1.0,0.0,0.0,0.0
EcoTotal_HarvestVolume,14,140,10,0.0,10000.0,1.0,1.0,0.0,0.0,0.0
EcoTotal_HarvestVolume,15,150,10,0.0,10000.0,1.0,1.0,0.0,0.0,0.0
EcoTotal_HarvestVolume,16,160,10,0.0,10000.0,1.0,1.0,0.0,0.0,0.0
EcoTotal_HarvestVolume,17,170,10,0.0,10000.0,1.0,1.0,0.0,0.0,0.0
EcoTotal_HarvestVolume,18,180,10,0.0,10000.0,1.0,1.0,0.0,0.0,0.0
EcoTotal_HarvestVolume,19,190,10,0.0,10000.0,1.0,1.0,0.0,0.0,0.0
EcoTotal_HarvestVolume,20,200,10,0.0,10000.0,1.0,1.0,0.0,0.0,0.0
EcoTotal_HarvestVolume,21,210,10,0.0,10000.0,1.0,1.0,0.0,0.0,0.0
EcoTotal_HarvestVolume,22,220,10,0.0,10000.0,1.0,1.0,0.0,0.0,0.0
EcoTotal_HarvestVolume,23,230,10,0.0,10000.0,1.0,1.0,0.0,0.0,0.0
EcoTotal_HarvestVolume,24,240,10,0.0,10000.0,1.0,1.0,0.0,0.0,0.0
EcoTotal_HarvestVolume,25,250,10,0.0,10000.0,1.0,1.0,0.0,0.0,0.0
EcoTotal_HarvestVolume,26,260,10,0.0,10000.0,1.0,1.0,0.0,0.0,0.0
EcoTotal_HarvestVolume,27,270,10,0.0,10000.0,1.0,1.0,0.0,0.0,0.0
EcoTotal_HarvestVolume,28,280,10,0.0,10000.0,1.0,1.0,0.0,0.0,0.0
EcoTotal_HarvestVolume,29,290,10,0.0,10000.0,1.0,1.0,0.0,0.0,0.0
EcoTotal_HarvestVolume,30,300,10,0.0,10000.0,1.0,1.0,0.0,0.0,0.0
Hike1_GrowingStock,0,0,10,0.0,10000.0,1.0,1.0,50195.796875,0.0,0.0
Hike1_GrowingStock,1,10,10,0.0,10000.0,1.0,1.0,53276.2734375,0.0,0.0
Hike1_GrowingStock,2,20,10,0.0,10000.0,1.0,1.0,29254.376953125,0.0,0.0
Hike1_GrowingStock,3,30,10,0.0,10000.0,1.0,1.0,25926.138671875,0.0,0.0
Hike1_GrowingStock,4,40,10,0.0,10000.0,1.0,1.0,28858.728515625,0.0,0.0
Hike1_GrowingStock,5,50,10,0.0,10000.0,1.0,1.0,32837.24609375,0.0,0.0
Hike1_GrowingStock,6,60,10,0.0,10000.0,1.0,1.0,37289.265625,0.0,0.0
Hike1_GrowingStock,7,70,10,0.0,10000.0,1.0,1.0,37506.4921875,0.0,0.0
Hike1_GrowingStock,8,80,10,0.0,10000.0,1.0,1.0,41497.28125,0.0,0.0
Hike1_GrowingStock,9,90,10,0.0,10000.0,1.0,1.0,45058.07421875,0.0,0.0
Hike1_GrowingStock,10,100,10,0.0,10000.0,1.0,1.0,48441.48828125,0.0,0.0
Hike1_GrowingStock,11,110,10,0.0,10000.0,1.0,1.0,29499.90625,0.0,0.0
Hike1_GrowingStock,12,120,10,0.0,10000.0,1.0,1.0,27303.9765625,0.0,0.0
Hike1_GrowingStock,13,130,10,0.0,10000.0,1.0,1.0,25418.173828125,0.0,0.0
Hike1_GrowingStock,14,140,10,0.0,10000.0,1.0,1.0,29184.7890625,0.0,0.0
Hike1_GrowingStock,15,150,10,0.0,10000.0,1.0,1.0,33543.76171875,0.0,0.0
Hike1_GrowingStock,16,160,10,0.0,10000.0,1.0,1.0,38094.93359375,0.0,0.0
Hike1_GrowingStock,17,170,10,0.0,10000.0,1.0,1.0,42472.69140625,0.0,0.0
Hike1_GrowingStock,18,180,10,0.0,10000.0,1.0,1.0,25807.68359375,0.0,0.0
Hike1_GrowingStock,19,190,10,0.0,10000.0,1.0,1.0,25101.89453125,0.0,0.0
Hike1_GrowingStock,20,200,10,0.0,10000.0,1.0,1.0,27239.341796875,0.0,0.0
Hike1_GrowingStock,21,210,10,0.0,10000.0,1.0,1.0,30949.138671875,0.0,0.0
Hike1_GrowingStock,22,220,10,0.0,10000.0,1.0,1.0,34620.921875,0.0,0.0
Hike1_GrowingStock,23,230,10,0.0,10000.0,1.0,1.0,39106.046875,0.0,0.0
Hike1_GrowingStock,24,240,10,0.0,10000.0,1.0,1.0,39543.63671875,0.0,0.0
Hike1_GrowingStock,25,250,10,0.0,10000.0,1.0,1.0,32681.85546875,0.0,0.0
Hike1_GrowingStock,26,260,10,0.0,10000.0,1.0,1.0,35843.1796875,0.0,0.0
Hike1_GrowingStock,27,270,10,0.0,10000.0,1.0,1.0,17492.025390625,0.0,0.0
Hike1_GrowingStock,28,280,10,0.0,10000.0,1.0,1.0,16778.748046875,0.0,0.0
Hike1_GrowingStock,29,290,10,0.0,10000.0,1.0,1.0,19617.890625,0.0,0.0
Hike1_GrowingStock,30,300,10,0.0,10000.0,1.0,1.0,14059.548828125,0.0,0.0
Hike1_HarvestVolume,0,0,10,0.0,10000.0,1.0,1.0,0.0,0.0,0.0
Hike1_HarvestVolume,1,10,10,0.0,10000.0,1.0,1.0,0.0,0.0,0.0
Hike1_HarvestVolume,2,20,10,0.0,10000.0,1.0,1.0,25903.671875,0.0,0.0
Hike1_HarvestVolume,3,30,10,0.0,10000.0,1.0,1.0,4747.89794921875,0.0,0.0
Hike1_HarvestVolume,4,40,10,0.0,10000.0,1.0,1.0,0.0,0.0,0.0
Hike1_HarvestVolume,5,50,10,0.0,10000.0,1.0,1.0,0.0,0.0,0.0
Hike1_HarvestVolume,6,60,10,0.0,10000.0,1.0,1.0,0.0,0.0,0.0
Hike1_HarvestVolume,7,70,10,0.0,10000.0,1.0,1.0,4168.31298828125,0.0,0.0
Hike1_HarvestVolume,8,80,10,0.0,10000.0,1.0,1.0,0.0,0.0,0.0
Hike1_HarvestVolume,9,90,10,0.0,10000.0,1.0,1.0,0.0,0.0,0.0
Hike1_HarvestVolume,10,100,10,0.0,10000.0,1.0,1.0,0.0,0.0,0.0
Hike1_HarvestVolume,11,110,10,0.0,10000.0,1.0,1.0,20749.818359375,0.0,0.0
Hike1_HarvestVolume,12,120,10,0.0,10000.0,1.0,1.0,3393.4599609375,0.0,0.0
Hike1_HarvestVolume,13,130,10,0.0,10000.0,1.0,1.0,4597.39306640625,0.0,0.0
Hike1_HarvestVolume,14,140,10,0.0,10000.0,1.0,1.0,0.0,0.0,0.0
Hike1_HarvestVolume,15,150,10,0.0,10000.0,1.0,1.0,0.0,0.0,0.0
Hike1_HarvestVolume,16,160,10,0.0,10000.0,1.0,1.0,0.0,0.0,0.0
Hike1_HarvestVolume,17,170,10,0.0,10000.0,1.0,1.0,0.0,0.0,0.0
Hike1_HarvestVolume,18,180,10,0.0,10000.0,1.0,1.0,19589.70703125,0.0,0.0
Hike1_HarvestVolume,19,190,10,0.0,10000.0,1.0,1.0,2015.5350341796875,0.0,0.0
Hike1_HarvestVolume,20,200,10,0.0,10000.0,1.0,1.0,0.0,0.0,0.0
Hike1_HarvestVolume,21,210,10,0.0,10000.0,1.0,1.0,0.0,0.0,0.0
Hike1_HarvestVolume,22,220,10,0.0,10000.0,1.0,1.0,655.198974609375,0.0,0.0
Hike1_HarvestVolume,23,230,10,0.0,10000.0,1.0,1.0,0.0,0.0,0.0
Hike1_HarvestVolume,24,240,10,0.0,10000.0,1.0,1.0,3716.5859375,0.0,0.0
Hike1_HarvestVolume,25,250,10,0.0,10000.0,1.0,1.0,10375.22265625,0.0,0.0
Hike1_HarvestVolume,26,260,10,0.0,10000.0,1.0,1.0,0.0,0.0,0.0
Hike1_HarvestVolume,27,270,10,0.0,10000.0,1.0,1.0,20749.818359375,0.0,0.0
Hike1_HarvestVolume,28,280,10,0.0,10000.0,1.0,1.0,2257.7529296875,0.0,0.0
Hike1_HarvestVolume,29,290,10,0.0,10000.0,1.0,1.0,0.0,0.0,0.0
Hike1_HarvestVolume,30,300,10,0.0,10000.0,1.0,1.0,10142.83984375,0.0,0.0
Hike2_GrowingStock,0,0,10,0.0,10000.0,1.0,1.0,58801.9140625,0.0,0.0
Hike2_GrowingStock,1,10,10,0.0,10000.0,1.0,1.0,44119.75390625,0.0,0.0
Hike2_GrowingStock,2,20,10,0.0,10000.0,1.0,1.0,32863.94140625,0.0,0.0
Hike2_GrowingStock,3,30,10,0.0,10000.0,1.0,1.0,31838.28515625,0.0,0.0
Hike2_GrowingStock,4,40,10,0.0,10000.0,1.0,1.0,34570.16015625,0.0,0.0
Hike2_GrowingStock,5,50,10,0.0,10000.0,1.0,1.0,38332.890625,0.0,0.0
Hike2_GrowingStock,6,60,10,0.0,10000.0,1.0,1.0,42686.10546875,0.0,0.0
Hike2_GrowingStock,7,70,10,0.0,10000.0,1.0,1.0,29412.201171875,0.0,0.0
Hike2_GrowingStock,8,80,10,0.0,10000.0,1.0,1.0,33466.15234375,0.0,0.0
Hike2_GrowingStock,9,90,10,0.0,10000.0,1.0,1.0,37573.62890625,0.0,0.0
Hike2_GrowingStock,10,100,10,0.0,10000.0,1.0,1.0,38652.98046875,0.0,0.0
Hike2_GrowingStock,11,110,10,0.0,10000.0,1.0,1.0,43287.5859375,0.0,0.0
Hike2_GrowingStock,12,120,10,0.0,10000.0,1.0,1.0,21518.58984375,0.0,0.0
Hike2_GrowingStock,13,130,10,0.0,10000.0,1.0,1.0,23774.9375,0.0,0.0
Hike2_GrowingStock,14,140,10,0.0,10000.0,1.0,1.0,26994.529296875,0.0,0.0
Hike2_GrowingStock,15,150,10,0.0,10000.0,1.0,1.0,30428.740234375,0.0,0.0
Hike2_GrowingStock,16,160,10,0.0,10000.0,1.0,1.0,32121.4453125,0.0,0.0
Hike2_GrowingStock,17,170,10,0.0,10000.0,1.0,1.0,37049.0625,0.0,0.0
Hike2_GrowingStock,18,180,10,0.0,10000.0,1.0,1.0,41976.6484375,0.0,0.0
Hike2_GrowingStock,19,190,10,0.0,10000.0,1.0,1.0,46783.33203125,0.0,0.0
Hike2_GrowingStock,20,200,10,0.0,10000.0,1.0,1.0,39375.0390625,0.0,0.0
Hike2_GrowingStock,21,210,10,0.0,10000.0,1.0,1.0,41977.04296875,0.0,0.0
Hike2_GrowingStock,22,220,10,0.0,10000.0,1.0,1.0,34489.37890625,0.0,0.0
Hike2_GrowingStock,23,230,10,0.0,10000.0,1.0,1.0,34135.234375,0.0,0.0
Hike2_GrowingStock,24,240,10,0.0,10000.0,1.0,1.0,37359.26171875,0.0,0.0
Hike2_GrowingStock,25,250,10,0.0,10000.0,1.0,1.0,24237.455078125,0.0,0.0
Hike2_GrowingStock,26,260,10,0.0,10000.0,1.0,1.0,28275.740234375,0.0,0.0
Hike2_GrowingStock,27,270,10,0.0,10000.0,1.0,1.0,31341.0390625,0.0,0.0
Hike2_GrowingStock,28,280,10,0.0,10000.0,1.0,1.0,36073.84765625,0.0,0.0
Hike2_GrowingStock,29,290,10,0.0,10000.0,1.0,1.0,33274.28125,0.0,0.0
Hike2_GrowingStock,30,300,10,0.0,10000.0,1.0,1.0,15159.033203125,0.0,0.0
Hike2_HarvestVolume,0,0,10,0.0,10000.0,1.0,1.0,0.0,0.0,0.0
Hike2_HarvestVolume,1,10,10,0.0,10000.0,1.0,1.0,17565.939453125,0.0,0.0
Hike2_HarvestVolume,2,20,10,0.0,10000.0,1.0,1.0,13444.634765625,0.0,0.0
Hike2_HarvestVolume,3,30,10,0.0,10000.0,1.0,1.0,3016.73388671875,0.0,0.0
Hike2_HarvestVolume,4,40,10,0.0,10000.0,1.0,1.0,0.0,0.0,0.0
Hike2_HarvestVolume,5,50,10,0.0,10000.0,1.0,1.0,0.0,0.0,0.0
Hike2_HarvestVolume,6,60,10,0.0,10000.0,1.0,1.0,0.0,0.0,0.0
Hike2_HarvestVolume,7,70,10,0.0,10000.0,1.0,1.0,17577.755859375,0.0,0.0
Hike2_HarvestVolume,8,80,10,0.0,10000.0,1.0,1.0,0.0,0.0,0.0
Hike2_HarvestVolume,9,90,10,0.0,10000.0,1.0,1.0,0.0,0.0,0.0
Hike2_HarvestVolume,10,100,10,0.0,10000.0,1.0,1.0,3594.47509765625,0.0,0.0
Hike2_HarvestVolume,11,110,10,0.0,10000.0,1.0,1.0,0.0,0.0,0.0
Hike2_HarvestVolume,12,120,10,0.0,10000.0,1.0,1.0,24820.259765625,0.0,0.0
Hike2_HarvestVolume,13,130,10,0.0,10000.0,1.0,1.0,0.0,0.0,0.0
Hike2_HarvestVolume,14,140,10,0.0,10000.0,1.0,1.0,0.0,0.0,0.0
Hike2_HarvestVolume,15,150,10,0.0,10000.0,1.0,1.0,1193.697021484375,0.0,0.0
Hike2_HarvestVolume,16,160,10,0.0,10000.0,1.0,1.0,3314.8349609375,0.0,0.0
Hike2_HarvestVolume,17,170,10,0.0,10000.0,1.0,1.0,0.0,0.0,0.0
Hike2_HarvestVolume,18,180,10,0.0,10000.0,1.0,1.0,0.0,0.0,0.0
Hike2_HarvestVolume,19,190,10,0.0,10000.0,1.0,1.0,0.0,0.0,0.0
Hike2_HarvestVolume,20,200,10,0.0,10000.0,1.0,1.0,11309.421875,0.0,0.0
Hike2_HarvestVolume,21,210,10,0.0,10000.0,1.0,1.0,0.0,0.0,0.0
Hike2_HarvestVolume,22,220,10,0.0,10000.0,1.0,1.0,9571.2509765625,0.0,0.0
Hike2_HarvestVolume,23,230,10,0.0,10000.0,1.0,1.0,2652.051025390625,0.0,0.0
Hike2_HarvestVolume,24,240,10,0.0,10000.0,1.0,1.0,0.0,0.0,0.0
Hike2_HarvestVolume,25,250,10,0.0,10000.0,1.0,1.0,17110.806640625,0.0,0.0
Hike2_HarvestVolume,26,260,10,0.0,10000.0,1.0,1.0,0.0,0.0,0.0
Hike2_HarvestVolume,27,270,10,0.0,10000.0,1.0,1.0,1121.405029296875,0.0,0.0
Hike2_HarvestVolume,28,280,10,0.0,10000.0,1.0,1.0,0.0,0.0,0.0
Hike2_HarvestVolume,29,290,10,0.0,10000.0,1.0,1.0,7741.3818359375,0.0,0.0
Hike2_HarvestVolume,30,300,10,0.0,10000.0,1.0,1.0,22076.76953125,0.0,0.0
Hike3_GrowingStock,0,0,10,0.0,10000.0,1.0,1.0,78216.203125,0.0,0.0
Hike3_GrowingStock,1,10,10,0.0,10000.0,1.0,1.0,82195.5703125,0.0,0.0
Hike3_GrowingStock,2,20,10,0.0,10000.0,1.0,1.0,85749.9609375,0.0,0.0
Hike3_GrowingStock,3,30,10,0.0,10000.0,1.0,1.0,88983.5,0.0,0.0
Hike3_GrowingStock,4,40,10,0.0,10000.0,1.0,1.0,91880.8203125,0.0,0.0
Hike3_GrowingStock,5,50,10,0.0,10000.0,1.0,1.0,84452.5703125,0.0,0.0
Hike3_GrowingStock,6,60,10,0.0,10000.0,1.0,1.0,86551.3359375,0.0,0.0
Hike3_GrowingStock,7,70,10,0.0,10000.0,1.0,1.0,88852.34375,0.0,0.0
Hike3_GrowingStock,8,80,10,0.0,10000.0,1.0,1.0,71333.265625,0.0,0.0
Hike3_GrowingStock,9,90,10,0.0,10000.0,1.0,1.0,73289.6640625,0.0,0.0
Hike3_GrowingStock,10,100,10,0.0,10000.0,1.0,1.0,75924.3203125,0.0,0.0
Hike3_GrowingStock,11,110,10,0.0,10000.0,1.0,1.0,76031.9453125,0.0,0.0
Hike3_GrowingStock,12,120,10,0.0,10000.0,1.0,1.0,79292.21875,0.0,0.0
Hike3_GrowingStock,13,130,10,0.0,10000.0,1.0,1.0,82446.546875,0.0,0.0
Hike3_GrowingStock,14,140,10,0.0,10000.0,1.0,1.0,75493.046875,0.0,0.0
Hike3_GrowingStock,15,150,10,0.0,10000.0,1.0,1.0,78097.734375,0.0,0.0
Hike3_GrowingStock,16,160,10,0.0,10000.0,1.0,1.0,80848.4921875,0.0,0.0
Hike3_GrowingStock,17,170,10,0.0,10000.0,1.0,1.0,83761.2421875,0.0,0.0
Hike3_GrowingStock,18,180,10,0.0,10000.0,1.0,1.0,86436.7578125,0.0,0.0
Hike3_GrowingStock,19,190,10,0.0,10000.0,1.0,1.0,88875.203125,0.0,0.0
Hike3_GrowingStock,20,200,10,0.0,10000.0,1.0,1.0,91190.1171875,0.0,0.0
Hike3_GrowingStock,21,210,10,0.0,10000.0,1.0,1.0,91199.2578125,0.0,0.0
Hike3_GrowingStock,22,220,10,0.0,10000.0,1.0,1.0,92895.328125,0.0,0.0
Hike3_GrowingStock,23,230,10,0.0,10000.0,1.0,1.0,86128.8671875,0.0,0.0
Hike3_GrowingStock,24,240,10,0.0,10000.0,1.0,1.0,87647.890625,0.0,0.0
Hike3_GrowingStock,25,250,10,0.0,10000.0,1.0,1.0,89030.171875,0.0,0.0
Hike3_GrowingStock,26,260,10,0.0,10000.0,1.0,1.0,90654.8828125,0.0,0.0
Hike3_GrowingStock,27,270,10,0.0,10000.0,1.0,1.0,92471.71875,0.0,0.0
Hike3_GrowingStock,28,280,10,0.0,10000.0,1.0,1.0,94263.2890625,0.0,0.0
Hike3_GrowingStock,29,290,10,0.0,10000.0,1.0,1.0,94421.890625,0.0,0.0
Hike3_GrowingStock,30,300,10,0.0,10000.0,1.0,1.0,95762.2578125,0.0,0.0
Hike3_HarvestVolume,0,0,10,0.0,10000.0,1.0,1.0,0.0,0.0,0.0
Hike3_HarvestVolume,1,10,10,0.0,10000.0,1.0,1.0,0.0,0.0,0.0
Hike3_HarvestVolume,2,20,10,0.0,10000.0,1.0,1.0,0.0,0.0,0.0
Hike3_HarvestVolume,3,30,10,0.0,10000.0,1.0,1.0,0.0,0.0,0.0
Hike3_HarvestVolume,4,40,10,0.0,10000.0,1.0,1.0,0.0,0.0,0.0
Hike3_HarvestVolume,5,50,10,0.0,10000.0,1.0,1.0,9883.9912109375,0.0,0.0
Hike3_HarvestVolume,6,60,10,0.0,10000.0,1.0,1.0,0.0,0.0,0.0
Hike3_HarvestVolume,7,70,10,0.0,10000.0,1.0,1.0,0.0,0.0,0.0
Hike3_HarvestVolume,8,80,10,0.0,10000.0,1.0,1.0,19579.111328125,0.0,0.0
Hike3_HarvestVolume,9,90,10,0.0,10000.0,1.0,1.0,0.0,0.0,0.0
Hike3_HarvestVolume,10,100,10,0.0,10000.0,1.0,1.0,0.0,0.0,0.0
Hike3_HarvestVolume,11,110,10,0.0,10000.0,1.0,1.0,3157.823974609375,0.0,0.0
Hike3_HarvestVolume,12,120,10,0.0,10000.0,1.0,1.0,0.0,0.0,0.0
Hike3_HarvestVolume,13,130,10,0.0,10000.0,1.0,1.0,0.0,0.0,0.0
Hike3_HarvestVolume,14,140,10,0.0,10000.0,1.0,1.0,9868.251953125,0.0,0.0
Hike3_HarvestVolume,15,150,10,0.0,10000.0,1.0,1.0,0.0,0.0,0.0
Hike3_HarvestVolume,16,160,10,0.0,10000.0,1.0,1.0,0.0,0.0,0.0
Hike3_HarvestVolume,17,170,10,0.0,10000.0,1.0,1.0,0.0,0.0,0.0
Hike3_HarvestVolume,18,180,10,0.0,10000.0,1.0,1.0,0.0,0.0,0.0
Hike3_HarvestVolume,19,190,10,0.0,10000.0,1.0,1.0,0.0,0.0,0.0
Hike3_HarvestVolume,20,200,10,0.0,10000.0,1.0,1.0,0.0,0.0,0.0
Hike3_HarvestVolume,21,210,10,0.0,10000.0,1.0,1.0,2002.60498046875,0.0,0.0
Hike3_HarvestVolume,22,220,10,0.0,10000.0,1.0,1.0,0.0,0.0,0.0
Hike3_HarvestVolume,23,230,10,0.0,10000.0,1.0,1.0,8394.3583984375,0.0,0.0
Hike3_HarvestVolume,24,240,10,0.0,10000.0,1.0,1.0,0.0,0.0,0.0
Hike3_HarvestVolume,25,250,10,0.0,10000.0,1.0,1.0,0.0,0.0,0.0
Hike3_HarvestVolume,26,260,10,0.0,10000.0,1.0,1.0,0.0,0.0,0.0
Hike3_HarvestVolume,27,270,10,0.0,10000.0,1.0,1.0,0.0,0.0,0.0
Hike3_HarvestVolume,28,280,10,0.0,10000.0,1.0,1.0,0.0,0.0,0.0
Hike3_HarvestVolume,29,290,10,0.0,10000.0,1.0,1.0,1491.387939453125,0.0,0.0
Hike3_HarvestVolume,30,300,10,0.0,10000.0,1.0,1.0,0.0,0.0,0.0
HikeTotal_GrowingStock,0,0,10,0.0,10000.0,1.0,1.0,187213.90625,0.0,0.0
HikeTotal_GrowingStock,1,10,10,0.0,10000.0,1.0,1.0,179591.59375,0.0,0.0
HikeTotal_GrowingStock,2,20,10,0.0,10000.0,1.0,1.0,147868.28125,0.0,0.0
HikeTotal_GrowingStock,3,30,10,0.0,10000.0,1.0,1.0,146747.921875,0.0,0.0
HikeTotal_GrowingStock,4,40,10,0.0,10000.0,1.0,1.0,155309.703125,0.0,0.0
HikeTotal_GrowingStock,5,50,10,0.0,10000.0,1.0,1.0,155622.703125,0.0,0.0
HikeTotal_GrowingStock,6,60,10,0.0,10000.0,1.0,1.0,166526.703125,0.0,0.0
HikeTotal_GrowingStock,7,70,10,0.0,10000.0,1.0,1.0,155771.03125,0.0,0.0
HikeTotal_GrowingStock,8,80,10,0.0,10000.0,1.0,1.0,146296.703125,0.0,0.0
HikeTotal_GrowingStock,9,90,10,0.0,10000.0,1.0,1.0,155921.375,0.0,0.0
HikeTotal_GrowingStock,10,100,10,0.0,10000.0,1.0,1.0,163018.796875,0.0,0.0
HikeTotal_GrowingStock,11,110,10,0.0,10000.0,1.0,1.0,148819.4375,0.0,0.0
HikeTotal_GrowingStock,12,120,10,0.0,10000.0,1.0,1.0,128114.7890625,0.0,0.0
HikeTotal_GrowingStock,13,130,10,0.0,10000.0,1.0,1.0,131639.65625,0.0,0.0
HikeTotal_GrowingStock,14,140,10,0.0,10000.0,1.0,1.0,131672.359375,0.0,0.0
HikeTotal_GrowingStock,15,150,10,0.0,10000.0,1.0,1.0,142070.234375,0.0,0.0
HikeTotal_GrowingStock,16,160,10,0.0,10000.0,1.0,1.0,151064.875,0.0,0.0
HikeTotal_GrowingStock,17,170,10,0.0,10000.0,1.0,1.0,163283.0,0.0,0.0
HikeTotal_GrowingStock,18,180,10,0.0,10000.0,1.0,1.0,154221.09375,0.0,0.0
HikeTotal_GrowingStock,19,190,10,0.0,10000.0,1.0,1.0,160760.421875,0.0,0.0
HikeTotal_GrowingStock,20,200,10,0.0,10000.0,1.0,1.0,157804.5,0.0,0.0
HikeTotal_GrowingStock,21,210,10,0.0,10000.0,1.0,1.0,164125.4375,0.0,0.0
HikeTotal_GrowingStock,22,220,10,0.0,10000.0,1.0,1.0,162005.625,0.0,0.0
HikeTotal_GrowingStock,23,230,10,0.0,10000.0,1.0,1.0,159370.15625,0.0,0.0
HikeTotal_GrowingStock,24,240,10,0.0,10000.0,1.0,1.0,164550.78125,0.0,0.0
HikeTotal_GrowingStock,25,250,10,0.0,10000.0,1.0,1.0,145949.484375,0.0,0.0
HikeTotal_GrowingStock,26,260,10,0.0,10000.0,1.0,1.0,154773.8125,0.0,0.0
HikeTotal_GrowingStock,27,270,10,0.0,10000.0,1.0,1.0,141304.78125,0.0,0.0
HikeTotal_GrowingStock,28,280,10,0.0,10000.0,1.0,1.0,147115.875,0.0,0.0
HikeTotal_GrowingStock,29,290,10,0.0,10000.0,1.0,1.0,147314.0625,0.0,0.0
HikeTotal_GrowingStock,30,300,10,0.0,10000.0,1.0,1.0,124980.8359375,0.0,0.0
HikeTotal_HarvestVolume,0,0,10,0.0,10000.0,1.0,1.0,0.0,0.0,0.0
HikeTotal_HarvestVolume,1,10,10,0.0,10000.0,1.0,1.0,17565.939453125,0.0,0.0
HikeTotal_HarvestVolume,2,20,10,0.0,10000.0,1.0,1.0,39348.30859375,0.0,0.0
HikeTotal_HarvestVolume,3,30,10,0.0,10000.0,1.0,1.0,7764.6318359375,0.0,0.0
HikeTotal_HarvestVolume,4,40,10,0.0,10000.0,1.0,1.0,0.0,0.0,0.0
HikeTotal_HarvestVolume,5,50,10,0.0,10000.0,1.0,1.0,9883.9912109375,0.0,0.0
HikeTotal_HarvestVolume,6,60,10,0.0,10000.0,1.0,1.0,0.0,0.0,0.0
HikeTotal_HarvestVolume,7,70,10,0.0,10000.0,1.0,1.0,21746.068359375,0.0,0.0
HikeTotal_HarvestVolume,8,80,10,0.0,10000.0,1.0,1.0,19579.111328125,0.0,0.0
HikeTotal_HarvestVolume,9,90,10,0.0,10000.0,1.0,1.0,0.0,0.0,0.0
HikeTotal_HarvestVolume,10,100,10,0.0,10000.0,1.0,1.0,3594.47509765625,0.0,0.0
HikeTotal_HarvestVolume,11,110,10,0.0,10000.0,1.0,1.0,23907.642578125,0.0,0.0
HikeTotal_HarvestVolume,12,120,10,0.0,10000.0,1.0,1.0,28213.720703125,0.0,0.0
HikeTotal_HarvestVolume,13,130,10,0.0,10000.0,1.0,1.0,4597.39306640625,0.0,0.0
HikeTotal_HarvestVolume,14,140,10,0.0,10000.0,1.0,1.0,9868.251953125,0.0,0.0
HikeTotal_HarvestVolume,15,150,10,0.0,10000.0,1.0,1.0,1193.697021484375,0.0,0.0
HikeTotal_HarvestVolume,16,160,10,0.0,10000.0,1.0,1.0,3314.8349609375,0.0,0.0
HikeTotal_HarvestVolume,17,170,10,0.0,10000.0,1.0,1.0,0.0,0.0,0.0
HikeTotal_HarvestVolume,18,180,10,0.0,10000.0,1.0,1.0,19589.70703125,0.0,0.0
HikeTotal_HarvestVolume,19,190,10,0.0,10000.0,1.0,1.0,2015.5350341796875,0.0,0.0
HikeTotal_HarvestVolume,20,200,10,0.0,10000.0,1.0,1.0,11309.421875,0.0,0.0
HikeTotal_HarvestVolume,21,210,10,0.0,10000.0,1.0,1.0,2002.60498046875,0.0,0.0
HikeTotal_HarvestVolume,22,220,10,0.0,10000.0,1.0,1.0,10226.4501953125,0.0,0.0
HikeTotal_HarvestVolume,23,230,10,0.0,10000.0,1.0,1.0,11046.4091796875,0.0,0.0
HikeTotal_HarvestVolume,24,240,10,0.0,10000.0,1.0,1.0,3716.5859375,0.0,0.0
HikeTotal_HarvestVolume,25,250,10,0.0,10000.0,1.0,1.0,27486.029296875,0.0,0.0
HikeTotal_HarvestVolume,26,260,10,0.0,10000.0,1.0,1.0,0.0,0.0,0.0
HikeTotal_HarvestVolume,27,270,10,0.0,10000.0,1.0,1.0,21871.224609375,0.0,0.0
HikeTotal_HarvestVolume,28,280,10,0.0,10000.0,1.0,1.0,2257.7529296875,0.0,0.0
HikeTotal_HarvestVolume,29,290,10,0.0,10000.0,1.0,1.0,9232.76953125,0.0,0.0
HikeTotal_HarvestVolume,30,300,10,0.0,10000.0,1.0,1.0,32219.609375,0.0,0.0
